Sentiment, Review
"Positive", "num bairro de beja encontra se este restaurante com esplanada e sala mediana carta com muitas sugestoes de entradas petiscos e especialidades regionais confeccionadas com respeito pelos sabores naturais cozinha de parabens sobremesas regionais ao melhor nivel servico regular boa relacao preco qualidade a repetir com gosto"
"Positive", "nao se deixem intimidar pelo aspecto do restaurante comida ao nivel de uma estrela michelin bem confecionada sabor maravilhoso nunca tinha comido umas costoletas de borrego tao boas tudo maravilhoso que dizer das sobremesas simplesmente espectaculares diferentes e de sabor divinal doses que dao para"
"Positive", "duas pessoas embora sendo individuais servico simpatico e pronto o espaco nao e condizente com a delicia da comida aconselho vivamente para almocar ou jantar"
"Positive", "cozinhar divinamente sem duvida e uma arte nivel de estrela michelin e preco normal so retiraria a tv da sala mas isso faz parte da cultura portuguesa"
"Positive", "restaurante com um ementa vasta e recheada de produtos de qualidade as vieiras o biqueirao sao exemplos de entradas excepcionais o choco frito os risotos a vazia entre outros sao sempre boas opcoes as sobremesas ficam sempre ao criterio do sr jose porque conta sempre"
"Positive", "com uma agradavel surpresa nesta epoca tem um crunble de marmelo top"
"Positive", "fomos atendidos por marcelo grande conhecedor dos pontos turisticos e historicos de beja os pratos tem otima apresentacao e sabor otima carta de vinhos recomendo"
"Positive", "simplesmente top comida excelente funcionarios muito simpaticos e local muito agradavel para um bom momento em familia ou amigos"
"Positive", "comida e quantidade excelente preco adequado ao que e oferecido so e pena a demora mas e compensada pelo repasto recomendo"
"Positive", "comida fabulosa gostei bastante do ambiente do servico da oferta gastronomica a marcacao da reseeva foi facil os pratos demoraram um pouco e ficamos perto da cozinha tendo saidobcom odor na roupa vou voltar seguramente"
"Positive", "uma surpresa muito muito boa tudo estrelas desde o atendimento a comida que se eleva a de um restaurante premium nao se deixem enganar pelo aspecto normal do restaurante porque tudo resto e excelente desde as entradas a sobremesa os sabores apresentados sao surpreendentes"
"Positive", "e o preco muito acessivel a garrafeira tambem dispoe de otimos vinhos com uma grande selecao quando voltar a visitar beja voltarei de certeza"
"Positive", "se procuram uma refeicao sensacional fugindo ao padrao da zona mas tambem com pratos reconfortantes este e um local a visitar desde as entradas ate as sobremesas passando pela vasta carta de vinhos certamente nao se irao desiludir como ja mencionado nao se julgam os"
"Positive", "livros pelas capas parabens para o chefe e toda a equipa"
"Positive", "tudo mas mesmo tudo tocou na perfeicao desde a simpatia e etiqueta do empregados a oferta dos pratos e principalmente claro a confeccao dos mesmos divinal"
"Positive", "uma experiencia de sabores com o acompanhamento de um bom vinho quem ve por fora nao sabe o que perde restaurante com uma enorme garrafeira e de qualidade diga se de passagem staff atencioso o emprego demonstro saber como eram feitos os pratos"
"Positive", "muito agradavel o jantar e o atendimento recomendo seriamente este estabelecimento experiencia para repetir com toda a certeza"
"Positive", "ja almocei e jantei varias vezes no intimo e faco o quase sempre quando vou a beja hoje foi um almoco ja tardio com a casa cheia o que diz logo que este restaurante tem reputacao e foi tudo excelente a comida o atendimento"
"Positive", "mesmo sem reserva fomos muito bem recebidos pelo staff rute e marcelo se nao estou em erro um restaurante super tranquilo e a comida e estrelas quando voltar espero que haja piano"
"Positive", "o jantar estava incrivel de longe o melhor restaurante em beja vale bastante a pena considerando a qualidade da comida staff bastante simpatico e dedicado"
"Positive", "excelente a comida e o servico estava tudo muito bom recomendo os chocos fritos e a carne de porco com camarao tigre e migas"
"Positive", "comida muito boa no geral mas um dos pratos peixe galo com arroz de lingueirao um tanto sensaborao e fora do ponto servico razoavel sendo que retirar os talheres das entradas dos pratos sujos e coloca los sobre a toalha de papel foi bastante desagradavel ja"
"Positive", "comida extremamente esmerada na confecao excelentes entradas a destacar as vieiras e os biqueiroes uma carta bastante variada passando pelo peixe atum delicioso lulas divinais a carne picanha no ponto e de excelente qualidade carne de porco faz justica ao alentejo sobremesas muito boas e"
"Positive", "por fora uma normal esplanada de um qualquer cafe mas ao entrar descobrimos um ambiente acolhedor requintado q b e logo na porta a simpatia de quem nos atendeu so pela amabilidade de todos ja seria de voltar e depois o jantar foi excelente comida otima"
"Positive", "restaurante em beja com excelente comida e doses muito bem servidas fomos muito bem atendidos recomendo vivamente"
"Positive", "comida muito boa feita com muito cuidado o atendimento e excelente muita simpatia dos colaboradores restaurante com requinte"
"Positive", "num espaco despretensioso encontramos um staff simpatico sincero e atento a comida e optima e servida em doses generosas boas opcoes para bebidas sobremesas caseiras deliciosas uma excelente opcao em beja"
"Positive", "todos os pratos muito bem servicos e deliciosos recomendo vivamente as migas de espargos com secretos de porco preto choco frito e risoto de camarao igualmente saborosos distanciamento entre mesas super confortavel recomendamos vivamente"
"Positive", "vim a este restaurante com uns amigos que ja sao fas e clientes habituais uma surpresa fabulosa apesar de parecer ser caro as doses sao bem servidas e o servico e de estrelas"
"Positive", "a comida estava maravilhosa os diversos pratos que saboreei estavam maravilhosos o servico de mesa impecavel um agradecimento a todos pela simpatia nesta semana em que estive em beja pude comprovar varias vezes a excelencia do servico prestado bem hajam abraco francisco"
"Positive", "excelente localizacao facil de estacionar comida muito bem confeccionada apresentacao excelente tudo o que vem da cozinha e maravilhoso e a simpatia das pessoas ajuda e muito a repetir sem qualquer duvida"
"Positive", "ontem um jantar a neste espaco intimo tudo desde a sangria aos filetes peixe galo com risoto as trufas mas o camarao frito estava fora de escala e pecam com o molho tradicional que o picante sem ser exagerado da aquela a estrela"
"Positive", "a comida estava divinal o trio de porco iberico e o peixe galo com risotto excepcionais o servico de mesa impecavel um agradecimento a rute pela simpatia"
"Positive", "comida excelente e atendimento excepcional uma das coisas que prezo num bom restaurante e a simpatia e disponibilidade que o staff tem para com os seus clientes aconselho vivamente as lulas fritas com batata e o lombo de atum com ananas"
"Positive", "restaurante de qualidade juntando a gastronomia alentejana com aposta na apresentacao e elaboracao inovacao boas opcoes simpatia no atendimento varias solucoes bebidas e sugestoes pratos boa confeccao com dose avantajada algumas para mais de um peixe rei trilogia porco preto filete corvina maminha recomendamos esplanada"
"Positive", "que surpresa tao deliciosa o atendimento excepcional super hiper mega simpatico carinhoso e atencioso o biqueirao com molho tartaro como entrada nota o trio de porco preto iberico tambem nao desiludiu so faltava mesmo a cereja ups a trufa no topo do bolo trufas caseiras e as"
"Positive", "comida otima o melhor atendimento as sobremesas estavam otimas voltaremos a visitar este restaurante o restaurante esta sempre aberto mesmo ao domingo"
"Positive", "ainda hoje de julho la almocei como nas outras vezes que la fui tudo foi excelente a comida o servico a norme gentileza dos que la trabalham espero que assim continue"
"Positive", "muito bom comida excelente e bem confecionada comi secretos com migas de espargos acompanhada de um quinta da peceguina branco de"
"Positive", "local discreto e simples mas com atendimento simpatico e acolhedor refeicao estava optima entrada de biqueirao excelente filete px galo e mista de carne e maminha estavam muito bons perfeito recomendo"
"Positive", "con o meu namorado a primeira noite de julho a cocinha portuguesa demostra a sua valia probamos as maminhas con migas que estaban deliciosas e as lulas lugar agradavel e moi bon traro"
"Positive", "um restaurante muito acolhedor e agradavel a comida tem uma qualidade muito boa as doses sao bastantes generosas recomendo boa relacao qualidade preco"
"Positive", "liguei para fazer a reserva para duas pessoas e fui bem atendida chegamos tinhamos nossa mesa a nossa espera a comida estava simplesmente maravilhosa de entrada pedimos camarao ao alho e azeite aserio pecam que delicia a carne suculenta saborosa e no ponto os legumes braseados"
"Positive", "resolvi procurar o melhor restaurante de beja em varias aplicacoes intimo era claramente indicado como um dos melhores e em varias era mesmo considerado o melhor a chegada o exterior do restaurante e uma desilusao esplanada igual a tantas tascas que se encontram espalhadas pelo"
"Positive", "fomos ao intimo em face das boas recomendacoes que vimos no tripadvisor e estavam a altura comida excelente atendimento personalizado e bastante simpatico e pra repetir nas proximas visitas a beja"
"Positive", "comida otima e muito bem servido a nivel de quantidade experimentamos o terra mar e adoramos voltaremos certamente de reforcar a simpatia e disponibilidade da pessoa que nos serviu"
"Positive", "a comida estava deliciosa o espaco era muito acolhedor e bem decorado e o atendimento super simpatico e profissional gostamos imenso"
"Positive", "sou de lisboa e sempre que passo em beja faco questao de ter uma experiencia no restaurante intimo como sempre o servico simpatico e atencioso e a comida magnifica distinto de todos os outros nas redondesas e com uma carta de vinhos impar comemos o"
"Positive", "visitamos o restaurante numa recente viagem a beja atendimento simpatico pelo colaborador onde acabamos por aceitar a sugestao do borrego no forno que estava muito bem confecionado"
"Positive", "apos uma longa viagem desde a invicta optamos por deixar o tripadvisor ditar o nosso pitstop de almoco sem duvida justificada a posicao no top dada a simpatia e a qualidade da comida com que fomos brindados com choco frito como entrada seguimos para uma"
"Positive", "pedi um lombinho com camarao o prato veio com uma apresentacao linda a principio assustei com a espessura do lombo muito espesso pensei que seria impossivel acertar o ponto da carne mas estava maravilhoso muito tenro incrivel adorei"
"Positive", "take away com comida caseira muito bem confeccionada de excelente qualidade as doses muito bem servidas e a um bom preco recomendo vivamente"
"Positive", "o melhor esparregado carne divinal maravilhoso espaco tranquilo intimo de facto vale a pena sem duvida"
"Positive", "desde a o vez que frequentei o restaurante que ficamos clientes felizes que durante a pandemia pudermos usar o take away sempre fomos bem servidos e atendidos sugerimos o mesmo amigos e conhecidos pela qualidade do servico vamos sempre ao jantar para podermos usufruiu com"
"Positive", "a fartura portuguesa com a sofisticacao francesa uma das experiencias gastronomicas mais inusitadas e saborosas que tivemos o chef conseguiu nos surpreendeu com pratos incriveis dignos de restaurantes estrelados o atendimento foi excelente nao tenham receio da aparencia simples do local o melhor custo x"
"Positive", "vivemos em beja e nunca tinhamos visitado o intimo hoje foi sem duvida a primeira de muita vezes que la iremos jantar tornedo fantastico e risotto de abobora e queijo de cabra simplesmente divinal de entrada manteiga de cabra e de ovelha cuidadosamente empratadas e"
"Positive", "e coisa para se dizer que com que se mantenha como e chega e sobra atendimento simpatico e agradavel ambiente familiar sem falsos alaridos comida farta mas farta mesmo e de boa qualidade como amostra pedi minha carne mal passada e veio mesmo mal passada"
"Positive", "quando cheguei fiquei com duvidas sobre a minha escolha no entanto a duvida nao tinha razao de ser atendimento muito simpatico e eficiente comida muito boa qualidade e em quantidade recomendo a quem passe por beja"
"Positive", "muito bom varios aspetos muito positivos a atencao por parte da empregada de mesa bem como por parte do chef demonstra a dedicacao e gosto empenhados nos seus pratos que sao excelentes em todos os aspetos uma experiencia surpreendentemente agradavel e inesperada em beja"
"Positive", "restaurante com boa comida com doses generosas e staff muito simpatico receitas de comida portuguesa com twist moderno e muito bem confeccionadas aconselho"
"Positive", "excelente atendimento pratos muito bem servidos e de excelente qualidade e sabor um local a repetir"
"Positive", "somos uma familia de que nao conhecia beja e tivemos uma agradavel surpresa espaco pequeno e aimples mas com uma variedade enorme de pratos todos deliciosos e com opcoes vegetarianas e vegan extrema simpatia dos colaboradores sobremesas deliciosas iremos repetir"
"Positive", "uma surpresa muito agradavel desde a simpatia do staff ate a qualidade da comida um restaurante pequenino em beja que tem varias opcoes desde massas peixe carne e opcoes vegetarianas e vegan agradou a familia toda numa proxima visita a beja voltaremos de certeza"
"Positive", "intimo discreto e exuberante qualidade parabens recomenda se os lombos de salmao confit de pato e o chease cake de frutos vermelhos"
"Positive", "fomos a este restaurante na sequencia de uma viagem com passagem por beja a escolha foi feita pelas boas avaliacoes aqui no site fomos surpreendidos pela falta de profissionalismo no atendimento da sra paula primeiro por termos decidido pedir apenas uma dose de risotto para"
"Positive", "obrigado pela sua visita e pelo seu comentario no entanto lamentamos que nao entenda que um restaurante vive das vendas e nao de caridade nao e aceitavel que se sentem duas pessoas num restaurante que usem os dois tudo o que esta ao seu dispor e"
"Positive", "desde a musica de fundo onde foi possivel ouvir miles davis chet baker jobin aos perfumes do tornedo com molhos de pimentas ao sabor do peito de pato com figo da india com molho de mel e laranja a visita ao intimo foi toda uma"
"Positive", "excelente surpresa ambiente acolhedor musica espetacular comida diferente e divinal a repetir muitas vezes"
"Positive", "simpatia de funcionarios comida muito saborosa o borrego estava divinal tal como tudo o resto adoramos as migas e nas sobremesas o parfait de manteiga de amendoim e chocolate preto estava qualquer coisa experimentamos tambem um coktail de nome surreal top a repetir um dia e"
"Positive", "espectacular adorei sim o melhor de beja comida excelente apresentacao dos pratos muito bom mesmo sobre o atendimento muito cuidado sim voltarei quero experimentar outros sabores"
"Positive", "os pratos do chefe neves dignos de um restaurante de luxo e o atendimento do marcelo estrelas parabens coloca num chinelo muitos restaurantes de renome"
"Positive", "um almoco fora de horas as h muito bem servido as carnes uma delicia parabens ao cozinheiro restaurante a repetir sem duvida"
"Positive", "servico cheio de atencao boas doses optima comida partilhamos uma dose de choco frito por pessoas e ficamos mais do que satisfeitos com a qualidade e quantidade da comida nao fica nada atras de um bom choco em setubal boa relacao qualidade preco a repetir"
"Positive", "excelente relacao qualidade preco comida excelente otimas doses funcionario super simpatico e prestavel restaurante muito calmo e relaxante a decoracao do espaco ca fora podia ser melhorada em geral adorei"
"Positive", "ultimo dia de ferias e de regresso a casa paramos em beja para almocar na busca surge este restaurante que acabou por ser uma boa surpresa comemos risoto de frango e estava delicioso e bem servido o servico e o pessoal sao muito simpaticos a"
"Positive", "este restaurante e uma agradavel surpresa a comida e muito boa alem da boa qualidade dos alimentos parabens ao chef pela confeccao e pela panoplia de sabores incriveis gostamos muito e seguramente um dos melhores restaurantes em beja depois de termos percorrido muitos este sem"
"Positive", "viemos a aventura recomendamos excelente cozinha estava tudo delicioso doses bem guarnecidas obrigada"
"Positive", "convem fazer reserva tudo muito bem confeccionado vinho de qualidade para quem esta a fazer a nacional n pode fazer este pequeno desvio e passar em beja bom sitio para almocar vou repetir caso passe por ca novamente"
"Positive", "comemos choco frito com salada de tomate e cebola estava muito bom as trufas de chocolate sao deliciosas recomendamos um local a voltar"
"Positive", "excelente servico excelente comida tudo excelente recomendo lasanha a bolonhesa e uma sangria de frutos vermelhos entre muitos outros pratos fantasticos"
"Positive", "uma agradavel surpresa numa visita de passagem a beja uma cozinha com um verdadeiro chef grande qualidade na comida uma limpeza fantastica e funcionarios muito atenciosos para voltar um dia com mais calma para visitar a cidade"
"Positive", "estavamos de viagem e paramos em beja para meter gasolina e almocar pesquisamos no tripadvisor e seleccionamos este restaurante meio escondido e sem grande interesse no exterior apesar de uma vasta esplanada como estava calor decidimos comer no interior com decoracao simples mas simpatica e"
"Positive", "fui hoje a este restaurante e so consigo apontar aspetos positivos desde um atendimento muito atencioso e cuidado onde a empregada de mesa e uma rapariga muito simpatica a comida estava otima e tem um ambiente muito agradavel recomendo muito"
"Positive", "srs cozinha fantastica muitos parabens a equipa comida estrelas perna de borrego do melhor que ja comemos uma delicia"
"Positive", "excelente comida super simpatico e disponiveis a n perder o choco frito e as batatas doces fritas com molho"
"Positive", "fui pela primeira vez jantar a este restaurante arrastado por amigos comida muito boa ambiente muito agradavel um sitio espetacular para comer e repetir"
"Positive", "sento me min ate virem a mesa sem trazer qualquer tipo de aperitivo ou bebidas so la estava eu e outra mesa naquele momento peco um queijo fresco umas azeitonas e a bebida mais a min o senhor que estava na mesa ao lado"
"Positive", "gostaria desde ja agradecer a sua visita ao nosso espaco lamentamos porem que muito embora nos esforcassemos nao fomos capaz de estar a altura da sua tao exigente visita resta no entanto esclarecer que quando entrou no restaurante este se encontrava cheio com todas as"
"Positive", "mais uma vez voltamos e mais uma vez ficamos deslumbrados com a refeicao as entradas de cogumelos com queijo e a de camarao frito muito saborosas provamos o bbq ribs da pagina dos especiais e ficamos maravilhados com a apresentacao bem como a qualidade dos"
"Positive", "muito bom comida saborosa ambiente acolhedor acesso facil com bastantes estacionamentos a mousse de chocolate com flor de sal estava muito saborosa"
"Positive", "foi uma noite muito agradavel desde o atendimento muito simpatico e prestavel tanto da parte dos empregados de mesa como o proprio chefe ter vindo a mesa cumprimentar e perguntar se estava tudo bem a entrada de cogumelos com queijo de cabra era maravilhosa pela"
"Positive", "excelente local para um almoco ou jantar em familia ou com amigos comida muito bem confeccionada e doses generosas recomendo vivamente iremos voltar concerteza"
"Positive", "restaurante muito bom com optimos pratos boa carta de vinhos simpatia do staff e com estacionamento sem problemas algo inusitado na cidade pois a carta tem qualidade e variedade aqui nao encontra nada do banal porco preto e acordas sem graca mas sim uma carta"
"Positive", "a comida confeccionada pelo chef ze e simplesmente divinal desde as entradas ate aos pratos principais os risotos sao magnificos tudo feito com mestria e amor pela cozinha todo o staff e muito atencioso ha facilidade de estacionamento e as sugestoes dadas sao sempre maravilhosas"
"Positive", "entradas optimas camarao cogumelos pratos diferentes do habitual e com muita qualidade risottos excelentes atendimento muito atencioso"
"Positive", "espaco acolhedor em beja que apresenta uma confeccao formidavel em todos os seus pratos recomendo vivamente os risotos do seu cardapio pessoal muito atencioso e precos ajustados a qualidade apresentada"
"Positive", "gostei muito das refeicoes o staff e muito simpatico e sempre pronto a ajudar os pratos sao muito bons e com excelente apresentacao parabens recomendo vivamente"
"Positive", "curto e grosso e assim eu tambem tenho um restaurante no concelho de beja por isso mesmo sei bem do que estou a falar o intimo e um dos tres melhores restaurantes da cidade de beja a costeleta de novilho e divinal"
"Positive", "um restaurante unico em beja uma qualidade excepcional desde as entradas pratos principais ate as sobremesas tudo gira a volta dum paladar muito proprio dum chef de excelencia um staff jovem atencioso e muito simpatico convida nos a voltar sempre"
"Positive", "comida excelente nunca tinha comido tao bem doses generosas e ambiente muito agradavel e bom atendimento"
"Positive", "comecemos pelo melhor a costeleta excepcional no tamanho corte e confeccao as batatas que acompanhavam tambem nao destoavam o choco frito por sua vez ja era mais banal o servico e muito atencioso ja o espaco peca por falta de algum carisma"
"Positive", "escolhemos este restaurante para almocar no domingo numa visita a beja comecando pelo inicio na minha opiniao a fachada do restaurante merece mais quando chegamos ao local ficamos um pouco reticentes mas ainda bem que nao julgamos o livro pela capa ja no interior o"
"Positive", "se pretende deliciar se com pratos diferentes da comida tipicamente alentejana este e um local a nao perder destaca se o sabor dos pratos que e o resultado de uma confecao a hora e muito cuidada"
"Positive", "local muito simpatico e acolhedor qualidade top da refeicao quer das entradas quer da carne servico muito atencioso a repetir"
"Positive", "voltei a este restaurante e continua top e de excelencia quer no servico de mesa quer na qualidade dos produtos quer na qualidade do paladar da comida na apresentacao dos pratos na simpatia na educacao de todo o staff voltei e vou continuar a voltar"
"Positive", "bom atendimento entradas pratos e sobremesas excelentes comida com muito sabor e muito bem confecionada vieiras choco frito e robalo muitos bons acompanhamento de legumes muito bem confecionamos"
"Positive", "servico atento descontraido e muito simpatico excelente comida e muito bem servida qualidade e frescura dos produtos muito acima do que se costuma ver em beja aberto ao fim de semana todo o dia o que permite almocos saborosos e tardios"
"Positive", "foi uma otima escolha comida deliciosa e muito bem apresentada o staff e super simpatico ambiente acolhedor saimos muito satisfeitos e com vontade de regressar"
"Positive", "adorei o restaurante intimo tem um ambiente calmo sossegado ao jantar temos o acompanhamento de musica e um staff jovem simpatico e dinamico a comida e excelente e com uma boa apresentacao recomendo muito"
"Positive", "recomendo o restaurante intimo devido a sua boa organizacao higiene e excelente comida o intimo e um restaurante familiar e acolhedor com um staff simpatico e amigavel recomendo o risotto de camarao que eu adorei"
"Positive", "recomendo muito o restaurante intimo devido a sua simpatia e a forma como recebem os clientes sempre muito atenciosos e simpaticos da parte do staff o cozinheiro e cinco estrelas e como tal a comida e excelente"
"Positive", "sem duvida um lugar que vale a pena visitar muitas vezes obrigado ao staff sempre muito atencioso disposto a ajudar e aconselhar o cliente aconselho vivamente o risoto que e maravilhoso muitos parabens ao chefe restaurante estrelas"
"Positive", "entradas otimas adoramos os cogumelos portobello com queijo de cabra refeicoes com uma apresentacao espectacular comemos risotto e bife da vazia e ambos estavam muito saborosos para terminar as sobremesas que tal como as entradas e os pratos principais estavam divinais"
"Positive", "clima muito familiar atencao para com uma crianca comida confeccionada e apresentada de forma muito profissional a nossa escolha recaiu sobre os risottos especialidade da casa recomendo vivamente"
"Positive", "comida muito bem confeccionada ambiente acolhedor atendimento muito simpatico fiquei muito surpreendida pela positiva para voltar muitas vezes"
"Positive", "tivemos um jantar de grupo agradavel a comida esta muito boa e o staff muito simpatico musica ambiente sem telejornais ou futebol a incomudar aconselho a quem gosta de sossego"
"Positive", "tudo espetacular desde a entrada de cogumelos portobello a espetada de tamboril lulas e camarao os lombinhos de porco com molho de camarao estava tudo divinal e uma selecao de vinhos excepcional staff jovem e atencioso tem pratos saborosos e atrativos para as criancas tambem"
"Positive", "restaurante excelente a todos os niveis comecando pelo staff jovem e dinamico sempre disposto a ajudar o cliente os pratos sao de uma qualidade imensa seja a nivel de empratamento como muito saborosos aconselho a ver os pratos especiais da carta arrisco me a dizer que"
"Positive", "restaurante de excelencia decoracao simples mas com muito bom gosto este restaurante tem um excelente staff tem um excelente chefe de cozinha comi neste restaurante tres vezes e em todas elas foi o melhor que ja comi rissoto de marisco chocos a setubalense e um botoque"
"Positive", "a minha primeira vez em portugal e este foi o primeiro restaurante que visitei muito feliz com a equipe de servico foram muito simpaticos e comida tambem foi de qualidade superior definitivamente visitar novamente"
"Positive", "este e um lugar para relaxar e desfrutar de uma excelente refeicao o material e jovem agradavel e util ea comida e deliciosa"
"Positive", "e um restaurante agradavel todos os pratos sao preparados com ingredientes frescos a equipe e jovem e muito acolhedor deve visitar um lugar"
