Sentiment, Review
"Positive", "atendimento optimo empregados muito simpaticos e atenciosos comida optima e saborosa da carne ao peixe precos muito bons"
"Positive", "mesmo em momentos dificeis covids e take aways sr antonio e sua equipa sempre disponivel para satisfazer o cliente comida muito boa vale continuem assim mais uma vez obrigado"
"Positive", "este restaurante tem menu infantil o que nos incentivou a entrar o servico e feito com simpatia e prontidao eu e a minha filha gostamos e pretendemos voltar"
"Positive", "apesar de ser um pouco demorado a comida estava otima o atendimento muito simpatico e familiar a sala e muito caseira e o ambiente agradavel recomendo a toda a gente que aqui vier"
"Positive", "um espaco muito agradavel na cidade de beja com um menu interessante tem comida tipica alentejana mas tambem e um local bom para comer uma francesinha"
"Positive", "a comida nao e nada de especial o empregado foi indelicado tratava se de um aniversario e este foi muito rude quando se presta um servico as simpatia delicadeza e boa educacao sao essenciais nao volto"
"Positive", "staff impecavel boa apresentacao e precos convidativos a primeira vista parece daqueles restaurantes carissimos entramos e vemos que e tudo uma questao de bom gosto boas entradas pao delicioso e comida bem confeccionada foi uma surpresa muito agradavel na proxima vez que voltar a beja certamente que voltarei"
"Positive", "notamos que muitos dos moradores de beja vinham aqui para comer e decidimos tambem achei a comida bem feita tipica alentejana"
"Positive", "fomos ao almoco sem saber bem como ia ser pedimos uma espetada de porco preto e umas tirinhas de choco a setubalense a espetada vinha com camaroes que ja deviam ter uns meses congelados ja que o aspecto era tao mau ainda me aventurei a comer um mas deixei logo o outro de lado a carne tinha sido marinada com pimentao ou algo semelhante e nao sabia bem as batatas da espetada sabiam a choco o choco parecia pastilha elastica ja que os pedacos de choco eram enormes e a tempura apesar de nao ser ma era pesada demais bebemos o vinho da casa que pelo preco e optimo o pao era formidavel assim como as azeitonas e os senhores ate eram simpaticos no entanto pagamos demais para o pouco que conseguimos comer deixamos quase tudo no prato e so queriamos sair dali por causa da desilusao"
"Positive", "primeira vez neste restaurante e foi uma surpresa para alem de relativamente barato a qualidade que apresentante e formidavel equipa de sala simpatica e atenciosa experiencia a repetir"
"Positive", "espaco acolhedor e boa comida nao so tipica alentejana como as outras simpatia dos empregados espaco bom para jantares convivios"
"Positive", "quando se vai a um restaurante sem referencias fiaveis sucedem azares foi o que me sucedeu a ir a este restaurante pedi um bife da casa por ser em principio uma escolha certa a familia escolheu entre peixe grelhado e secretos de porco o bife restaurante tradicional cozinha regional e internacional ao almoco funcional rapido e adequado quanto aos pratos do dia os restantes mais demorados demasiado atendimento simpatico e competente excelente bife a cafe muito acima do normal para grupos com menu previamente combinado qualidade alta e preco comida tradicional muito saborosa empregados muito simpaticos e atenciosos servico rapido e bom preco"
"Positive", "um espaco normal mas com um bom nivel de atendimento e uma cozinha simples mas muito bem confeccionada com sabores de excelencia para quem nao e da terra como eu adorei e recomendo excelente relacao qualidade preco vou voltar"
"Positive", "encontramos este restaurante quase por acaso mas em boa hora o servico e rapido e a qualidade acima da media os funcionarios sao eficientes atentos e prestaveis o preco foi muito acessivel tendo em conta o que foi servido e a qualidade do mesmo"
"Positive", "comida tradicional portuguesa staff muito simpatico e relacao qualidade preco optima aconselho a fazer reserva pois e bastante movimentado"
"Positive", "e aconselhavel chegar cedo precos acessiveis com qualidade razoavel pratos tipicos da regiao bom atendimento boa qualidade preco"
"Positive", "um restaurante simpatico mas que podia ser um pouco melhor em termos de demora nos pratos mas tirando isso simpatica e confeccao excelente"
"Positive", "comida muito boa pratos tipicos da regiao excelente relacao qualidade preco very good food excellent value for money"
"Positive", "refeicoes tipicas alentejanas a comida e boa e com qualidade os funcionarios tem um bom atendimento boa relacao qualidade preco entre muitos pratos sugiro migas de tomate com camarao"
"Positive", "refeicoes sempre deliciosas optimo atendimento e a relacao qualidade preco e realmente muito boa e um dos meus restaurantes de eleicao e volto semrpe la tanto para jantares com amigos como para jantares em familia"
"Positive", "adorei simpatia dos empregados e comida mt boa lugar a aconselhar ementa mt boa tornasse dificil escolher entre tanta coisa boa"
"Positive", "qualidade de servico simpatia acima de tudo e comida de qualidade vou repetir boa carne bons vinhos acorda de marisco especial"
"Positive", "conheco bem a maioria dos pratos da ementa muito bem confecionados em boa quantidade e a precos muito acessiveis existem sempre varias opcoes de sobremesa o cheesecake de frutos silvestres e otimo o atendimento e excelente"
"Positive", "este restaurante tem uma ementa bastante variada e por esse motivo a escolha e ampla o ambiente e descontraido bom servico de mesa comida regional e saborosa precos sao adequados aos pratos bom ambiente e isso que o cliente procura este restaurante esta quase sempre restaurante familiar agradavel onde se come bem e a um preco acessivel equipa bastante simpatica e prestavel"
"Positive", "infelizmente este restaurante foi fechado para ferias durante a maior parte da nossa estadia em beja ou teriamos ido mais vezes muito popular entre os habitantes locais o nosso jantar porco grelhado e pescada com molho de camarao foi excelente e o servico muito amigavel com meio litro de vinho a conta chegou a menos de euros"
