Sentiment, Review
"Positive", "fomos a este restaurante duas vezes a primeira ate achamos mais ou menos mas a segunda vez a comida nao era tao boa e o bacalhau a braz para o meu filho estava intragavel acabamos por fica um pouco desapontados com a comida o espaco e simples e e uma solucao para quem queira almocar e esteja na zona mas sempre grande expetativa o preco e aceitavel"
"Positive", "pedimos a sopa de cacao e bife que acompanhou com batata frita e migas doses muito generosas e bem confecionadas tudo saboroso de sobremesa sericaia e mousse ambos deliciosos vinho da casa e cafes preco justo para pessoas euros a repetir recomendo"
"Positive", "excelente restaurante para quem gosta da tipica comida alentejana acorda de bacalhau dos deuses migas divinais ficou apenas por provar a cericaia simplicidade e simpatia de todos super recomendo voltaremos sem duvida"
"Positive", "numa visita ao alentejo o almoco foi no sabores do monte comida tipica alentejana e muito bem confeccionada e a precos muito simpaticos irei voltar fiquei rendida e quem diria uma bela surpresa no meio de um insulado monte alentejano"
"Positive", "muito perto do hotel vila gale clube de campo e vale muito a pena tudo muito bom incluindo o vinho da casa almocamos vezes a sopa de toucinho tomate acorda de bacalhau plumas e migas tudo muito muito bom"
"Positive", "o unico restaurante na mina da juliana mas a visita vale bastante a pena as doses sao muito bem servidas e de bastabte qualidade o atendimento e muito atencioso vale a pena a visita"
"Positive", "nao procura ser um espaco pretensioso tem comida saborosa bem confecionada com opcoes sobretudo regionais as diferentes carnes sao muito boas as opcoes de peixe sao muito limitadas sim ninguem vai para o interior alentejano a espera de comer carne mas a verdade e que este restaurante e uma excelente alternativa para os jantares de quem esta alojado no vila gale clube de campo e por isso sente a falta de ter mais algumas opcoes de peixe jantamos adultos e criancas por a euros"
"Positive", "comida com muito boa confeccao tudo caseiro ate o pao e feito pelos proprios rapidos no atendimento e na entrega dos pratos no final tem uma ginginha caseira que e divinal recomendo sem duvida atendimentos"
"Positive", "restaurante de excelencia a gastronomia alentejana carta nao muito variada mas com muito boa comida e servico a repetir com toda a certeza"
"Positive", "atendimento muito simpatico e atencioso local despretensioso comida local muito bem confeccionada voltamos varias vezes"
"Positive", "localizado em santa vitoria zona rural e tipica encontra se este restaurante onde comer bem e cartao de visita um pao feito no restaurante como a muito nao tinha o prazer de comer acompanhado por azeitonas em alho espetaculares as costeletas de borrego e os abanicos muito bom plumas e secretos muito bons vale a pena quem estiver na area vale a pena experimentar ambiente descontraido atendimento eficiente facil estacionamento"
"Positive", "muito boa alternativa ao vila gale beja a km do aldeamento tem umas plumas grelhadas muito boas acompanha com uma barata frita caseira e uma optica salada excelente relacao preco qualidade"
"Positive", "restaurante familiar de qualidade acima do comum assim que vi a carne de porco com migas na ementa ja nao podia escolher mais nada ainda recordo o sabor daquelas migas e a carne tenra que estava nem sei como escrever ou dizer o servico para alem se optimo a ambiente familiar e comida alentejana do melhor carne de porco preto que nao acredito que se encontre melhor noutro sitio e as migas sao inesqueciveis e recomendo"
"Positive", "restaurante proximo do hotel vila gale clube de campo simpatico com atendimento eficiente comida normal e despretensiosa preco adequado"
"Positive", "lugar despretensioso com comida simples e saborosa um regalo para o paladar acompanhado com um servico com simpatia bom vinio da casa"
"Positive", "adoramos almocar neste restaurante partindo da nossa estadia no vila gale restaurante onde de sente a atencao aos detalhes mas que guarda uma simplicidade e autenticidade da regiao qualidade preco imbativel e bom vinho da casa"
"Positive", "estavamos de passagem e tropecamos no restaurante ainda bem a comida estava optima a proxima visita sera de proposito"
"Positive", "muito bons abanicos de porco preto vinho da casa bastante agradavel espaco sossegado nao sei como sera em agosto"
"Positive", "boas entradas a comida que pedimos cumpriu atendimento com simpatia excelente para almoco rapido"
"Positive", "restaurante cheio devido a uma festa na sala principal estava uma mesa livre numa sala anexa e outra na explanada mas devido ao elevado trabalho que tinham simplesmente disseram que essas mesas estavam reservadas nao estava ninguem a espera eramos so um casal com um boa comida pouca variedade muito caro para o restaurante que e e um prato normal de carne grelhada com bons ingredientes mas em que nada justifica o preco exorbitante de quase euros para tres pessoas com poucas entradas e dois nem comeram sobremesa"
"Positive", "adorei tudo optimo servico com profissionais impecaveis comida muito bem confeccionada optima voltarei de certeza"
"Positive", "comi uma excelente acorda de bacalhau e uma migas magnificas experiencia a repetir desta vez levo mais pessoas"
"Positive", "almoco tipico alentejano confecionado com muita qualidade e servido com grande simpatia relacao preco qualidade muito boa recomendo"
"Positive", "almocamos muito bem comida alentejana bem confecionada e simpatia no atendimento recomendamos preco acessivel"
"Positive", "comi neste restaurante uma das melhores migas da minha vida atendimento com simpatia e ambiente acolhedor"
"Positive", "excelente atendimento e uma comida maravilhosa voltaremos sem duvida o local e muito acolhedor e impecavel"
"Positive", "trata se de um pequeno restaurante que tambem e cafe a ementa e composto por petiscos e por pratos tipicos o atendimento e simpatico e a comida muito saborosa"
"Positive", "comida muito boa tipica do alentejo staff muito simpatico e atencioso sobremesas muito boas em especial a mousse de amendoim precos acessiveis recomendo"
"Positive", "restaurante pequeno mas com ambiente e decoracoes mesmo a interior do pais a comida estava excelente e as doses muito bem servidas menu do dia mas tambem tem lista variedade de sobremesas precos acessiveis recomendo"
"Positive", "restaurante bem decorado com um staff simpatico e atencioso comida extraordinaria precos acessiveis mousse de amendoim de outro mundo deliciosa muitos parabens a sra vania"
"Positive", "o restaurantes estava cheio mas assim que tivemos mesa foi rapido e eficiente a comida estava muito bem confeccionada e saborosa acessivel ao bolso de todos"
"Positive", "espaco interior bem decorado e empregados muito simpaticos a comida e bem confecionada doses generosas e preco bastante acessivel recomendo vivamente"
"Positive", "restaurante muito bom e muito simpaticos dose muito bem servida e uns doces de fazer agua na boca bom preco"
"Positive", "restaurante tipico do alentejo com um excelente atendimento abanicos de porco preto na grelha e um bitoque de vitela deliciosos ambos os pratos acompanhados por salada arroz e umas batatas fritas caseiras excelentes recomendo vivamente"
"Positive", "gostamos imenso do espaco otimo atendimento e a qualidade da comida e excelente e otima relacao qualidade preco"
"Positive", "comida maravilhosa e atendimento excelente otimo para jantar com amigos e familia de certo que voltarei"
"Positive", "muito bom aconselho plenamente este restaurante com optima gastronomia restaurante top com optimo servico"
"Positive", "espaco agradavel bom ambiente boa comida bom servico e simpatia aconselho vivamente a visitar muito bom"
"Positive", "restaurante muito bem cuidado empregados muito simpaticos e a comida e maravilhosa muito obrigada a d vania e a sua familia pelas refeicoes no sabores do monte"
"Positive", "comida tipica tradicional muito bem confecionada servico atencioso e genuinamente simpatico otimo preco em relacao a qualidade"
"Positive", "das x foram fantasticos muito bom mesmo sopa de cacao e sobremesas incriveis para os miudos tambem ha boas opcoes"
"Positive", "empregados simpaticos ambiente agradavel e comida maravilhosa o preco acessivel simplesmente magnifico aconselho a todos espero voltar brevemente"
"Positive", "ementa otima sobremesas excecionais atendimento muito simpatico e atencioso preco bastante acessivel"
"Positive", "comida maravilhosa doces grandes e deliciosas comi uma acorda de alho com bacalhau e uns maravilhosos secretos de porco preto grelhados e para a sobremesa um bolo real alentejano de comer e chorar por mais estava tudo maravilhoso e o preco muito assecivel espero voltar bom e simpatico atendimento comida boa mas sem maiores qualidades pouca opcoes de vinhos boa sobremesa precos bastantes acessiveis e porcoes fartas"
"Positive", "podemos comecar a falar pelo fim preco vrs qualidade bastante aceitavel mas tinha muitas expetativas em relacao a este restaurante comi acorda de bacalhau mas achei um pouco deslavadas ja comi bem melhores migas com entrecosto e carne do alguidar estavam boas"
"Positive", "foi a segunda vez que almocei neste restaurante das duas vezes gostei bastante a comida e caseira as sobremesas sao muito boas excelente relacao qualidade preco"
"Positive", "restaurante simples mas muito bom restaurante familiar com boa comida e precos muito acessiveis uma excelente opcao para quem fica hospedado no vila gale ir almocar e jantar qualidade e simpatia garantidas sobremesas otimas"
"Positive", "excelente restaurante muito perto de varios hoteis comida caseira de qualidade e pessoal super simpatico e atencioso precos muito em conta a repetir certamente"
"Positive", "comida caseira e gostosa estavamos em um hotel proximo e fomos indicados a esse restaurante para o almoco um bom custo x beneficio"
"Positive", "restaurante muito acolhedor pratos tipicamente alentejanos de boa qualidade e bom preco excelente opcao para levar a familia a jantar fora experiencia a repetir"
"Positive", "restaurante discreto e sem grandes decoracoes e pormenores apelativos mas com uma comida bastante saborosa carta de vinhos boa e atendimento simpatico"
"Positive", "e um restaurante tipo alentejano perto do vila gale clube de campo com um excelente atendimento comida bastante boa destaco as migas com abanicos de porco preto e a acorda de bacalhau que estavam maravilhosa doses grandes e a bom preco aconselho e espero voltar brevemente"
"Positive", "jantar tardio mas fomos muito bem recebidos estavamos hospedados na casa do roxo e foi nos recomendado pelo sr jorge este restaurante comemos extremamente bem e fomos sempre muito bem atendidos apesar de ja ser tarde destaco o pao recheado que e divinal para jantar pedimos ficamos hospedados na casa do roxo e fizemos aqui a maioria das refeicoes excelente atendimento e comida saborosa e em doses generosas destaco o pao recheado a acorda de bacalhau a sopa de cacao os abanicos a sericaia e baba de camelo a repetir um opcao bastante recomendavel para quem esta no vila gale refeicoes economicas e com qualidade qb convem reservar previamente"
"Positive", "excelente alternativa para quem esta no vila gale clube de campo os abanicos de porco preto sao deliciosos"
"Positive", "e um restaurante com espaco muito agradavel a comida e de qualidade principalmente os grelhados de porco preto tem uma excelente relacao qualidade preco para quem fica no hotel e uma boa alternativa para comer"
"Positive", "trata se de um restaurante muito proximo do clube de campo vila gale optima alternativa ao restaurante do empreendimento vila gale sem ter de conduzir muito comida saborosa parece que estamos a comer em casa tambem muita simpatia no atendimento obrigada pelo jantar proporcionado"
"Positive", "restaurante familiar com refeicoes caseiras e muito saborosas os abanicos semelhante aos secretos de porco preto sao deliciosos"
"Positive", "foi aconselhado pelo pessoal do hotel vila gale restaurante simples com um atendimento afavel com magnificas entradas neste caso uma tabua de queijos e enchidos da regiao divinal uma sopa de cacao com o verdadeiro sabor alentejano e por fim uns grelhados onde destaco os um bom restaurante para quem esta hospedado no vila gale beja comida agradavel e preco bastante em conta"
"Positive", "as avaliacoes vista aqui no trip nao enganao excelente comida de qualidade superior mista de porco preto com migas que estavam um espetaculo muito bem feitas e mesmo ao meu gosto a fazer lembrar as visitas a terra e a comida das avos e tias uma boa aposta para quem esta hospedado no vila gale beja comida agradavel e preco bastante em conta"
"Positive", "servico rapido empregados prestaveis e simpaticos a comida caseira deliciosa desde as entradas experimentem ovos com espargos aos pratos principais bacalhau com espinafres ou migas com lagartos de porco preto sem esquecer as sobremesas doce da casa divinal ou o caseiro bolo comida caseira deliciosa almocei e jantei neste restaurante durante semana e adorei todos os pratos pessoas muito simpaticas e educadas preco acessivel e bom ambiente da proxima vez que andar por perto irei voltar certamente"
"Positive", "estava tudo espetacular sopas de cacao aconselho vivamente a precos super acessiveis comida tipica alentejana ao mais alto nivel"
"Positive", "depois de passar pelo vila gale de beja paramos neste restaurante para almocar de pressa acabou por encher visto ser um espaco reduzido as sopas estavam muito boas mas os escalopes de frango nem por isso"
"Positive", "apos uma chegada tardia ao hotel vila gale clube de campo eis uma muito boa alternativa para almoco carne de muito boa qualidade quer a entremeada de novilho quer os secretos de porco preto com doses em quantidade consideravel uma ementa no seu todo muito a caminho do vila gale clube de campo e ja chegando tarde optamos por comer aqui fomos muito bem atendidos com muita simpatia e comida muito bem confeccionada a ginjinha que nos ofereceram no fim foi a cereja no cimo do bolo recomendo"
"Positive", "apesar de ser simples e pequeno as doses sao muito generosas e a comida e muito saborosa o staff e tambem muito atencioso parabens"
"Positive", "comida de muita qualidade num espaco fantastico por fora uma casinha tipica e cheia de charme muito cuidada e com pormenores revestidos de encanto por dentro existe um contraste puxa nos para o moderno e ha um largo conjunto de mimos para o cliente os pormenores e uma otima opcao para quem esta hospedado no hotel vila gale clube de campo de forma a fugir aos precos mais inflacionados do mesmo a comida e excelente simples mas com sabor a famelga comeu uma jardineira de novilho que parecia comidinha da avo muito conveniente para os hospedes do hotel vila gale clube de campo dai o facto encontrar vizinhos de quarto ou piscina boa mesa para um preco muito correcto servico bom"
"Positive", "um restaurante de aldeia com pratos simples mas muito bem confeccionados pessoal muito simpatico e atencioso uma excelente alternativa para quem esta de ferias na zona e nao pretende se deslocar a cidade mais proxima"
"Positive", "muito agradavel comida simples grelhados e regional muito bem confeccionado e fresca sopas sempre excelentes para as criancas tambem servico muito agradavel e simpatico penso voltar"
"Positive", "fomos la parar quando estivemos no clube de campo a comida e excelente melhor confecionada e muito mais economico que o dito hotel os grelhados sao optimos"
"Positive", "tudo o que de bom ouvi confirma se comida simples descomplicada mas com muita qualidade vinho da casa fantastico uma excelente alternativa aos snaks do vila gale clube de campo se estiverem por estes lados nao percam a oportunidade"
"Positive", "excelente atendimento e comida muito boa o vinho da casa e fantastico recomendo vivamente uma otima alternativa ao restaurante do vila gale"
"Positive", "boa comida em ambiente tranquilo e aprazivel boa relacao preco qualidade para comida tipica alentejana"
"Positive", "grelhados de porco preto de excelente qualidade a precos acessiveis excelente alternativa para quem fica no vila gale clube de campo o servico e rapido e as pessoas simpaticas fizemos todas as refeicoes neste local durante a estadia"
"Positive", "e um restaurante tipico com boa comida alentejana ideal para quem fica no vila gale clube de campo e quer fugir um pouco a repeticao do buffet diario a comida e saborosa a ementa e girissima uma tabua de madeira e tem alguma variedade o excelente muito bom costeleta de porco preto estrelas sobremesas muito boas sobretudo a mousse de amendoim staff muito simpatico e atencioso"
"Positive", "comemos a melhor costoleta de novilho de sempre sitio modesto limpo atendimento simpatico e com excelente comida"
"Positive", "restaurante simples elegante e muito agradavel o pessoal tem uma simpatia autentica e contagiante a comida e muito boa e num pequeno restaurante temos o que e suposto encontrarmos na gastronomia alentejana comemos sopas de cacao e migas havemos de voltar"
"Positive", "ambiente familiar e boa comida caseira para petiscos e refeicoes queijinhos uma tentacao carne no pao preco muito acessivel"
"Positive", "gostei muito eu comi uma deliciosa sopa de cacao os restantes membros da minha familia adoraram as costeletas de borrego e bastante acessivel"
"Positive", "bom restaurante com boa comida e pessoal simpatico pedi bacalhau a braz que estava muito bom e uma dose deu bem para duas pessoas so nao dei porque tambem pedi choquinhos e achei que estavam pouco temperados e rijos de resto tudo impecavel"
"Positive", "num fim de semana num hotel proximo vila gale descobrimos este restaurante onde jantamos fantasticamente boas doses comida caseira um preco justo recomendo principalmente em alternativa ao preco elevado do restaurante do hotel para uma epoca baixa tem os precos estupidamente elevados"
"Positive", "apesar de ser o unico restaurante do monte da juliana e uma boa opcao para refeicoes principalmente para quem quer fugir da comida repetitiva do restaurante do hotel vila gale clube de campo a comida e justa e farta as sobremesas sao deliciosas experimente especialmente unico no monte da juliana o que leva a falta de alternativas no entanto ninguem saiu desiludido o servico foi razoavel mas a comida estava muito boa encerrado ao domingo"
"Positive", "na zona do monte da juliana este e o unico restaurante disponivel apesar de ser a unica opcao e muito boa parabens comida bem confeccionada estao de parabens excelente em tudo continuam a servir bem os seus clientes e sempre com muito boa disposicao nao deixem de visitar"
"Positive", "na zona da mina ou do monte da juliana este e o unico restaurante disponivel apesar de ser a unica opcao e muito boa as doses sao bastante grandes e de boa qualidade atendimento simpatico e espaco acolhedor"
"Positive", "a comida estava muito bem feita e o ambiente e fantastico as doses sao grandes e o staff era muito simpatico infelizmente fecha ao domingo"
"Positive", "nota dez otima comida atendimento do melhor e ambiente espetacular muito bom sitio agradavel e descontraido"
"Positive", "maravilhoso talvez as melhores migas que ja comi recomendo este espaco a quem gosta de comer bem num ambiente agradavel"
