Sentiment, Review
"Positive", "sala a dar o mote ao nome do restaurante muito bonita e tipica comida em doses generosas com uma qualidade muito boa e preco justo deixo para ultimo o atendimento que dificilmente poderei encontrar melhor com a explicacao dos pratos provas e um cuidado com o fregues mais novo excepcional"
"Positive", "restaurante de ambiente familiar muito bem recebidos nao reservamos e tivemos opcao de escolha da mesa comida tipicamente alentejana cozinhada de forma eximia para entradas pedimos umas linguicinhas tipicas que sao muito boas comemos ainda ovos com espargos que vinham muito bem servidos e saborosos para prato principal optamos por bifinhos com molho de cocktail bifinhos com molho de salsa e migas de espargos com mista de porco preto tudo otimo e servido em boa quantidade para sobremesa a mousse de chocolate com gelado e obrigatorio"
"Positive", "no interior do alentejo numa zona central de safara localizacao excelente as instalacoes estao em mt boas condicoes e limpas wcs recentes almocamos na esplanada e foi mt agradavel pratos bem confeccionados o preco e normal para o tipo de pratos todos os empregados com quem falamos foram mt atenciosos experiencia agradavel"
"Positive", "foi a segunda vez que pelo menos eu fui em safara e como sempre adorei especialmente o gaspacho maravilhoso sempre a voltar recomendo vivamente"
"Positive", "optima refeicao bons produtos confeccao esmerada ambiente familiar atendimento rapido e simpatico sala com boas condicoes e decoracao singela"
"Positive", "ha alguns meses que nao revisitava mas fiquei desanimado porque a sala estava gelada e almocei sem conseguir tirar o casaco o cachaco no forno estava um pouco rijo para o que e habito servirem neste retaurante achei um pouco mais descuidado do que o normal tanto no servico como no conforto e comida o preco tambem foi uma surpresa pq foi exagerado para o que foi servido a ponderar nova visita"
"Positive", "fui pela primeira vez ao arcada levada por um familiar o servico de excelencia e os maravilhosos pratos tradicionais alentejanos confeccionados da forma mais genuina e autentica fizeram com que em estando nas imediacoes me desloque para ali degustar a sua bela ementa"
"Positive", "pratos tipicos alentejanos comida caseira optimo vinho da casa espaco agradavel alentejo no seu melhor"
"Positive", "excelente sabores tipicos alentejanos otimas entradas torresmos linguica assada pratos migas de espargos de cogumelos e simples muito bem confeccionadas cogumelos com ovos para finalizar uma boa sobremessa mouse de chocolate"
"Positive", "cozinha tradicional do alentejo com muita qualidade e simpatia espargos com ovos um dos pratos optimos e simples da nossa cozinha tradicional peras bebadas para sobremesa todo muito bom"
"Positive", "resolvemos almocar no arcada por sugestao de alguem que e frequentador habitual do espaco e que afirmou que iriamos gostar realmente temos de concordar gostamos mesmo simpatia espaco acolhedor boa ementa tudo impecavel pratos tipicamente alentejanos muito bem confeccionados umas azeitonas de entrada excelentes o muito bom os ovos mexidos com espargos as migas de espargos com bochechas de porco preto e o molotof de caramelo recomendo vivamente"
"Positive", "cozinha tradicional alentejana genuina mesmo no coracao do alentejo e simpatia no atendimento como sempre muito bom"
"Positive", "na serena vila de safara situa se o restaurante arcada o gosto alentejano o sabor a harmonia gostei muito pela simpatia com que fomos recebidos pelos pratos servidos e o vinho ao qual nao resisti e tive que comprar uma box para trazer para casa e sem a entrada fomos guiados a mesa reservada de forma muito simpatica os torresmos que colocaram na mesa assim que nos sentamos eram de comer e chorar por mais tanto que estava dificil prestar atencao ao menu finalmente escolhemos o ensopado de borrego a pastora e comida tipica variada e bem confecionada servico optimo com empregados muito prestaveis e simpaticos preco adequado"
"Positive", "o local passe despercebido mas o restaurante apresenta uma ementa com excelente comida tipicamente local o atendimento e profissional e atencioso recomendado sem duvida"
"Positive", "comida tradicional muito bem confeccionada pratos com doses simpaticas e um restaurante sofisticad o tradicional"
"Positive", "prezo imenso a tradicao alentejana e devo dizer que guisados baratos com carne gordurosa sao exemplos de fatores que conduzem ao desvalorizamento da nossa bela regiao recomendaram me este restaurante mas devo dizer que me ofendi quando o denominaram como referencia gastronomica servico simpatico"
"Positive", "restaurante simpatico onde se come bem e barato comida tipica e bom servico vale a pena e fica mesmo no largo da aldeia"
"Positive", "o melhor do concelho de moura talvez do distrito de beja tipicamente alentejano excelente comida e atendimento sao os seus pontos fortes"
"Positive", "comida tipica alentejana saborosa e num espaco com historia as arcadas no seu interior tornam no acolhedor e tipico com torresmos e azeitonas de entrada optamos pela mista de carne de porco acompanhadas das tradicionais migas delicioso"
"Positive", "nao e uma avaliacao e um pedido de correcao este restaurante e em safara moura apesar da morada estar correta praca de abril a localidade e safara beja e o distrito no entanto aproveito para informar que e um excelente restaurante e tem perfil restaurante pequeno mas muito agradavel com o teto em arcadas tipicamente alentejano comida tipicamente alentejana no seu melhor torresmos do rissol ovos com espargos isto so para falar dalgumas entradas pratos principais tipicos e tradicionais excelentes doces conventuais excelentes nota fico surpreendida de ainda estavamos vagando ate mosarraz do algarve por alguns dias e dirigimos para a safara sonolenta e encontramos este restaurante adoravel com equipe adoravel de ar condicionado e comida deliciosa apenas estrelas porque fomos apenas uma vez"
