Sentiment, Review
"Positive", "tudo bom pizza muitissimo boa comi a dona maria a rucula e o parmesao dao aquele toque especial a pizza o camarao frito de entrada estava bom"
"Positive", "a pizza estava muito mal confecionada salgada ingredientes de baixa qualidade azeitonas de lata e aglomerados no centro da pizza tinha tanto molho de tomate que este neutralizava todos os outros sabores pedi sem um dos ingredientes beringela e veio a mesma pedi pizza desta pizzaria por engano pretendia da dona maria deck e logo na primeira dentada fiquei lamentavelmente aborrecida com o meu engano porque a qualidade nada tem a ver experiencia a nao repetir"
"Positive", "distanciamento entre mesas nao cumpria o exigido nas minhas costas estava um cliente a no max cm de distancia foi pedido uma salada sem um dos ingredientes pedido que nao foi atendido alem do que a salada demorou pelo menos uns a m mais do que as pizzas empregado simpatico mas pouco atento comida razoavel para o valor cobrado"
"Positive", "fomos ao dona maria deck o espaco e top excelente esplanada as refeicoes sao de boa qualidade o atendimento foi bom"
"Positive", "dos melhores sitios de beja para almocar jantar boa relacao qualidade preco e dos meus sitios preferidos para jantares de grupo ou com a familia"
"Positive", "mesmo com pouca gente no restaurante e cinco funcionarios estivemos mais de minutos a espera alegadamente porque nao saiu o talao com o nosso pedido e meia hora depois la deram conta curiosamente os outros pedidos sairam as pizzas sao aceitaveis nao recomendo ha outra pizzaria otima em beja onde isto nao acontece"
"Positive", "recomendo principalmente pela qualidade das pizzas espaco acolhedor no centro da cidade staff simpatico e amigavel doses bem servidas excelentes pizzas e preco muito razoavel estrelas"
"Positive", "pessoal staff arrogantes imenso tempo de espera sem interligacao pessoas conhecidas passam ha frente sem lista de espera esquecer"
"Positive", "bom dia referente a sua avaliacao sobre o staff nao tem razao arrogantes estao abertas vagas para o restaurante estou a sua espera para iniciar ja hoje depois vou avaliar o seu desempenho para ver se tem capacidade para trabalhar ao nosso nivel alias duvido espaco confortavel em particular na esplanada interior a sombra mas pratos apenas razoaveis duas pessoas jantam bem por"
"Positive", "se la vao pecam apenas pizza devem ser razoaveis a avaliar pela adesao da clientela fujam das pastas o cozinheiro nem sabe o que isso e ou como se faz pedi uma carbonara um prato que e igual"
"Positive", "em todo o lado veio uma travessa com um kilo de fusilli com pedacos de fiambre semeados por cima tudo afogado num pacote inteiro de nata liquida as duas estrelas sao para os empregados de mesa simpaticos e atentos para a cozinha seguem zero estrelas"
"Positive", "fui com a minha familia comer ao dona maria apos ter visto fotos no tripadvisor e me ter chamado atencao bem para entrada pedimos um pao de alho que mais parecia a refeicao no formato de pizza o que quase encheu como tinhamos pedido excelente menu e otimo atendimento gostei muito do servico e do atendimento pessoal educado e a desempenhar um bom trabalho parabens"
"Positive", "boa refeicao num ambiente descontraido pizzas de muito boa qualidade possui explanada em patio interior"
"Positive", "restaurante simpatico com uma excelente relacao qualidade preco servico muito atencioso e rapido doses descomunais e bem cozinhadas"
"Positive", "fui na passada quinta feira ai restaurante dona maria pedi uns secretos de porco preto estavam muito saborosos mas achei pouca a quantidade no fim peco uma mousse de chocolate para sobremesa a mousse devia ter mais de um mes de frigorifico estava estalada e durissima excelente relacao qualidade preco e sempre um grande prazer tomar uma refeicao neste restaurante de excelente qualidade e localizacao"
"Positive", "vamos em familia varias vezes ja se tornou um dos nossos favoritos na cidade atendimento simpatico e rapido bom ambiente qualidade dos produtos mantem o padrao embora possa melhorar pequenos pormenores dois pontos negativos na ultima visita que influenciam mais a experiencia como um todo cara tour ficamos contentes por saber que fazemos parte do seu roteiro e preferencia como deve compreender os problemas na rede wi fi podem ocorrer no entanto a musica podemos fazer qualquer coisa por sua recomendacao iremos actualizar a playlist obrigado pela visita esperamos por nao sei o que mudou no restaurante mas as pizzas eram maiores mais bem condimentadas e mais deliciosas antes na minha opiniao perdeu qualidade nos ultimos meses"
"Positive", "obrigado pela sua opiniao estaremos atentos a esses pormenores decerto que sera melhor na proxima visita"
"Positive", "gostei a salada hawaii uma delicia a pizza das miudas fantastica fui pelas opinioes e nao desiludi pelo menos desta vez"
"Positive", "ola cara alda o ristorante dona maria agradece a sua visita ficamos contentes por termos correspondido a expectativas esperamos que para proxima seja igual ou melhor volte sempre os melhores cumprimentos"
"Positive", "paramos neste restaurante quando iamos a caminho do algarve pretendiamos comer qualquer coisa rapida para seguirmos viagem demoraram hora a servir nos uma pizza e um bitoque apesar dos varios pedidos de desculpa por parte da empregada informando que estavam com problemas no computador e inadmissivel cara sara cunha o ristorante dona maria agradece a sua visita de facto por vezes podem ocorrem situacoes que nao conseguimos contornar e nosso dever corrigir e por isso agradecemos a sua opiniao para que o possamos fazer ficamos contentes por termos correspondido a expectativas volte chegamos e a casa estava cheia a funcionaria com uma energia nunca vista montou em poucos minutos uma outra sala para jantares atendimento rapido eficiente personalizado e sempre com um sorriso as pizzas estavam maravilhosas e sao enormes sem falar no pao de alho que cara rita f o ristorante dona maria agradece a sua visita ficamos contentes por termos correspondido a expectativas tentaremos fazer cada vez melhor para merecer as estrelas volte sempre os melhores cumprimentos"
"Positive", "local agradavel e com atendimento simpatico quando chegamos estava cheio mas rapidamente arranjaram mesa para mim e a minha familia atendimento simpatico as pizzas sao boas de massa fina e com ingredientes frescos podiam ser um pouco menos gordurosas fiquei com a sensacao que a caro goncalo m o ristorante dona maria agradece a sua visita ficamos contentes por termos correspondido a expectativas se gostou desta vez para a proxima vamos ganhar as suas estrelas p obrigado volte sempre os melhores cumprimentos"
"Positive", "excelente pizza massa fina saborosa atendimento muito bom porcoes muito boas preco honesto vale muito repetir a visita o flavio b o ristorante dona maria agradece a sua visita ficamos contentes por termos correspondido a expectativas ca o esperamos os melhores cumprimentos"
"Positive", "comida muito boa local muito bom com facil chegada e facil estacionamento um bucado de espera para chegar os pratos de resto o humberto o ristorante dona maria agradece a sua visita ficamos contentes por termos correspondido a expectativas por vezes nao temos maos a medir como prezamos a qualidade agradecemos a sua paciencia obrigado volte sempre os melhores cumprimentos"
"Positive", "as melhores pizzas da cidade de beja excelente para take away no restaurante esta sempre cheio tem esplanada o theaterxd o ristorante dona maria agradece a sua visita ficamos contentes por termos correspondido a expectativas obrigado pela avaliacao volte sempre os melhores cumprimentos"
"Positive", "chegamos o restaurante estava cheio havia algumas pessoas de pe a espera mas nao demoraram muito a arranjar uma mesa para mim e a minha irma mesmo estando cheio o servico foi rapido e o ambiente muito acolhedor ambas optamos por meia dose de secretos ola o ristorante dona maria agradece a sua visita somos o reflexo dos nossos cliente obrigado pela sinceridade ficamos contentes por termos superado as expectativas volte sempre os melhores cumprimentos"
"Positive", "depois de provar nao quero outro restaurante e o unico local onde faco as minhas refeicoes quando visito beja quando entrei a primeira vez pensei que eram so pizzas e tem muito mais que isso comida deliciosa e precos muito bons com um servico atencioso ola pedro g o ristorante dona maria agradece a sua visita estamos radiantes com o seu comentario obrigado ficamos contentes por termos superado as expectativas volte sempre os melhores cumprimentos"
"Positive", "local simpatico e bem decorado atendimento sofrivel o empregado que nos recebeu claramente preferia estar noutro lado fomos atendidos por um outro que era simpatico e prestavel comida saborosa pao de alho e a base da pizza com queijo salsa e azeitonas com caroco o foi surreal a experiencia que tive neste restaurante estou gravida de meses e fui a um almoco de aniversario neste restaurante agendado para as h as h estava la e os restantes convidados iam chegando a fui chamada a sala de refeicoes adoro pizzas surpreendentemente foi aqui no alentejo na pizzaria dona maria que comi uma das melhores pizzas da minha vida e ja comi bastantes em diversos sitios muitos parabens"
"Positive", "a cidade de beja no fim de semana fecha quase tudo na hora da janta e este restaurante salvou a noite"
"Positive", "situado do lado oposto a pousada servico e comida recomendados as pizzas sao muito bem confeccionadas gostamos"
"Positive", "e um restaurante muito normal com uma sala pequena e muita procura com tantos trabalhadores esperava se um atendimento um pouco mais profissional mas staff simpatico"
"Positive", "local agradavel a comida boa bem localizado no centro da cidade local a repetir sempre que necessario"
"Positive", "local bem no centro de beja frente a pousada de s francisco e ao lado da residencial com o mesmo nome dona maria comida bem confeccionada e contemporanea salientam se as pizzas e massas muito confortavel amplo se nao comer muito acho que as adoro as pizzas de la nao me canso de ir la as pizas sao excelentes e os funcionarios muito eficientes sucesso"
"Positive", "local agradavel a comida de excelencia bem localizado no centro da cidade local a repetir sempre que necessario"
"Positive", "comida confecionada no ponto colaboradores muito atenciosos e servico rapido o bacalhau a casa estava divinal recomendo"
"Positive", "um bom e agradavel restaurantes pizaria com um staff jovem e simpatico com precos em conta uma otima opcao para pessoas que visitem a historica cidade de beja"
"Positive", "restaurante muito bom comida divinal empregados de mesa muito cordiais e acessiveis preco razoavel a unica critica que aponto e o pessimo atendimento por parte da sra rosa gomes foi completamente antipatica e muito rude certamente nao gosta do que faz o que influencia muito ambiente muito bom pizzas super bem confeccionadas e atendimento impecavel o espaco exterior esta muito bem concebido sem duvida a repetir"
"Positive", "excelentes pizzas preparadas a frente dos clientes e tudo com ingredientes naturais aconselho vivamente vou voltar de certeza"
"Positive", "das entradas a pizzas e tudo bom a relacao qualidade vs preco e optima os camaroes estavam muit bons e o atendimento e atencioso nao ficar nas mesas junto a porta sobretudo se tiver frio"
"Positive", "para os amantes de pizzas e massas que nao tenham pressa e uma escolha acertada o servico e um pouco lento pois so tem uma pessoa a fazer as pizzas mas a comida tem qualidade o ambiente e agradavel e aconchegaste sendo que no verao saliento a qualidade das pizzas e o preco o ambiente e agradavel apesar de simples as pizzas sao confeccionadas a nossa vista uma agradavel surpresa"
"Positive", "passamos uma noite em beja seguimos o olfacto e chegamos a este restaurante adoramos e aconselhamos boas pizzas bom atendimento"
"Positive", "fomos a deriva pois procuravamos outro tipo de restaurante mas o olfacto guiou nos ate esta pizzeria estava lotada pelo que houve algum tempo de espera o atendimento e medio mas eficaz optou se pela espetada de peru e medalhao de novilho e estavam ambos bem confeccionados fui jantar com a minha familia aniversario da mae mau atendimento muito tempo de espera para alguem vir a mesa recolher os pedidos antipatia"
"Positive", "um espaco bastante agradavel no centro de beja que oferece pratos razoaveis bom atendimento e simpatia uma boa opcao para comer algo rapido sem gastar muito"
"Positive", "paramos em beja para jantar rapidamente escolhemos a pizzaria dona maria precisamente atraves do tripadvisor gostamos bastante da comida da possibilidade de ver a pizza a ser feita e do atendimento queria mesmo destacar que a colaboradora rosa e muito atenciosa e simpatica para o estavamos no hotel do lado tinhamos uma proposta de comer pizza otima pizza restaurante lotado para uma terca feira atendimento um pouco confuso"
"Positive", "ja frequento este restaurante a algum tempo tenho tido idas ao bastante boas e outras mas a comida e sempre excelente e um restaurante com boa decoracao refeicoes na area da esplanada sao as minhas preferidas ambiente calmo e um empregado tiago super simpatico refeicoes restaurante bem localizado bem decorado preco bom e comida razoavel comi uma salada que nao era ruim mas sem graca nenhuma e uma pizza razoavel mas o atendimento feito pelo garcom e indigesto um rapaz amuado antipatico que nao sabe receber pessoas principalmente estrangeiros o que a comida os empregados o preco e fantastico a pizza e mesmo mesmo uma delicia os precos sao deliciosos recomendo mesmo"
"Positive", "adoro o atendimento os funcionarios sao muito eficientes atenciosos as pizzas sao as melhores da cidade de beja nao me canso de la ir recomendo vivamente"
"Positive", "ja por diversas vezes jantei neste restaurante e volto sempre que puder tanto a comida mais tradicional como as pizzas ou as massas sao excelentes simpatia e disponibilidade do dono e tambem dos empregados precos tambem apelativos"
"Positive", "e e isto porque nunca se poe em questao o que comer neste espaco embora existam outras opcoes a nossa escolha e sempre pizza deliciosas"
"Positive", "eu adorei a pizza que comi na dona maria eu dou estrelas eu por mim dava mais a minha familia tambem adorou a dona maria e tavares bem"
"Positive", "o servico bem como as instalacoes sao simples porem muito agradaveis tem diversos sabores de pizza alem de massas e carnes a pizza que provamos estava excelente e o custo muito honesto altamente recomendavel"
"Positive", "fui a alguns restaurantes e decididamente este foi o melhor qualidade muito boa e precos super acessiveis comi pao de alho e pizza gamberi as sobremesas sao caseiras cheesecake de morando e doce da casa sao otimos recomendo vivamente pizzaria com oferta variada e de qualidade preco muito acessivel sendo que pizza e dificil de comer por apenas pessoa e possivel pedir cada metade da pizza com ingredientes diferentes o espaco e pequeno mas acolhedor onde se pode ver a feitura das restaurante local mas com excelente apresentacao ementa bem organizada as pizzas sao feitas em um balcao a vista dos clientes e pareceram bastante apetitosas imperial geladissimo pedi um bacalhau a dona maria espetacular uma posta grande de bacalhau a milanesa sob uma cama de espinafres excelente opcao junto a hospedaria de mesmo nome atendimento exemplar feito pelo proprietario ambiente comidas e precos perfeitos adoramos tudo parabens nelson"
"Positive", "jantar agradavel ficamos ficamos na esplanada um pouco frio mas o funcionario prontigicou se a ligar o ar condicionado que tornou a coisa melhor entrada de queijo com presunto e salpicao uma delicia secretos de porco preto e o bife pimenta nao deixaram a desejar o o melhor da zona a comida e muito boa desde as saladas as pizzas staff simpatico e o preco e em conta"
"Positive", "o problema as vezes e conseguir mesa no entanto tem bastante espaco e o pessoal e muito eficiente e rapido sem no entanto apressar o cliente as pizzas sao como sempre muito boas mas ha mais na ementa e igualmente bem confeccionado localizacao excelente no um restaurante onde as suas pizzas sao uma delicia empregados simpaticos e atenciosos preco qualidade muito bom"
"Positive", "gostei da comida e do espaco mas estava um pouco de frio na sala de fora que e uma especie de tenda os empregados sao eficientes um sorriso na cara ira melhorar bastante o atendimento mais uma refiro que as refeicoes sao muito boas e em tudo top excelente produto destaque para o atendimento e atitude do pizzaiolo que esta sempre disponivel para as sugestoes dos clientes para pizzas a medida"
"Positive", "a refeicao e muito boa mesmo os empregados sao muito atenciosos o que cria um bom ambiente durante a refeicao os precos sao muito acessiveis"
"Positive", "boa comida grande ambiente preco muito bom o pessoal e estrelas sangria de beber e chorar por mais"
"Positive", "vim ao dona maria num jantar de curso de faculdade e foi excelente comida boa boa sangria e excelente atendimento o espaco e grande da para estar a vontade para as tipicas brincadeiras de jantares de curso recomendo vivamente pizzas razoaveis feitas a vista do cliente mas as massas deixam infelizmente muito a desejar em termos de sabor"
"Positive", "uma pizzeria com muita qualidade sempre cheio as pizas sao enormes uma pizza grande da a vontade para pessoas tem show cooking sempre engracado de ver"
"Positive", "uma pizzaria normal onde os tipos de pizza muda o nome mas sao iguais a concorrencia nao tem nenhum destaque"
"Positive", "a parte a espera por uma mesa com ultrapassagem por amigos da funcionaria acabou por ser uma excelente refeicao bom aspecto em boa quantidade saborosa e um servico rapido e eficiente uma muito boa relacao qualidade preco o menu tinha imensas opcoes e se adorei a experiencia neste restaurante o servico foi muito eficiente todos na casa foram super simpaticos e a comida esteve irrepreensivel tanto a pizza como a massa que pedimos estavam muito bons voltarei ca certamente numa proxima visita a beja"
"Positive", "um bom servico de mesa menu variado desde comida italiana ate ao menu mais saudavel todas as opcoes do menu tem um preco justo e sao de boa quantidade qualidade e dos restaurantes favoritos para um jantar de amigos apesar de ultimamente nao conseguir reservar antecipadamente"
"Positive", "lugar agradavel e com pizzas muito saborosas gostamos tanto que repetimos a visita excelente relacao custo beneficio as massas sao muito bem servidas e uma porcao pode ser facilmente partilhada por duas pessoas recomendo"
"Positive", "a piza e de qualidade e os pratos em geral tem bom aspeto indiciando boa qualidade o numero de clientes elevado ao almoco e jantar tambem e indiciador de boa qualidade"
"Positive", "comida de qualidade servico rapido e muito atencioso parabens ao staff por vezes temos de aguardar um bocado quando esta lotado mas vale a pena o tempo de espera nao possui muitos estacionamentos o que pode dificultar alguem que nao conheca o local mas caso a primeira impressao nao foi a melhor muita gente muita confusao sem sitio para esperar mesa passados uns minutos la fomos levados para uma mesa no exterior a refeicao correu melhor o pao de alho com paio e bom e do tamanho duma pizza espaco bastante agradavel onde paira o cheiro delicioso de pizzas devido ao imenso forno existente no meio do restaurante as saladas sao igualmente apetitosas e muito bem servidas atendimento eficiente e simpatico"
"Positive", "positivo atendimento com profissionalismo simpatico e rapido local bastante limpo com muitas lugares disponiveis tanto dentro como fora pizzas muito boas as sobremesas tambem sao muito boas localizacao excelente otimo local para grupos negativo toda a comida vem ligeiramente salgada"
"Positive", "apesar de o menu ser pouco variado no que diz respeito a comida italiana a comida e excelente os pratos muito bem servidos e o preco muito razoavel o atendimento e rapido convem fazer marcacao porque a maior parte das vezes esta cheio"
"Positive", "localizado no coracao da cidade diante da pousada a visitar se tiver disponibilidade parqueamento por vezes dificil de encontrar sala de dimensao media bem iluminada e permitindo uma relativa privacidade servico cordial e atendimento normalmente rapido especializado na comida italiana pizzas e massas tem menu de bom restaurante com boa oferta de grelhados o pessoal e prestavel e simpatico como ponto negativo pior pao que comi em beja"
"Positive", "restaurante de bom aspecto e bom atendimento nao pedi nada de especialidade ou seja pizzas ou massas almoco foi bacalhau no forno com camarao deu a sensacao quase absoluta que o que estava a comer era paloco pena podia ser muito melhor"
"Positive", "a comida e estrelas com precos bastante simpaticos o local e agradavel e e sem duvida um restaurante a expeimentar"
"Positive", "se houvesse melhor classificacao eu dava pao de alho e calzone no topo das escolhas sou de beja e talvez por isso nao va la com tanta frequencia preco e qualidade"
"Positive", "gostei o pao de alho estava delicioso o bacalhau gratinado bom mas com excesso de cebola atendimento prestavel e simpatico o pior e o calor que fica na sala nao deixa saborear os pratos com calma"
"Positive", "comi um bife de novilho a d maria divinal que carne o servico fantastico o preco devem ter se enganado vale a pena vir de longe mas venham cedo"
"Positive", "o espaco e muito agradavel os empregados sao muito simpaticos e a comida e fabulosa com doses muito generosas e produtos de optima qualidade as calzones sao maravilhosas aconselho o espaco la fora e bonito e confortavel e serve para fumadores"
"Positive", "excelente produto muito bom servico ambiente amigo de todos os tipos de jantar pouco formal para voltar sempre"
"Positive", "aqui prima a simpatia logo a comecar pelo patrao a confecionar as pizas a vista a entrada do restaurante pizas e massas excelentes senao um bife com pimenta verde que fica na memoria"
"Positive", "para os amantes de pizzas e um sitio a nao perder recomenda se tambem o cheesecake a localizacao e otima centro da cidade a relacao qualidade preco e muito boa"
"Positive", "bem no centro da cidade e com ambiente descontraido um restaurante pizzaria uma salada da para duas pessoas sem qualquer duvida lista variada de pizza a visitar de novo"
"Positive", "o restaurante dona maria e uma otima opcao para quem gosta de comida italiana as pizzas e as massas sao excelentes para alem de comida italiana o restaurante apresenta na sua carta outra grande variedade de pratos desde o tradicional bitoque as mais diversas saladas o restaurante estava cheio quando chegamos mas os funcionarios tomavam nota das pessoas que iam chegando para acomoda los rapidamente fomos sentados servico excelente funcionarios atentos e rapidos o sr que fazias as pizzas estava atento as mesas e corrdenava com os funcionarios para acelerar o localizada no centro da cidade de beja a pizzaria dona maria oferece uma grande variedade de comida italiana com principal destaque para as pizzas muito bem confecionadas e com uma excelente relacao qualidade preco"
"Positive", "recomendo muito bom nao so pizzas e massas bem com outro tipo de cozinha bacalhau gratinado com gambas odorei"
"Positive", "e uma pizzaria simpatica e muito acessivel ha grande variedade de pizzas e massas para todos os gostos o servico e rapido e simpatico"
"Positive", "as entradas a pizza e as sobremesas sao boas no que toca as pizzas sao saborosas apetitosas e tem uma apresentacao apelativa basicamente o que se exige numa uma pizzaria o servico e cordial rapido eficiente e simpatico decoracao simples depois ha a vantagem para come se uma boa pizza e saladas nao experimentei as massas e os bifes mas tinham muito bom aspecto"
"Positive", "quando em beja apetece uma boa pizza este e o lugar certo como m varias opcoes de pizzas acho que e exagerado na ementa venderem bitoques especializem se quanto as pizzas melhorem pff o molho de tomate demasiado acido e metalico um molho caseiro nao influenciara as pizas sao boas e o espaco tem aquele cheiro a pizzaria nao provei os pratos de carne ainda gosto e aconselho"
"Positive", "come se um pizza muito boa e dos poucos sitios que conheco em beja onde gostei de comer uma pizza e aconselhavel ir cedo ou o restaurante enche e um bom lugar para ir com os amigos"
"Positive", "muito bom espaco bem localizado muito boa comida staff simpatico e agradavel tudo caseiro e maravilhoso aconselho"
"Positive", "local bem situado espaco harmonioso comida maravilhosa staff super bem disposto e nada melhor que para terminar que uma boa relacao preco qualidade so uma chamada de atencao fiquei com a sensacao que a sangria era de garrafa ou seja de hipermercado a ser verdade fica mal restaurante inserido na hospedaria com o mesmo nome hospedaria dona maria no entanto nao serve apenas para hospedes da hospedaria esta aberto ao publico pizzas deliciosas e variadas confeccionadas a vista do cliente as outras opcoes do menu tambem sao boa escolha as sobremesas estao"
