Sentiment, Review
"Positive", "tanto as pizzas como as massas sao divinais e os pratos sao bem servidos a massa das pizzas e fina e macia e o sabor e de crescer agua na boca costuma estar cheio boa relacao qualidade preco recomendo"
"Positive", "numero de telefone e o este e o numero para o qual pode encomendar comida e reservar mesas obrigado"
"Positive", "a comida e muito boa e muito bem confeccionada mas o servico e muito lento tinhamos reserva para as chegamos minutos antes e so fomos servidos as ate a sobremesa demoraram em servir estivemos horas no restaurante e pena porque dada esta situacao nao da vontade de voltar"
"Positive", "tentamos ligar desde as ate e mais nao sei para que querem um numero de telefone se nao atendem os telefones"
"Positive", "este restaurante tem empregados bons mas o chefe de sala e muito mau miguel mestre um dos empregados disse nos as horas que podiamos esperar e passado meia hora o chefe de sala veio nos dizer que a palavra do colega nao servia de nada e que a dele e que esta certa apesar da comida ser razoavelmente boa o chefe de sala e mal educado e pouco profissional"
"Positive", "para quem gosta de pizza e sem duvida a melhor de beja os panados e os grelhados tambem sao muito bem confecionados precos acessiveis excelente atendimento mesmo em dias que esta muita gente o servico e o mais rapido dentro dos possiveis"
"Positive", "para quem gosta de pizza vale muito a pena muita variedade e precos acessiveis tambem resulta muito bem o take away com k bom tempo esplanada muito agradavel"
"Positive", "janto varias vezes neste restaurante e nao tem perdido qualidade ao longo dos anos recomendo bastante"
"Positive", "por um preco baixo e servida uma pizza de cm de diametro de boa qualidade e sabor recomendo pizza da casa"
"Positive", "boa qualidade muita quantidade e excelente preco doses enormes a precos baixos a comida e boa ementa variada"
"Positive", "restaurante muito bom sempre cheio por isso facam reserva doses generosas e o preco imbativel os funcionarios sao muito simpaticos e o atendimento e rapido"
"Positive", "recomendo vivamente a visita pizzas de excelente qualidade e com precos muito acessiveis outros pratos para quem nao quer comida italiana"
"Positive", "restaurante simpatico doses bem servidas e qualidade da comida boa demora no atendimento boas sobremesas"
"Positive", "para mim a pizza ria milano tem de facto as melhores pizzas da cidade e arredores a muito bom preco o servico resume se a rapido sou cliente frequente e ainda nao experimentei servico dedicado falta isso a rapidez nao e tudo a simpatia dedicada e muito boa relacao preco qualidade grande variedade de pisas e massas boa carne nao vao conseguir acabar as doses"
"Positive", "pratos bons fartos e baratos meia porcao dose da perfeitamente para duas pessoas uma porcao inteira apenas ou euro a mais da para tres pessoas"
"Positive", "comida divinal atendimento atencioso e profissional melhor qualidade preco e impossivel a meia dose da quase para duas pessoas restaurante mto acolhedor e uma decoracao bonita gostei sem duvida o restaurante a visitar quando for a beja novamente obrigado"
"Positive", "pizza e pratos realmente deliciosos foi o primeiro lugar em que comi em beja e amei comi uma lasanha a bolonhesa divinal e as pizzas entao nem se fala a pizza de camarao e mesmo uma delicia ah e nao esquecer de pedir como entrada um optimas pizzas tambem serve outras comidas nomeadamente bifes precos totalmente ajustados esta sempre cheio e nota se que tem praticamente clientes locais o que e sinal positivo"
"Positive", "pizzas deliciosas aconselho a de salmao mas para alem disso tem umas saladas muitos boas espaco interior e de esplanada muito bom ambiente e servico muito rapido e simpatico"
"Positive", "he pa o que tenha a dizer e que e muita bom desde a comida a forma de estar destes senhores nesta casa servir bem com precos fantasticos boa apresentacao bom servico ar condicionado ligado e uma esplanada fenomenal passei por ca a ceeca de tem as melhores pizzas muito saborosas e bem recheadas os escalopes de frango grelhado sao uma opcao saudavel e deliciosa as massas e saladas sao optimas as doses sao muito bem servidas atendimento muito bom e funcionarios simpaticos"
"Positive", "simpatia no atendimento boa comida com pratos maravilhosos que ultrapassam a ida a uma pizzaria para comer pizza ou massa que aqui tambem sao maravilhosos nao se consegue resistir a um terra e mar deliciosos com carne de porco preta saborosa e gamba bem grelhada boas pizzas muito rapido mesmo com o restaurante cheio staff muito simpatico e acolhedor espaco simpatico com uma boa esplanada para as noites de verao"
"Positive", "apesar de ser uma pizzaria a oferta vai muito mais alem aconselho vivamente o bife na pedra e fantastico e como sobremesa a panna cotta de mel e nozes top"
"Positive", "optimo ambiente excelente a qualidade da comida e a grande variedade empregados extremamente atenciosos e com total disponibilidade precos muito bons"
"Positive", "nesta pizzeria tudo o que awui se come e bom ja sou cliente ha varios anos e e impressionante a relacao qualidade preco doses industriais a precos acessiveis staff super simpatico top mesmo"
"Positive", "espaco agradavel bem como staff simpatico e prestavel as pizzas sao uma das melhores que ja comi massa fininha e muito bem confeccionadas pelo que vi ao meu redor outros pratos me fizeram agua na boca o esparguete a bolonhesa da minha filha estava muito pizzas variadas pastas saladas e ate um belo terra mar ou mesmo um naco na pedra atendimento muito simpatico mas devido a qualidade com precos acessiveis esta quase sempre lotada o que implica uns minutos de espera tudo se resolve tambem serve para fora"
"Positive", "para uma pizzaria e bastante agradavel pratos acessiveis espaco interior um pouco pequeno mas acolhedor e exterior um pouco apertado"
"Positive", "as pizzas sao muito grandes e os empregados sao muito simpaticos mas em termos de sabor deixou muito a desejar"
"Positive", "para uma pizzeria e bastante agradavel prwcos acessiveis doces generosas espaco interior e exterior um pouco apertado"
"Positive", "reabriu no passado mes de janeiro com nova gerencia a melhor pizzaria de beja quer pelo rapido e atento servico quer pela excelente cozinha sendo de destacar alem das saborosos pizzas o prato de terra e mar nacos de carne de porco preto gralhada com so tenho a dizer bem em todos os aspectos a comida e maravilhosa as pizzas sao realmente de boa qualidade e quantidade mesmo com casa sempre cheia nunca demorou mais de minutos a receber o pedido gosto do promenor de que os funcionario estejam excelente pizzaria otimas pizzas e bem saborosas ao toque de italia pizzeiro agil e rapido face as filas para uma noite de sabado deu para observar um grande trabalho e eficiencia de toda a equipa ao qual resultaram pizzas saborosas recomendamos e agradecidos da mesa muito bom atendimento rapido comida deliciosa e a um bom preco atenciosos no atendimento recomenda se pao de alho a casa"
"Positive", "pizaria com muito bom servico tanto no restaurante como no take away pizas excelentes em sabor e apresentacao"
"Positive", "cometi o erro de pedir massa com frutos do mar a casa trouxeram me um prato cheio de massa demasiado cozida sensabor com varios frutos do mar acabados de descongelar por cima e com um fio de azeite servico pessimo pedi varias vezes uma cerveja tive das melhores casas de restauracao de beja doses bem servidas num custo bastante acessivel apenas um aspeto negativo barulhento e muito ao despachar mas recomendo pela qualidade da comida"
"Positive", "bom atendimento muito boa comida bom preco dos meus restaurantes preferidos recomendo muito para quem quer qualidade quantiade e bom preco"
"Positive", "come se bem a um preco economico pizzas e massas mas tambem saladas bifes tem muito por onde escolher doses muito grandes e pizzas muito saborosas e bem recheadas ja vai precisando ser modernizado preco razoavel"
"Positive", "a comida e muito boa tanto as pizzas como as massas atendimento geralmente rapido boa relacao qualidade preco"
"Positive", "so ha duas casas em beja com boas pizzas a milano e a nossa escolha para um take away uma vez que esta sempre cheia"
"Positive", "fomos jantar a este local pedimos pao de alho pizza e massa a comida e servida em grande quantidade a massa da para dois a vontade ficamos todos bem por a euros por pessoa ainda sobrou o pao de alho podia ser melhorado adorei as pizzas e o pao de alho estava tudo estrelas staff sempre impecavel achei barato para o servico em questao o que e muito bom"
"Positive", "restaurante barulhento com ambiente descontraido as pizzas sao boas mas nao otimas nao gostei do pao de alho que e basicamente uma pizza so com queijo a sangria tinha muito refrigerante os funcionarios sao rapidos e prestaveis os precos sao ajustados cerca de euros restaurante com um ambiente agradavel e com um excelente servico e uma boa relacao qualidade preco nao existem pontos negativos a apontar"
"Positive", "preco qualidade muito bom tanto as pizas como as pastas sao de excelente qualidade o atendimento e tambem excelente normalmente tem muita gente mas tem muitos lugares tanto no interior como na esplanada"
"Positive", "simpatia no atendimento boa relacao qualidade preco mas nao e a verdadeira comida italiana contudo e boa"
"Positive", "para quem gosta de comida italina e de comer bem e a comida ser saborosa aconselho vivamente este local os funcionarios foram muito simpaticos e aconselho a irem cedo que e um espaco nao muito grande e enche com facilidade tambem e normal devido a comida deliciosa de deixar agua na boca voltarei com toda a certeza o atendimento poderia ser melhor"
"Positive", "as pizzas sem excecao sao perfeitas ementa variada ambiente descontraido e alegre meu lugar de eleicao na regiao otima relacao custo x benefico"
"Positive", "excelente pizzas e muito variadas as massas sao igualmente boas destancando a de natas e fiambre nos pratos de carne destaco o fantastico bifinhos de frango grelhados a dose e muito generosa e da facilmente para pessoas quanto aos precos sao otimos com cerca de tem umas pizzas optimas e uma lasanha divinal bastante acessivel e com uma ementa variada e um restaurante que as pessoas da zona frequentam regularmente"
"Positive", "espaco muito agradavel com bom atendimento boas pizzas e excelente preco espaco a repetir numa proxima oportunidade"
"Positive", "acho que convem separar as aguas no que toca a este restaurante podemos avalia lo pela sua comida de qualidade e pelos seus precos que saltam a vista por serem agradaveis no que toca ao ambiente e ao servico destaca se o facto de qualquer pizza demorar uma bela pizza um excelente pao de alho um sumo de laranja natural do melhor funcionarios simpaticos aconselho"
"Positive", "restaurante simpatico para todas as idades pizzas excelentes massas optimas e atencao cada dose da perfeitamente para duas pessoas preco muito em conta tem take away"
"Positive", "e um restaurante simpatico com boas pizzas e a um preco muito acessivel uma pizza da perfeitamente para duas pessoas e os pratos de massa dao para tres almocamos durante a semana e o restaurante estava cheio tivemos de esperar por mesa"
"Positive", "perto do ipb pizzas e massas excelentes e com precos bastante acessiveis para quem e estudante teem take away recomendo o pao de alho com queijo grandes doses com qualidade tem outro tipo de pratos restaurante italiano com muitas massas e uma grande seleccao de pizzas"
"Positive", "gostei bastante da pizza e vi passar massas com um aspeto delicioso e cujo tamanho das doses da perfeitamente para duas pessoas"
"Positive", "se querem comer pizza ou dose chegar para pessoas quica este e o sitio certo comida muito bem confeccionada e pizzas de qualidade atendimento estrelas recomendo"
"Positive", "boa comida bom atendimento boa localizacao o espaco e agradavel e as doses dos pratos rocam o exagero no tamanho uma dose da para pax esfomeadas"
"Positive", "grande variedade de pratos na linha das pizzas e massas para entradas um pao de alho vindo directamente do forno vem sempre a calhar possibilidade de pedir para levar os restos para casa principalmente quando se come massas as doses sao muito bem servidas"
"Positive", "melhor local para comer pizza em beja sempre boas sempre a um bom preco mesmo depois de tantos anos mantem o bom servico recomendo a pizza de paio atencao a quem come pouco uma dose de massa por exemplo e enorme"
"Positive", "as pizzas sao bem confeccionadas e generosas o servico roca a perfeicao e eficaz e rapido o nivel excelente mantem se ha anos cheguei por volta das h com a minha namorada pedimos um pao de alho que estava muito saboroso e de dimensoes generosas jantamos com muito boa comida e atendimento e um local a repetir vezes sem conta as massas e as pizzas sao o grande destaque o preco esta dentro do que seria de esperar para um local com estas caracteristicas"
"Positive", "pizzas e nao so muito bem servicos e a precos acessiveis staff muito simpatico e atencioso adoro o pao de alho e a lasanha tambem ha saladas"
"Positive", "mais um dia bem passado na pizzaria milano agradeco a todo o staff pelo seu servico aconselho vivamente todos os pratos em especial o bife a milano star agradeco aos proprietarios pelo consentimento de poder levar o bolo de aniversario cantando os parabens em o prato forte e sem duvidas as pizas e as massas as doses sao generosas e o preco bem acessivel o servico e eficaz e rapido"
"Positive", "comida muito boa com cheirinho a italia lotacao esgota muito rapido para apanhar mesa tem que se ir cedo ambiente barulhento e pouco espacoso com o bom tempo de aproveitar a esplanada no exterior"
"Positive", "o servico e rapido e as doses dos outros pratos alem de pizza sao bastante generosas a pizza e muito boa faz nos voltar relacao qualidade preco excelente"
"Positive", "um menu bastante variado com precos bastante acessiveis as meias doses sao gigantes e a comida muito saborosa o staff e muito simpatico e um local optimo para quem auer comer bem e pagar pouco a repetir"
"Positive", "a comida e excelente e servida em boa quantidade uma dose de massa ou de salada da perfeitamente para duas pessoas para nao falar na pizza claro o atendimento e bom mas muitas vezes demorado devido a grande procura que existe e normal a existencia bom espaco optima comida e atendimento exemplar precos bastante economicos e possui mais variedade de comidas sem ser pizza va com tempo para esperar por uma mesa reserve se nao quer esperar ou chegue cedo"
"Positive", "o restaurante que mais gostei na zona de beja nao tem so pizzas e os pratos de carne sao muitissimo bem servidos a sangria e boa o tiramisu e o cheesecake sao perfeitos"
"Positive", "a relacao preco qualidade e muito acima da media deve ser marcada mesa ou chegar cedo para a refeicao"
"Positive", "bom e barato resume esta pizzaria as pizzas sao optimas e grandes e as massas tambem nao ficam atras para conseguir mesa convem ir cedo quer seja no almoco quer seja no jantar"
"Positive", "sem duvida e o lugar onde se faz a melhor pizza de beja e aos melhores precos unico problema e que esta sempre cheio de gente e si nao reservar com antecedencia tens que esperar na maioria das vezes mas vale a pena"
"Positive", "a comida e servico e de qualidade mas o espaco apertado quase obriga a que tenhamos de partilhar a nossa refeicao com desconhecidos os precos estao ligeiramente a cima do esperado ainda assim merece uma visita"
"Positive", "preco qualidade a ter em conta quantidade acima da media e funcionarios restaurante muito procurado dada a sua localizacao"
"Positive", "boas pizzas e outras comidas as doses sao grandes enormes o pessoal e simpatico e dificil conseguir mesa recomendo"
"Positive", "bom ambiente e boa comida bom local para conviver com os amigos a comida e bem confecionada e pouco tempo de espera mas e melhor marcar esta quase sempre cheio"
"Positive", "visitei varias vezes este restaurante e verifiquei sempre grande disponibilidade no atendimento os pratos sao todos bons em qualidade no entanto nao repetiria a lasanha que tem um queijo com um sabor tao forte que acabou por me enjoar o preco e excelente principalmente nos muita gente e mesas sempre cheias esta e a melhor avaliacao que um restaurante pode ter seja almoco seja jantar seja para levar para casa conte com o seu pedido aviado em m e sempre simpatia dos funcionarios e ja disse que e a melhor excelentes pizzas a precos acessiveis atendimento bom e eficiente convem reservar com antecedencia"
"Positive", "excelente pizzas pastas e carnes em doses generosas a precos acessiveis convem reservar com antecedencia"
"Positive", "otimo atendimento e super rapido as pizzas sao otimas assim como outros pratos que ja tive o prazer de provar recomendo"
"Positive", "na minha opiniao a melhor piza de beja situada na zona universitaria com uns precos comedidos qualidade acima da media e um servico rapido e eficaz e uma receita para o sucesso casa ja com uns anos tem mantido as caracteristicas merece uma visita pode relacao qualidade preco muito bom pizzas com qualidade massa muito boa precos justos as massas nao sao do mesmo nivel muitas natas e pouco sabor dificil arranjar lugar para sentar"
"Positive", "servico rapido e atencioso muito boa qualidade nas pizzas lista diversa e dentro do padrao normal se espera algo mais requintado ou uma pura casa italiana nao vai encontrar mas a simplicidade faz desta casa um lugar a repetir"
"Positive", "pao de alho gigante e bom restantes pratos bem servidos e saborosos boa relacao preco qualidade quantidade"
"Positive", "boa comida a um preco muito acessivel ainda assim pouco flexiveis nas reservas e pessimo atendimento ao telefone"
"Positive", "boa comida e bom e rapido atendimento se nao comerem tudo podem levar para casa o preco e amigo recomendo o pao de alho"
"Positive", "excelente em todos os aspectos desde o atendimento passando pela qualidade da cozinha ate ao preco"
"Positive", "otimo atendimento servico rapido e eficaz as saladas e massas sao servidas em doses que dao para a pessoas saborosas as pizzas sao muito boas massa muito fininha sopa boa a lasanha e saborosa mas nao se encontra a carne apenas uma pasta a pizzaria milano localizada na zona estudantil da cidade serve as melhores pizzas de beja as pizzas sao muito boas tal como as massas em muitas pizzarias onde ja fui nunca encontrei uma pizza fechada vulgo calzone tao boa como na milano se forem a recomendo servico rapido e com muita qualidade e quantidade pessoal simpatico e disponivel para aconselhar a levar as sobras para casa vou voltar tem servico de mesas no exterior para os fumadores"
"Positive", "muito boa a comida e pratos fartos a dose inteira divide tranquilamente pra duas ou ate tres pessoas"
"Positive", "chegamos a este restaurante atraves da indicacao de dois bejenses que foi por sinal foi uma optima indicacao para quem nao conhece beja o restaurante encontra se um pouco escondido mas vale a pena procurar pelo o que nos indicaram o restaurante esta maioritariamente cheio que se procura um lugar com boa qualidade e a preco reduzido recomendo a pizzaria milano as pizzas sao otimas a massa e fina e o recheio generoso bem como a variedade que e grande se nao chegar cedo arrisca se a ter de esperar porque esta excelente pizzaria em beja com muito boa qualidade em todos os seus pratos seja uma pizza ou uma massa e impossivel nao gostar recomendo vivamente com marcacao previa"
"Positive", "sempre que posso vou la adoro a comida e os precos da para dividir com outra pessoa so e pena a sobremesa cheesecake ser o mais caro quando la vou sou suspeito porque adoro pizza mas ja fui muita vez a italia e posso dizer que ja la comi piores pizzas do que aqui olhando por fora parece um cafe mas o atendimento simpatico e rapido para o tamanho do sitio ha muitos empregados e o facto de estar sempre a abarrotar e paradigmatico comida simples em quantidade e a precos muito aceitaveis o servico e estrelas"
"Positive", "relacao preco qualidade imbativel adoro as pizzas e para quem nao gosta de pizzas os pratos ditos tradicionais sao muito bem confecionados a sangria so e batida pela do trattoria no parque eduardo vii"
"Positive", "convem ir cedo pois senao a espera por mesa e grande excelente restaurante com precos acessiveis muito bom"
"Positive", "para comer pizza em beja definitivamente e o melhor sitio as pizzas sao muito boas o preco e convidadativo e ate para quem nao gosta de pizzas todos os outros pratos sao de boa qualidade quem nao conhece tem de o fazer qualidade preco top quase espaco normal de cafe a hora de almoco depois das h tem que esperar por mesa servico normal comida muito boa recomendo"
"Positive", "em primeiro lugar o servico e excelente a simpatia e de longe a melhor de beja ao contrario da maioria dos restaurantes de beja na milano somos atendidos com muita simpatia para alem de serem uma equipa muito eficiente a comida e muito boa pizzas e a melhor relacao qualidade preco da cidade sao excelentes na sua especialidade pizzas e pastas as febras sao muito boas com tempero de pimentao a cerveja de pressao pai muito boa o servico e rapido e de grande profissionalismo"
"Positive", "restaurante que serve comida italiana e comida tradicional alentejana um pouco barulhento confuso e desorganizado servico demorado mas a comida e de boa qualidade"
"Positive", "pizza fina crosta tradicional foi excelente ea starter de pao de alho que foi mais como uma pizza em si era excepcional e um item de ordem deve o servico foi excelente e todos da equipe neste conceito aberto cozinha foram muito simpatica o marisco servido na mesa adjacente parecia incrivel jantar muito casual"
"Positive", "quando voce viaja voce deseja boa comida que tem uma etiqueta de baixo preco e isto e apenas isso a comida e grande a massa e enorme e pode definitivamente ser compartilhados e ainda preencher duas pessoas experimente a salada de fusilli com molho de iogurte"
