Sentiment, Review
"Positive", "o melhor restaurante da cidade pelo menos no que a qualidade da comida diz respeito ja la estive vezes e a satisfacao foi total em todas elas secretos com migas sopas de cacao cozido de grao tudo muito agradavel e saboroso as sobremesas sericaia pudim tambem sao muito boas o atendimento connosco sempre fui eficaz e com muita simpatia voltaremos mais vezes sempre que passarmos por beja com tempo e apetite para uma refeicao"
"Positive", "comida de qualidade tipicamente alentejana num ambiente familiar proprietaria bastante simpatica e atenciosa precos em conta"
"Positive", "em primeiro comeco pela simpatia ao reservar mesa a chegada que nao era bem a rua voltei a ligar e a senhora ate eu chegar esteve comigo ao telefone a dar me indicacoes sentamo nos a mesa reservada trouxe a carta perguntou sobre as entradas e couvet um pao muito bom e as excelentes azeitonas escolhemos sopas de cacao e cozido de grao tudo top as sopas de cacao no ponto com aquele cremosidade e o aroma brutal a coentros o peixe no ponto o cozido de grao brutal sem palavras falar deste prato e so indo e provar muito bom tive o prazer de dar os parabens a senhora da sala e ao chef da cozinha muito obrigado por fazerem gastronomia de verdade adorei tudo neste restaurante casa de pasto desde a comida regional deliciosa aquela sopa de cacao e simplesmente deliciosa ao atendimento os donos muito simpaticos e atenciosos estive dias em beja e este foi o unico restaurante que repeti e quando regressar a esta cidade este restaurante sera paragem obrigatoria"
"Positive", "espaco pequeno mas acolhedor staff simpaticos e disponiveis entrada boa tipica alentejana prato principal com dose a mais de sal"
"Positive", "otima comida e atendimento tanto para nos como para o nosso filho precos justos para a qualidade muita simpatia voltaremos certamente obrigado"
"Positive", "comida saborosa regional e sem pretensoes ele na cozinha ela no atendimento profissionalismo e qualidade dis pratos a nao perder em beja"
"Positive", "paramos em beja em trabalho almoco rapido o cozido de grao e o arroz de polvo pratos do dia estavam divinais de comer e chorar por mais staff super atencioso servico rapido e precos super acessiveis voltarei novamente de certeza"
"Positive", "restaurante no centro da cidade com anfitrioes simpaticos a sra tania fez nos sentir em casa sopa de cacao estava divinal boa selecao de vinhos a visitar de novo sem duvida"
"Positive", "restaurante simples mas com uma comida com um sabor maravilhoso atendimento super simpaticos o ano passado comi umas migas maravilhosas este ano fui para sopa de cacao e cozido de grao tudo com tanto sabor delicioso as sobremesas nem se fala aquece a alma parabens a equipa"
"Positive", "um atendimento de excelencia sempre com simpatia e todo o cuidado comida honesta com sabores genuinos como os donos deste restaurante ja somos clientes ha alguns meses e nao desiludem para quem procura verdadeira cozinha alentejana e visita obrigatoria em beja"
"Positive", "adoramos o restaurante tudo muito limpo a comida deliciosa o atendimento estrelas nem falo das sobremesas que sao divinais recomendo"
"Positive", "ao passar por beja viemos googlar"
"Positive", "penso que quem nos serviu foram os donos pessoas amistosas e profissionais adorei as migas arrisco me a dizer que das melhores que ja comi estrelas esperamos um bocado trata se de um restaurante simples mas com uma comida caseira e especialmente bem confeccionada funcionaria muito delicada e eficiente de entrada experimentamos um maravilhoso queijo fresco de cabra e um queijo gratinado com azeite e oregaos depois uma sopa de cacao aveludada de sabor muito bom surpreendentemente casa simples com comida muito bem confecionada e artigos de qualidade"
"Positive", "comida tradicional do melhor porco preto grelhado migas tomatada etc etc muito bom servico fantastico e acolhedor muito boa relacao qualidade preco"
"Positive", "muito bom servico boa cozinha e ambiente muito agradavel grande simpatia para com os clientes recomendo uma visita"
"Positive", "para alem do prato que estava simplesmente divinal tenho a agradecer a simpatia de quem trabalha no espaco pessoas bastante afaveis com o claro objetivo de deixar clientes satisfeitos muito obrigado estou desejoso de regressar"
"Positive", "de regresso a casa feliz acaso encontrar este belo restaurante o churrasquinho de porco preto uma delicia"
"Positive", "fantastico em tudo a comida a simpatia o espaco sempre que voltar a beja voltarei a este restaurante tambem"
"Positive", "migas de coentros fantasticas simpatia e cuidado fenomenal em tempos de covid proxima paragem em beja voltamos"
"Positive", "atendimento simpatico comida feita na hora e bem confeccionada doses generosas tem meias doses que sao igualmente generosas preco agradavel o espaco e um pouco frio e a precisar dalguma atencao para o tornar mais acolhedor merece esse esforco e para voltar"
"Positive", "comida caseira muito saborosa e a precos muito acessiveis simpatia no atendimento recomendo vivamente"
"Positive", "e impossivel nao gostar dos pratos do tem havondo caseiros e bem confecionados relevancia especial para as migas e porco iberico staff simpatico voltaremos"
"Positive", "o servico muito simpatico e caseiro ambiente agradavel e refeicoes muito boas e com boa apresentacao mas acho que podiam reduzir um bocadinho as doses"
"Positive", "um espaco despretensioso um atendimento simpatico e atento a comida na boa linha alentejana com a originalidade do pure de batata doce a acompanhar excelentes bochechas no forno e a prova continua com uns secretos e lagartos grelhados com migas de coentros muito bom nivel chegamos eram cerca das h e eramos pessoas aparementemente o restaurante nao se encontrava cheio existiam mesas vazias no entanto foi nos dito prontamente que nao tinham mesa vaga nem poderiam dar nenhuma perspetiva tinha tudo para correr bem mas nem chegou a acontecer"
"Positive", "comida tipica saborosa e com um preco acessivel as migas sao fantasticas e o pessoal muito simpatico"
"Positive", "o restaurante foi renovado e tem uma nova equipa o ambiente nao e mau mas estava quase vazio o empregado de mesa foi simpatico e disponivel o servico foi rapido tudo muito limpo a ementa nao surpreende a confeccao dos pratos tambem nao e ma restaurante sossegado com comidinha deliciosa confeccionada na hora adoramos as migas e a carne de porco iberico era de chorar por mais adorooo uma refeicao em que da primeira a ultima garfada faco hum hummm o porco iberico com migas e para alem da experiencia sensorial recomendo com um largo sorriso deste restaurante jamais se tem avondo tenho sempre vontade de voltar"
"Positive", "dos melhores restaurantes de beja na relacao qualidade preco pratos muito bem confeccionados e atendimento excelente"
"Positive", "adoramos todos muito simpaticos comida boa e farta vale a pena fazer um desvio e ir almocar aqui no tem avondo preco bom"
"Positive", "estava tudo muito bom eu comi um bitoque de frango o meu marido uma feijoada comer caseiro e muito bem confeccionada atendimento um lugar a repetir"
"Positive", "em terras do alentejo foi um perfeito gaspacho que me acolheu refeicao agradavel atendimento simpatico boa opcao no centro de beja recomendo ate pelos piteus alentejanos presentes na ementa so faltou uma sericaia para terminar em beleza uma bela refeicao"
"Positive", "comida de muito boa qualidade e extremamente bem confecionada saborosa pessoal extremamente simpatico e acolhedor entradas boas foi o local onde comi a melhor sopa de cacao ate hoje a repetir certamente"
"Positive", "pedimos um arroz de polvo uma salada de grao e um alheira frita e estava divinal tudo muito bom atendimento tambem muito bom com certeza que vou voltar ca"
"Positive", "pessoal extremamente simpatico e acolhedor entradas pratos principais e sobremesas top recomendo vivamente iremos regressar"
"Positive", "comida muito bem confeccionada ambiente familiar e muito acolhedor precos acessiveis e empregados muito simpaticos e profissionais"
"Positive", "espaco agradavel simpatia no atendimento com bastante preocupacao com o cliente recomendo as tradicionais migas e o bacalhau com espinafres bom preco"
"Positive", "o bacalhau gratinado e simplesmente delicioso doses bem generosas a alheira com ovo e do melhor que ja comi recomendo"
"Positive", "excelente comida alentejana recomendo as migas com poejo eramos um gurpo de pessoas para um jantar ja tardio o servico inicialmente foi um bocado desorganizado ao tirarem o pedido dos pratos e das bebidas assim como das entradas contudo com o decorrer da refeicao bom restaurante desde a qualidade da comida a simpatia no atendimento os pratos sao bem servidos boa relacao qualidade preco quando voltar a beja esta num dos pontos a visitar"
"Positive", "gostei muito deste espaco mandamos vir bacalhau gratinado vitela estufada bife de frango com natas e salada de polvo tudo muito bom atendimento simpatico preco qualidade excelente recomendo"
"Positive", "excelente comida alentejana confeccionada de modo artesanal as migas com porco iberico sao divinais e as iscas sao tambem de referencia o atendimento e um pouco confuso mas tipicamente familiar e agradavel"
"Positive", "fui a procura de comida tipica aqui encontrei uma bela tomatada a acompanhar uns lagartos de porco preto grelhados uma maravilha de fazer correr agua na boca a sobremesa era otima tambem a repetir"
"Positive", "simpatia no atendimento boa comida boa climatizacao face ao calor da epoca bem situado a nivel geografico com estacionamento por perto"
"Positive", "com uma nova gerencia melhorou um atendimento pessoal e muito simpatico com grande nivel de eficacia a cozinha tem pratos muito bons saliento o porco preto e a sopa de cacao e a um preco muito justo nao esquecer a sobremesa o leite creme e com este calor so o que apetece e um bom gaspacho com carapaus fritos e que ha agora por esta altura como prato do dia neste restaurante"
"Positive", "comida caseira servico rapido atendimento simpatico local para estacionar economico facil acesso"
"Positive", "espaco bom com muito bom aspecto como o prato do dia uma vitela estufada muito boa tenho de ir jantar para conhecer melhor"
"Positive", "apos pesquisa no tripadviser para jantar em beja decidimos por este espaco nao se adequa a restaurante alentejano visto que os acompanhamentos dos pratos sao batata frita e salada se quiser experimentar algo tradicional como migas tem de pedir pagar a parte a lista de sobremesas esperava se alguma rapidez coisa que nao aconteceu no entanto gastronomicamente sem surpreender foi agradavel economico e tipico"
"Positive", "tem uma nova gerencia a casa foi remodelada tem um ar mais fresco os funcionarios sao muito simpaticos a comida continua excelente e muito saborosa a tomatada estava espectacular penso que o preco esta um pouco elevado para o local"
"Positive", "teem que experimentar muito bom eu comi sapas de cacao muito bem confeccionado e em quantidade mais que suficiente daria para duas pessoas mas eu como muito fantastico parabens"
"Positive", "nao foi das melhores visitas que tive a este restaurante em tempos era impecavel mas foi muito triste perdeu muito a sua qualidade"
"Positive", "era dos melhores restaurantes de beja na ultima vez que la fui foi sofrivel o tempo de espera a qualidade da comida a nao repetir"
"Positive", "a verdade e que a comida ate estava bem confecionada mas o servico e pessimo e preciso ser dinamico com os clientes para fazer com que regressem"
"Positive", "muito ma pessimo atendimento e uma ementa muito fraca empregados lentos e nada simpaticos nao recomendo"
"Positive", "recomendo doses generosas comida muito bem confessionada preco acessivel podia ter mais pratos tipicos alentejanos neste dia tipico so o gaspacho"
"Positive", "boa relacao preco qualidade restaurante simples para quem pretende boa comida sem grandes preciosismos empregados bastante simpaticos"
"Positive", "estavamos de visita a beja e queriamos experimentar a gastronomia local tentamos outro restaurante mas estava lotado achamos que a carta deixava muito a desejar pedimos lombinhos de porco preto mas a carne apesar de saborosa estava muito seca e o arroz insosso mas o tipico bom e barato como o portugues gosta doses bem servidas pedimos secretos uma dose deu para pessoas bom atendimento e volto de certeza quando visitar beja novamente"
"Positive", "infelizmente depois de mudar a gerencia aquilo que era um dos melhores restaurantes de beja tornou se no pior"
"Positive", "demorou h a servir bitoque para as criancas bife da vazia para um dos adultos chocos com tinta para o outro a carne dos bitoques seca e dura bife da vazia apesar do pedido de medio veio seca e durissima e com um final a eramos pessoas e o pedido era de pratos meias de cozido meias de lulas e omelete as lulas nunca apareceram na mesa digo ainda vimos as lulas voar para outra mesa e passados minutos fomos informados que ja nao excelente sem palavras indescritivel servico de excelencia com doses muito bem servidas e comida tradicional de excelente qualidade e sabor"
"Positive", "boa comida as doses sao bem aviadas tem avondo que significa bastante o espaco nao e muito amplo dai telefonar antes"
"Positive", "espaco tipicamente regional bastante aconchegante o funcionario que serviu o luis e bastante sui generis distraido mas divertido fomos na carne de porco preto grelhada e estava deliciosa acompanhada por um arroz do melhor que ja comi em restaurantes ainda tivemos direito a um miminho restaurante com decoracao tipica bastante aconchegante com pratos fartos e deliciosos simples e eficiente"
"Positive", "se estiver com disposicao para esperar restaurante sempre com muita gente entao pode ter uma refeicao com pratos de confeccao e sabor caseiro preco muito equilibrado"
"Positive", "tem um ambiente agradavel simples e simpatico preco justo e sobremesas tipicas alentejanas delicioso pao de rala"
"Positive", "restaurante honesto boa comida os pratos do dia usualmente acabam a hora de almoco boa carne e peixe para grelhar bom preco e quantidade ementa algo limitada mas faz parte do sitio um excelente queijo seco e boa imperial sempre que vamos a beja passamos qualidade preco excelente atendimento muito personalizado com muita atencao pelos proprietarios comida excelente e preco uma agradavel surpresa"
"Positive", "restaurante modesto com ambiente castico de comida regional alentejana e servico competente e muito simpatico lamentavelmente sendo um restaurante de comida tipica alentejana so tinha carnes para grelhar nao havendo pratos com outros tipos de confeccao tao tipicos do alentejo"
"Positive", "espaco simples como o nome diz casa de pasto comida bem confeccionada com cheiro a casa precos bastantes atraentes"
"Positive", "a carta e confusa tem mais pratos escrito ingles do que em portugues a carta de vinhos so tem ou dos ou disponiveis o que e uma surpresa na conta esperamos min por um caldo de sopa para a bebe este e daqueles sitios que serve bem e tem uma boa relacao preco qualidade bastante variedade de comida portuguesa fomos bem atendidos quer no que respeita a simpatia quer no que concerne a rapidez e aconselhamento este e daqueles sitios que estava cheio de clientes restaurante pequeno no centro de beja comida caseira a precos muito acessiveis jantamos mista de porco preto e entremeada grelhada estava muito bom e bem servido os funcionarios sao atenciosos mas pouco simpaticos de sobremesa experimentamos uma mousse de chocolate caseira deliciosa e um bolo mais uma vez estivemos em beja e jantamos aqui varias vezes a comida mantem se muito muito boa o servico igualmente muito bom simpatia a rodos os precos sao do outro mundo recomendamos e de certeza voltaremos quando por ali andarmos"
"Positive", "chegamos ao restaurante e empregados olharam para nos e nem houve feed back de nenhum tive de perguntar x ao mesmo empregado se teria mesa para ao que resposta muito rude que ele teria de ver se sim ou nao limpeza precaria espaco muito simples com servico rapido e boa comida umas optimas espetadas de lulas e camarao e uma picanha tambem muito boa optimos precos e bem localizado"
"Positive", "bom servico atendimento rapido e denotando disponibilidade ambiente calmo familiar comida mediterranica e sobretudo a regional bem cozinhada preco acessivel para muitas bolsas"
"Positive", "casa simples e simpatica o luxo vem no prato excelentes as presas de porco iberico vinho da casa muito bom um belo presunto de entrada sobremesas alentejanas e um excelente preco"
"Positive", "casa num local central de beja nao muito espacosa mas com qualidade na comida e no servico servico rapido e competente boa comida alentejana"
"Positive", "comida excelente bom ambiente e muita simpatia e bons precos comida com qualidade e bem servida aconselho vivamente"
"Positive", "tem avondo"
"Positive", "tipica alentejana sempre com aquele pormenor que so se encontra no alentejo recomendo ainda por cima e barato fica junto ao tribunal"
"Positive", "nao estava nos nossos planos mas foi nos recomendado por um simpatico casal residente em beja restaurante bem localisado gerido por socios trabalhadores franciso e adelino irmaos e matos sobrinho dos qual deles mais simpatico sala nao servico muito pouco simpatico apesar de eficaz a simpatia nao e o apanagio da casa a comida e simples mas bem confecionada aposte nos grelhados de porco preto"
"Positive", "as migas estavam muito boas ja o peixe espada vinha acompanhado de umas batatas duvidosas atendimento a despachar visto o restaurante estar cheio estacionamento a porta pago parquimetro dou quatro estrelas para fazer a vontade a minha mulher queria dar"
"Positive", "restaurante localizado perto do centro de beja simples e acolhedor como uma casa de pasto deve ser oferece pratos com uma boa relacao qualidade preco"
"Positive", "casa pacata e acolhedora comida bem confeccionado muita opcao de escolha simpatia ideal para refeicoes do dia a dia nada a apontar"
"Positive", "bem localizado no centro de beja oferece comida regional com qualidade os precos sao muito bons para a qualidade oferecida"
"Positive", "e uma casa de pasto muito simpatica com uma clientela sobretudo de locais quem gosta de comida alentejana e em conta este e o local a mista de porco preto e saborosa tirando as batatas fritas muito queimadas as migas alentejanas tambem sao outro icone com um nome bem original pois parte de um regionalismo alentejano tem avondo que quer dizer basta recomendo vivamente porque alem da optima localizacao e um espaco bem agradavel a vista e ao paladar a comida e tipica e bem servida e o bom sem exageros nenhuns e bom demais imperdivel se passar por beja servico familiar pratos tipicos sao uma delicia foi um prazer"
"Positive", "comida tipica regional com bom atendimento comida de grande qualidade numa ementa pouco variavel mas equilibrada recomendavel sala pequena para a quantidade de pessoas que procuram especialmente ao almoco precos muito em conta nao desaponta"
"Positive", "recomendado por muitos amigos bejenses tive a oportunidade de confirmar tanto a simpatia do servico como as boas comidinhas caseiras e sobremesa tradicional o restaurante e pequeno mas acolhedor o presunto servido de entrada e muito saboroso mas recomendo os secretos ou outra carne de e um restaurante com ambiente familiar com boa comida oferta variada tanto de peixe como de carne a relacao qualidade preco e das melhores na cidade de beja esta bem localizado mesmo no centro da cidade"
"Positive", "comida tradicional com boas entradas e doces infelizmente nao sei se tive azar o porco sabia a peixe provavelmente grelhado no mesmo grelhado de resto estava tudo bom"
"Positive", "comida bem servida bastante boa tudo a um bom preco vale a pena ir o pessoal e muito simpatico adoramos o almoco com qualidade e sabor fantasticos e com precos comedidos sobremesas feitas em casa"
"Positive", "e com um atendimento extremamente simpatico a atencioso uma visita a repetir"
"Positive", "comida caseira muito bem confecionada com otimus ingredientes e um atendimento simpatico muito provavelmente um dos melhores em beja recomendo"
"Positive", "e a segunda vez que vou a este restaurante e de certeza que sempre que passe por beja volto la e um restaurante super simples sem luxo mas com comida deliciosa uma dose da para dois os precos sao espectaculares e de certeza que nao esta casa de nome hermetico"
"Positive", "tendo encontrado inclusivamente pratos populares que nao sao vulgares em restaurantes recomendaveis umas notaveis ervilhas estufadas com ovos e carne de porco doses restaurante tipico com boa comida e simpatia para uma refeicao tranquila e com precos acessiveis jantar de trabalho em grupo em que provamos varios pratos de carne todos bem servidos e com qualidade vinho da casa e boas sobremesas com destaque para a picanha e de passagem almocei num domingo neste restaurante min de espera mas valeu a pena sem grandes invencoes serve comida tipica mas com qualidade estrelas"
"Positive", "e como ir almocar a casa da mae comida boa farta e variada a um preco bastante acessivel o unico problema e o espaco reduzido"
"Positive", "como o nome indica tem avondo no alentejo significa ja chega por isso mesmo as doses sao mt boas e a comida de qualidade valor medio"
"Positive", "comida a grande e a alentejano bom servico excelente comida tipica alentejana muito recomendavel para quem gosta de boa carne o preco e acessivel"
"Positive", "comida divinal optimo para quem gosta de comida tradicional ementa tradicional com pratos de carne e de peixe o espaco e ligeiramente pequeno demais muito rustico peca um pouco pela demora no atendimento durante o fimdesemana visitei o restaurante ou vezes pela afamada qualidade no entanto acabei por desistir pois nada me convence que se trata apenas de fama servico demonstra pouca empatia com os clientes de todas as vezes denotei o mesmo a qualidade da comida poderia justificar comida normal mas servico lento e nada simpatico precos sao normais nada de especial neste restaurante boa carne de vaca"
"Positive", "durante uma estadia em beja almocamos e jantamos varias vezes comida muito mas mesmo muito boa servico excelente maximo de simpatia de todos os precos sao de pasmar muito em conta quando voltarmos a beja la iremos a nao perder"
"Positive", "sitio acolhedor atendimento muito bom e atencioso e comida optima tipico portugues um dos sitios com melhores omeletes do mundo os restantes pratos sao todos bons"
"Positive", "o estilo tipico e castico atraiu me mas nao me impressionou minimamente a decoracao e um pouco banal e o servico e muito lento mesmo com o restaurante vazio a comida e simples e nao ha variedade na ementa"
"Positive", "espaco agradavel e limpo pessoas simpaticas dentro do normal comida saborosa e bem servida o preco e acessivel e variante consoante o escolhido pois existe muita variedade"
"Positive", "sala muito acanhada e pouco arejada na regiao da boa azeitona e bom borrego tive o azar de ser contemplado com dois pessimos exemplares azeitonas raquiticas e picadas borrego estufado com pedacos cheios de gordura que lhe confere aquele paladar e odor desagradavel que se fui la jantar comi mista de carne de porco estava bom o ambiente podia ser melhor as mesas sao muito em cima umas das outras enfim comida bem confeccionada ideal para almoco jantar rapido com boa comida alentejana preco justo bom ambiente"
"Positive", "como casa tipica alentejana oferece pouco variedades de escolha o sistema de senha parece pouco pratico num restaurante o vinho de jarro e francamente mau tem tudo para fazer mais e melhor"
"Positive", "domingo a noite uma das poucas casas abertas cheia com pessoas a espera bacalhau com broa bom grelos razoaveis cabidela de frango fraquita aguada a pedir muito mais apuro servico atencioso sem deslumbrar vinho da casa bom nao deixa memoria"
"Positive", "boa comida alentejana bom servico e muita simpatia boa localizacao preco em conta aconselho a todos"
"Positive", "restaurante com empregados dinamicos come se bem rapido e nao e caro localizado mesmo no centro de beja em frente ao tribunal o espaco e pequeno tem poucas mesas enche depressa e torna se barulhento devido aos clientes e as televisoes"
"Positive", "almocei neste restaurante tem um ambiente mais tradicional mas o facto de que uma dose da para duas pessoas ficarem completamente cheias e muito bom comemos secretos de porco preto e estavam muito bons a mousse de chocolate era especialmente boa"
"Positive", "restaurante basico de comida com sabores alentejanos mas sem pratos tipicos a cozinha e caseira mas nao deslumbra boas sobremesas carta de vinhos da dimensao da casa curta o preco e muito bom"
"Positive", "simpatia comida caseira deliciosa as sobremesas caseiras de excelencia aconselhamos a paragem obrigatoria adoro a comida tipica daqui o ambiente tradicional e as sobremesas tipicas sao bons motivos pr visitar esta casa de pasto no centro de beja recomendo"
"Positive", "comida caseira com muito boa relacao qualidade preco para pessoas entradas prato e sobremesa o aspeto do restaurante e o unico ponto fraco mas nada que me tire a vontade de la voltar os chocos estavam divinais"
"Positive", "espaco pequeno mas acolhedor boa organizacao e dois empregados de mesa com muita experiencia o preco qualidade e adequado a esta casa doses grandes e caseira"
"Positive", "boa comida e bom atendimento comemos um prato a base de porco preto que vale a pena experimentar um prato inteiro da tranquilamente para pessoas vale a pena conhecer"
"Positive", "espaco pequeno mas com pratos de grande qualidade e quantidade uma boa relacao preco qualidade recomendo vivamente"
"Positive", "boa relacao qualidade preco restaurante simples e atendimento simpatico boa comida carta de vinhos bastante razoavel"
"Positive", "fica muito perto da pousada de beja o espaco e pequeno mas a comida e boa as meias doses sao suficientes sugiro pratos de porco preto apesar da dose de novilho tambem estar optima bolo de requeijao com amendoas a nao perder precos agradaveis recomendo"
"Positive", "comida honesta e autentica confeccionada por gente honesta e autentica pratos tipicos da regiao recomenda se"
"Positive", "fomos ao tem avondo por indicacao da recepcionista do hotel foi uma otima dica pois a comida e caseira e servem pratos tipicos da regiao jantamos migas a moda alentejana que estava deliciosa mesmo com aspecto gorduroso a comida nao pesou no estomago boa relacao bastante acolhedor boa comida caseira e um servico rapido com uma optima relacao qualidade preco aconselhavel a quem esta no centro de beja"
"Positive", "comida caseira preco em conta boa localizacao mesmo no centro com estacionamento perto espaco pequeno nas acolhedor"
"Positive", "boa comida alentejana pessoal simpatico bons precos doses super bem servidas e bom vinho da casa o meu prato preferido secretos de porco preto sao uma delicia situado no jardim do tribunal com estacionamento facil o local a nao perder"
"Positive", "estavamos a procura de um restaurante despretensioso onde pudessemos desfrutar de cozinha tradicional genuina portuguesa e selecionamos isso atraves do google maps olga e sua equipe nos ajudaram a interpretar o menu mas acabamos simplesmente pedindo lhes para nos trazer refeicoes que representavam a culinaria local minha esposa teve bacalhau preparado com espinafre em uma torta de batata creme eu tinha varios cortes de carne de porco grelhada ambas as refeicoes foram excelentes e exactamente o tipo de coisa que estavamos procurando tivemos nos deparamos com uma excelente escolha comida bonita com precos muito razoaveis excelente servico de pessoas adoraveis visitantes da nova zelandia"
"Positive", "muito aconchegante e o servico e muito bom e simpatico comida sao muito deliciosos e voce recebe mais do que voce paga os proprietarios sao muito gentis e muito educada"
