Sentiment, Review
"Positive", "boa relacao precos qualidade staff simpatico atento ao cumprimentos dos normas de protecao no contexto covid"
"Positive", "adorei o local as opcoes sao interessantes provei um dos pratos do dia e sai extremamente satisfeito o antedimento e excepcional o que mais me agradou foi a simplicidade e simpatia das pessoas perfeito"
"Positive", "moderno limpo rapido atendimento central comida boa e com bom preco de sobremesa os crepes com gelado sao divinas"
"Positive", "funcionarios muito educados simpaticos sugeriram como sobremesa um doce muito bom com um misto de frio e quente muito saboroso a repetir"
"Positive", "quando chegamos o restaurante estava encerrado para descanso do pessoal no entanto o dono ioan abriu o restaurante para nos as bifinhos com cogumelos e feijoada de chocos foi o que pedimos para almocar estava espectacular recomendo a todos bom e barato muito obrigado"
"Positive", "excelente restaurante pratos apetitosos staff muito simpatico ambiente renovado e muito acolhedor excelente relacao qualidade preco"
"Positive", "o pessoal e muito simpatico o ambiente e acolhedor e calmo a comida e boa encontra se bem localizado"
"Positive", "boa comida bom ambiente bom atendimento dos melhores restaurantes de beja para fazer jantares de grupo"
"Positive", "e muito bom tem precos em conta e a comida e top fui num jantar de anos fomos tratados recomendo vivamente"
"Positive", "muito bom a comida o ambiente e o atendimento sao otimos ambiente simples e aconchegante vinhos bons"
"Positive", "nos comemos aqui para o almoco tivemos o salmao e ficamos muito impressionados nos somos do noroeste dos eua incluindo o alasca e tivemos muito salmao isso foi preparado com muita simplicidade e muito saboroso tanto que voltamos para jantar no dia seguinte o casal que era dono do restaurante era muito bom eles imigraram da romenia e nos gostamos de conhece los os precos sao muito razoaveis tivemos dois jantares de salmao sopa salada litro de vinho e chegou a apenas euros apos quatro dias em beja este e definitivamente o nosso restaurante favorito"
"Positive", "o servico pode ser lento e severo na verdade a primeira vez que tentamos ir fomos ignorados e deixados mas a comida e boa e com precos razoaveis"
"Positive", "comida deliciosa saborosa e em boa quantidade me deu uma sensacao de comida da mae pratos bem apresentados a equipe atenciosa e bom preco"
"Positive", "depois de um passeio curto por esta cidade doce nos descemos para ter alguma lanchonete fomos recebidos por um anfitriao muito dedicado e simpatico ele nos deu muitas dicas sobre comida e vinhos nos nos sentimos muito confortaveis e amor para voltar"
"Positive", "restaurante restaurante restaurante restaurante restaurante restaurante restaurante simp simp simp simp motivo motivo motivo motivo motivo motivo motivo motivo motivo motivo experimente este lugar com pessoas graciosas como cozinheiro caseiro excelente comida portuguesa e precos fantasticos estrelas em servico preco e valor"
"Positive", "este pequeno restaurante serve tanto para casais como para grupos de amigos ambas as nossas visitas foram excelentes a primeira foi uma refeicao italiana a segunda foi cafe brandy e sorvete o servico e simpatia nao poderia ser superado um casal maravilhoso a localizacao e literalmente oposta a pousada beja"
"Positive", "e um pequeno restaurante de comida italiana o proprietario e muito simpatico usando seu telefone celular com os aplicativos de traducao on line do google para se comunicar conosco eu pedir macarrao de cogumelos e bacon gosto e excelente e muito melhor do que muitos outros restaurantes italianos nas grandes cidades os outros pratos como peixes grelhados tambem sao bons preco de comida e muito razoavel um lugar agradavel e amigavel para desfrutar da sua refeicao"
