Sentiment, Review
"Positive", "belo estabelecimento visitei com tres amigos e o dono foi impecavel desde o servico a recomendacao do vinho vidigueira trincadeira local a repetir certamente"
"Positive", "restaurante tipicamente alentejano excelente experiencia do inicio ao fim com umas belas entradas uma excelente recomendacao do vinho e umas maravilhosas migas com presa iberica terminamos com um tarte e um pudim de requeijao que estavam divinais a repetir"
"Positive", "ambiente tipico e acolhedor refeicoes tipicas alentejanas muito bem confeccionadas e saborosas doses generosas o servico foi atencioso no entanto reparei que um colaborador talvez o dono foi muito indelicado para uma senhora que entrou a perguntar por uma mesa o que nos deixou um pouco desconfortaveis so por este motivo nao dou avaliacao maxima de resto nada a apontar"
"Positive", "restaurante recomendado por um amigo quando cheguei fui perguntar se havia mesa para pessoas foi me respondido de uma forma de muito ma educacao que nao havia e ja nao serviam mais refeicoes eram h m perguntei entao onde se poderia comer ali perto e foi me respondido novamente com muita ma educacao e arrogancia nao sei lamentavel nao provei a comida mas tb ja risque da minha lista"
"Positive", "pela forma como fui tratado pelo dono do estabelecimento pessoa mal educada e estupida que inclusivamente me desafiou a chamar a policia quando lhe pedi o livro de reclamacoes depois da sua attitude intragavel considero que o estabelecimento deve ser encerrado pelas autoridades competentes por os proprietarios nao terem o minimo das qualidades requeridas em termos de relacoes sociais para quem tem casa aberta"
"Positive", "bochechas e grelhada de porco preto maravilhosas melhores migas do alentejo ambiente e decoracao muito tipica"
"Positive", "comemos todos muito bem a presa de porco preto com migas estava excelente ate o bitoque de porco estava bom a sobremesa estava divinal encharcada pudim de ovos com vinho do porto e pudim de queijo a simpatia do sr que nos serviu tambem e de realcar vou voltar de certeza recomendo vivamente mas facam reserva pois esta sempre cheio"
"Positive", "a revisitar quando voltar a beja espaco tradicional tipico e de comida caseira muito simpaticos no atendimento adorei o almoco pedi bife grelhado e perguntei como acompanhava o senhor referiu que era com batatas frita disse que tambem nao tinha arroz perguntei se podia fazer batata cozida para meu espanto disse que nao devia dar muito trabalho como com uma salada que tive que pagar a parte enfim servico pessimo"
"Positive", "em tempos de covid os pratos sao excelentes pedimos para quatro pessoas e fomos muito bem servidas ficamos a conhecer a historia da taberna a pipa tem todas as condicoes para uma refeicao segura nos tempos que correm"
"Positive", "o gaspacho e os carapaus nao tinham qualidade fui acabar de almocar a casa nao passam fatura a conta e processada num papel a lapis ou esferografica"
"Positive", "das melhores experiencias gastronomicas que se podem ter no alentejo desde as migas de espargos com carne de porco frita a presa grelhada acompanhado de um bom tinto alentejano nao se leva melhor sabor destas paragens"
"Positive", "recomendo restaurante muito simpatico e acolhedor tipicamente alentejano destaco a simpatia dos empregados a comida e excelente o ponto fraco e o estacionamento mas com sorte a m na praca da igreja da misericordia pode ser que se safe"
"Positive", "comida tipica muito bem confeccionada vitela com batata doce estava excelente vinho tinto da casa e da zona e e obrigatorio sobremesa tipica caseira excelente relacao qualidade preco recomendo vivamente o restaurante mas devem de ir com tempo sem pressa"
"Positive", "sou de beja e nunca me tinha acontecido ser tao mal recebida num restaurante como fui aqui cheguei ao restaurante pipa que estava com a porta aberta eram perguntei se podiamos jantar as mesas estavam postas no entanto o proprietario com um ar arrogante vivemos uma situacao de pandemia os clientes so podem entrar no restaurante quando este oferecer condicoes se o proprietario nao o permitiu foi porque nao estavam reunidas as condicoes quem esta de fora por vezes tem dificuldade em entender lamento"
"Positive", "comeco por anunciar que nunca fiz uma avaliacao deste tipo neste site mas nao podia deixar de alertar chegamos as h e perguntamos se nos podiamos sentar havia mesa vaga o senhor extremamente mal educado e sem nunca nos dirigir a palavra foi buscar comida tradicional alentejana ao mais alto nivel de salientar a carne de alguidar com migas de espargos e a sopa de cacao que e maravilhosa a decoracao e magnifica com elementos da cultura alentejana simpatia dos funcionarios deve ser um restaurante a visitar embora necessite passaram mais de anos desde a minha ultima refeicao nesta casa estava curioso e tinha algumas expectativas num regresso de ferias resolvi fazer uma visita consegui uma mesa a ultima junto a porta pressa nao rima com alentejo sugerido pelo sr maldonado comemos migas impossivel vir a beja e nao passar pelo pipa a melhor comida tipica alentejana confessionada no momento dificil escolher numa gama variada de pratos e sobremesas dos deuses atendimento de excelencia local acolhedor e preco acessivel"
"Positive", "a comida e muito boa os alimentos sao de boa qualidade o atendimento e de uma simpatia extrema adoramos tudo o espaco e tipico alentejano voltaremos seguramente e recomendo a visitarem"
"Positive", "pois a mais de uma hora de encerrar recusaram se a servir um casal apesar de haver mesa vaga alegando que a esposa cozinheira ja estava cansada vim de proposito a este restaurante para o conhecer este restaurante surgiu ha pouco tempo num programa de tv o tipo do atendimento e um autentico trambolho provavelmente a reportagem televisiva recente aumentou o grau de estupidez do homem por muito que a comida seja boa nao irao contar comigo nunca mais avaliando a rececao que tivemos onde a sobranceria do homem que me a comida e boa e a dose e bem servida gostei da decoracao antiga e da simpatia dos donos ah as azeitonas sao deliciosas"
"Positive", "os pratos estavam bons mas nao eram tao bem servidos e de acompanhamento e apenas batata frita atendimento foi um bocado rude e mal educado mas nada de surpreendente ou que nos faca repetir ha outras melhores opcoes"
"Positive", "estes senhores so comeram batata frita porque quiseram foi lhe sugerido um prato bastante alentejano tinham para acompanhamento migas de espargos salada mista salada tomate com orgao etc etc nao mostraram interesse em provar os nossos sabores foram lhe deixadas as entradas nao comeram e nao espaco agradavel as mesas proximo da porta de acesso na epoca fria tornan se desconfortaveis atendimento simpatico do dono do espaco menu tipicamente alentejano servico em qualidade e tempo dentro dos padroes para o volume de clientes os netos ficaram maravilhados com umas feveras grelhadas e muito obrigado pelo reconhecimento"
"Positive", "comida saborosa e espaco acolhedor recomendo os todos os visitantes e moradores de beja dono muito simpatico"
"Positive", "se procura pratos tradicionais com doses generosas e um bom vinho alentejano deve entrar e pedir decoracao tradicional com apontamento do alentejo"
"Positive", "comida boa servico atencioso espaco agradavel para jantar com amigos ou familia boa relacao qualidade preco atendimento"
"Positive", "e de facto uma perola perdida mas com reconhecimento local e nao so bastante economico doses generosas sabores caseiros a sala e belissima a repetir"
"Positive", "a comida tem qualidade atendimento e excelente e o preco e acessivel para repetir restaurante tipico alentejano top"
"Positive", "excelente local para uma refeicao tipica alentejana com pratos muito bem confecionados e precos muito acessiveis"
"Positive", "eu gosto muito da comida aqui quando vou tenho a certeza que vou comer bem quanto ao servico o senhor como esta sozinho a servir tem pouco tempo para se dedicar a cada mesa o que e uma pena"
"Positive", "sabores inconfundiveis comida em quantidade e qualidade nao esquecer as migas de espargos sobremesas tipicas otimas e atendimento puramente alentejano singelo e amistoso"
"Positive", "atendimento excecional e comida tradicional portuguesa fantastica a chef saudade campeao respeita a tradicao levando a mesa pratos que definem a essencia da nossa gastronomia muito bem servido em quantidade e qualidade"
"Positive", "felizmente fomos ao restaurante sem ver os estes ultimos comentarios quem nos aconselhou indicou nos as migas de espargos e tivemos sorte era mesmo o dia das migas fomos os as clientes da noite e iamos com pressa no entanto demorou mais do que planeado mas muito obrigada pela sua avaliacao ha anos que trabalhamos na base da confianca tentando fazer cada dia melhor parabens voce foi dos muitos clientes que conseguiu perceber obrigada"
"Positive", "vale a pena a visita pela qualidade da cozinha e pela decoracao apesar do atendimento um pouco resmungao em relacao ao resmungao depois vai se a ver e nada"
"Positive", "a comida e muito boa no entanto o servico poderia deveria melhorar pois nao e nada profissional as doses na minha opiniao sao pequenas para o preco que se paga"
"Positive", "as taberna tipica do alentejo sempre tiveram um servico mais simples ao estilo do alentejo percebo que nao agrade a determinadas pessoas em relacao as doses e so a sua opiniao e esta no seu direito ha anos que ouvimos precisamente o contrario ficamos muito de destacar so os pratos servidos empregado com pouca formacao para as funcoes que lhe estao atribuidas multibanco seria uma optima mais valia dificilmente repetirei"
"Positive", "o empregado que na realidade e o proprietario agradece a partilha"
"Positive", "a comida e razoavelmente boa mas o atendimento quer da cozinheira quer do empregado de mesa deixa muito a desejar eu marquei mesa para a minha familia que veio de fora no proprio dia que se acabaram por atrasar eu liguei a avisar porque infelizmente desde o primeiro contacto que a mariana se mostrou problematica no dia do jantar ligou minutos depois da hora marcada a avisar que estavam muito atrasados e o numero de pessoas tinha reduzido falava da uma forma arrugante e com uma certa superioridade desvalorizando simplesmente horrivel atendimento pessimo senti me ate com vergonha da minha amiga pois foi a convida la"
"Positive", "me disseram que era um dos melhores restaurantes de beja e realmente me agradou bastante um lugar acolhedor familiar com varios objetos tipicos da regiao logo se mostrando que nao precisa de tanto requinte para se sentir em casa fui principalmente para provar as migas a taberna a pip agradece a visita e o reconhecimento"
"Positive", "servico com pouca qualidade muito tempo de espera e ainda por cima pouco ou nada simpaticos parecem que nos estavam a fazer um favor e de lamentar"
"Positive", "por vezes em momentos de maior movimento nem sempre e possivel prestar o servico tao rapidamente agradecemos a compreensao"
"Positive", "se esta e a hospitalidade alentejana vou ali e venho ja chegados as h com criancas para almocar hora de fecho anunciada h varias mesas disponiveis minutos a espera e perguntas depois para dizerem que ja nao nos servem surreal"
"Positive", "por vezes em momentos de maior movimento nem sempre e possivel atender todos os clientes agradecemos a compreensao"
"Positive", "espaco acolhedor inteiramente tipico refeicao excepcional e a bom preco apenas achei as doses pequenas"
"Positive", "excelente restaurante tipico da zona sugiro as migas com espargos e carne frita o borrego tambem e muito bom para sobremesa nao deixe de experimentar a encharcada e o cheesecake"
"Positive", "um restaurante muito interessante mas a comida e divinal o porco preto e as migas sao fantasticos o espaco e bastante interessante e fomos nos sentimos em casa muito obrigado pela experiencia"
"Positive", "segunda vez que aqui comemos a primeira ao almoco e desta vez ao jantar gostamos na primeira e confirmou se na segunda carne de qualidade a precos convidativos ambiente acolhedor e o atendimento fez nos sentir como se tivessemos em casa de amigos seguramente para a proposito de um almoco de grupo de amigos comida saborosa em quantidades generosas o dono sempre atencioso a ver se precisavamos de alguma coisa e um espaco tipicamente alentejano preco em conta"
"Positive", "esperei a porta cerca minutos e como o senhor que andava a servir nao se dirigiu a mim eu fui ter com ele informei o numero de pessoas para almoco adultos e criancas e simplesmente ignorou me vi que havia mesa livre com por vezes em momentos de maior movimento torna se complicado atender todos os clientes na taberna a pipa temos o prazer de atender qualquer cliente independentemente da sua nacionalidade agradecemos a sua compreensao"
"Positive", "achei a taberna da pipa muito gostosa os donos sao muito simpaticos e e um restaurante bem caseiro e familiar porem delicioso e com otimo preco"
"Positive", "vivo em beja e este e um dos restaurantes que frequento e recomendo excelente comida de qualidade bem confeccionada num ambiente de taberna alentejana recomendo e amigos meus de lisboa quando passam por beja vao la comer"
"Positive", "excelentes em todos os aspectos e convido a todos para experimentarem os maravilhosos gostos da comida obrigado"
"Positive", "boas migas bom gaspacho uma boa escolha para vir saciar a fome com uma boa comida alentejana venham com a familia amigos ou clientes que o espaco e muito agradavel e acolhedor"
"Positive", "comida bem confecionada e da regiao do alentejo atendimento simpatico e familiar unico senao e nao ter pagamento com cartoes de credito ou multi banco"
"Positive", "pouca variedade mas bem confeccionado pena as migas terem um forte sabor a alho simpatia do dono as sobremesas eram de qualidade e os precos acessiveis para o tipo de restaurante talvez um empregado para ajudar o dono nao fosse ma ideia porque era muita muito obrigada pela atencao e pelo reconhecimento"
"Positive", "comida banal restaurante alentejano sem migas sem sopa sem grande qualidade so o espaco e agradavel o dono nao e um bom anfitriao"
"Positive", "a taberna a pipa e uma taberna tipica alentejana com um ambiente tradicional e familiar onde pode degustar alguns pratos tipicos da regiao como as famosas migas de espargos com porco preto"
"Positive", "a taberna a pipa e um espaco a imagem de muitos outros na regiao do baixo alentejo remonta atraves da sua decoracao e pratos tipicos ao alentejo tradicional a decoracao esta bem conseguida mas o espaco e algo desconfortavel a simpatia nao e o prato forte a taberna a pipa e uma taberna tipica alentejana com um ambiente simples tradicional e familiar e como se recuassemos no tempo e voltassemos ao alentejo do antigamente os nossos clientes procuram uma comida tipica alentejana cozinhada com amor e dedicacao pela nossa chef com fui la no dia dos namorados mas ja la queria ir a muito pois ja me tinham falado muito bem a comida estava optima e a simpatia dos donos faz a diferenca espero que assim continuem"
"Positive", "muito obrigada pela sua visita e pelo reconhecimento"
"Positive", "em dezembro perto do natal decidimos mais uma vez fazer o nosso almoco de natal no restaurante a pipa e mais uma vez adoramos foi servido polvo a lagareiro divinal e mista de carnes grelhadas tambem super saborosa recomendo"
"Positive", "comida tipicamente alentejana d e excelente confecao servico adequado a tipo de restaurante simples e rustico"
"Positive", "o empregado devia realmente considerar mudar de profissao atendimento a turistas nao e com ele trata mal todos os estrangeiros chamando lhes nomes em portugues como se eles fossem burros e nao entendessem nada e sempre com ma cara obviamente depois de ouvi lo a insultar tantos antipatia extrema recusando se a servir o almoco depois de min a espera para nos indicarem a mesa e com mesas vagas questionamos se nos poderiamos sentar tendo o empregado respondido que estava atrapalhado e que nao nos podia atender sem multibanco mas isso sao mais um jantar de amigos em beja grelhados muito bem confecionados e um servico de atendimento adequado possivelmente o facto de ser jantar de grupo pode ter contribuido para encarecer a refeicao"
"Positive", "o restaurante ja estava para fechar no horario de almoco quando chegamos porem de uma forma muito simpatica o proprietario nos atendeu e pude comer um fantastico prato de migas de tomate que acompanhavam o tradicional porco alentejano dez"
"Positive", "estivemos um grupo de pessoas e correu muito bem o atendimento e muito simpatico e a comida e bastante boa"
"Positive", "vale a pena a visita recomendacao de um local servico com qualidade mesmo os chamados pratos do dia servico muito aceitavel e preco bastante acessivel qualidade dos produtos de porco preto muito bons"
"Positive", "escolhi a pipa para almocar com uma familiar ja idosa por saber que a ela lhe agrada o tipo de cozinha deste restaurante e todo o ambiente bem criado no espaco chegados ao local ninguem se dirigiu a nos e volvidos aqueles min de constrangimento comida normal nenhum prato alentejano na ementa atendimento pessimo nao recomendo parecia que estavamos a fazer um favor"
"Positive", "visitamos duas vezes comida tradicional boa confeccao simpatia das pessoas decoracao regional vale a visita preco medio"
"Positive", "um bom local para saborear a gastronomia regional num espaco tradicional com um decoracao tipica que favorece o convivio a mesa"
"Positive", "nota em todo lado em beja para almocar e jantar devem ir cedo depois de sala cheia nao servem mais rapido sempre o prato do dia a lista vai esperar boas migas com carne de porco preto vinho vidigueira saudade branco"
"Positive", "decoracao muito gira tudo o que e servido e de qualidade peca pela falta de organizacao no servico a mesa imperdoavel nao ter migas nem chourico afinal estamos em pleno alentejo"
"Positive", "comida tipica fantastica bom preco e optimo atendimento vale muito a pena recomenda se porco preto migas e as deliciosas sobremesas"
"Positive", "face ao seu reconhecimento e muito procurado e enche rapidamente para garantir a qualidade por vezes sao recusados clientes mesmo com algumas mesas livres mas o objectivo e servir bem a quem fica solucao ir cedo e usufruir da otima comida a um preco bastante pela segunda vez que tento visitar encontrei sempre cheio mas a consideracao que tem pelo cliente e minima ao perguntar se tinham mesa vaga a unica resposta que optive foi um nao nem um de momento nao ou um nao mas talvez daqui xxx no centro algo complicado de encontrar para quem como nos nao e da zona mas vale a pena a procura espaco pequeno mas confortavel e muito tipico servico atencioso comemos bem e o custo e bastante aceitavel nao me deslumbrou mas gostei"
"Positive", "a decoracao e de uma tipica adega alentejana a comida era razoavel o servico um pouco demorado apenas uma pessoa a servir o restaurante inteiro o ambiente e um pouco abafado e ao entrar sente se um cheiro um pouco estranho deveria ser mais arejado"
"Positive", "uma taberna agradavel a moda do alentejo comida razoavel e pessoas simpaticas localizado na zona historica de beja"
"Positive", "atendimento amigavel espaco apertado quando fica cheio o arroz apetitoso as batatas fritas ficaram um pouco aquem da qualidade do resto da comida boa carne"
"Positive", "nesta taberna tipica come se muito bem e com variedade tem pratos tipicos e bem confeccionados o ambiente e muito acolhedor e muito giro gostei muito do atendimento pois foram todos muito simpaticos"
"Positive", "gostei de tudo comida caseira ambiente acolhedor simpatia no atendimento e preco qualidade fantastico atencao nao tem multibanco leve em cash vale a pena adorei"
"Positive", "o restaurante e bastante tipico e nao e para quem quer comodidade nem luxo a meu ver esteve tudo impecavel desde a comida ate ao atendimento e ao tempo de espera recomendo vivamente e quando voltar a beja sera um restaurante a voltar"
"Positive", "e uma taberna restaurante tradicional muito limpa com uma cozinha exemplar no que toca a cozinha tradicional do baixo alentejo tem as melhores batatas fritas de portugal vale a pena voltar os donos sao pessoas muito simpaticas"
"Positive", "restaurante tipico alentejano desde o ambiente ao cardapio apresentado comida muito saborosa e bem confeccionada de destacar a simpatia do empregado um sitio que recomendo e que voltarei numa proxima ida a beja"
"Positive", "excelente a comida e um espaco muito tipico e regional no inicio o atendimento nao foi muito bem feito mas acabou por se revelar simpatico e agradavel"
"Positive", "boa comida com pratos regionais bem confecionados atendimento simpatico e com sobremesas divinais para finalizar o ambiente e tipico"
"Positive", "restraurante com muitas deficiencias ao nivel da acomodacao do ambiente do servico e do pessoal nomeadamente a falta de empregados a comida nao e ma e ate e bastante barato no entanto trata se de um restaurante sem qualquer conforto e sem limpeza nao recomendo"
"Positive", "os pratos nao sao muito grandes para quem coma muito nao fica saciado o preco e acessivel a visitar na falta de outras opcoes"
"Positive", "boa comida com pratos regionais bem confecionados aliados a simpatia com sobremesas divinais para finalizar ambiente acolhedor e tipico"
"Positive", "ambiente de taberna de amigos mas os pratos nao tem quase carne mas muitas migas precos inflacionados para a quantidade pessoal simpatico"
"Positive", "este e um dos restaurantes que gosto de ir de cada vez que regresso a beja a decoracao o staff e a comida sao muito bons qualquer prato que pecam e excelente e vem muito bem servido sempre a repetir"
"Positive", "um restaurante na media vou la quando o vizinho esta fechado ou nao tenho mesa mas tem boas doses e o preco e bom"
"Positive", "almoco delicioso tipicamente alentejano o pao tipico do alentejo com as azeitonas britadas e um queijo da zona preparam nos o apetite para os pratos principais pedimos as migas de espargos com porco preto que sao de comer e chorar por mais e a acorda de comida bastante boa ligar simpatico decoracao tipicamente alentejana atendimento bom lugar limpo"
"Positive", "bom atendimento e uma sala cheia carnes muito saborosas e em boa quantidade atendimento rapido e eficiente"
"Positive", "atendimento muito genuino espaco e decoracao tipico da regiao onde se insere bom restaurante para comer carne doses adequadas falta por nao ter multibanco"
"Positive", "um almoco muito agradavel bem servido e com boa comida doses nao sao muito grandes mas sao muito saborosas a carne estava muito bem feita migas de tomate excelentes a regressar"
"Positive", "no que diz respeito a genuina tradicao dos comeres alentejanos este restaurante e um dos melhores de portugal"
"Positive", "desde sempre frequento este simpatico e acolhedor restaurante a qualidade sempre se manteve e mantem a simpatia igualmente e os cozinhados sao de chorar por mais as sobremesas divinas"
"Positive", "simplesmente adoro desde a decoracao a comida caseira e bem servida o preco e fantastico e um bom local para se ter uma refeicao maravilhosa e descontrair recomendo"
"Positive", "sou fa da pipa a comida e muito boa e suculenta fita na hora e muito bem servida os donos do restaurante sao muito simpaticos o espaco e acolhedor"
"Positive", "dificil de la chegar devido a nao haver estacionamento perto nao ha informacao a nivel de tabuletas para nos orientarmos a la chegar o espaco nao e grande ficando rapidamente esgotado em compensacao as pessoas muito simpaticas a comida e muito boa pratos tradicionais foi espaco agradavel e simples preco qualidade bom atendimento simpatico a comida bem confeccionada recomendo"
"Positive", "ja anteriormente tinha tentado almocar neste restaurante mas desisti por a espera ser incompativel com as criancas pequenas valeu a pena insistir uma maravilha presa de porco com migas de espargos delicioso lombinhos de porco grelhados com batata frita muito bom salada excelente sopa caseira a muito bom ambiente agradavel e comida muito boa aconselho convem marcar antes de ir precos simpaticod"
"Positive", "gostei muito da refeicao refeicoes com muito paladar assim como tambem adorei o espaco aconselha se"
"Positive", "possivelmente o melhor restaurante em beja lugar muito acolhedor comida excelente muito bem confeccionada preco muito justo recomendo o gaspacho a acorda de bacalhau ou qualquer prato que envolva porco preto no final um toucinho do ceu ou ate mesmo uma simples laranja com mel prato do dia bochechas no forno surpreendente no sabor qualidade preco muito aceitavel staff simpatico a repetir um jantar super agradavel entre amigos o staff super simpatico uma refeicao razoavel a muito bom preco convem reservar antes recomendo a grelhada mista"
"Positive", "local simples mas com atendimento muito bom e tambem com comida feita com carinho o que resultou em bons pratos tudo muito adequado"
"Positive", "atendimento simpatico comida saborosa o espaco nao sendo extremamente elaborado na decoracao e bastante aceitavel vinho da casa muito aceitavel nota negativa nao ter multibanco"
"Positive", "atendimento pessimo pouco cuidado na forma de atender os clientes gerente muito arrogante pouca opcao de escolha muito tempo a espera nao recomendo"
"Positive", "restaurante com atendimento pessimo para quem espera por mesa a comida era bem confeccionada embora sem grande escolha por ja estarem esgotados os pratos do dia e nao so cerca da"
"Positive", "restaurante tipico alentejano com uma decoracao bastante engracada servico muito bom preco bastante acessivel a comida e bastante saborosa"
"Positive", "ambiente tipicamente alentejano fomos bem recebidos a comida estava excelente e o sitio e bastante acolhedor muito bom"
"Positive", "estavamos de ferias e foi o primeiro que nos apareceu a comida e boa e saborosa nao veio ninguem ter connosco e demorou um pouco ate vir alguem recolher o pedido so estava uma pessoa a fazer o servico de toda a sala o que optimo local para degustar a verdadeira comida alenteja principalmente os grelhados doses muito bem servidas e preco muito em conta local bastante acolhedor e muito bem decorado o patrao mesmo muito cansado esteve sempre simpatico e disponivel para nos servir da melhor maneira"
"Positive", "ambiente acolhedor e tipicamente alentejano comida fantastica nao usam mb pagamento em numerario"
"Positive", "pode contar com o verdadeiro tipico alentejano na cozinha maos de ouro restaurante simples e acessivel no que toca a preco carne de qualidade e otima confeccao nao vao ficar desiludidos recomendo"
"Positive", "muito bom com precos razoaveis com gente muito simpatica a servir comida verdadeiramente alentejana com muito gosto e original aconselho a irem e desfrutarem do ambiente bastante bem decorado"
"Positive", "casa tipicamente decorada ao nosso alentejo comida muito bem confeccionada e fesca servico espetacular preco justo recomendo e voltarei ate breve"
"Positive", "excelente sempre que vou para beja vou em trabalho e janto sempre aqui atendimento top e comida do melhor desde as entradas as sobremesas nunca sobra nada recomendo presinhas com migas de tomate por exemplo porque la e tudo muito bom mesmo para sobremesa o uma decoracao tipica muitos lugares e nao muito espaco disponivel comida caseira alentejana ao seu melhor nivel tal como a comida e caseira o servico tambem e tao proximo que se o patrao estiver bem disposto corre bem senao e assim assim no entanto nao ha desconheco a qualidade o espaco e agradavel tipico muito engracado contudo quando entrei ninguem me orientou para me sentar isto porque nao entendi a disposicao das mesas pouco depois apos estar alguns segundos em pe a porta sentamos nos os pratos iam passando por nos e com o anfitriao se estiver num dia bom corre tudo bem de outro modo torna se uma experiencia muito pouco agradavel a comida e boa e bem confeccionada quando ainda ha escolha pelos pratos do dia quando acabam a oferta resume se aos grelhados de carne so o atendimento e bom mas por vezes demorado caso esteja cheio a comida e boa mas tem mais variedade ao almoco que ao jantar onde a carta se resume a carne de porco principalmente"
"Positive", "almoco em familia muito bom os pratos escolhidos foram escalopes de porco com migas de poejos e bitoque de porco ambos muito bem servidos"
"Positive", "recomendo os grelhados de porco preto divinais nunca comi carne mais suculenta e saborosa o sr jorge e a sra saudade sao excelentes anfitrioes muito obrigado"
"Positive", "comi ha muitos anos os melhores secretos de porco nesta tasca tentei voltar recentemente as h foi nos dito pela dona com ar muito arrogante que nao serviam mais refeicoes tinham imensa carne no balcao ainda para preparar e muitas mesas vazias pedimos entao por favor fomos das primeiras pessoas a chegar para almocar e demorou imenso tempo para sermos servidos o senhor unico a atender nao tinha muita vontade de atender os clientes e inclusive rejeitou servir refiecoes a inumeros clientes que iam aparecendo para almocar mesmo com mesas vazias boa ementa grande variedade de pratos boas propostas comida saborosa um vinho tinto muito bom aconselho vivamente este restaurante quando voltar a beja de certeza que irei la novamente sem hesitar"
"Positive", "com uma localizacao excelente e um nome muito sugestivo e uma decoracao agradavel bem merecia ter um cardapio dentro do mesmo nivel o que nao acontece nem em qualidade nem em quantidade e sobretudo a pouca diversidade de pratos tipicamente alentejanos a juntar a isto restaurante tipico alentejano com comida a condizer almocei migas com espargos e plumas d porco preto apenas o servico e ligeiramente demorado"
"Positive", "excelente localizacao bem no centro historico de beja a decoracao transporta nos a memorias que mantemos nas nossas mais queridas recordacoes a comida bastante variada e saborosa e excelentemente confeccionada e servida por gente simpatica nao foi a primeira vez onde vou com alguma regularidade e a um outro restaurante muito perto mas estava fechado e um sitio tipico onde o tempo parou e que poderia ser melhor potenciado comemos costeleta de borrego nao falha estavam boas nao havia sopa estranho um menu so com bitoques e grelhados para um restaurante tipico deixa muito a desejar atendimento fraco e sem vontade a nao repetir"
"Positive", "vale pena simpatia nao pela cozinha menu muito reduzido e ao sabado em que devia ser uma noite forte as escolhas sao ainda mais reduzidas o dono e super afavel e que torna a noite agradavel espaco bonito e gente simpatica fazem valer a este restaurante desiludiu me bastante pois apesar de ter feito reserva de mesa no dia anterior quando la cheguei no dia marcado pelas horas ja nao havia nenhum prato do dia disponivel os unicos pratos que haviam disponiveis eram pratos de grelhados bitoques que nao sao restaurante com boa comida com qualidade todo o pessoal e muito simpatico com um otimo atendimento tem uma variedade de pratos muito bons mas sugiro que no verao nao deixem de comer um caspacho com carapaus fritos e o restaurante onde se come o melhor comida tipicamente alentejana e ambiente familiar ao fundo ouve se o nosso antonio zambujo que mais desejar so mesmo as migas para tudo ficar perfeito as migas de espargos sao de ir ao ceu recomendo"
"Positive", "simpatia e boa comida alentejana os secretos com migas sao qualquer coisa de espectacular totalmente recomendavel"
"Positive", "restaurante acolhedor tipicamente alentejano com tudo o que de melhor o alentejo pode oferecer recomendo a presa iberica de porco preto pois e divinal precos modestos e acessiveis"
"Positive", "restaurante agradavel com ambiente familiar simples com refeicoes bem elaboradas o estacionamento nao e facil mas um pouco afastado ja se pode estacionar a pagar mas sem problema os precos bastante acessiveis e friso que o vinho da casa e muito bom o que acompanha local aprazivel de ambiente tipicamente alentejano e comidas a condizer com a regiao onde se integra destaco as sopas de cacao"
"Positive", "uma refeicao tipicamente alentejana a um preco economico qualidade e quantidade excelente e em ambiente tipicamente alentejano"
"Positive", "as carnes grelhadas sao muito boas bem como as entradas e a sobremesa uma sangria excelente num ambiente tradicional rustico excelente para jantares de grupo"
"Positive", "ja tive a oportunidade de ir ao pipa algumas vezes e nunca me desiludiu o pao e as azeitonas sao uma perdicao desta vez pedi grelhados que vinha acompanhado por umas batatas fritas caseiras otimas e uma salada muito fresca e bem temperada ja comi resume se a uma frase a comida e boa mas o servico nao o senhor que atende as mesas julgo que seja apenas ele nao tem a simpatia propria das gentes alentejanas para ele servir a mesa e transportar a comida e a bebida para os na praca da republica em beja encontra uma transversal com o nome de rua da moeda onde encontra a taberna a pipa ambiente familiar simpatico bem cuidado com decoracao tipicamente alentejana o atendimento e personalizadissimo a ementa e vasta e bem recheada de grelhados e queriamos ir a adega de abril que estava fechada ainda nao eram h e havia diversas mesas disponiveis apenas um homem a atender que ao perguntar se nos podiamos sentar mal responder com um encolher de ombros ao fim de m a espera dignou se nao recomendo staff nao sabe receber e nao faz questao de mostrar o que o alentejo tem de bom sou lisboeta e fui muito mal recebido tal como um casal espanhol que chegou ao mesmo tempo comida banal"
"Positive", "originalmente seria para comer na adega tipica de abril mas visto que esta se encontrava fechada e este era o unico nas redondezas optamos por vir comer aqui as bochechas de porco as horas ja estariam esgotadas tendo a empregada nos mandado escolher apesar de termos vindo ao engano porque o objectivo era a adega abril estao de ferias nao estavam nada mas as migas de tomate com lagartos vinho da casa a nao comprometer ja comi bem pior"
"Positive", "e mesmo uma tasca no mau sentido da palavra nao no sentido rustico do termo a dona e bruta no trato a comida e banal comida de restaurante berma de estrada nao ha pratos alentejanos vinho mau problemas de higiene nao ir"
"Positive", "lugar rustico e agradavel staff muito simpatico mas acima de tudo comida muito bem confecionada recomendo vivamente a carne de alguidar com migas e para sobremesa pudim de ovos com vinho de porto e ou pudim de amendoa divinal"
"Positive", "fui a este restaurante recomendado pela recepcao do hotel onde estava mas fiquei muito desiludido pelas h hora a que cheguei para jantar nao existia prato do dia e nem qualquer prato tipico da regiao como umas simples migas tive de me contentar com um depois de duas tentativas anteriores para tentar jantar sem marcacao acabamos por terminar a demanda nesta casa de pasto confesso que a primeira impressao nao foi das melhores porque de alguma forma nao contavamos que fosse o restaurante certo surgir na terceira tentativa o que foi a segunda vez que comi neste restaurante se da primeira foi de se lhe tirar o chapeu da segunda passei a cliente do nunca mais nao sei se era por ir de chinelos mas achei uma exurbitancia a conta"
"Positive", "vale a pena pela comida boa relacao preco qualidade vale a pena mas va com tempo recomendo reservar a casa enche muito rapido e en beja nao ha muitas opcoes so tem cadeira crianca peca tambem para reservar o servico demora e as criancas espaco agradavel e comida de boa qualidade o vinho da casa e muito bom e as presas de porco preto estavam boas o servico foi bastante rapido e atencioso"
"Positive", "situado perto da adega de abril que esta encerrada a segunda feira havia mesas mas quem nos atendeu disse logo que ia demorar sentamo nos e durante minutos ninguem se dirigiu a mesa a mesma coisa se passou com mais talvez pessoas que boa cozinha regional confeccao de boa qualidade e a precos acessiveis restaurante bom para familias viajantes e grupos"
"Positive", "muito rustica comida saborosa ambiente familiar no centro da cidade precos dentro do normal d excelente espaco que me faz lembrar aquelas tascas antigas como ja e muito raro ver excelente para jantares de grupo e beber vinho de garrafao em copos sem pe a moda da taberna"
"Positive", "sempre que vou ao alentejo ou mesmo a outra regiao qualquer gosto de comer o que e tipico felizmente este foi o caso porque parece que os restaurantes se esqueceram das tradicoes onde estao inseridos este restaurante e extraordinario pelo atendimento qualidade da comida uma tipica taberna todo o ambiente e rustico e simples com pouco espaco entre as poucas mesas existentes mas a comida e excelente o tempero e do melhor lembra o tempero da nossa avo muito bom mesmo recomendo"
"Positive", "um empregado muito pouco simpatico embora prestavel uma cozinheira dona prestavel e a tentar agradar um tipo de casa que trata muito bem os seus clientes habituais e que tudo o resto e para despachar para casa tipica nao poderia ter dois grandes televisores ligados e inacreditavel assistir num espaco que goza de tao boa reputacao a falta de educacao do seu empregado ou proprietario nao deu para entender qual o seu papel naquele triste espectaculo para com varios clientes que ao entrarem no restaurante o abordavam delicadamente na perspectiva viemos para almocar o servico e inacreditavelmente mau ja antes de sentarmos ouvimos o empregado discutir com clientes toda a gente do restaurante estava incredula com a forma como o empregado tratava os clientes de resto lento para alem da imaginacao"
"Positive", "restaurante simples num espaco rustico decorado do mesmo modo o que o torna bastante tipico e simpatico pratos tipicos e regionais muito bem confecionados com destaque para os grelhados de porco preto e a picanha e normal haver migas sopa de cacao borrego lebre as espaco simples e rustico comida bem confeccionada e de qualidade boa sopa de cacao excelente relacao qualidade preco"
"Positive", "eramos para jantar pedimos chourica assada de entrada que estava boa queijo fresco muito bom e pao costeletas de borrego e presas de porco preto grelhados tambem estavam bons mas ja nao tinham migas a falta deste classico alentejano foi uma desilusao uma garrafa todas as recomendacoes dadas pelo senhor que atendeu foram bem recebidas e revelaram se boas dicas para o nosso jantar de grupo a acorda de bacalhau estava muito boa confecionada de acordo com a receita alentejana que conheco e a presa era optima os precos foram recomendado por uma amiga la fui almocar gostei da decoracao do espaco embora fosse fria de inverno o servico muito lento a simpatia era nula vinha relativamente bem servido e o preco podia ter sido mais em conta se recomendo nao"
"Positive", "a autenticidade do espaco aliada a excelente comida portuguesa de qualidade sao caracteristicas que tornam este estabelecimento impar em pleno alentejo acresce o atendimento familiar e a oportunidade de critica do melhor e autentico que e a nossa gastronomia regional"
"Positive", "o servico muito lento simpatia do empregado deixa muito a desejar a comida nada demais para o tipico alentejano e muito caro para o que se come experiencia a nao voltar a repetir sem duvida"
"Positive", "a falta de cuidado pela decoracao e pela sala no seu todo confunde se pelo aspecto que poderia de ser chamado de decoracao castica o atendimento e muito lento a simpatia nao e muita e a comida naquele dia em que eu e minha mulher fomos nao e a primeira vez que venho a este restaurante pois e sem duvida um marco na restauracao em beja representa totalmente o melhor e mais tradicional da regiao a simpatia do pessoal e fantastica"
"Positive", "decoracao e menus tradicionais alentejanos empregado simpatico eficaz boas televisoes em ambos os lados sossegado e acolhedor"
"Positive", "fui experimentar este restaurante porque o restaurante da frente a que eu queria ir estava cheio e com fila de espera demorou bastante a servir e a comida nada de mais o espaco esta decorado tipicamente mas nao e acolhedor achei caro pela comida que restaurante simples mas com excelente comida regional e servico eficiente poucas sobremesas mas boas preco amigavel nunca e de mais referir a comida e excelente ao nivel do melhor que ja provamos nesse alentejo da m nhalma"
"Positive", "um restaurante a fazer lembrar as tipicas tabernas e verdade que podia estar um pouco mais cuidado a nivel decorativo mas nao sei se e por desleixo ou propositado todo o ambiente faz nos catapultar para um interior tipico alentejano so tenho bem a dizer da o dono do restaurante nos atendeu muito em sugerindo pratos e foi super simpatico batendo um longo papo conosco adoramos"
"Positive", "estive neste restaurante tipico e adorei comi bochechas de porco no forno com alecrim e adorei fazem migas sopa de cacao borrego sopas de tomate etc tudo regional as sobremesas sao uma verdadeira tentacao mousse de chocolate caseira que foi o que comi e estava restaurante tipico tipo adega pessoal simpatico e comida muito saborosa decoracao rustica um bom local para quem visitar a bela cidade de beja"
"Positive", "cheguei um pouco tarde cerca das ha muito tempo que nao ia a minha cidade levei a minha namorada queriamos alguma coisa para comer entramos uma senhora extremamente simpatica olhou para suponho eu o dono suplicante este falava com uns clientes debrucado sobre a ambiente muito rustico fazendo lembrar um velho celeiro agricola comida saborosa e bem confeccionada desde a sopa de cacao ao pudim de amendoa de sobremesa o servico foi rapido e atencioso o dono e uma figura pitoresca que transforma o local em bastante acolhedor pratos ja repito este restaurante pela a vez e fui sempre bem recebida optima comida ambiente acolhedor muito bom"
"Positive", "espaco simpatico tipico e agradavel comida simples mas bem confeccionada o atendimento feito pelo dono podia ser melhor digamos que e feito a velocidade de beja recomendo"
"Positive", "por vezes a avaliacao negativa dos restaurantes nao e feita tendo em conta a comida ou o local mas sim pela forma como somos atendidos neste campo o dono do restaurante deixa muito a desejar faz um atendimento muito antipatico demorado e perde muito tempo para quem gosta de porco preto recomenda se a carne estava divinal e as migas uma delicia precos bastante em conta o servico e susceptivel a algum esquecimento mas de um modo geral foram simpaticos e prestaveis"
"Positive", "restaurante tipicamente alentejano no centro de beja a comida e divinal principalmente as presas de porco preto as pessoas sao simpaticas os precos acessiveis"
"Positive", "restaurante de qualidade razoavel acima da media de pratos de carne variados com base nos grelhados boa relacao preco qualidade"
"Positive", "boa comida rapido e servico simpatico as sobremesas sao boas situado no centro da cidade a ter em conta quando visitar beja preco adequado"
"Positive", "ambiente e decoracao tipicamente alentejana recomendo vivamente a presa iberica de porco preto o queijo fresco de cabra e optimo assim como a sangria que e feita de forma artesanal o unico senao e o tempo de espera"
"Positive", "sala tipica e recomendo a presa iberica a melhor carne de porco preto que ja comi atendimento simpatico ao bom estilo alentejano"
"Positive", "o atendimento e excelente e as refeicoes sao mesmo espetaculares sao refeicoes confecionadas na hora de servir com carnes da melhor qualidade"
"Positive", "antiga adega com bom ambiente simples comida tradicional excelentes febras de porco preto e outras iguarias da cozinha alentejana excelente na relacao qualidade preco eur para pessoas com entradas prato bebidas e sobremesas"
"Positive", "o restaurante e tipico alentejano eu e a minha esposa comemos dose de presa iberica de porco preto um jarro litro azeitonas e sobremesas por nao e o melhor restaurante tipico que ja experimentei mas pelo preco e bastante razoavel"
"Positive", "acolhimento e atendimento muito bom ambiente agradavel pratos simples mas bem confeccionados precos acessiveis"
"Positive", "restaurante simples com atendimento muito simpatico a decoracao e do alentejo a comida tem qualidade a acorda e realmente muito boa aconselho o vinho da casa e o queijo fresco de entrada e muito bom o preco da refeicao e baixo em funcao da qualidade servida"
"Positive", "restaurante com algumas condicoes e capacidades mas sem as aproveitar menu com pouca variedade embora com precos acessiveis a comida tinha qualidade mas sendo o normal nao se pode estar a espera de surpresas podemos esperar o basico sendo tudo grelhados"
"Positive", "a simpatia dos alentejanos e a gastronomia portuguesa no seu melhor adorei o queijo fresco de cabra a acorda e a presa de porco preto tao bem servidos que nem sobrou espaco para a sobremesa"
"Positive", "excelente restaurante de comida tipica alentejana gostei muito e quando voltar a beja espero voltar a este restaurante boa comida staff simpatico recomendo sem duvida este espaco"
"Positive", "tive la duas vezes e em ambas jantei muito bem costoletas de borrego optimas pudim de mel maravilhoso bom ambiente bom servico aconselho"
"Positive", "espaco tipico alentejano a comida estava boa tipica alentejana doses boas boa relacao preco qualidade recomendo para um almoco"
"Positive", "casa tipia alentejana boa qualidade preco as costeletas de borrego sao maravilhosas excelente local para comer em beja"
"Positive", "restaurante rustico em ambiente familiar gostamos de todas as recomendacoes que o senhor nos fez e embora nos tenhamos esquecido de perguntar acreditamos verdadeiramente que as maravilhosas sobremesas que nos recomendou sao mesmo caseiras adoramos o servico o ambiente a comida e o preco a talvez por culpa da crise as meias doses ja nao sao o que eram e estao mal servidas para o preco pedido cerca de por uma meia dose com duas pecas de carne que pesam pouco mais de gramas sempre aconselhei esta casa mas agora muito bom comida caseira sobremesa pudim de mel mto bom recomendo eramos e comemos lagartos bife vitela sopa pao salada bebemos cervejas e agua pudim de mel cafe cha tudo por eur calhou mm bem"
"Positive", "excelente ambiente acolhedor e simpatia so tenho pena de nao terem mais pratos de peixe pois a carne domina"
"Positive", "o local e simpatico mesas corridas decoracao regional escolhi uns lagartos de porco preto carne cortada em tiras e grelhada acompanhava de batatas fritas caseiras nao congeladas e arroz solto de cenoura tudo razoavel sendo a carne boa o dificil e estragar embora haja quem consiga vi restaurante bem situado perto da praca central e realmente um restaurante tipico em todos os aspetos a decoracao e regional bom ambiente proprietario muito simpatico mas o melhor mesmo e a comida e as carnes alentejanas muito bom mesmo recomendado"
"Positive", "o melhor restaurante que visitei em beja localizado numa rua estreita da zona mais antiga da cidade so o conseguira encontrar com um guia mapa ou ajuda de locais tipica casa alentejana com um ambiente que remonta aos tempos dos nossos antepassados decoracao espaco simples muito tradicional a presa iberica de porco preto foi a melhor carne de porco que ja comi a entrada de linguica assada foi tambem seguramente das melhores que ja provei a relacao qualidade preco e excelente jantar com entradas prato e sobremesa por recomendo vivamente este restaurante alem da comida tipicamente alentejana o ambiente e muito bom o restaurante localiza se numa antiga adega numa travessa junto a praca da republica toda decorada com objectos do quotidiano alentejano e fomos muito bem atendidos comemos migas com lombinhos que estavam fui jantar ao restaurante tipico de beja taberna pipa tive foi azar que estava cheio e tive que estar ha espera uma meia hora uma taberna tipica com mesas corridas e bom ambiente o restaurante e fantastico desde a comida e desde ja recomendo belos secretos o vinho da casa e optimo excelente requeijao com o tipico doce de abobora"
"Positive", "o restaurante a pipa e fantastico desde a comida e desde ja recomendo os secretos de porco preto que sao uma especialidade assim como a decoracao toda made in alentejo um sitio para voltar sempre que la vou"
"Positive", "as presas ibericas estavam bastante saborosas e o servico foi muito afavel"
"Positive", "eu recomendo para comer no a pipa eu recomendo comer o porco preto nao so e delicioso mas tambem saudavel o servico e incrivel e muito acolhedor familia damil"
"Positive", "um quarto restaurante com bar chill armarios em uma das extremidades e uma pequena cozinha para o lado ha um longo prazo de lado a lado mesas para baixo a medio com alguns pequenos grupos de toda a as arestas servico amigavel e muito que conseguimos com uma mistura de ingles e seu cres cimento meu ainda mais travar portugues menu principalmente porco como muitas vezes na regiao nos tivemos febras de porco preto a nivel local porco preto a qual foi muito bom e o especial do dia a qual foi porco com um monte de migas pao e salsicha nao para o nosso gosto em todos ambos foram servidos com arroz e batatas fritas como a unica produtos horticolas que e tradicional portugues mas quase nao saudavel nos plumped para a garrafa de vidigueira doc red ja em cima da mesa em vez de vinho da casa e aproveitamos o bastante"
