Sentiment, Review
"Positive", "o restaurante e self service e o preco e por peso do prato ha refeicoes do dia e varias opcoes de saladas quiches croquetes e sobremesas tambem ha sumos naturais vou muitas vezes e nunca desilude a comida e deliciosa e a relacao qualidade preco boa recomendo"
"Positive", "fui la porque sou vegetariana e celiaca entrei e perguntei o que poderia comer dali que fosse completamente sem gluten o rapaz que estava a servir nao tinha essa informacao foi a cozinha perguntar e da cozinha informaram quais eram as opcoes que eu poderia comer pedi mediante o que me disseram comi o prato principal e quando passei para a sobremesa comecei a sentir uma parte mais crocante e com um sabor que eu nunca tinha comido nada de mal ate ai ate eu comecar a tirar as natas de cima da sobremesa e reparar que aquela sobremesa tinha bolacha maria levantei me fui confirmar com o funcionario e confirmaram me que realmente era bolacha com gluten nao sei qual e a formacao que tem naquela cozinha so sei que comi metade de uma sobremesa ao qual perguntei antecipadamente se tinha gluten disseram que nao confiei comi e agora estou a passar muito mal em casa e terei que ir ao hospital por brincadeiras destas e uma falta de nocao e despreocupacao por pessoas que realmente nao podem comer e sao intolerantes a certos alimentos se querem ter um restaurante com uma placa a dizer apropriado para vegetarianos e comida sem gluten entao sf tirem um curso do que significa realmente essas restricoes alimentares um restaurante pra nunca mais voltar muito menos recomendar tenham cuidado quando la voltarem a comer porque confiar no staff esta fora de questao nao se brinca com a saude de ninguem"
"Positive", "amei a refeicao e sempre bom para quebrar os tabus nos mesmos tirarmos as nossas proprias conclusoes procurei algo de boa aparencia pois a higienizacao conta muito e relativamente em conta e encontrei tem ainda boa comida e uma simpatia que agrada a qualquer um super recomendo"
"Positive", "optimo opcao ao almoco leve sem gorduras ou fritos comida vegan vegetariana e saudavel voltarei sempre"
"Positive", "tem otimas opcoes muita variedade de comida e toda muito boa existem os pratos principais saladas para acompanhar salgados pasteis e muito mais ate podemos desfrutar de uma deliciosa sobremesa um local espacoso e agradavel para almocar os precos sao razoaveis o unico defeito e nao ter cafe"
"Positive", "restaurante vegetariano com variedade de pratos bom preco sobremesas e suco paes tudo muito gostoso e fresquinho ambiente arejado"
"Positive", "restaurante muito informal com comida vegetariana deliciosa e muito variada sempre elaborada com produtos frescos os proprietarios e empregados sao bastante simpaticos o que torna o restaurante num espaco familiar"
"Positive", "ola boa noite gostaria de saber quem esta a gerir a pagina do restaurante no tripadvisor e no minimo estranho o que se esta a passar pois sei que nao e nenhum dos donos agradecia que respeitassem o trabalho de quem trabalha"
"Positive", "e um restaurante de comida vegetariana muito agradavel bom ambiente musical e espaco muito moderno e saudavel recomendo vivamente"
"Positive", "o sabores do campo e um restaurante familiar que serve comida vegetariana passei muitas vezes por este restaurante e nao entrava por pensar que a comida vegetariana era toda igual e sem sabor posso dizer que depois de experimentar este tornou se a minha primeira opcao quando vou comer fora tem bastante variedade de entradas frutas acompanhamentos sobremesas e normalmente sao dois ou tres pratos principais por dia o restaurante e self service para quem e como eu e gosta de experimentar pode tirar um pouco de tudo e paga se ao peso tem servico de take away tem pagina no facebook onde podem ver os pratos do dia"
"Positive", "comida deliciosa muito bem confecionada e apresentada as sobremesas sao surpreendentes pelo aspecto e sabor o ambiente e informal mas com muito boas energias mae e filho sao uma simpatia"
"Positive", "grande variedade e muita qualidade espaco luminoso e com muito boas energias sabores deliciosos e muita simpatia"
"Positive", "embora se trate de um restaurante self service a qualidade e muito boa os produtos sao de qualidade e muito bem confeccionados optimo para todos nao so vegetarianos a comida e muito saborosa e com muita variedade fruta fresca e sobremesas deliciosas"
"Positive", "adoramos a comida e ao peso mas nao fica caro fomos la almocar todos os dias durante uma semana e os pratos eram sempre variados"
"Positive", "achamos este restaurante por acaso ao sair a pe do parque gago coutinho e sacadura cabral para quem gosta de comida vegetariana e otima opcao com razoavel variedade e boa qualidade o sistema e self service na balanca nao tao comum em portugal ao que percebi paramos aqui em nossa viagem para o algarve a partir de vora a comida e em estilo buffet onde voce paga em peso o seu prato embora nem tudo seja vegano tivemos tantas opcoes para escolher nos amamos isto eu gostaria de saber como fazer o prato de lentilha e feijao tambem tudo estava delicioso"
"Positive", "nice pequeno restaurante self serving vegetariano com diversas opcoes saborosos que apelarao a quase todos tem a possibilidade de comer em casa ou levar embora tambem tem uma nova secao de biscoitos e bolos para tirar"
"Positive", "o alentejo nao e exactamente o melhor lugar em portugal para os vegetarianos por isso este hotel em beja e uma raridade muitas opcoes de escolha pago pelo peso a comida era muito boa e voce tambem tem sumos frescos e sobremesas funcionarios simpaticos e prestativos bom valor"
