Sentiment, Review
"Positive", "jantar delicioso desde as entradas as sobremesas tudo feito com muito amor e produtos de qualidade sem duvida grandes profissionais"
"Positive", "divinal chefe excelente staff top ambiente e musica a altura experiencia gastronomica excelente com vinhos a altura e comida incorporada num toque simplesmente de categoria sem duvida muito boa a voltar certamente"
"Positive", "sala ampla e de enorme bom gosto carta a privilegiar o que a herdade oferece e com pratos muito bem apresentados e plenos de sabor os vinhos da herdade sao excelentes e embora existam outras possibilidades acompanham na perfeicao quase tudo o que se possa imaginar servico amigavel muito simpatico e com um apoio solido no aconselhamento das harmonizacoes vinicas um hotel como este so podia merecer um restaurante assim os vinhos por si so ja sao uma otima experiencia agora almocar na molhadinha e ainda melhor com consultoria do competente chef joachim koerper servico e menu de excelencia nao deixe de provar o azeite produzido ali mesmo"
"Positive", "o restaurante e incrivel o ambiente e muito gostoso com vista para os jardins e instalacoes da vinicola os garcons extremamente gentis e atenciosos a comida e diferenciada tudo muito bem elaborado fresco e delicioso sem contar que e majoritariamente organico comi uma posta de bacalhau que estava simplesmente divida e certamente foi o melhor prato de bacalhau que ja comi na vida e olha que experimentei muitos por ai os vinhos entao um caso a parte eles recomendam os vinhos que melhor combinam com cada prato em taca entao fica a combinacao perfeita ao inves de ter que pedir uma garrafa inteira que nem sempre atende ao gosto de todos os presentes recomendo fortemente"
"Positive", "restaurante sofisticado comida boa mas nada espetacular porcoes muito pequenas os vinhos da malhadinha nova sao excelentes preco muito elevado valeu como experiencia depois de ter visitado a vinicola"
"Positive", "uma experiencia gastronomica unica o local e muito agradavel o ambiente descontraido comida e uma experiencia unica e muito agradavel e saborosa"
"Positive", "excelente restaurante dentro de uma herdade linda com uma maravilhosa adega finalmente conheci a herdade e adega dos meus vinhos favoritos o jantar estava maravilhoso o atendimento fantastico"
"Positive", "o restaurante estava cheio mas mesmo assim o menu de pratos de degustamos correu no ritmo certo pratos apelativos e bem confecion ados e apresentados"
"Positive", "como parte da minha estadia visitei o restaurante e nao desiludiu ambiente e decoracao no ponto servico excecional com staff muito bem treinado vinho de excelente qualidade e comida de deixar agua na boca jantar a dois fantastico e a atencao de nos transportarem do hotel ao restaurante foi apreciado"
"Positive", "ja conhecia os vinhos mas nao sabia da culinaria desse lugar atendimento otimo lugar agradavel e com harmonia de vinhos muito bons"
"Positive", "o restaurante e de fato muito bonito no entanto os precos sao altos e nao compensam pedi um duo de porco preto e o prato mais parecia infantil de tao pequeno isso por euros o prato o alentejo e caracterizado por comida boa e infelizmente foi muito triste so eramos nos no restaurante o preco alto e a comida a desejar pena pois o lugar e bonito e o atendimento muito bom nao vamos voltar ja era a terceira vez que la iamos"
"Positive", "em vespera de alguns de nos partirem para o brasil tentamos visitar uma adega no alentejo apos uma passagem por evora a primeira foi na herdade do esporao e nao resultou nem agradou sobrou antipatia das colaboradoras na malhadinha nova herdade mais pequena que a esperava muito mais deste espaco em especial do restaurante a visita a quinta foi agradavel embora muito a correr e o mesmo aconteceu na visita a adega e prova de vinhos quando chegou ha hora de comprar vinhos a oferta era muito exigua a refeicao lugar muito bonito proximo a beja no baixo alentejo contratei um almoco para duas pessoas com direito a degustacao de vinhos da producao propria um branco um rose e um tinto e uma visita guiada a propriedade plantacao das uvas e onde e feita ha anos que no fim das ferias de verao no sul de portugal vamos ao restaurante da herdade da malhadinha nova o espaco sobretudo o espaco exterior com caes cavalos e galinhas e galinholas a bicar a comida sempre de grande qualidade e muitas a recepcao da pousada convento em beja altamente recomendado este restaurante foi uma boa recomendacao como nos provavelmente nao teria descoberto por conta propria primeiro o ambiente quase o suficiente para dizer que era em uma vinicola um ambiente tranquilo e agradavel com paredes de vidro com vista para o jardim da adega e o jardim imediatamente do lado de fora onde os pavoes se alimentavam o servico foi excelente atencioso pontual e eficaz o couvert fora fresco dos rolos de forno azeite sal e manteiga nos tivemos tres cursos uma entrada de cavala e caviar de planta de ovo o lombo de vitela e bife de vitela e duas sobremesas um figo eo outro um bolo de morango amendoa nos fomos alertados os desertos levaria ate minutos para preparar permitindo uma pausa agradavel para desfrutar do nosso vinho todos foram excelentes bem preparados bem apresentados com excelentes sabores uma garrafa de seu bom vinho tinto encheu a note se que este restaurante esta na arena de refeicoes e que vem com um preco mas para a qualidade dos pratos nao esta fora de sintonia com outro restaurante fino apos o almoco um do produtor de vinho deu nos um tour da propriedade explicou o seu processo de vinificacao e ofertou tres vinhos para degustacao bem feito"
"Positive", "tivemos um grupo de e tivemos uma experiencia absolutamente fabulosa primeiro visitamos a propriedade e aprendemos muito sobre as variedades de uva e os metodos de cultivo logo nos visitamos a area de producao e novamente nos tivemos uma explicacao muito bem informada dos metodos usados para fazer os varios vinhos isto foi seguido por uma degustacao que foi muito util apos a degustacao apreciamos um excelente almoco de pratos com vinho a comida foi muito bem apresentada muito saborosa e extremamente agradavel por toda a parte os funcionarios foram todos muito muito util e encantador foi um grande sucesso e vamos voltar"
"Positive", "esta e uma bonita pequena vinha que se concentra na qualidade dos seus vinhos e no restaurante e tudo muito chique e lindamente estilizado nos amamos nosso tour da vinha e da sessao de degustacao que tivemos vinhos lindos elegantes e modernos entao nos ficamos para o almoco e tivemos uma refeicao realmente deliciosa ingredientes maravilhosos apresentados bem e preparados de uma forma muito moderna no entanto existe um pequeno elemento de estilo sobre a substancia em termos de sabor e volume de alimento alem disso a opcao vegetariana era apenas um risoto um bom mas uma oferta chata em comparacao com os pratos de carne eu nao diria que a comida foi particularmente characterful e e talvez um toque mais caro mas tudo estava cheio de caracter e tivemos um tempo realmente adoravel em geral"
"Positive", "quando chegamos a esta maravilhosa vinicola passeamos pela propriedade vimos as videiras aprendemos tudo sobre como as uvas sao cultivadas e colhidas tambem vimos porcos pretos gado e aprendemos sobre como a vinicola e tao sustentavel quanto possivelmente pode em seguida visitamos a vinicola e vimos todos os processos pelos quais as uvas passam e como os varios vinhos sao produzidos apos uma sessao de degustacao de vinhos nos nos mudamos para o restaurante muito elegante que olhou para a bela paisagem as nossas refeicoes foram soberbo eu tinha o prato preto de porco para o meu prato principal que foi excelente e claro a nossa refeicao foi acompanhada por vinho maravilhoso alguns da familia que administram a vinicola estavam la celebrando um aniversario e eles gentilmente nos compraram alguns dos deliciosos bolos de aniversario foi tao agradavel conhecer a familia que e tao apaixonada pela fabulosa vinicola que administram todos concordamos que a nossa visita a adega foi excelente em todos os sentidos e definitivamente visitar novamente"
