Sentiment, Review
"Positive", "local simples e barato por vezes com comidas do mundo kibes ou batata doce assada fazem parte regularmente do menu"
"Positive", "bar cafe pequeno porem muito aconchegante muito bom para curtir um fim de tarde com amigos localizado em uma praca central"
"Positive", "um espaco unico em beja com bom atendimento um espaco alternativo que concilia a cafetaria bar com pequena loja de frescos e produtos biologicos com a musica a partilha de experiencias palestras workshops etc"
"Positive", "de passagem por beja resolvemos almocar petiscar aqui e que boas eram as tapas era mesmo o que nos estava a apetecer depois de uma longa viagem os queijos eram muito bons bem como os enchidos e os gelados artesanais recomendo vivamente para quem quer petiscar quando nao apetece comer de faca e garfo"
"Positive", "um espaco muito agradavel uma decoracao unica e de bom gosto a conjugacao de um cafe com uma pequena mercearia faz deste espaco um lugar diferente nao esquecendo a esplanada maravilhosa"
"Positive", "um espaco muito simpatico muito catita o staff e super atencioso e simpatico a mistura entre cafe mercearia esplanada maravilhosa quando esta sol espaco com alimentacao alternativa vegan e e vegetariana a visitar numa deslocacao a beja sem falta o fim de tarde na praca da republica ganhou encanto"
"Positive", "obrigada ate a proxima a pracinha"
"Positive", "espaco agradavel bonito servico simpatico e competente pouso habitual da comunidade artistica bejense grande variedade de tisanas produtos horticolas biologicos cervejas artesanais doces regionais de que destaco uns folhados de gila que sao de pecado mortal"
"Positive", "obrigado e ate a proxima visita a pracinha"
"Positive", "algo q nao se encontra numa grande cidade deveras um cafe com mercearia nunca tinha visto um conceito mto engracado onde dos produtos sao biologicos e aonde os precos sao a preco em tudo identico ao produtos convencionais a voltar concerteza espero q vao experimentar"
"Positive", "espero voltar a ter o prazer da sua visita bem haja a pracinha"
"Positive", "pensava que tinha entrado numa mercearia disseram me que era um cafe pareceu me uma taberna mal frequentada comprei tres popias tinham bom aspeto mas quando cheguei a casa reparei que estavam duras talvez fossem da semana passada senti me enganado"
"Positive", "o espaco mais agradavel da praca da republica optimo ambiente o servico e muito atencioso e simpatico e podemos comer popias ao pequeno almoco com um galao coisa rara de se encontrar em beja recomendo vivamente"
"Positive", "o servico e optimo e prestavel tem um ambiente acolhedor tipicamente alentejano e as popias sao deliciosas"
"Positive", "espaco aberto das h as h com pequenos petiscos as normais torradas e tostas popias caseiras e outros bolos tradicionais cafe cappuccino sumos cerveja ou vinho sao opcoes de acompanhamento mas e nas sextas a noite q somos surpreendidos hot toddys queimadas nortenhas vinho quente adoravel pequeno cafe e bar senhora amigavel que nos serviu aconchegante com uma pequena loja por dentro e assentos agradaveis fora na praca"
"Positive", "nos gostamos do lugar uma mistura de um cafe bar e um pequeno mercado para comida bio local e bebidas uma visita obrigatoria se estiver em beja"
"Positive", "muito bom cafe e bons bolos especiais lugares ao ar livre agradavel ambiente interno especial com vendas de especiarias azeitonas mel azeite etc aqui vamos voltar mais vezes"
"Positive", "cafe muito fofo perfeito para uma pequena pausa ambiente encantador para um lanche com pao e queijo local ou um picole artesanal"
