Sentiment, Review
"Positive", "gostei muito das bifanas preferi as bifanas grelhadas mas as duas sao muito boas bom atendimento e muito simpaticos todos os funcionarios"
"Positive", "recomendo uma visita para provarem a deliciosa carne tanto nas bifanas como nos pregos e principalmente no pica pau quanto ao atendimento da gerencia e de todo o staff muito obrigado pela simpatia continuem assim"
"Positive", "otimo ambiente lugar aconchegante e agradavel atendimento impecavel encontrei uma brasileira como atendente priscila me fez me sentir mais em casa ainda com a atencao prestada e recepcao comida deliciosa tudo fesquinho e saboroso"
"Positive", "boas bifanas bom espaco e bom atendimento estrelas recomendo vamos voltar"
"Positive", "mas ha duvidas as melhores bifanas prontos as melhores da minha vida e olha que ja tive em muitos sitios"
"Positive", "ca eu tive a real percepcao do que e uma excelente bifana de verdade inesquecivel nada mais sera como antes e sempre terei ca como referencial nos outros sitios que irei de agora em diante"
"Positive", "as melhores bifanas de todo o sempre e mais alem atendimento espetacular gente simpatica e comida deliciosa"
"Positive", "excelente local para comer umas boas bifanas com qualidade de confeccao e atendimento muito bom recomendavel"
"Positive", "otimo atendimento atendentes simpaticos comida boa lugar agradavel voltaremos em breve obrigada"
"Positive", "otimo local para comer e ser bem servido as melhores bifanas sao as bifanas do marinho com toda a certeza e para voltar"
"Positive", "almoco depois das horas pedirmos o menu e menu para todos estava muito bom as batatas nao eram caseiras mas mesmo assim estavam muito boas recomendo para quem quer comer rapido e fora de horas"
"Positive", "as bifanas sao excelentes o pao torrado e a carne muito bem trabalhada variedade do menu vasto com varias opcoes de escolha"
"Positive", "excelente atendimento e agilidade para quem busca um lanche saboroso e tradicional rapido aqui voce tem essa otima opcao em beja"
"Positive", "aconcelho a escolher o menu vale a pena muito bom e rapido acompanha com batatas fritas excelente atendimento fora de horas e do melhor"
"Positive", "as bifanas sao excelentes e tem cervejas artesanais o espaco e muito pequeno portanto diria que a melhor opcao seria take away a relacao qualidade preco e muito boa"
"Positive", "foi nos sugerido por colegas que ja frequentam o estabelecimento desde a sua abertura chegamos fora de horas ja no fecho da cozinha o que nao mudou em nada o excelente atendimento mesmo ha hora do fecho fomos servidos com qualidade e sem faltar qualquer bom dia cspa muito obrigado pela sua visita e pelas suas palavras estamos gratos pela sua recomendacao cumprimentos"
"Positive", "qualidade indiscutivel e um atendimento de excelencia simpatia e vontade de agradar o cliente caracterizam este espaco recomendo vivamente"
"Positive", "bifanas e pregos fantasticos pode optar pelos menus que sao uma otima escolha com uma relacao qualidade preco excelente atendimento rapido e eficaz uma excelente opcao para comer no local mas tambem em take away ou delivery recomendo vivamente"
"Positive", "agradavel surpresa na minha estadia em beja visitei vezes as bifanas do marinho optei as vezes por menus de pregos e fiquei muito satisfeito com a qualidade apresentacao e preco o unico reparo sera melhorar a qualidade das batatas fritas"
"Positive", "muito bom quem gosta de bigama ou prego no pao com os varios molhos a visitar espaco pequenino mas acolhedor"
"Positive", "menus a um preco muito bom bifanas e pregos de porco preto com muita qualidade carne estrelas rapido atendimento"
"Positive", "muita simpatia e qualidade pao fresco e carne tenrinha e saborosa ideal para um fim de tarde ou ate mesmo um almoco rapido"
"Positive", "moramos perto e agora que descobri este cantinho vou repetir e varias vezes pois e bom e barato pedimos o menu por e vem com pregos batatas bebidas chegamos pelo meio dia e meia hora depois ja se fazia boa tarde tourist muito obrigado pela sua visita e pelas suas palavras menu excelente escolha grato pela recomendacao ate breve cumprimentos"
"Positive", "na volta das ferias com os restaurantes a abarrotar pelo caminho salvaram as bifanas que seria o unico estabelecimento aberto com refeicoes numa area de ms la me desloquei a beja e caimos aqui nesta zona industrial famintos bom pao e bom bife tem menus boa tarde dseixo muito obrigado pela sua visita e pelas suas palavras e muito gratificante tomar conhecimento de que o desvio de km foi compensado com as nossas bifanas cumprimentos"
"Positive", "excelente surpresa bifanas muito saborosas com muito boa apresentacao conceito interessante feito com muita criatividade"
"Positive", "otima carne num excelente ambiente e muito descontraido boa cerveja atendimento estrelas resulta num tempo bem passado em familia e num convivio espetacular recomendo plenamente"
"Positive", "excelente carne num ambiente descontraido boa cerveja resulta num tempo bem passado convivio agradavel e uma refeicao excelente recomendo o prego a marinho"
"Positive", "excelentes bifanas e pregos da melhor carne a excepcional confeccao passando pela sempre simpatica forma de atendimento que caracteriza este profissional parabens mario"
"Positive", "bom sitio para se comer espaco agradavel bom atendimento e simpatia precos acessiveis e bifanas saborosas"
"Positive", "comida deliciosa estava em casa sem comer num belo fim de semana e como nao tinha nada para comer em casa e ja tinha ouvido falar das bifanas do marinho fui experimentar e fiquei muito satisfeito recomendo vivamente"
"Positive", "muito bom mesmo experiencia para voltar vezes sem conta so ali indo e provando as excelentes bifanas bifanas maravilhosas as melhores de beja sem duvida as batatas igualmente para nao falar no convivio o melhor turno e o da tarde deborah priscila e companhia sao boa tarde z a muito obrigado pela sua visita e pelas suas palavras gratos pela forma como descreveu a sua experiencia gastronomica ate breve cumprimentos"
"Positive", "um final de tarde convidativo para uma refeicao informal ao ar livre paramos nas bifanas do marinho excelente acolhimento e servico rapido uma deliciosa carne recheava os pregos e as fantasticas bifanas para beber imperiais geladas e um bom vinho tinto por fim uma mousse boa tarde paula muito obrigado pela sua visita e pelas suas palavras gratos pela forma como descreveu a sua experiencia gastronomica cumprimentos"
"Positive", "h e sem tomar o pequeno almoco com muita fome referenciaram me as bifanas do marinho vale a pena exprimentar recomendo vivamente o prego a marinho"
"Positive", "gostei do servico de atendimento bifanas mesmo suculentas e grandes precos a recomendar e tambem recomendado fora de horarios de restauracao"
"Positive", "a melhor comida que comi ate hoje em beja atendimentos excelente comida recomendo e voltarei sempre"
"Positive", "varios menus com pregos e bifanas de qualidade superior a um preco excelente a simpatia e a qualidade da carne sao soberbas"
"Positive", "de passagem por beja foi nos recomendado este espaco bifanas do marinho simplesmente espetaculo quando voltar do algarve de certeza que vamos parar novamente vale sempre a pena fazer desvio da estrada para o parque industrial de beja recomendo"
"Positive", "visitei o restaurante para jantar e fiquei deslumbrado tanto com o espaco que tem uma zona interior com uma apresentacao excelente e a zona exterior com uma esplanada existe sempre estacionamento nas imediacoes a comida e excelente tanto as bifanas como os pregos e tambem o boa tarde muito obrigado pela sua visita e pelas suas palavras e principalmente pela forma como descreveu a sua experiencia ficamos a aguardar nova visita cumprimentos"
"Positive", "ambiente agradavel bifanas otimas excelente atendimento um bom espaco a visitar para os residentes ou mesmo para quem esta de passagem"
"Positive", "resolvemos passar pelas bifanas do marinho adoramos bifanas de porco preto muito boas recomendo o menu espetaculares"
"Positive", "excelente atendimento as bifanas muito boas pois a carne e diferenciada e com alta qualidade imperiais belissimas so gostaria se dar uma sugestao acerca das batatas fritas ou seja gostava de sentir que eram caseiras faz toda a diferenca mas no geral adorei e boa tarde muito obrigado pela sua visita e pelas suas palavras registamos a sua sugestao cumprimentos"
"Positive", "muito bom fui no final da tarde e adorei o servico bifanas fantasticas e pregos ainda melhores parabens vou voltar p"
"Positive", "almoco rapido fora de horas e bem que fiquei surpreendido mandei vir o menu mais que suficiente com batatas fritas e bifanas a marinho magnificas espetaculares recomendo"
"Positive", "melhores bifanas e pregos que ja comi o prego do lombo e exelente atendimento simpatico por vezes tem alguma fila mas se fizer a encomenda um pouco antes de la chegar e mais rapido espaco exterior muito agradavel recomendo e vou voltar"
