Sentiment, Review
"Positive", "dos melhores restaurantes a que ja fui comida otima e atendimento melhor ainda e raro encontrar restaurantes com um ambiente e um atendimento tao bom"
"Positive", "da vinda do algarve foi preciso fazer uma pequena pausa para almocar antes de se seguir caminho para evora fomos super bem atendidos pelos empregados que eram muito amaveis e prestaveis que quando por engano nosso ainda nos deixaram trocar um pedido as instalacoes para alem de serem bonitas tambem estou muito bem higienizadas as mesas e as cadeiras sao higienizadas logo apos a utilizacao para evitar contagios da covid muito obrigada pela atencao por parte de toda a equipa e continuacao de um excelente trabalho"
"Positive", "hamburgueres muito bem confecionados com sabor substancia carne legitima uma experiencia nada a ver com cadeias de fast food com muito mais qualidade e a um preco quase identico casa agradavel e equipa muito simpatica uma experiencia a repetir"
"Positive", "comida razoavel carne seca e molho de francesinha com cheiro de knorr atendimento pessimo neste caso em particular falo da senhora de oculos loira que nao responde a perguntas feitas por clientes e com atitude de superioridade para com os clientes no final da refeicao foi pedido factura ao qual respondemos obrigada como desde do inicio da refeicao sem resposta atirou a mesma para cima da mesa e virou costas e com o tom arrogante disse adeus obrigada nao aconselho a visitarem o restaurante pecam take away ou delivery porque em termos de atendimento faz sentir que nao somos bem vindos os empregados nao estao identificados pelo qual nao posso dizer o nome da pessoa em questao variedade e excelentes sabores ambiente espacoso e muito agradavel de comer e chorar por mais de todos os locais onde ja fui jantar fora este e de todos o meu favorito boa relacao preco qualidade e a comida tem um sabor incrivel adorei"
"Positive", "restaurante onde queremos sempre voltar a qualidade e elevada e o servico eficiente e simpatico muito boa oferta de sumos naturais parabens e continuacao de bom trabalho"
"Positive", "muito bem servidos comida saborosa e muito bem confeccionada sem duvida uma experiencia muito boa recomendo"
"Positive", "o servico e rapido e a maioria dos ingredientes tem qualidade no entanto nao gostei da carne de vaca acho que o excelente bolo do caco e os restantes ingredientes mereciam ser servidos com uma carne a altura o restaurante podia ter um pouco mais de ambiente quanto ao preco nota positiva"
"Positive", "tudo muito bom a decoracao simples mas atractiva em destaque os hamburgueres pedimos o bolo do caco e o de porco preto mas trocamos a carne de porco por frango e os sumos naturais o sumo de espinafres com maca e ananas era top iremos voltar com certeza"
"Positive", "frequento com regularidade este local desde a sua abertura muito bom servico e excelente comida adoro e recomendo"
"Positive", "atendimento pessimo super mal educadas enquanto os clientes fazem o pedido estas encostam se a mesa do lado como se tivessem contrariadas tiram produtos especialmente molhos da mesa de uns clientes para os outros a descarada terrivel no entanto a comida e razoavel"
"Positive", "nos meus anos de vida so tinha enviado o meu prato para tras vez no estrangeiro por causa dum cabelo ha anos atras e note se vou a restaurantes todas as semanas hoje fui a esta hamburgueria e so nao enviei o meu uma desilusao dia com a hamburgueria completamente cheia a senhora disse me depois de ter iniciado o seu almoco que o hamburguer estava cor de rosa medio passado disse me que gostava de carne mal passada mas no que respeita a carne moida preferia bem passado visita rapida a beja quando foi altura de almocar escolhemos a hamburgueria da avenida atendimento muito simpatico espaco muito acolhedor e bem decorado comida boa e com muita variedade de escolha atendimento rapido boa escolha"
"Positive", "sala cuidada bom ambiente staff atento hamburguer artesal e muito saboroso nao podia ter corrido melhor"
"Positive", "vale a pena visitar este espaco profissionalismo aliado a produtos de qualidade e ainda com uma atencao ao detalhe e bom gosto assinalavel os proprietarios atras do balcao a comandar e bem a equipa e o servico rapido eficaz e profissional a comida de qualidade os hamburgueres sao muito bons com muita variedade de ingredientes e com aquele sabor caseiro recomendo as batatas doce fritas"
"Positive", "bom hamburguer e bom bolo do caco para entrada rapidez e simpatia no atendimento a unica coisa que nao estava muito bom era a limonada nao sei o que estava mal ao certo mas a limonada nao sabia espaco bastante acolhedor e com uma boa servico rapido num espaco agradavel a carne era boa e bem confecionada as batatas fritas nao sao o que eu considero como batatas fritas tradicionais e nao gostei"
"Positive", "hamburgueria situada no centro de beja decoracao simples moderna vem trazer um outro nivel ao que estamos habituados a ver em muitas outras hamburguerias algo que hoje em dia esta na moda casa com uma grande variedade de hamburguers desde vegetarianos a passar por algo comida razoavel espaco entre mesas muito apertado sem um minimo de privacidade preco elevado para comida apresentada empregados e gerencia sem simpatia nenhuma"
"Positive", "espaco engracado mas a imitar as n hamburguerias e outras ias que vao surgindo por todo o lado com o tipico quadro negro com ementa a giz o hamburguer de frango com molho de mostarda e mel estava comestivel as batatas as rodelas nem tanto excelente hamburgueria no centro de beja uma decoracao moderna e estilo acolhedor pela primeira vez numa hamburgueria encontrei duas opcoes vegetarianas batata doce e grao optei pela de grao e estava muito saboroso adorei para alem disso sublinho a atenciosidade dos funcionarios extremamente preocupados connosco consiste num local agradavel como opcao para tomar uma refeicao nesta localidade o local apresenta uma decoracao moderna e leve com opcoes artsanais de qualidade e um servico adequado"
"Positive", "boa comida bons hamburgueres caseiros entrada saudavel neste caso palitos de cenoura o meu hamburguer veio com molho tikka masala mas pedi em pao bolo do caco pedido possivel visto na carta haver essa opcao tal como o tipo de batata o hamburguer da minha ambiente e decoracao muito agradavel atendimento simpatico e comida muito boa recomendo a qualquer um"
"Positive", "lugar girissimo com uma decoracao muito agradavel empregada muito simpatico hamburgueres excelentes com umas batatas fantasticas precos muito acessiveis"
"Positive", "pessoal simpatico comida variada e saborosa servico rapido boa localizacao estacionamento perto"
"Positive", "espaco giro e moderno arendimento rapido desaconselho o hamburguer vegetariano de grao sem sabor desfaz se todo"
"Positive", "bons hamburgueres e boas batatas atendimento muito rapido staff muito simpatico e prestavel espaco acolhedor agradavel e com decoracao moderna"
"Positive", "bom servico boa a refeicao ambiente agradavel bom para grupos acesso facil precos acessiveis a repetir"
"Positive", "hamburgueria muito simpatica jovem limpa e com boa decoracao a comida e de qualidade e as sobremesas sao muito boas parabens a equipa que tambem e bastante simpatica"
"Positive", "almoco de amigas mas nao sabiamos ao certo onde a minha amiga disse que eu precisava experimentar estes hamburgueres no inicio confesso que estava com receio da carne ser seca ou algo parecido a verdade e que foi tudo perfeito o servico rapido e simpatico positivo espaco bem decorado e confortavel atendimento muito simpatico atencioso e extremamente rapido o menu de hamburgueres sofreu uma melhoria bastante positiva uma vez que tinha la ido pouco depois da inauguracao e nao ter gostado hoje esta bastante melhor negativo nada a registar"
"Positive", "espaco moderno e acolhedor ementa variada para todos os gostos os hamburgueres fantasticos servico de pedido para fora eficiente"
"Positive", "local muito agradavel espaco divertido os hamburguer de muito qualidade e excelencia hamburgueres diferente e muito saborosos"
"Positive", "ambiente muito tranquilo fazia falta mais assim em beja staff simpatico e a comida vem confeccionada e saborosa sem duvida para repetir"
"Positive", "muitas pessoas escolhem ir ter uma refeicao a este restaurante que sendo de hamburgueres a carne e de excelente qualidade e acompanhada de excelentes batatas fritas"
"Positive", "das vezes que ca viemos por acaso foi sempre ao jantar mas isso diferenca nao faz sempre impecavel em tudo atendimento excelente qualidade e preco acessivel"
"Positive", "estava sozinho procurava espaco moderno jovem e encontrei boa musica atendimento simpatico os hamburgueres sao muito bons tao bons que comi capoeira e o caco as batatas fritas sao excelentes grandes finas e super estaladicas mas atencao tem ervas aromaticas eu gostei muito preco adequado a qualidade talvez um dia quando mais um almoco num local tranquilo e com excelentes hamburgueres na foto um ingles xxl excelente mesmo para quem esteja de passagem por beja"
"Positive", "nesta hamburgueria tudo o que come e muito saboroso e diferente dos hamburguers a que esta habituado para alem do hamburguer propriamente dito acompanhado de umas belas e estaladicas batatas fritas as rodelas o que nao se esquece e claramente a maionese caseira que deixa desde o atendimento a apresentacao dos pratos ao sabor gostei muito optimo local de convivio familiar ou entre amigos"
"Positive", "para que complicar num sabado em que o almoco nao estava ainda pensado foi hora de experimentar esta hamburgueria que ja andava debaixo de olho chegar escolher a mesa e estar a comer em min perfeito a diversificacao de hamburguerias que nos ultimos anos excelente decoracao espaco muito bonito e com muito bom gosto staff muito simpatico excelente hamburguer de batata doce excelente hamburguer avenida"
"Positive", "uma hamburgueria tipica a comida e de boa qualidade e tem oferta variada de hamburgueres as batatas fritas sao muito boas tambem os funcionarios sao simpaticos e eficientes a relacao qualidade preco e execelente"
"Positive", "depois de umas belas ferias nada melhor que um belo almoco no regresso a casa provamos uma das opcoes de frango e um vegetariano batatas crocantes e um molho delicioso espaco moderno e bem decorado passou a ser paragem obrigatoria"
"Positive", "a hamburgueria da avenida tem mantido desde a abertura uma qualidade impar em beja com um atendimento simples e eficaz serve de forma despretensiosa produtos de excelente qualidade a um preco muito justo recomendo"
"Positive", "ambiente agradavel tranquilo ma surpresa dentro do estilo hamburgueres bem confeccionados com boa apresentacao e servico rapido"
"Positive", "maravilhosos hamburgueres caseiros feitos no momento com variedade sabor e qualidade recomendo os de frango os meus favoritos sem duvida"
"Positive", "espaco moderno bom servico hamburgueres boa qualidade preco bela batata frita caseira bom hamburguer vegetariano recomendo"
"Positive", "hamburgueres com muita variedade e acompanha com umas batatas fritas excelentes e claro que foi no bolo do caco a voltar uma boa paragem acaminho de monte gordo"
"Positive", "o espaco e agradavel e moderno o servico normal nada a apontar os hamburgueres sao grandes e saborosos"
"Positive", "espaco bastante acolhedor e a comida muito boa tanto os hamburgueres como as tostas sao irrepreensiveis sem falar na sangria bem geladinha e super frutada sitio para voltar sempre que oportuno"
"Positive", "ambiente muito agradavel pessoal simpatico muita oferta de hamburgueres e ate dificil escolher entre tantas opcoes preco justo"
"Positive", "para quem ja se fartou do macdonalds aqui e o sitio para visitar a qualidade da carne e inegavel o espaco muito bem decorado e o staff muito amigo"
"Positive", "restaurante com ambiente agradavel e com um atendimento bom o tempo de espera e razoavel e a relacao qualidade preco e boa contudo o pao dos hamburgueres estava um pouco seco mas pode apenas ser uma situacao pontual"
"Positive", "tipica hambugueria com bom ambiente e decoracao o tempo de espera e aceitavel e o atendimento e excelente"
"Positive", "ambiente acolhedor os empregados sao muito simpaticos adecoracao do espaco bastante original o preco e bastante acessivel"
"Positive", "bem localizado servico rapido e atencioso e uma boa experiencia que podemos ter em beja cuidadosa selecao dos ingredientes que combinam e resultam muito bem adorei os hamburgueres gostei do espaco precos acessiveis"
"Positive", "ambiente acolhedor atendimento excepcional muito atenciosos refeicoes com preco muito acessivel e saborosas"
"Positive", "o acolhimento e extraordinario simpatia e savoir faire dos empregados de mesa destaca se pela positiva lembrou me um documentario que vi sobre o el bulli sempre atentos e cordiais q b para o espaco que se quer descontraido a cozinha tambem e muito boa e rapida vou gostei muito do hamburguer apesar de achar o pao um pouco seco para compensar as batatas que acompanham o hamburguer sao simplesmente fantasticas ambiente super tranquilo e agradavel funcionarios simpatisissimos"
"Positive", "adorei muita variedade de hamburgueres excelente confeccao servico de extrema simpatia e super rapido a voltar com toda a certeza"
"Positive", "positivo espaco acolhedor e giro empregados simpaticos atendimento rapido e boa localizacao negativo hamburguer sem molho tornando o seco e sem grande sabor sumo de limao da casa sem doce sendo por isso bastante acido tornando se intragavel"
"Positive", "comida razoavel menu variado preco qualidade razoavel bem localizado bom ambiente e simpatia por parte dos funcionarios"
"Positive", "excelente hamburgueria com muita variedade e sobremesas otimas destaque hamburguer de picanha a decoracao lembra bastante a hamburgueria do bairro ementa diversificada o hamburguer estava pouco seco quanto ao atendimento nao tenho reparos a fazer vou voltar certamente a carne demasiado passada a ausencia de molho e o pao seco tornam o hamburguer demasiado embacante a carne pode ser boa mas a confeccao no geral deixa a desejar com uma imagem muito colada a hamburgueria do bairro infelizmente o sabor fica aquem do muito bom a repetir brevemente carne excelentemente confeccionada as batatas como acompanhamento uma perdicao o molho tem capacidade para evoluir estao de parabens abriu recentemente a decoracao lembra bastante a hamburgueria do bairro e um pouco menos o honorato tentam de certa forma trazer o conceito para beja mas a confeccao e a originalidade esta um pouco off o hamburguer estava salgado um pouco seco o atendimento nao um conceito que ja fazia falta em beja e arredores havendo ja varias lojas do genero noutros pontos do pais fiquei agradado por poder comer um hamburguer de qualidade o espaco e muito agradavel o staff tambem o menu e algo diverso vao e divirtam se a hamburgueria que nada tem a ver com fast food servico rapido e simpatico com uma variedade de preparacao de hamburguers incluindo uma opcao vegetariana espaco agradavel e bem decorado para familias ou uma refeicao a dois os hamburguers sao deliciosos estilo caseiro que so tem"
