Sentiment, Review
"Positive", "bom ambiente staff prestativo peixe fresco e bem confeccionado preco acessivel certamente a repetir em outra ocasiao"
"Positive", "os peixes disponiveis para serem cozinhados estao expostos numa vitrine frigorifica a entrada o cliente pode escolher exatamente o que prefere servico simpatico e eficiente"
"Positive", "muito bom servico empregados muito simpaticos e comida muito boa em frente ao hotel melis pedimos porco preto muito bom e o prato fo dia lombo de porco com ananas vamos voltar sempre que passarmos por beja cumprimentos aos chefes"
"Positive", "alojados em beja optamos por este restaurante por ser proximo do hotel fomos jantar e ja nao havia grande variedade de peixe pedimos lulas que tivemos de complementar com chocos para chegar para os dois estava tudo fresco e bem confecionado os acompanhemos tambem estavam muito bons recepcao sofrivel mas atendimento bom"
"Positive", "recomendado por varias pessoas ficamos principalmente emocionados pelo lado humano das pessoas que nos atenderam obrigado pela vossa ajuda e extrema simpatia num momento de muito stress bem haja para todos"
"Positive", "excelente restaurante com muito e bom peixe boas entradas pessoal muito profissional e muito boa relacao preco qualidade"
"Positive", "adoramos os pratos mas o atendimento do rapaz de barba deixou a desejar pois parecia estar aborrecido talvez pela correria do restaurante muito cheio a hora do almoco apesar de compreender ele deveria lembrar se de se deixar afetar pois transmitiu isso aos clientes a moca foi bem mais atenciosa educada e gentil vale a pena relevar esse pequeno deslize e voltar recomendo"
"Positive", "vivo em beja e e um dos restaurantes onde vou mais vezes a especialidade sao os peixes frescos que tornam este restaurantes diferente dos da maioria da cidade os grelhados de porco preto tambem sao de recomendar"
"Positive", "apenas satisfatorio ficou aquem das expectativas no entanto e um local agradavel para almocar ou jantar"
"Positive", "mista de porco preto a chegar sem a batata frita ah e tal avariou se a fritadeira comeu se as doses com um pouquito de arroz e salada pagou se as doses por inteiro tchau bom sitio para comer peixe uma vasta variadade de peixe apesar da demorada gostei quando estiver de passagem irei voltar"
"Positive", "fiz varias refeicoes e todas elas foram particularmente boas a atencao dispensada a confecao a escolha dos pratos tudo foi dentro so esperado"
"Positive", "a minha visita ja tem alguns meses espero que ja tenham melhorado o servico foi competente mas a comida nao me convenceu nao pretendo voltar"
"Positive", "o peixe mais fresco do alentejo acompanhado da melhor confecao servico atento e simpatico para voltar sempre que possivel"
"Positive", "jantei aqui no sabado de marco de servico muito atencioso por parte dos dois empregados sempre disponiveis e eficientes a comida muito saborosa mas a carta pecou pela falta de opcoes voltarei"
"Positive", "a comida deste estabelecimento e divinal peixinho sempre fresco e bem assado pratos do dia estrelas entradas divinais camarao otimo como na fotografia e deoois comemos linguado que estava maravilhoso"
"Positive", "pequeno restaurante familiar com muito boa comida peixe fresco muito bem feito e comida caseira muito bem temperada peca por ser barulhento pois esta sempre cheio"
"Positive", "comida boa e bom ambiente mas atenciosos no servico embora este tenha sido um pouco lento e inexistencia de varias opcoes da carta"
"Positive", "de volta a um restaurante que marca a diferenca em beja o peixe sempre fresco e a sua confecao no ponto obrigam a considerar esta casa como um local preferencial para uma boa refeicao em familia ou amigos servico atento apesar de contar com apenas apesar de terem a casa a abarrotar e so dois empregados a servir o servico foi bom boa comida boa apresentacao a voltar precos acessiveis para a qualidade apresentada"
"Positive", "boa comida e bom sevico uma bela opcao para quando se pretende almocar ou jantar em beja a comida era bastante a confecao era muito bem conseguida e os ingredientes de muita qualidade para pessoas uma dose de terra e mar misto de gambas muito boa comida e cuidado dos funcionarios em nos atender bem mesmo com a casa cheia uma experiencia a repetir e a recomendar sem duvida"
"Positive", "local agradavel com bom servico dos poucos locais em beja onde se pode comer peixe fresco grelhado no entanto na relacao preco qualidade e caro mesmo quando se come peixe de aquacultura"
"Positive", "sitio agradavel comida muito boa e simpatia por parte dos empregados qualidade equiparada ao preco"
"Positive", "sala ampla arejada servico com competencia muita disponibilidade e habitualmente rapido menu variado refeicoes saborosas e em boa quantidade bom preco"
"Positive", "comida muito boa e rapida excelente peixe chocos grelhados e carne fantastica terra e mar a sobremesa foi boa bolo de bolacha"
"Positive", "boa comida servico amigavel despretensioso bem ao estilo do alentejo vale a pena ir la convem ir no inicio das refeicoes porque pode encher"
"Positive", "o peixe e fresco e vem sempre no ponto mas e so isso o acompanhamento e parco e o atendimento nao prima pela simpatia mas e educado fica junto a um hotel e zona residencial portanto estacionamento e uma questao de sorte todo o tipo de peixe extremamente fresco e muito bem confeccionado atendimento profissional mas sem grande simpatia as doces sao bem servidas e apresentadas"
"Positive", "grande variedade de menus recomendo apesar de ser um pouco caro bom atendimento e acolhedor sempre que me apetecem pratos bons de peixe ali encomendo tem take away terra e mar recomendo cardapio bom e variado vale a pena"
"Positive", "ambiente acolhedor com muito bom atendimento grande variedade de menus recomendo apesar de ter aguns precos puxaditos"
"Positive", "e o melhor restaurante em beja para comer peixe mas tambem tem boa carne de porco preto o atendimento e simpatico e acolhedor"
"Positive", "um restaurante acolhedor tanto pelo espaco como as pessoas as entradas sao muito boas comemos dose terra e mar servido com carne de porco preto camaroes tigres escalados batata frita arroz e salada uma dose e bem servida e da bem para duas pedimos uns secretos fiquei desconfiado pois e um restaurante mais virado para o peixe mas quando provei os decretos fiquei espantado tal era a maravilha que ali puderam no prato se um dia voltar a beja volto aqui de certeza"
"Positive", "espaco banal comida banal mas sem reparos o peixe estava exactamente no ponto fomos la porque nao ha eestaurantes de peixe em beja depois de dias a porco preto foi preciso um robalozinho para estabilizar"
"Positive", "o restaurante e bastante agradavel comida bem feita e com um custo razoavel funcionarios muito simpaticos"
"Positive", "jantar muito agradavel e com grande qualidade fiquei muito satisfeito e certamente local a repetir carne de muita qualidade"
"Positive", "quando me desloco a beja faco os possiveis para chegar ao almoco e ir comer a ilha do peixe como geralmente a mesma coisa prato terra e mar composto por carne porco preto grelhada e um camarao gigante tambem grelhado e restaurante urbano com estacionamento facil e gratuito servico profissional e atento ementa variada de peixe e carne alimentos frescos e a vista refeicao agradavel a preco razoavel wifi gratis ao nivel do melhor que a cidade tem para oferecer recomendo"
"Positive", "a principio fiquei receosa de ir neste restaurante porem me surpreendeu a qualidade da comida comemos presa de porco preto com salada fritas e arroz o vinho tinto foi o da cooperativa da vidigueira e super aprovamos o atendimento foi otimo e agio preco condizente excelente escolha para peixe grelhado ja la vou ha varios anos o preco e um pouco puxado mas o restaurante e a comida sao optimos"
"Positive", "a escolha foi um pregado fresco e saboroso mas o preco nao foi baixo ambiente limpo com bom atendimento rapido e simpatico"
"Positive", "normalmente tem pouca variedade de peixe mas muito bom o que tem as lulas estavam muito bem grelhadas eu comi o prato do dia muito bem confecionado bacalhau espiritual vou repetir ate porque estava la um robalo e uma dourada de mar apedirem grelha para otima refeicao apesar nao e bem o que nos pedimos este pode ser o meu pessimo portugues porcoes um pouco no lado pequeno mas lindamente apresentado eu voltaria bem se eu me encontrasse em baja novamente claro que sim servico de garcom nao e bom mas novamente isso pode ser devido ao meu bad portugues"
"Positive", "teve um jantar de grupo aqui qualidade de comida foi excelente estrelas a equipe foi muito flexivel para o nosso grupo maior altamente recomendado seria otimo para o tipo de restaurante casal familia etc"
