Sentiment, Review
"Positive", "com algumas dificuldades em encontrar um restaurante aberto ao domingo em beja descobrimos o pinguinhas e que boa descoberta tapas e petiscos tipicamente alentejanos que nao desiludiram um jovem empregado de mesa muito simpatico e educado optamos por ovos com espargos pica pau de porco preto e um fabuloso travesseiro de queijo mas as opcoes sao mais que muitas dificil e escolher por isso teremos de fazer o sacrificio e um dia destes la voltar"
"Positive", "recomendo varias visitas a dona lucia estavamos em onda de mudanca descobrimos que em beja sao poucos os restaurantes que estao abertos aos domingos que boa surpresa o pinguinhas estava que final de dia bem passado que simpatia desde os funcionarios ate a dona lucia adoramos ter la estado tanto que voltamos com amigos de do porto que estiveram sempre presentes nesta nova etapa eles adoraram tudo desde a comida boa disposicao de toda a equipa a conversa dentro do pinguinhas com a dona lucia e os seus localizacao excelente em outubro estaremos ai depois das vossas ferias"
"Positive", "apesar de estar completamente cheio e com fila de espera apenas um empregado a atender na esplanada a sua simpatia e desenvoltura evitaram descontentamento a comida e boa e as doses sao bem servidas a sobremesa tambem"
"Positive", "servico mesmo muito simpatico estava cheio e conseguiram arranjar lugar local muito agradavel comemos pica pau de porco preto e ovos com farinheira que estavam fabulosos preco por pessoa euros"
"Positive", "depois de termos sido rejeitados num conceituado restaurante de beja paramos ali depois de minutos de espera que valeu a pena fomos presenteados com um excelente atendimento e simpatia e uma espetacular comida certamente um local a voltar recomendo vivamente"
"Positive", "comida excelente simpatia excelente aqui o que pecou foi o tempo de espera para comer na minha opiniao deveriam colocar os aperitivos logo na mesa para irmos petiscando porque esperamos hora e meia mas valeu q pena"
"Positive", "eram quase h e a busca de um prato de comida ja parecia uma miragem ate que demos com a praca da republica havia uma feira de velharias e o pinguinhas que carne maravilhosa naco de novilho e espetada de porco preto e gente tao simpatica recomendamos"
"Positive", "apesar de estarem quase nao consegui resistir a uma alheira a praca muito bom pedi sem ovo passamos da esplanada numa praca muito gira para dentro onde estava bem fresquinho os pratos que estavam a circular tinham optimo aspeto tambem tem a possibilidade de comprar artesanato e produtos regionais ainda aproveitei para escolher umas lembrancas gente muito simpatica ambiente familiar recomendo"
"Positive", "localizado no centro da cidade com uma boa esplanada para aproveitar os fins de dia alentejanos apresenta uma carta simples original e que da lugar aos produtos da regiao numa relacao qualidade preco perfeitamente adequada destaco o travesseiro da praca aconselha se a visita com reserva nos periodos altos do ano"
"Positive", "ambiente descontraido e refeicao bem confecionada uma boa esplanada e carta diversificada otima opcao para tapas ou refeicoes leves"
"Positive", "em passagem por beja descobrimos este spot muito bom o staff e extremamente simpatico e igualmente importante a comida era muito boa a salada de frango era muito fresca e quase que dava vontade de repetir"
"Positive", "uma casa de tapas e petiscos em pleno coracao da cidade de beja com tracos sofisticados e elegantes o atendimento excepcional e a comida muito boa tipicamente alentejana posso dizer que o prato de cachola me levou a minha infancia aos sabores de casa parabens"
"Positive", "atendimento top comida divinal sobremesa esplendida entradas muito boas migas com um misto de carnes de porco preto muito bom regado por uma boa pinga alentejana aconselho"
"Positive", "comida tipica alentejana deliciosa atendimento muito acolhedor cerveja gelada e otimo ambiente para aproveitar o fim de tarde tapas tipicas adorei"
"Positive", "trata se de comida tipica alentejana preparada com amor e muito boa apresentacao recomendo vivamente a quem queira provar gastronomia tipica portuguesa"
"Positive", "local agradavel para um fim de tarde com amigos e petiscos entre os varios petiscos disponiveis aconselhamos alheira a praca tapa de queijo presunto e torresmo ovos com espargos lulinhas fritas"
