Sentiment, Review
"Positive", "a localizacao e excelente o pessoal super simpatico e a comida era mto boa a voltar de certeza aconselho"
"Positive", "dou estrelas porque acho que nao dao muita atencao ao motivo de estarmos so mas isso foi o que pareceu a mim comida boa bom espaco junto ao parque da cidade com muito espaco bonito"
"Positive", "bom restaurante numa zona privilegiada de beja tem uma boa esplanada em dias de calor a comida e boa e os precos normais o servico foi um pouco demorado porque estava cheio aconselho a visita obrigado"
"Positive", "adorei a experiencia de la jantar comemos no exterior virados para o espelho de agua do parque da cidade o servico e competente e os pratos estavam muito bons o bacalhau da casa e espetada de polvo belo restaurante para um relaxante convivio de amigos localizado no parque da cidade pode desfrutar da refeicao com uma vista sobre o lago e o espaco verde entradas com produtos frescos desde torresmos alentejanos a carne pratos simpaticos e atendimento correcto"
"Positive", "paramos para almocar e encontramos um ambiente calmo e simpatico muito amplo em tempos de espaco cumprindo as normas da dgs empregados super simpaticos e a comida estava divinal certamente iremos parar no futuro"
"Positive", "o atendimento foi estrelas os funcionarios eram muito simpaticos e o restaurante super limpo e amplo cumprindo todas as normas da dgs relativamente a refeicao foi super rapido desde o momento em que fizemos o pedido ate chegar a mesa e a comida estava maravilhosa precos em conta recomendo"
"Positive", "visitei o restaurante numa recente visita a beja um otimo almoco de casal a comida era otima a qualidade da carne e excelente adorei as migas de espargos atendimento simpatico cumpridas todas as regras de higienizacao face ao covid recomendo a quem visite beja"
"Positive", "visitamos o restaurante numa recente visita a beja atendimento simpatico e rapido bom ambiente e boa comida"
"Positive", "nao foi a primeira vez que fui ao espelho d agua mas esta ultima superou tudo tanto na comida como no atendimento os precos sao adequados"
"Positive", "um otimo jantar em familia a comida e otima a qualidade da carne e excelente nao tenho palavras para descrever as migas de espinafres e de espargos divinais atendimento muito prestavel uma simpatia cumpridas todas as regras de higienizacao face ao covid"
"Positive", "chegamos tarde e mesmo assim atenderam nos com toda a simpatia comida muito saborosa e atendimento estrelas parabens a todo o staff"
"Positive", "numa passagem rapida por beja onde queriamos uma refeicao rapida ja passando das h acabamos por ter uma agradavel surpresa ao chegar a este restaurante apesar de cheio e perto da hora de fecho conseguiram arranjar uma mesa e servir bem pedimos posta a carne espaco agradavel boa comida pena que muitas vezes nao tenha alguns dos pratos apresentados na ementa"
"Positive", "a comida e muito boa mas o atendimento e bastante demorado sugiro que venham com bastante tempo e com vagar para esperar"
"Positive", "deixa a desejar este estabelecimento como qualquer outro tem horario de funcionamento o cavalheiro tendo sido informado do horario de abertura nao respeitou tal informacao e entrou no estabelecimento foi lhe pedido que aguada se pois os funcionarios estavam a preparar as mesas para o servico entretanto foi lhe restaurante acima da media comida de excelente qualidade ambiente familiar atendimento simpatico e muito profissional quem passa por beja deve vir conhecer este templo gastronomico inserido num espelho de agua que lhe da o nome estao todos de parabens colaboradores gerencia e proprietarios"
"Positive", "e sempre bom regressar a este restaurante muito bom servico e sopa de cacao e migas de espargos com carne de alguidar fabulosas aconselho"
"Positive", "apesar da simpatia do empregado inicial a funcionaria que se intitula como chefe de mesas faz um atendimento horrendo nao levantei e abandonei o local na hora pois era domingo e a oferta na cidade de beja nao e muita local certamente nao recomendado por considerando como uma desilusao a funcionaria dizer que o prato que os clientes pretendiam nao era possivel executar dado que um dos elementos principais estava esgotado e como opcao foi lhe sugerido outro prato o qual a cliente opinou que a diferenca de valor era substancial almocei aqui com um grupo grande em dezembro correu tudo bem a comida estava muito boa experimentamos bacalhau espiritual e febras acompanhadas dumas deliciosas migas as quantidades eram mais que suficientes e nao houve esperas um almoco muito agradavel tem que se reservar mesmo que refeicao muito bem confeccionada bom atendimento jantar tranquilo em local muito aprazivel as doses sao boas e a comida muito boa"
"Positive", "uma excelente proposta em beja o restaurante espelho d agua e um espaco agradavel com comida muito bem confeccionada com um servico simpatico e uma vista agradavel"
"Positive", "entradas fabulosas marisco divinal e vinho no ponto a carne tenra e suculenta com uma apresentacao muito boa simpatia e preco dentro da normalidade"
"Positive", "o servico foi optimo rapido e prestavel a comida estava incrivel tao boa que mesmo cheios nao sobrou nada mesmo pelo bom que o borrego e as migas estavam isso aliado a vista fez da nossa visita a a de muitas"
"Positive", "servico perfeito vista soberba comida bem servida acorda bacalhau celestial boa carne de porco a alentejana e bom bacalhau espiritual"
"Positive", "local muito agradavel comida bem confecionada carne servida no ponto staff muito prestavel merece uma visita"
"Positive", "local com o excelente localizacao com uma zona envolvente muito bonita pratos muito bem confeccionados e excelente recepcao por parte dos empregados de certeza a repetir"
"Positive", "conforme o proprio nome fazemos as refeicoes num espelho de agua o que torna este restaurante agradavel e um pouco diferente moderno e com ementa diversificada sem deslumbrar vale a pena la ir"
"Positive", "restaurante com comida tipica e muito boa tem uma vista fantastica para o lago muita variedade fomos com um grupo e fomos muito bem atendidos"
"Positive", "ja tinha estado neste restaurante a algum tempo e honestamente nao me cativou muito contudo o potencial estava la apos um bom feedback decidi voltar novamente na realidade ja voltamos la x nos ultimos tempos os colaboradores sao os mesmos mas a expressao e atencao cuidado entradas migas de espargos com carne de alguidar sopa de cacao tira gosto mousse de chocolate ruazinho simpatia eficacia no momento que comecou a encher deixou de haver tempo para nos acabar de atender mas compreensivel"
"Positive", "muito estacionamento no exterior a carne estava deliciosa e a sangria estava boa a sobremesa e que deixou a desejar um espaco com explanada muito agradavel com uma vista muito bonita junto ao tejo e a comida com um toque brasileiro estava bem confecionada o atendimento e simpatico"
"Positive", "tipico bom restaurante de beja com as especialidades alentejanas em evidencia e muito bem frequentado dada a eficiencia do servico e a vista para um pequeno lago"
"Positive", "otimo atendimento comida bem confeccionada boa relacao qualidade preco boa localizacao otimo potencial podia ser melhor explorado"
"Positive", "jantei hoje neste espaco e tive uma agradavel surpresa restaurante com uma excelente vista e excelentes pratos t bone e tamaoke divinais migas e acorda muito boas sobremesas ao nivel do restaurante muito bom voltarei concerteza recomendo"
"Positive", "de passagem por beja escolhemos este restaurante para almocar os aspecto e a vista prometia contudo ficou muito a baixo do esperado e um restaurante normalissimo como outro qualquer quando tem potencial para ser um restaurante de excelencia a comecar pelo facto do restaurante estar boas instalacoes espaco agradavel mas pode melhorar servico e refeicao como instalacoes nada a apontar agradavel vista para um lago artificial o que e sempre agradavel quanto ao atendimento nada de especial uma funcionaria simpatica outros assim assim nao e sobretudo por isto que avaliamos um espaco boa relacao qualidade preco pratos com muito bom aspecto e muito saborosos a sangria de frutos vermelhos e uma excelente opcao para os dias quentes do alentejo os sabores alentejanos e bem portugueses estao bem representados tanto em pratos de carne como de peixe espaco comida muito bem confeccionada excelente servico e um espaco magnifico com uma vista soberba geralmente com exposicoes a decorrer"
"Positive", "fomos em passeio e descobrimos este restaurante junto a um parque a saida da cidade foi uma agradavel surpresa almoco muito bom comida excelente carta de vinhos muito boa a vista e agradavel e consegue se disfrutar do ambiente penso que o staff podia ser um com uma boa cozinha carne muito bem grelhada com diversos acompanhamentos as farofias sao divinais"
"Positive", "uma miga de espargos com carne do tacho de otimo sabor e condimentos equilibrados boa vista para o espelho de agua embora espaco com calor a mais neste inicio de outono servico rapido simpatico e eficaz"
"Positive", "fantastico nao percebo com ha quem diga mal desta catedral da alimentacao desde os funcionarios ao ambiente a qualidade dos alimentos"
"Positive", "comida excelente pratos elaborados grande qualidade num ambiente com uma vista privilegiada para o espelho de agua da cidade ambiente requintado excelente variedade na ementa e excelentes vinho recomendo vivamente"
"Positive", "o staff e super atencioso e eficaz a comida estava muito bem confeccionada e as sobremesas eram excelentes recomendo"
"Positive", "a simpatia e o sorriso para mim conta muito entrar num restaurante e sentir logo a partida que o servico nao e minimamente bom e porque a coisa nao vai correr bem e foi o que aconteceu experiencia gastronomica normal nada da mais simpatia excelente paio bom queijo e mas azeitonas restantes entradas nao convenceram poucas receitas alentejanas com excepcao de migas muitos grelhados mas as carnes provadas eram algo insipidas servico esforcado mas pouco presente"
"Positive", "lugar bonito bem localizado bom atendimento comida otima indicacao do amigo jose da quinta figueirinha que tambem vale a visitacao para ver a extracao de azeite e a producao de bons vinhos"
"Positive", "tem um excelente servico e uma carta simples mas muito completa e nada pretensiosa a localizacao e magnifica e o preco justo tudo e confeccionado na hora e com muita qualidade"
"Positive", "local acolhedor com atendimento atencioso e comida muito bem confecionado comi migas com cantor no alguidar recomendo espaco muito agradavel com excelente vista sobre o espelho de agua funcionarios atenciosos e uma carta com varias opcoes de pratos regionais no entanto a comida nao e surpreendente ficando apenas pelo razoavel nas entradas gostei dos torresmos para prato principal experimentei carne de alguidar lugar calmo e sereno como vista sobre o lago atendimento mt bom relacao preco qualidade acessivel recomendo o pato com molho de chocolate e frutos vermelhos melhor pato q comi em toda a minha vida uma mistura de sabidas espetacular uma equipa operacional um atendimento excelente uma das melhores carnes do alentejo um sitio unico o comandante recomenda"
"Positive", "excelente pratos deliciosos atendimento de dia ao almoco tem uma vista maravilhosa para o lago do parque da cidade mas o jantar nao deixa de ser agradavel pois o ambiente e bastante calmo e descontraido sendo os empregados de uma simpatia extrema excelente para levar criancas adoro este embora nao tenha sido a primeira vez penso que da outra vez foi no geral tudo um pouco melhor contudo a comida estava boa apenas achei o servico um pouco a despachar por assim dizer"
"Positive", "nunca me canso de ir la realizar uma refeicao porque sou sempre bem atendida a comida mantem sempre o nivel a que nos habituou e o ambiente sem ruido excessivo calmo e tranquilo consegue ser o melhor de tudo"
"Positive", "o servico foi rapido e os empregados sao simpaticos comemos carne de porco alentejana e misto de carne de porco a alentejana a carne e saborosa mas nao supreendeu nao tem opcoes vegetarianas"
"Positive", "paramos aqui para almocar quando vamos de ferias para o algarve restaurante bem situado com vista sobre um lago a entrada de beja funcionarios experientes e muito atenciosos comida excelente e muito bem servida tudo e muito bem confeccionado desde as entradas as sobremesas boa bem localizado ambiente acolhedor e discreto boa comida e doses generosas empregados estrelas certamente a regressar no futuro"
"Positive", "sem duvida um dos melhores da cidade com um ambiente discreto e tranquilo que eu pessoalmente prezo muito uma carta relativamente curta cuidada os pratos de confeccao irrepreensivel o atendimento simpatico e profissional o espaco leva nos a esquecer que estamos em beja para uma refeicao dia de junho por volta das h cheguei ao restaurante e estava composto tinha ou mesas vagas nao importa para o que me aconteceu ate podia estar cheio o que e importante e que cheguei ao restaurante e um empregado me perguntou foi muito bom a comida estava optima o servico tambem estava a altura a repetir o preco esta dentro do genero boa carta de vinhos"
"Positive", "vou la as vezes optimo experimentem as migas de camarao com camarao tigre porco preto muito bom"
"Positive", "o local e muito agradavel com vista para um lago onde desagua uma cascata logo a entrada de beja os empregados competentes servico atempado e simpatico quanto a comida nada de especial posta de vitelao muito nervosa e com pouco sabor migas de espargos requentadas um bom jantar comida muito boa bem servida doses generosas as espetadas excelentes pessoal muito atento e profissional precos simpaticos"
"Positive", "excelente almoco comida muito saborosa e pratos muito bem decorados preco razoavel excelente vista sobre o lago"
"Positive", "bom fui com a minha esposa a entrada estava um sr que nos dirijio a mesa e nos pos a vontade boas entradas estava tudo muito bom desde a comida ao cafe mais um restaurante que frequento abraco"
"Positive", "recomendo altamente este restaurante a comida muito bem servida doses grandes muito saborosa carnes de qualidade a melhor carne de porco a portuguesa que ja comi as espetadas tambem sao impressionantes a primeira vista vendo as fotos na internet pensavamos que se tratava dum sitio dos melhores sitios para comer carne de vitela muito boa garrafeira espetadas de peixe e mistas de qualidade servico profissional e competente com otimas vistas sobre o parque da cidade do melhor que ha em beja"
"Positive", "numa mesa com vista para o lago e num ambiente com requinte a ementa nao desiludiu e a refeicao foi repleta de pratos saborosos e bem confecionados"
"Positive", "restaurante com bonita vista para um lago com patos e cisnes com pessoal simpatico atencioso e eficiente bons queijos e presuntos pratos bem confecionados recomendo as migas de espinafres e o bacalhau com natas acesso a internet eficiente"
"Positive", "foi a terceira vez que estive neste restaurante e sempre muito bom a comida e regional e pessoal muito simpatico gostei particularmente dos pratos de porco"
"Positive", "empregados sempre simpaticos e prestaveis prato muito bem confeccionados optamos por pratos tipicos da regiao e fomos bem aconselhados sobre a doses a servir migas com carne do alguidar e carne a alentejana ficou o desejo de voltar"
"Positive", "entradas soberbas grelhados muito bons e migas otimas sobremesas caseiras de muita qualidade a vista muito agradavel para o lago os empregados muito simpaticos sem serem chatos estacionamento muito facil"
"Positive", "restaurante bem decorado com uma vista simpatica para o lago servico muito bom e comida fantastica"
"Positive", "ja ca tinhamos estado a porta numa outra viajem e ficou sempre a ideia de la irmos quando voltassemos a beja em boa hora o fizemos fomos bem atendidos nao tinhamos reserva mas felizmente havia mesa e a comida era muito boa recomendamos"
"Positive", "bom ambiente pessoal simpatico e com boas dicas sobre o jantar quando encheu ficou um pouco complicado mas boa comida e boas sobremesas"
"Positive", "comida razoavel empregados simpaticos mas poucos para conseguirem prestar um bom servico tem algumas a melhorar nesse sentido"
"Positive", "primeiro a facilidade de estacionamento depois as instalacoes que com uma vista desafogada sobre o espelho de agua boa climatizacao e conforto nos agradam a vista se a isto aliarmos uma cozinha de alta qualidade doses generosas pessoal atencioso e profissional e preco razoavel temos local de paragem por terras de beja agradavel com bons grelhados acompanhamentos e sobremesas tipicas da regiao"
"Positive", "sitio agradavel tanto para grupos como para familias comida tipica de boa qualidade sitio tranquilo e pessoal simpatico"
"Positive", "restaurante relativamente espacoso com uma esplanada agradavel onde ficamos fomos ao jantar pelo que nao conseguimos aproveitar bem a vista que acredito que seja fantastica durante o dia dada a localizacao privilegiada a comida estava relativamente saborosa e o preco esta dentro da media o apesar de se tratar de um espaco moderno na cidade de beja os pratos elaborados sao bem tradicionais as doses sao bem servidas chegando a ser suficiente para duas pessoas caso tambem se peca algo para petiscar os funcionarios foram muito bem educados e o este restaurante tem bom acesso e facilidade de estacionamento a vista para o parque da cidade e excelente possui um ambiente calmo tranquilo e sem muito ruido a comida e de boa qualidade e as doses sao bem servidas em termos de quantidade o peixe e um restaurante com variedade de pratos muito bons bem servido com optima vista para um lago artificial muito giro os funcionarios sao muito simpaticos os precos rondam entre os e por pessoa"
"Positive", "apesar de nao ser muito barato a pax o restaurante espelho d agua apresenta uma lista variada e de boa qualidade esta localizado numa zona tranquila mas fora do centro com vista para um lago artificial e aconselhado para refeicoes calmas com tempo para saborearmos servico de qualidade onde comi uns deliciosos torresmos e uma costeleta de novilho que nao desiludiu a relacao qualidade vs preco nao defrauda a repetir"
"Positive", "comida boa e vista excelente so nao chegue perto de fechar que o atendimento fica pessimo fica a dica"
"Positive", "cozinha portuguesa com um toque alentejano onde tambem e possivel desfrutar de excelente peixe a localizacao e excelente e o servico simpatico"
"Positive", "bom servico e boa cozinha pratos regionais e peixe fresco de qualidade boa carta de vinhos e empregados atenciosos"
"Positive", "a entrada de beja fica situado este restaurante bastante agradavel recheado de bons sabores gastronomicos comemos bem bebemos bom vinho e saboreamos uma boa sobremesa vale bem a pena visitar este restaurante numa visita a beja preco simpatico"
"Positive", "quando esta cheio o atendimento nao e particularmente bom em especial se for um desconhecido ninguem vem perguntar se quer mesa ou quantas pessoas sao a comida e bem feita em especial os grelhados mas o atendimento deixa muito a desejar"
"Positive", "a localizacao e agradavel facil de estacionar a comida e saborosa a sangria de espumante e de frutos vermelhos recomenda se"
"Positive", "em epoca de ovibeja nao foi facil encontrar um restaurante disponivel infelizmente muitos estavam fechados e os restantes cheios por volta das la conseguimos uma mesa para pessoas os passarinhos de entrada estava muito bons os pratos que escolhemos estavam muito bem confeccionados boa comida atendimento bom bom ambiente espaco no inverno um pouco frio mas no geral uma casa a voltar concertesa"
"Positive", "a comida e muito saborosa a carne tem qualidade deveria existir mais opcoes para as criancas a sangria de frutos vermelhos uma delicia e facil estacionar e a vista e agradavel"
"Positive", "fomos rapidamente atendidos com simpatia e disponibilidade total apesar das entradas nao saberem ao aspecto que ostentam a espetada de tamboril e as migas a calha sao muito boas tendo uma relacao preco qualidade muito bom a vista e sem duvida o melhor deste restaurante"
"Positive", "simplesmente excepcional bom atendimento comida muito boa restaurante com uma optima vista para um espelho d agua vou voltar com toda a certeza"
"Positive", "nao e mau ja la fui vezes a comid nao e ma ate e boa um pouco sobrevalorizada ate vale mais pelo ambiente o atendimento varia bastante segundo o empregado"
"Positive", "antes de mais tem bom estacionamento e faceis acessos para um jantar rapido antes do benfica foi ideal super atenciosos e prestaveis o jantar foi uma posta de vitelao que estava divinal no ponto e o melhor para o fim o espaco e a vista depois de uma viagem bem longa e quente foi super agradavel este local calmo com vista para a agua local refrescante"
"Positive", "comida mediana alguns patos melhores que outros mas nada de excepcional alguns ate bem banais e abaixo da media ha muito melhor na cidade a unica verdadeira vantagem e a facilidade de estacionamento"
"Positive", "o lugar o servico a confeccao da refeicao fizeram do momento do jantar una bela e agradavel experiencia recomendo para os visitantes da cidade e para is proprios habitantes"
"Positive", "comida boa espaco estranho com pouco requinte o atendimento foi estranho tanto de simpatia e depois a ralharem entre eles a frente dos clientes"
"Positive", "para quem gosta de ir para o algarve fora da auto estrada encontramos em beja com bom local para estacionar o restaurante espelho de agua mesas com vista para o lago comida bem confeccionada recomendo as espetadas e o bacalhau e a restaurante com ambiente luminoso e sofisticado no interior e bonita envolvencia exterior o tal espelho de agua o estacionamento e facil chegamos ja perto da hora de fecho da cozinha estavamos em viagem mas nao deixamos de ser recebidos com cortesia a refeicao comi bacalhau a espelho de agua que recomendo a minha mulher comeu carne de alguidar com migas de espargos tambem estava excelente bebemos um bom vinho da regiao"
"Positive", "moro no reino unido e fui de ferias a portugal alentejo foi me recomendado o restaurante espelho de agua eramos pessoas quando chegamos ao restaurante fomos recebidos atenciosamente foi nos dada uma mesa onde podiamos disfrutar a vista do lago o chefe de sala atendeu nao e um restaurante tipico mas a vista sobre o lago e bonita e e por regra um local calmo a ementa apresenta alguns pratos tipicos e todos os pratos tem um aspeto cuidado recomendam se as espetadas e para sobremesa a panacotta"
"Positive", "quando chegamos apesar de varias mesas vazias e sem reserva nao nos deram uma junto a janela que tem mais luz e melhor vista a sensacao e que essas eram para os amigos nao fiquei nada impressionada com a comida a sobremesa farofias eram velhas um restaurante um pouco diferente do que se pode chamar do castico que esperemos encontrar num lugar como beja no entanto o espaco por si so nao e nada de especial as cadeiras de plastico ate me deixaram com a impressao que estava numa esplanada excelente lugar para provar deliciosos petiscos e tipicos pratos alentejanos adorei o salao com paredes envidracadas recomendo"
"Positive", "espaco agradavel e com boa vista bom atendimento e bom ambiente nesta minha terceira vez que visito este restaurante surpreendeu me a qualidade de uma carne que comi e que nao me deixou satisfeito"
"Positive", "restaurante com excelente servico boa apresentacao convidativo e com personalidade com boa ementa e uma boa carta de vinhos o unico senao sao as fracas entradas e o wc fora do restaurante ou seja no inverno e desconfortavel recomendo o magret de pato com pure esta era uma parada de hora do almoco como nos apagamos o desvio como nos estavamos dirigindo beja ao redor ha cargas de estacionar perto e o restaurante e facilmente visto como e uma estrutura de concreto grande ao lado de um homem fez lago tendo dito que as mesas foram limpas ea equipe atenciosa novamente foi na hora do almoco entao tivemos que esperar alguns minutos enquanto a nossa mesa estava pronta boas opcoes de menu a equipe muito agradavel e atenta e capaz de compreender ingles e explicar o conteudo refeicao mas como chegariamos no algarve depois tivemos apenas mains lavados com vinho e agua a conta foi apenas euros para o que foi muito gratificante refeicao vale a pena tentar"
"Positive", "nos fomos adultos criancas menores de anos almocando no espelho de gua o lugar e muito bonito com vista para o parque da cidade e um lago artificial criando um ambiente muito descontraido que ajuda voce a desfrutar da sua refeicao todos os pratos que pedimos foram muito bons e excelentemente apresentado a partir das entradas para os desertos"
