Sentiment, Review
"Positive", "a evitar servico lento meia hora apos o pedido vieram a mesa dizer que nao tinham dois dos pedidos disponiveis bacalhau sem sabor bife da vazia nervoso aproveitaram se as plumas e uma boa costeleta servida por engano ao inves de um bife sem mb"
"Positive", "espaco e ambiente muito agradavel refeicao despretensiosa de elevada qualidade recomendo bastante"
"Positive", "venho apenas elogiar a comida servida nem sempre tem o melhor servico de mesa nem o melhor ambiente nem as melhores sangrias mas tem sempre a melhor comida com um sabor delicioso e sem sabores elaborados ou processados em fabricas da a sensacao que muitos dos pratos levam ingredientes caseiros e naturai da horta ali ao lado"
"Positive", "fotos e menu disponiveis no trip advisor levam a acreditar que se trata de uma agradavel alternativa aos restaurantes tradicionais alentejanos nao so pelo conteudo do menu mas tambem pelo ambiente da casa infelizmente a nossa experiencia foi uma desilusao sala de refeicoes desconfortavel por ser fria dado existir uma corrente de ar permanente que corria ao longo das mesas casa de banho dos homens pelo menos com muito mau aspecto interruptor da luz partido aspecto geral pouco higienico acesso a dita muito mal iluminado a maior parte das opcoes do menu nao estavam disponiveis refeicao com uma qualidade e aspecto banais a nao fazer jus as fotos nem por isso barata para uma casa que se auto intitula museu do vinho a variedade da oferta de vinhos foi um dos aspectos mais negativos havia apenas vinhos tintos a escolha ao contrario do que se pode ver na carta e apenas dos mais comuns e ainda percebemos mais tarde que de dos havia apenas uma unica garrafa disponivel no restaurante a pandemia podera justificar alguma reducao na qualidade do servico mas nao desculpa tudo por exemplo nao desculpa a escassez da oferta de vinhos ate porque visitei outros restaurantes da zona na mesma altura e as experiencias foram bem mais positivas este restaurante deixa muito a desejar e certamente nao voltara a ser opcao no futuro nao recomendo de todo"
"Positive", "descobrimos o local por acaso e bendita a hora o sitio e lindo e muito acolhedor o atendimento e fantastico e supersimpatico estrelas recomendo vivamente"
"Positive", "atendimento super antipatico a sra que faz o atendimento a mesa nao e minimamente simpatica alguns dos pratos pedidos nao se encontravam disponiveis e o atendimento e efectuado a mesa sem o uso de mascara o que face aos tempos que correm nao e aceitavel"
"Positive", "a senhora que a atendeu tem duas licenciaturas e uma senhora extremamente educada e afavel o que nao e o seu caso querida senhorita que nao tem com certeza nem classes e ainda por cima mentirosa onde e que o seu companheiro a encontrou a senhora que pedimos a costoletinhas de borrego com migas e os lombinhos com cogumelos com batata frita estava tudo muito bom"
"Positive", "do melhor que o alentejo tem coisa boa cosinha estrelas antendimento perfeito do melhor nao ha palavras"
"Positive", "tudo delicioso adoramos o peito frango com molho de limao o arroz do chef costeletas de borrego plumas e o bife angus maravilhoso estava tudo maravilhoso ja esta nos favoritos quando passar em beja com certeza farei uma paragem"
"Positive", "bom ambiente acolhedor e confortavel muito boa comida pessoal muito simpatico visitamos o inicio do museu interessante a voltar"
"Positive", "servico fraco e o restaurante estava vazio um empregado a fazer tudo servir as mesas fazer a comida e receber pagamento muito fraco para aquilo que mostrava muito caro para o menu apresentado"
"Positive", "o ambiente e quente acolhedor cores quentes os medalhoes sao os mais macios que comi muito bem servido batatinhas com alho deliciosas vinho ao jarro muito bom para voltar"
"Positive", "pedimos costeletinhas de borrego com arroz do chef divinal migas de camarao panacota com molho de frutos silvestres atendimento muito bom"
"Positive", "comida maravilhosa fresca saborosa atendimento atencioso personalizado comida portuguesa e do mundo"
"Positive", "o que para mim melhor caracteriza este restaurante sao as pessoas que o compoem atendimento acolhedor num espaco tradicional rustico cozinha de boa qualidade e flexivel a dieta vegetariana"
"Positive", "tivemos dificuldade em arranjar restaurante e aqui foi apos tentativas noutros locais onde fomos recebidos comida muito boa com ingredientes frescos costelinhas de cordeiro plumas e migas tudo muito bom servico razoavel valeu a pena"
"Positive", "muito bom recomendo vivamente a decoracao e fantastica a comida e o servico tambem a voltar brevemente"
"Positive", "excelente comida e servico de primeira qualidade a qualidade apresentacao e sabor do prato pedido foi sensacional"
"Positive", "a comida e bem confeccionada e esta em linha com os precos praticados o ponto forte do espaco e mesmo a sua decoracao ambiente adoramos ponto a melhorar para um restaurante que se chama adega do castelo museu do vinho achei a carta de vinhos muito tipico sem duvida boa ementa mas quando pedimos seja o que for o empregado prontamente diz acho que nao temos acabam por ter mas quando digo a tudo e a tudo mesmo pedi a posta alentejana com pimenta verde considero normal a eu conheco esta casa desde o seu esqueleto e digo que nao existiu nenhuma vez em que me arrependesse de vir ca jantar ou almocar recomendo a todos e aqui fica uma foto da entrada da qual a imagem fala por si venham descobrir"
"Positive", "restaurante escondido mas divino a comida estava optima com carnes de qualidade superior o servico e muito eficiente e a musica ambiente bastante agradavel aconselho os vinhos da casa pois sao realmente surpreendentes uma experiencia fantastica e sem duvida a repetir"
"Positive", "passamos pelo restaurante por acaso mas revelou se uma excelente surpresa o servico foi muito rapido e cuidado e a comida estava deliciosa recomendo"
"Positive", "de passagem por beja com a familia uma agradavel surpresa comida bem confeccionada voltaremos numa proxima oportunidade"
"Positive", "sitio muito agradavel carta nada pretensiosa com pratos simples mas muito bem confeccionados e em doses bem razoaveis bom atendimento preco um pouco superior a media mas justo voltarei com toda a certeza"
"Positive", "simplesmente n existem palavras quando a perfeicao e atingida num prato o de se ve e se prova a fusao de alguem com muita experiencia venham e provem porque vao desejar mais"
"Positive", "e muito complicado arranjar um restaurante em beja que sirva mais do que carne de porco ou bacalhau ja em desespero conseguimos encontrar esta adega optimo arroz com vegetais boas sobremesas de frutas vinho a copo adequado a refeicao simpatia q b"
"Positive", "o espaco e muito agradavel e bem decorado mas o atendimento pode ser mais simpatico a comida e bastante boa e recomendo vivamente as gambas al ajillo o lombo de bacalhau assado no forno e principalmente a carne de angus que estava muito bem confecionada positivo comida saborosa sem impressionar negativo servico pouco simpatico nem boa noite disseram restaurante sem vinhos quando na carta apresentam varios o mesmo acontecendo com os pratos principais so tinham sobremesa quando na carta de sobremesas tinham varios muito caro para a qualidade dos fui com o meu marido a comida servida estava bem confeccionado e de apresentacao cuidada mas o espaco chama se museu do vinho tem uma carta de vinhos curta e quando tentamos escolher um vinho obtivemos por diversas vezes a resposta esse nao temos e restaurante unico em beja parabens boa comida bom servico um ambiente familiar com uma decoracao evocando velhos tempos recomenda se"
"Positive", "restaurante maravilhoso que encontramos andando em beja a comida foi incrivel e a equipe foi maravilhosa e altamente recomendavel"
"Positive", "nos estavamos nas proximidades e paramos para o almoco que otima experiencia o servico foi rapido e gentil todos os pratos foram excelentes e muito bom com precos moderados vinho retornaria em uma heartbeat"
"Positive", "escolhemos este lugar foi bastante mas a comida e muito boa voce tem que visitar este lugar tomei o bife com molho de pimenta e meu amigo o bacalhau com batatas foi tao delicioso garcom e amigavel tambem e pena que nao muitas pessoas visitam este lugar"
"Positive", "ja um cliente no restaurante local anterior nada de importante foi perdido na mudanca a comida e tao boa como sempre foi talvez o nome seja incorreto digamos que eu va com mais frequencia a esse restaurante do que a todos os outros juntos esta e uma afirmacao forte o suficiente"
