Sentiment, Review
"Positive", "final de dia perfeito com optimos petiscos uma sangria de frutos vermelhos deliciosa e uma simpatia da senhora que nos atendeu a visitar excelente"
"Positive", "excelentes tapas feitas com dedicacao e ao pormenor puro sabor alentejano otimo para estar com amigos e passar um belo momento gastronomico"
"Positive", "ideal para saborear um bom copo de vinho alentejano e ouvir boa musica tem um ambiente acolhedor e o dono e muito simpatico"
"Positive", "fantastica decoracao onde uma variedade de pecas dos anos se enquadram na modernidade para tomar um cafe lanchar ou provar os petiscos este e um espaco agradavel e acolhedor onde nem a musica ambiente falta a compor todo o quadro entra se conversa se com o anfitriao com os clientes que entram e parece ja uma familia adoramos e voltaremos"
"Positive", "embora com gps andava um pouco ha deriva porquanto era a a vez que visitava a cidade de beja para recolher mos da pequena chuva deparamos com um cafe de nome art deco wine bar cafe casa de cha onde pedimos informacoes sobre a zona historica da cidade o sr victor pessoa que nos atendeu referindo estao no local certo aquele guia que bem precisavamos apos tomar mos um bom cafe qual nao foi o meu espanto o mesmo tinha cursado na escola agricola da paia e p a d d tal como eu nos anos tudo isto para dizer o quao de bom e passar por este local a todos os colegas da paia um grande abraco"
"Positive", "dificil encontrar em beja um sitio para beber um copo de vinho finalmente demos com este espaco que por fora prometia um pouco mais do que ofereceu por dentro gostamos do vinho mas a variedade nao era muita para acompanhar azeitonas que podiam ser de melhor qualidade e pela sugestao da simpatiquissima dona uma empada de pato muito boa tenho a evidenciar a falta de renovacao dos assentos da casa porque ajudam a perlongar a estadia no local resumindo local que tem uma boa localizacao mas precisa de renovacao mas pode manter o som da musica com que nos presenteou"
"Positive", "o bom gosto mora ali come se e bebe se muito bem ouve se boa musica e com sorte se apanharem uma hora mais calma ainda vao ter direito a dois dedos de conversa bem interessante com o pessoal da casa eu tive e gente bem gira"
"Positive", "tapas preparadas com cuidado e sabor requintado ambiente calmo tranquilo e prezamos a simpatia do pessoal para continuar a frequentar certamente"
"Positive", "comida maravilhosa ambiente calmo e muito bom gosto na decoracao e escolha do servico recomendo provar o jantar das quintas feiras"
"Positive", "a simpatia do espaco a par da simpatia de quem nos atende faz nos sempre querer voltar uma e outra e ainda outra vez aqui revivemos memorias da nossa infancia dos nossos antepassados altamente recomendado para um pequeno almoco simpatico para uma limonada a meio da manha para um copo de vinho de final de tarde para provar deliciosas iguarias e sempre sempre ao som de boa musica faca como eu e traga os amigos nao sabe o que anda a perder uma surpresa encontrar esse cafe a decoracao e um caso a parte leva nos para outra epoca uns anos atras com moveis e decoracao de epoca o lugar possui muitos vinhos para experimentar e um ambiente para uma conversa chique informal daquelas que vc vai a polivalencia deste estabelecimento e soberba pequenos almocos casa de cha petiscos deliciosos de degustacao e wine bar instalado num dos edificios estilo art deco mais bem conservados na cidade de beja a decoracao cuidada acompanha a epoca desde as mesas as cadeiras sofas balcao com seu estilo retro shabby chic esse lugar poderia ser em hoxton londres o lugar mais descolado para comer fora na capital mas aqui estamos em beja a deliciosa proprietaria e calorosa e acolhedora a comida caseira excitante e vibrante e num dia quente e poeirento os limoes menta e mel espremidos na hora salvaram vidas nao perca esta oportunidade"
"Positive", "fiquei realmente curioso sobre este bar de vinhos diferente de tudo o que voce encontra em beja e com uma otima localizacao foi simplesmente perfeito lugares agradaveis fora aproveitando o clima fresco otimas cervejas locais e petiscos maravilhosos e o proprietario e otimo com otimas historias sobre a regiao e seus vinhos estara de volta com certeza"
"Positive", "bom lugar em beja para um cappuccino e alguns doces caseiros servico rapido em atmosfera autentica"
"Positive", "estavamos cansados de passear por beja e encontramos este lugar a musica era rock classico e o lugar tinha uma atmosfera relaxada nos nos sentamos fora olhando para a torre da igreja surpreendente em frente a estrada beber uma grande garrafa de vinho local nos assistimos as estrelas sairem e ouvimos a cidade ficar quieta este e um maravilhoso local romantico em uma maravilhosa cidade antiga"
"Positive", "este lugar estava deserto e quando chegamos o proprietario aumentou o volume de sua musica e deu um cafe morno com um pouco de chocolate em uma panela cobrado para isso nao e um lugar que eu voltaria"
