Sentiment, Review
"Positive", "boa comida e staff muito simpatico os precos sao bastante acessiveis e o servico muito rapido sem duvida a repetir"
"Positive", "a carne estava muito bem grelhada um atendimento muito bom recomendo tambem o vinho e as sobremesas sem duvida a voltar e a recomendar"
"Positive", "comida realmente saborosa porco preto divinal provamos as costelas os lagartos e as plumas vinho branco da casa bom o servico foi um pouco demorado nomeadamente para fazer o pedido da comida para almocar no entanto o restaurante estava cheio e so o toi fazia os pedidos da comida staff muito simpatico almocamos no exterior estava muito calor apesar de ser um dia no incio de setembro e estava bastante barulho devido a um grupo maior presente boa experiencia"
"Positive", "atendimento espectacular quer da parte da parte dos funcionarios quer do sr toi excelente comida a precos acessiveis"
"Positive", "casa simples e atendimento familiar provamos o ensopado de borrego e preciso encomendar e gostamos muito"
"Positive", "mas que excelentes carnes simplicidade e sabor supremo excelentes carnes de porco preto recomendado sem duvida alguma"
"Positive", "sempre genial sempre fantastico aqui e o alentejo e preciso aguardar quem espera sempre alcanca paciencia e provarao a melhor carne de porco preto do mundo"
"Positive", "excelente qualidade maxima nos produtos no servico e no ambiente se vivesse aqui perto tinha mais kg em cima"
"Positive", "espaco mais parecido com uma tasca mal entrei pensei que ia ser o maior barrete da minha vida mas felizmente enganei me pessoas muito mas muito simpaticas comida simples mas muito boa recomendo a todas as pessoas que gostem de comer bem a salientar que o melhor e carne de porco tendo na ementa tambem vitela e peixe negativo a apontar apenas a parte de ter que se passar no cafe e casa de banho para nos dirigimos a sala e um local que ja visitamos varias vezes e simpatico e pitoresco servem uma carne na brasa bem saborosa e destaque para a salada de tomate nao se come mal e convem reservar recomendaram nos o choco frito mas como tem que ser com marcacao ainda nao conseguimos provar"
"Positive", "excelente carne no ponto certo com uma selecao variada que nem sempre encontramos presa plumas abanicos lagartos o entrecosto foi o favorito e a salada de tomate acreditem que nunca comeram melhor a simplicidade vence e o preco e mais do que justo vamos o caminho a beja leva nos so toy dos caracois melhores grelhados do sul atendimento muito bom nem lembro o preco mas de voltar sempre"
"Positive", "um staff simpatico com uma boa confeccao paladar unico a um preco acessivel deve marcar mesa para garantir um manjar dos deuses"
"Positive", "tudo de comer e chorar por mais impossivel nao ficar gravado na memoria salada de tomate divina carne de porco preto assada na grelha de carvao como nunca comi tudo feito na hora supre fresquinho excelente"
"Positive", "trata se do melhor entrecosto do mundo as outras iguarias de porco preto tambem sao excelentes a salada de tomate e de comer e chorar por mais"
"Positive", "quem quiser comer boa carne e de qualidade vai ao toi servico esmerado carne de muita qualidade sobremesas boas e generosas"
"Positive", "boa noite toy ha cadeiras para jantar bem passadas de qualquer modo estamos com fome e com pressa demoramos min venham ate ja passados min o telefone toca rest toy farois comentamos o toy a ligar afinal nao tem a melhor salada de tomate do mundo e tem um piano de porco preto de comer e chorar por mais conforme foto junto"
"Positive", "fui num dia de casa cheia mas o dono que ate estava a nos servir nao foi nada simpatico nem atencioso ate foi rude e bruto no atendimento a comida sao grelhados no carvao a carne e de boa qualidade mas as doses nao sao em viagem de norte para sul ia com a referencia deste restaurante como destino a testar de boa qualidade gastronomica sem marcacao uma sexta a tarde contei com a amabilidade do gerente sr toi arranjou uma mesa entre as e as para hora de espera na mesa ate chegar a carta mesa reservada previamente sentamos as h comida chegou as h m estamos a falar de uma quinta feira no mes de setembro desorganizacao falta de atencao para os clientes"
"Positive", "a melhor carne de porco preto grelhada que ja comi eramos pessoas e comemos entrecosto lagartos e presas qual delas a melhor salada de tomates fenomenal e batata frita excelente sao o acompanhamento atendimento muito simpatico e correcto preco qualidade excelente pena a distancia e uma verdadeira casa alentejana comida muita saborosa a carne e maravilhosa e a salada de tomate e de outro mundo simpatia do dono e do restante staff sao uma mais valia espero voltar ainda bem que existem este sitios tipicos onde podemos comer bem este restaurante continua a ser um dos melhores de beja nunca desilude excelente carne bem grelhada acompanhada por umas boas batatas fritas e excelente salada de tomate ambiente simples e descontraido equipa simpatica e atenciosa preco adequado saimos sempre satisfeitos e com vontade de voltar local muito acolhedor recomendo os lagartinhos os grelhados sao todos fantasticos local a repetir numa proxima visita a beja"
"Positive", "boa carne de porco preto otimas batatas e excelente salada de tomate fica sempre a vontade de voltar outra vez"
"Positive", "ambiente acolhedor com staff simpatico e atencioso carne de porco preto do melhor que ha sem duvida que voltaremos"
"Positive", "e por estes restaurantes que vale a pena ter o tripadvisor caso contrario nao o encontraria carne de porco preto e a especialidade da casa comi presa iberica que nao conhecia e que estava excelente acompanhada de salada de tomate temperada com sal grosso um excelente qualidade onde nao faltam o entrecosto plumas e secretos as batatas fritas nao sao congeladas e a salada de tomate vem com oregaos e necessario telefonar primeiro a confirmar lugar"
"Positive", "e sempre uma grande satisfacao comer uma refeicao neste restaurante especializado em carne de porco preto aconselho a marcar previamente"
"Positive", "local agradavel comida muito boa carne bem grelhada salada de tomate magnifica atendimento estrelas recomendo"
"Positive", "este restaurante e mesmo muito a entrada e algo estranha mas vale a pena la ir almocar ou jantar a salada de tomate e efectivamente muito boa comemos plumas e lagartos e ambos estavam super tenros e suculentos a repetir sem duvida"
"Positive", "a quem quiser comer uma carne grelhada recomendo este restaurante fica a alguns km de beja mas vale bem a pena a salada de tomate e fantastica ja para nao falar nas batatas feitas caseiras quem gostar de tarde de amendoa aconselho e um espaco restaurante simples e especialista em grelhados a possibilidade de escolha e reduzida carne de porco grelhada mas bastante interessante excelente relacao preco quantidade e qualidade atendimento de bom nivel"
"Positive", "venho aqui de proposito para comer este entrecosto maravilhoso salada aconselho a todos venham a beja conhecer e provar"
"Positive", "apos chegada tardia para almocar e mesmo assim muito bem recebidos fomos surpreendidos pelo sabor magnifico da carne de porco preto plumas lagartos e uma costelinha acompanhado por uma salada de tomate unica o que resultou dai tivemos que la voltar mais duas vezes em numa pequena aldeia bem escondida a poucos quilometros de beja fica este templo do porco preto carne muito bem grelhada salada de tomate estrelas pessoal estrelas divertidos e simpaticos tudo a um preco muito simpatico"
"Positive", "um dos melhores sitios pars comer um bom porco preto atendimento tipico e simpatico comida de chorar por mais aconselho vivamente este espaco"
"Positive", "local tipico alentejano muito humilde cada funcionario tem a sua funcao nao adianta pedir logo comida pq a primeira menina do tratava das bebidas e esperar e ponto no entanto vale a pena pela boa carne de porco preto que servem suculenta e muito tenra como era um grupo grande ligamos a pedir reserva na chegada o sr disse como tinha o restaurante cheio nao garantia reserva para esperar um pouco uma hora depois perguntei porque nao nos punham em mesas o sr mais novo veio ao balcao e vivo em beja e e um dos restaurantes onde as vezes faco uma escapadinha todos os grelhados sao fenomenais o servico e de qualidade a comida excelente e recomendo os pratos de porco"
"Positive", "bom em todos os aspectos ao contrario da dona maria porque a higiene meu deus muito bom podem ir confianca"
"Positive", "atendimento do melhor com simplicidade e gentileza porco preto o melhor deste mundo salada tomate"
"Positive", "somos do norte e viemos ca experimentar a tao bem falada carne de porco preto grelhada carne de porco preto salada de tomate e batatas fritas simples e otimo comida top atendimento top de salientar a simpatia do senhor mais velho super atencioso preco top local soberbo para comer carne de porco grelhada carne de qualidade bem temperada e bem cozinhada restaurante pacato modesto com boa climatizacao em pleno verao nao se sente a temperatura alta da rua pessoal simpatico e acolhedor local para ir com calma sem pressas para restaurante simples mas com comida vem confeccionada excelente carne de porco preto grelhada com uma salada divinal convem marcar"
"Positive", "restaurante informal mas com carne grelhada fora do normal o vinho da casa podia ser um pouco melhor carne batatas fritas e salada de tomate tudo cinco estrelas convem marcar mesa com antecedencia"
"Positive", "restaurante informal refeicoes a base de grelhados salientando se o entrecosto porco preto e achiga simpatia dos funcionarios e precos razoaveis convem reservar mesa pois esta quase sempre lotado ah e nao tenham medo da salada de tomate do toy ate podem molhar o panito restaurante familiar com o amigo toy farois ao leme para se comer do melhor porco preto em beja e arredores e obrigatorio fazer uma visita a esta casa a cerca de kms da cidade no lugar de porto peles tambem serve por encomenda uma do melhor em beja restaurante estrelas boa comida boa bebida simpatia e eficiencia servir bem e bem servir"
"Positive", "aqui o porco preto grelhado e rei servico algo lento mas muita qualidade na carne e no tempo da grelha"
"Positive", "casa pequena e geralmente cheia os sabores estao no ponto certo o entrecosto na brasa e a salada de tomate sao obrigatorios"
"Positive", "servico lento boa comida a espera o r vezes e longa mas quando chega a carne grelhada no ponto tudo se esquece"
"Positive", "excelente qualidade a um preco muito acessivel muita simpatia no servico melhor porco preto que ja comi experiencia a repetir convem usar gps para la chegar mas vale bem o esforco"
"Positive", "almoco de amigos neste simples restaurante bejense que serve carne porco preto de excelencia costelinhas e plumas divinais salada de tomate irrepreensivel e batata frita tradicional a beleza da simplicidade no meio da planicie alentejana"
"Positive", "mesmo com mesa marcada levou cerca de minutos para sermos atendidos mas pronto como era fim de semana e nada para fazer compensou a espera com umas deliciosas plumas e entrecosto"
"Positive", "nada arrependidos por esperarmos pelo jantar fomos muito bem recebidos para alem disso foi nos explicado toda a carta carne divinal e a melhor salada de tomate que alguma vez comemos qualidade vs preco do melhor voltaremos em breve"
"Positive", "o restaurante toy farois e um local a visitar apesar de nao ser facil de la chegar mas so a primeira vez porque depois nao tem nada que enganar o porco preto e o rei neste espaco com uma qualidade excepcional comemos presa iberica o toi farois e um restaurante que ja tem fama particularmente para os apreciadores do que o alentejo tem de melhor a carne de porco preto o bom vinho o ambiente simples e acolhedor sao a juncao dos elementos basicos para transformar este local restaurante muito simples mas com uma ementa de carne porco preto grelhada fantastica salada de tomate muito boa na hora de escolher nada melhor que aceitar a sugestao do dono v"
"Positive", "apesar do caminho muito defeituoso este lugar isolado surpreendeu o dono e muito simpatico e a carne e divinal muito muito bom"
"Positive", "a comida e simples caseira mas muito saborosa o espaco e simples sempre cheio de gente sinceramente nao sei que magia fazem com a salada de tomate que so tem tomate e cebola mas foi a melhor salada de tomate que ja comi"
"Positive", "possivelmente o melhor restaurante onde comi desde que cheguei a beja por mais reportes que tenha tido a salada de tomate faz jus a fama e a carne grelhada bem sem comentarios entrecosto lagartos plumas etc tudo o que o porco preto tem para oferecer a caminho de evora fiz um desvio em beja para conhecer o restaurante toy farois por sorte sem reserva apanhei a ultima mesa disponivel o porco preto e o rei neste espaco com uma qualidade excepcional comemos presa iberica e entrecosto piano as restaurante tipico com comida bebida atendimento de qualidade alentejana do melhor sitio para voltar sempre que estejamos pelos lados alentejanos beja qualidade vs quantidade"
"Positive", "foi nos recomendado ir ao toy pelo entrecosto e pela batata frita caseira valeu bem cada ossinho o espaco e uma cafe modesto o atendimento simpatico mas nada do outro mundo mas o entrecosto a salada de tomate e as batatinhas tudo optimo de tal maneira um lugar a voltar sem duvida pela simpatia dos funcionarios e pela excelente confeccao da refeicao a carne grelhada e magnifica excelente qualidade"
"Positive", "restaurante sensacional vale a pena a parada quando estiver indo para algarve ou voltando para lisboa e um restaurante bem simples mas com um atendimento impecavel pode ligar para reservar e nao arriscar chegar e estar lotado pedimos plumas entrecosto e presa de porco preto um pequeno restaurante que serve uma carne de porco grelhado excelente entrecosto plumas lagartos com um ambiente descontraido e com uma cerveja muito fresca eramos um grupo grande de pessoas e as sobremesas variadas e saborosas no fim ainda tivemos tempo de provar uma a primeira vez que estive no farois jurei que nao voltava imenso barulho espaco desconfortavel cadeiras duras enfim so valeu pela comida a comida tem um sabor diferente a grelha tem arte e a salada de tomate tambem voltei outra vez e voltarei mais vezes vale o melhor entrecosto de porco grelhado acompanhado com batatinhas fritas caseiras e uma salada de tomate divinal fazem do restaurante do toi das melhores opcoes de grelhados do alentejo imperdivel"
"Positive", "restaurante sem grande pretensoes a nao ser o que nao e tem um pequeno cafe de bairro e apos uma porta entra se numa sala simples com mesas e cadeiras preparadas para acolher os mais variados comensais comida tipica portuguesa como o entrecosto na brasa manta tasca com barulho e sem requintes mas se ja nao se lembra do sabor da verdadeira carne experimente aqui vai ver que nao vai esquecer ainda por cima e barato"
"Positive", "um jantar muito bom por sugestao do patrao uma pessoa espectacular comemos lombinhos presas e plumas excelentemente grelhadas uma carne toda ela excelente uma salada de tomate unica nao deve haver igual sala muito simples mas as pessoas com uma simpatia excepcional"
"Positive", "chegar cedo para conseguir um bom lugar a comida do toi e algo que nao se encontra em qualque sitio e de aproveitar a qualidade da carne e da salada de tomate que sao exelentes"
"Positive", "neste restaurante comi o melhor entrecosto dos ultimos anos casa muito simples mas com uma qualidade e simpatia magnifica adorei"
"Positive", "chegamos eram ja ainda com muitas mesas ocupadas foi nos dito que ja so serviam carne grelhada apos optarmos por varios tipos de carne com rapidez surgiram na nossa mesa travessas com um aspecto muito apetitoso plumas abanicos lagartos e presas acompanhadas por uma optima salada desde o celebre piano de porco preto passando pelo bacalhau assado so por encomenda a dobrada ou ao feijao com cogumelos qual o melhor dificil de escolher"
"Positive", "fantastico come se muito bem grelhados muito bons plumas um prato muito bom com salada de tomate formidavel e a baratinha frita caseira tava tudo top"
"Positive", "carne mt bem grelhada saladinha de tomate super bem temperada tipicamente alentejana pena estar tao longe de lisboa"
"Positive", "uma sala de pequenas dimensoes sempre cheia atendimento simpatico e eficiente marcacao quase obrigatoria varios tipos de carne de porco preto sempre muito bem grelhados boa salada de tomate boas batatas fritas escolha limitada mas nao engana se quer comer carne de porco grelhada e espectaculoooooo melhor sitio para comer para quando um take away alguem faca um franchise disto adoro"
"Positive", "a qualidade da carne grelhada e maravilhosa e um restaurante familiar onde ainda se consegue comer a antiga portuguesa vale a pena o pequeno desvio"
"Positive", "pergunto me como numa sala com mesas em cima umas das outras pessoas a fumar la dentro e carne de porco preto e salada de tomate vinho de jarro o povo gosta pelos vistos sim esta cheio"
"Positive", "lugar simples que serve uma das melhores carnes de porco preto do alentejo porcoes muito fartas e atendimento rapido gastamos apenas euros em almoco para pessoas com meia garrafa de vinho e refrigerante recomendo"
"Positive", "muito bom em grelhados bom para almocos de negocios informais ou jantares com amigos onde devera imperar um clima descontraido"
"Positive", "foi a minha segunda visita desta vez para almocar ambiente acolhedor simples e tipico alentejano grelhados de porco preto de grande qualidade assim como os acompanhamentos atendimento muito bom recomendo"
"Positive", "e pena que a unica fruta existente seja pero de resto encontramos neste restaurante o melhor entrecosto da zona de beja"
"Positive", "foi o entrecosto melhor que comi ate hoje quem diria que num lugar tao pequeno esta um restaurante com tanta qualidade desde o servico limpeza e claro a carne grelhada recomendo"
"Positive", "a melhor carne grelhada a carne e magnifica e grelhada nas brasas com batata frita magnifica e salada mesmo maravilhosa"
"Positive", "nunca comi melhor porco preto sem pretensoes simples e de carne e confeccao muito boas atendimento rapido e simpatico nao perder a tarte de amendoa caseira e medronho como digestivo convem reservar mesa porque dificilmente se consegue lugar"
"Positive", "espaco modesto e acolhedor uma casa simples e com poucos lugares mas com uma carne de porco divinal que se derrete na boca nao se pode dizer que sera uma refeicao barata mas tambem nao sera nada de extraordinariamente caro a repetir sem duvida"
"Positive", "o melhor assador de porco preto do alentejo funcionarios simpaticos e atenciosos apesar do estacionamento ser um pouco restrito o restaurante mantem o estilo rustico e caracteristico da regiao ps a localizacao do site esta errada situa se na freguesia de porto peles"
"Positive", "ja venho aqui a muitos anos e digo ja que e dos melhores entrecostos e porco preto a hospitalidade e a qualidade preco nao iguala com mais nenhum no caminho para o algarve nada melhor que o saborear um dos melhores entrecostos atendimento qualidade simples e sem pretensoes apresentam do melhor porco preto que ja comi acompanhado por uma simples salada de tomate e batas fritas caseiras recomenda se"
"Positive", "positivo carne grelhada de porco preto de sublime salada de tomate divinal e batatas fritas caseiras otimas negativo atendimento lento e sala com muito barulho quando esta cheia ou quase cheia poucas sobremesas"
"Positive", "sempre igual a simpatia do sr toi que continua a preparar o melhor porco preto do alentejo plumas lagartos secretos ou o entrecosto piano deliciosos as batatas fritas fabulosas sempre frescas e louras so um reparo para a salada de tomate os tomates nao grelhados de carne de porco preto de alta qualidade ambiente informal desde executivos a operarios e melhor reservar mesa"
"Positive", "se gosta de carne de porco preto e nao espera servico de top venha ter uma refeicao em grande das melhores carnes q ja comi e o atendimento de grande simpatia mas informal estavam clintes com fatos e outros com calcoes a espera nao foi comida simplesmente genial grelhados de top sem duvida um local de paragem obrigatorio para comer aqueles grelhados de porco preto recomendo sem duvida"
"Positive", "parabens mais uma vez salada mista sempre bem temperada a mista de carne de porco preto grelhada estava no ponto sensacional sentimos nos em casa staff de excelencia com d suzana"
"Positive", "boas grelhadas de porco preto servidas com batata frita caseira e salada de tomate ambiente rustico vinhos da vidigueira serve o proposito de bem comer preco medio pax"
"Positive", "por iindicacao de amigos fui a este local com a minha esposa num dia de semana fizemos alguns km nao foi facil descobrir mas la chegamos por volta das h ao entrar apesar de uma mesa grande reservada existiam lugares visivelmente vagos para dois pois o toi farois e uma aposta ganha excelente atendimento melhor carne de porco de sempre um sitio a voltar sem duvida"
"Positive", "excelente comida pouca variedade mas sem problema a pedido previo pode ter um bacalhau fenomenal a salada e excelente"
"Positive", "boa casa para quem vai com o objectivo defenido grelhados a carne e de qualidade o espaco e razoavel o atendimento e bom recomendo"
"Positive", "bom para comer grelhados bem feitos e para grupos grandes atendimento simpatico mas um pouco caro para o local e bastante ruidoso"
"Positive", "a saida de beja para serpa recebemos um sinal de luzes e fomos desviados para porto peles paramos a moto e deixamos o cheiro a churrasco indicar o caminho uma porta para um patio vazio seguido de uma porta para um cafe da terra que um lugar simples e simpatico a carne e divinal e a salada de tomate como ha muito nao conseguia saborear churrasco impecavel entre amigos e boa companhia com direito a cante alentejano e boas gargalhadas atendimento cinco estrelas"
"Positive", "ambiente acolhedor muito simples e o melhor porco preto grelhado que comi pelo menos ate hoje vale a pena incluindo o preco muito bom"
"Positive", "pessoal muito simpatico cozinha regional alentejana para gente de trabalho muito bom paladar e quantidade preco muito ajustado"
"Positive", "otimo lugar para os carnivoros especialidade em carnes de porco preto salada de tomate com tempero muito saboroso viciante lugar simples e aconchegante atendimento estrelas muito bom super rcomendo"
"Positive", "excelente porco preto acompanhado de batatas fritas e salada de tomate achei no entanto um pouco caro"
"Positive", "se quiser um local para o melhor entrecosto grelhado com salada de tomate e batata frita vai ao sitio certo foi exactamente isto que fez do toi o melhor no genero se quiser local romantico aqui so se o seu conceito for o de comer carne salada e simpatia e tudo o que o toy tem para oferecer vale a pena a deslocacao para degustar o porco preto so tem um se nao que e a dimensao da sala"
"Positive", "o sitio onde comi a melhor carne de porco preto no alentejo atendimento espetacular a qualidade preco e optima a repetir seguramente"
"Positive", "nao e preciso ementa e para comer porco preto com salada de tomate que e divinal a comida e delicioso e o servico e simpatico com preocupacao pelo cliente como era a a vez explicaram nos as pecas de porco que poderiamos escolher e depois vieram nos nao e necessaria ementa o menu e porco batatas fritas e salada podem escolher a peca de porco que querem aconselho vivamente os lagartos"
"Positive", "o espaco em si nao e nada de especial tem um bocado aspeto de taberna e a luz e super forte e incomoda um bocado mas e limpo esta sempre cheio a carne grelhada e do melhor que ha tal como as batatas e ate cheguei mais uma vez min antes das reservas feitas por outros clientes e nao houve mesa excelente comida mas nao vale a deslocacao se nao se for amigo do dono"
"Positive", "taberna pacata servico humilde mas educado espaco limpo mas pequeno a melhor carne de porco preto grelhada que ja comi uma excelente batata frita e uma salada de tomate e cebola com oregaos que e simplesmente divinal o entrecosto nao e de porco preto mas da melhor carne grelhada que ja comi muita qualidade uma salada de tomate de chorar por mais nada de grande mordomias mas um ambiente acolhedor e familiar estou ansioso por voltar"
"Positive", "excelente local para degustar a melhor carne de porco preto que ja comi bem confecionada e com um acompanhamento de salada de tomate fantastica"
"Positive", "e um restaurante simples mas com grande qualidade na carne de porco preto o entrecosto e maior especialidade agora tambem ja tem peixe que da outra opcao de escolha"
"Positive", "o espaco nao impressiona ninguem pela positiva a comida idem os empregados simpaticos sao tudo o que a casa oferece e mesmo assim nao sao eficientes"
"Positive", "restaurante taverna muito rustico em porto peles a km de beja onde se come o melhor porco preto do alentejo apenas gralhado com sal na brasa batatas fritas em oleo sempre fresco e clarinhas e uma salada de tomate chucha com cebola verdadeiramente de dos varios petiscos que avaliei com um grupo de amigos uma nota grande para a salada de tomate e para o porco preto alentejano boa relacao qualidade preco"
"Positive", "local um pouco recondito mas que no final se mostrou ser um dos melhores restaurantes a servir carne de porco preto simplesmente se derrete na boca"
"Positive", "no toi farois restaurante simples o cliente sente que entrou num espaco muito organizado e asseado a comida e feita na hora e alem da qualidade o sabor e a frescura sao irrepreensiveis"
"Positive", "a simplicidade da casa e da ementa podem causar algum desconforto numa primeira abordagem mas quem prova o porco preto grelhado qualquer parte a sua escola com batatas fritas e salada de tomate fica rendido e um dos meus restaurantes de eleicao e recomendo muito muito bom os melhores tomates do pais muito bons grelhados de porco e achigas deve ser assim espetaculares e um medronho para aconchegar fica tudo em beleza uma verdadeira aventura pelos sabores do porco preto excelente relacao qualidade preco atendimento bom salada de tomate que e uma verdadeira delicia e no fim um medronho para rematar recomendo e aconselho a quem gosta de comer boa comida carrega foi"
"Positive", "situado no porto peles a minutos de beja fica um dos melhores restaurantes para se comer porco preto da regiao chegados ao restaurante somos brindados com um local simples desprovido de muitos aderecos tipicos dos restaurantes actuais os empregados sao muitos simpaticos e o os grelhados simplesmente deliciosos e a salada de tomate entao excelente qualidade quantidade pelo preco"
"Positive", "verdadeiro grelhado na brasa de porco preto viva os abanicos e os lagartos tudo sabe sempre deliciosamente neste restsurante em que tudo tem simplicidade a antiga e sabor do tradicional como na casa das avos verdadeira batata frita a acompanhar e a salada de tomate dos melhores lugares grandes doses barato e o melhor de tudo os grelhados junto a nossa senhora das neves uma localidade de nove porto peles"
"Positive", "quem nao conhece o toy farois nao sabe o que e o verdadeiro porco preto e definitivamente o melhor restaurante para se deliciar com esta iguaria se bem que o prato mais famoso o entrecosto e de porco branco ou vermelho mas e mesmo assim porto peles fica fora de beja em zona de quintas e casas dispersas e um lugar com duas ruas e numa delas tem restaurantes apenas conheco um deles o toi farois tenho a dizer que das varias vezes que la fui apenas comi uma localizado numa pequena aldeia fora beja este pequeno e simples restaurante que se destaque em uma coisa porco enquanto porco e destaque em quase todos os restaurante em beja toi farois leva lo para um novo nivel preparado muitas formas diferentes que e o mais saboroso porco do concurso que ja comi e que diz muitas vezes a devem ter tambem muito romance e delicioso e a salada de tomate com apenas o tomate azeite de oliva um toque de vinagre e especiarias sao combinadas em uma excelente salada o nosso grupo de passou por enormes tacas este restaurante pode ser um pouco fora do caminho batido vale a pena a viagem eu planejo estar em beja novamente proximo outono e com certeza iremos parar nas proximidades"
