Sentiment, Review
"Positive", "cafe num bairro de beja tem um leque variado de docaria tradicional alentejana de muito boa qualidade iguarias todas frescas de boa qualidade e apresentacao servico gentil a repetir concerteza"
"Positive", "muito fraco com pouca ou nenhuma opcao de escolha nao pretendo voltar salvou se a simpatia da empregada que nos atendeu"
"Positive", "recomendo o ensopado de borrego e as migas servico rapido e simpatia preco nada a apontar neste dia em v real de sto antonio comi pessimo e paguei quase o dobro"
"Positive", "sempre o melhor pequeno almoco empadas deliciosas e os bolos sao todos muito acima da media queijadas almofadas tortas amendoas etc ate as torradas sao melhores aqui"
"Positive", "a unica coisa que gostei foi do cafe o local e apertado o atendimento e razoavel e barulhento os produtos nao sao la muito bons enfim so um quebra galho"
"Positive", "excelentes pratos bom cardapio atendimento agil porcoes generosas e saborosas comida tipica portuguesa que vale a pena funcionario simpaticos boas sobremesas vale a pena almoco ou jantar ou mesmo passada no cafe localizacao central"
"Positive", "ensopado de borrego muito bom tipico alentejano mesmo no centro de beja boa confeitaria as melhores queijadinhas de requeijao ir ao luis da rocha e um classico em beja nao so pela sua confeitaria por exemplo as trouxas de ovos fresquissimas mas tambem pelo belo design dos anos que ainda mantem no seu interior subindo ao o andar temos o restaurante o gaspacho com carapaus fritos e divinal a sopa de pao com tomate vem pontuada com alguns pedacos de presunto e com os cubos de gelo necessarios para a manter na temperatura ideal os carapaus apresentam se nao gordurosos como manda a lei uma iguaria a nao perder no verao"
"Positive", "pessoal staff muito atento produtos confeccionados no estabelecimento muito bom"
"Positive", "tudo mau instalacoes doces atendimento educacao nao se percebe a fama deste local muito honestamente para nunca mais voltar"
"Positive", "sou de beja vivi praticamente toda a minha vida em beja e conheco muito bem este cafe o que era o luis da rocha e o que e hoje da vontade de chorar empregados malcriados cada cliente para eles e um chato demoram imenso aquele restaurante tipico com pratos bem como pf brasileiro arroz salada batata frita e a carne quanto as carnes tipicas da regiao cordeiro porco lula servico e aquele que la esta ha tantos anos que a pratica supera a dedicacao sem surpresas enche a barriga migas carne um pouco seca costeletas de borrego doce da casa atendimento tanto no cafe como no restaurante"
"Positive", "meu deus este e mais exemplo de muita fama sem qualquer sentido nao se deixem enganar o local e sujo e sombrio antiguidade nao tem de significar uma infraestrutura completamente degrada sem conforto sem brio e totalmente desvalorizada os produtos doces sao pedacos de adoro este local seja para lanchar seja para almocar pessoal sempre simpatico e atencioso e a qualidade dos produtos excelente sempre que volto a beja tenho que la ir almocar e lanchar matar saudades da minha vida bejense mais informo que o bolo de rei muito ma experiencia em todos os sentidos falta de cortesia logo a recepcao a ementa praticamente a jogou em cima da mesa cara fechada e muito amtipatica possilvelmente a espera da reforma e nao de atender os clientes a comida deixa muito a desejar"
"Positive", "pastelaria tradicional onde se pode comer ou adquirir a docaria tradicional da regiao localoizada numa das ruas centrais da cidade na sua zona comercial e um local muito aprazivel so e pena encerrar relativamente cedo pelo que nao permite a quem queira fazer uma refeicao espaco centenario com servico formal e simpatico comida saborosa com modalidade de pratos do dia em conta"
"Positive", "uma perola da cidade um restaurante de um cafe centenario que e um ex livris da cidade excelente comida doses grandes e a bom preco os pratos do dia costumam ser bons recomendo o bife a rocha e a carne de porco a alentejana os doces um espaco com muita historia e ao mesmo tempo repleto de sabores os famosos porquinhos de amendoa sao umas das iguarias a degustar"
"Positive", "continua igual conheco a casa ha anos e nada mudou ou melhor a qualidade vai melhorando o tradicional porco de chocolate com ovo amendoa e gila delicioso"
"Positive", "numa viagem para mertola paramos em beja para matar a fome e a sede para nosso espanto apesar de ser um fim de semana longo toda a restauracao estava encerrada com excepcao do luiz da rocha em boa hora resolvemos sentar na esplanada e imediatamente atendidos a pastelaria fenomenal restaurante mediano menu variado atendimento cuidado a pastelaria e de eleicao"
"Positive", "tomamos um cafe com doce e adoramos fomos bem atendidos e valeu a pena passar aqui no final de tarde"
"Positive", "sempre que passo perto passo para comprar uma porquinha de massapan com fios de ovos no interior sao sempre frescas e deliciosas recomendo provar"
"Positive", "carne de ma qualidade ameijoas sem qualidade mau exemplo de comida alentejana apesar das doses enormes sobra quase tudo devido a falta de qualidade"
"Positive", "o atendimento e demorado os folares da pascoa estao queimados nada de mais como confeitaria que se apresenta com data de o pao caseiro das tostas e da torrada esperavamos que no minimo fosse o tipico alentejano mas nem isso restaurante antigo no centro de beja cafe no rc restaurante no o andar cozido de grao optimo bem servido pao alentejano bom servico normal preco agradavel pao dose agua cafe"
"Positive", "nao utilizei o restaurante mas nao passei sem tomar cafe e comprar uma caixa de trouxas de ovas que considero as melhores do pais"
"Positive", "um excelente restaurante onde se come muito bem recomenda se comida de boa qualidade e os empregados sao muito simpaticos"
"Positive", "restaurante tipo cidade servico qb comida razoavel relacao qualidade preco mais ou menos servico de qualidade mediana um vinho da casa rocha mais ou menos nada de espetacular agradavel passeio pelo centro da capital do baixo alentejo paragem obrigatoria para cafe e bolo excelente bolo rei e empadas"
"Positive", "restaurante simples local sem nenhum atrativo comida razoavel do tipo da pra comer mas nao e saborosa tudo muito demorado e as pessoas que nos atenderam grosseiras ao chegarmos perguntamos se ainda serviam e o senhor que nos recebeu disse que sim mas acrescentou simpatia zero pouca flexibilidade e compreensao sendo as regras rigidas isto e viajando com animais e portanto impedida de entrar no restaurante ok tudo bem mas sem qualquer flexibilidade de funcionarios para servico na esplanada a nao repetir"
"Positive", "este e um restaurante onde se come bem a um preco normal tem pratos locais outros mais vulgares a comida e bem feita e o servico competente e simpatico os doces no restaurante ou no cafe sao excelentes"
"Positive", "fui a esta pastelaria por recomendacao de amigos estava cheia de gente mas consegui sentar e comprar queijadas e um porco docaria tradicional era delicioso"
"Positive", "localizado no coracao da cidade historica e inaugurado ha cerca de anos parqueamento dificil sobretudo nos dias uteis servico cordial e competente e tambem rapido refeicoes com qualidade e abundantes cozinha regional e mediterranica garrafeira variada e com predominio de vinho alentejano"
"Positive", "cafe a antiga ponto obrigatorio a todos os que queiram provar doces conventuais em beja vale a pena a visita"
"Positive", "tempo de espera inaceitavel cozinha basica servico rude nao cumpre os minimos requisitos parecendo viver da tradicao da excelente localizacao e da apatia dos frequentadores"
"Positive", "boa confecao bom atendimento a repetir quantidade qualidade simpatia nao vinha para estes lados ha muito tempo e valeu luis da rocha mantem qualidade ha decadas conseguindo acompanhar o sinal dos tempos"
"Positive", "restaurante encontrado apos recomendacao de um habitante da regiao recomendo precos acessiveis a comida estava optima a carne de excelente qualidade e muito bem confecionada atendimento simpatico regressando a beja voltarei a este restaurante nota o restaurante e no primeiro piso a entrada e pastelaria"
"Positive", "este e um classico de beja na pastelaria tem umas excelentes trouxas de ovos e uma boas empadas de galinha no restaurante come se a tradicional comida alentejana e um local a nao peder"
"Positive", "nada a assinalar de particularmente bom a nao ser a localizacao grandes queixas tambem nao exceto o ar condicionado excessivo ou seja um estabelecimento totalmente mediano"
"Positive", "mau atendimento desprezivel com pressa e sem simpatia comida ma cuidado com a factura sitio nao recomendado sem retorno possivel"
"Positive", "mesmo no centro da cidade restaurante com boa comida e uma pastelaria com otimo aspeto no que diz respeito a doces todo o edificio tem um aspeto antigo e tipico que pode nao agradar a todos mas para quem gosta de comer e muito aconselhavel"
"Positive", "obrigatorio visitar o espaco e pitoresco a pastelaria variada tradicional e muito muito boa tem esplanada o preco e aceitavel"
"Positive", "bom servico bons produtos de fabrico proprio e um espaco muito agradavel em que se manteve a traca historica"
"Positive", "cafe pastelaria bem antiga no centro de beja excelente atendimento melhores empadas e docaria local a nao perder"
"Positive", "restaurante mediocre empregado pouco simpatico nunca esbocou um sorriso o bitoque neste restaurante e acompanhado por batata frita e solicitei que fosse trocado por arroz e salada foi colocado alguma imposicao ate que depois de falar com o cozinheiro la fizeram o bife estava bastante comida normal bem feita mas nada de extraordinario bom ambiente muito limpo a unica coisa ma de todo foi a falta de simpatia do empregado que no atendeu nem boa noite quando chegamos nem quando nos entregou a lista enfim como eu digo pode ser que tenha sido beja e uma cidade linda e tem muitos ex libris como o castelo as ruinas de pizoes o museo o jardim"
"Positive", "gosto muito de ir a este espaco sou sempre bem atendido e a comida e boa e rapido ambiente familiar e descontraido barato vale a pena"
"Positive", "para quem queira ter um lembranca tradicional golosa desta cidade aconselho a ir a esta pastelaria simpaticos e atenciosos"
"Positive", "numa pausa para tomar cafe aproveitamos e provamos queijadas de amendoa queijadas de laranja e outro bolo nao desiludiram"
"Positive", "pastelaria com docaria muito boa verdadeira docaria tipica do alentejo espaco a repetir falta muitos bolos para provar"
"Positive", "ja conheceu melhores tempos mau atendimento aspeto decrepito e desleixado deixa a desejar em termos de higiene um espaco pouco agradavel ha alternativas de qualidade bem proximas ambiente tranquilo e agradavel pratos tipicos alentejanos destaca se o borrego a pastora e o bife a rocha acrescenta se o cafe no res do chao com bolos tipicos e algumas especialidades"
"Positive", "luiz da rocha tem tradicao os seus porquinhos de natal correm o pais o mundo inclusive natal sem porquinho nao e natal funcionarios exemplares outros nem por isso depende do dia dou nota positiva no geral uma equipa eficaz"
"Positive", "ambiente triste e comida a condizer nunca se conseguiu adaptar as mudancas parou no tempo mas perdeu tudo o que tinha de bom"
"Positive", "o paraiso para quem aprecia doces da regiao sao efetivamente uma maravilha e um excelente cartao de visita da cidade"
"Positive", "sopas de cacao razoaveis servico pouco atento e sem grandes vontade de agradar serve para desenrascar mas nao da vontade de repetir ambiente antigo e pouco cuidado vinha de lisboa a sonhar com umas migas nada de especial um bocado de desilusao"
"Positive", "para uma casa com anos parece que tem mais fama que merito parece que estagnaram com a fama de outros tempos"
"Positive", "nao conheci o restaurante apenas o cafe bar no piso terreo pessoal atencioso comida bifanas no caso muito pobres recomendo as queijadas de requeijao"
"Positive", "recomendado por habitantes de beja como tendo um doce tradicional porquinhos ou leitoes em doce apesar de algo diferente o preco parece me muito elevado"
"Positive", "adorei o atendimento as sugestoes que me deram a comida o preco tudo desde um cafezinho a almoco lanche noturno tambem"
"Positive", "ambiente muito particular um dos melhores cafes para acompanharum delicioso patel de nata a empada alta nem comento aconselho mesmo a provar"
"Positive", "confeitaria bejense com de existencia bom pao sumo excelente servico e simpatia para quem quer um local tipico e com historia e um bom pequeno almoco e otimo abre a domingo"
"Positive", "a vinda de punta umbria decidimos vir pelo interior de portugal e almocamos em beja neste restaurante pastelaria almocamos um ensopado de borrego que estava muito bom o vinho da casa era de qualidade e pagamos apenas no final compramos uns pasteis na um local tipico antigo que se mantem fiel aos seus costumes perfeito para aquele cafe de final de tarde na esplanada comer um pastel ou beber uma bela limonada"
"Positive", "restaurante centenario e sente se no mobiliario que envolve o espaco atendimento simpatico e com boa gastronomia quantidade vs preco muito bom"
"Positive", "ir a beja e nao comer aqui e como ir a roma e nao ver o papa edificio de traca antiga comida divinal aconselho refeicao para tres divinal pedimos bife da vazia a luis da rocha"
"Positive", "simpatia do atendimento na esplanada bons bolos doces tipicos o interior merecia ser reformado mantendo a traca de historia que tem"
"Positive", "confesso que o objetivo desta ida ao luiz da rocha foram as queijadinhas doces tipicos no centro de evora este espaco oferece alternativas de refeicoes ligeiras com complementos de docaria muito bons com o calor de beja necessita de melhorar o ar condicionado e o positivo atendimento simpatico comida tipica alentejana de qualidade e muito bem confeccionada e de grande variedade o bife a rocha e delicioso as sobremesas sao divinais nao fosse o luiz rocha principalmente conhecido pelas suas sobremesas localizacao excelente mesmo nas portas de mertola local principal restaurante banal e com muito pouco para oferecer a quem procura uma refeicao tipicamente alentejana ambos os pratos pedidos foram uma desilusao escalopes super passados e secos e um bife a casa literalmente afogado em molho apenas acompanhado de uma travessa de batata frita quanto comida tradicional portuguesa excelente atendimento nao muito rapido e com pouca interacao com o cliente"
"Positive", "sao tantas as iguarias do luiz da rocha adoro as empadas queijadas de requeijao sem falar no porquinho doce tao tipico"
"Positive", "oh meu deus se tenho que falar e falar muiiiiito bem aquelas empadinhas sao divinais acabadinhas de fazer quentinhas e crocantes com um recheio cremoso e com verdadeiros pedacos de carne pasteis de carne tambem sao excelentes e um doce que ha apenas naquele local os produtos sao excepcionais com horario especifico de disponibilidade trouxas de ovos e porcos doces sao incomparaveis desde ha mais de anos mas pasteis de nata divinais antes das impossivel excelente explanada"
"Positive", "local central para almocar o espaco necessita de renovacao mas continua a servir bons pratos a preco acessivel"
"Positive", "cafe tipico agradavel e onde se comem bolos fantasticos e umas otimas empadas localizado no coracao da cidade mt bom"
"Positive", "e impensavel passar em beja e nao parar para almocar no luiz da rocha ou simplesmente deliciar me com uns bolinhos tipicos e fantasticos adoro o porquinho de beja simplesmente adoro porque lembra me a minha infancia quando passava ferias em beja no verao recomendo"
"Positive", "se no restaurante pode comer bem num ambiente tipico do final dos anos pare na pastelaria peca uma empada de galinha e para acabar um cafe e uma trouxa d ovos por estranho que vos possa parecer este e um ritual matinal que comecei a foi referenciado como muito bom mas considero normal e como muitos locais que poderiam ter sido excepcionais mas que nao evoluiram"
"Positive", "o pastel de nata com gila e de comer e chorar por mais os salgados nomeadamente o folhado misto e delicioso e o preco e bastante simpatico"
"Positive", "ultimo cafe centenario de beja que prima pelos doces tradicionais e receitas invariavelmente deliciosas ao passar a porta giratoria original parece que fazemos uma viagem no tempo entrando num espaco do inicio do seculo xx o atendimento nem sempre e o mais simpatico ou eficaz no menu muito monotono sem variacoes semanais servico atencioso e simpatico alguns pratos regionais de sucesso assegurado como o ensopado de borrego e o cozido de grao espaco simpatico"
"Positive", "cafe muito antigo no centro da cidade com uma caracteristica porta giratoria na entrada muito boa pastelaria e servico muito profissional a moda antiga"
"Positive", "apos um belo repasto venha o belo do cafe e neste caso acompanhado pelo bolo de alfarroba embora a montra tivesse muito por onde escolher he he"
"Positive", "restaurante bom para comida alentejana sem excelencias excelente sim e a docaria variada e de muita qualidade"
"Positive", "este e um dos cafe pastelarias mais emblematicas do alentejo em beja nomeadamente tem excelentes empadas de galinha nao existem iguais em lado nenhum o porquinho doce feito com ovos amendoa e chila etc entre outras iguarias local com muitos anos e muita tradicao a espaco com muita tradicao e com doce de encantar a nao perder o famoso porquinho de chocolate e doces tradicional mas existem outras iguarias para levar"
"Positive", "bem situado na baixa da cidade de beja e conhecido em todo o alentejo pela sua qualidade uma pastelaria variada e de alta qualidade renova se diariamente mantendo a tradicao com doces conventuais e as nao mais famosas empadas o seu servico de restauracao apresenta uma enorme variedade de obrigatorio comer uma empada uma queijada ou uma fatia de tarde uma delicia local antigo e simbolo orgulhoso da cidade"
"Positive", "restaurante antigo com comida caseira atendimento atencioso sem requintes mas suficiente quanto baste no piso inferiorficao cafe confeitaria uma referencia de beja"
"Positive", "deve ser talvez um dos espacos mais antigos de beja e isso da lhe experiencia para saber atender os seus clientes jantei no local e apesar de nao ter pedido um prato muito elaborado estava bem confeccionado"
"Positive", "boa localizacao variedade de pratos tipicos bons precos simpatia dos empregados falta alguma atencao aos pequenos pois nao tem fraldario e so dispoe de uma cadeira para mesa"
"Positive", "a confeitaria luiz da rocha ficava do lado do hotel que estava hospedado os doces sao muito bons recomendo tambem o restaurante da confeitaria no andar de cima comi um excelente bacalhau"
"Positive", "e um local com historia e um dos mais antigos da cidade o restaurante esta localizado no o andar a comida tem qualidade sugiro o ensopado de borrego e o bife a luis da rocha e como sobremesa sugiro a famosa trouxa de ovos o apesar de muito cheio o atendimento e bom o local e charmoso e possui muitas opcoes para um lanche"
"Positive", "cafe muito giro e com historia encontram se os melhores bolos da cidade recomendo nao se pode vir a beja sem ir ao luiz da rocha para alem da pastelaria cafe tambem tem o restaurante onde a comida e otima e regional"
"Positive", "boa comida qualidade dos ingredientes confeccao e paladar optimos servico de mesa muito bom no centro de beja"
"Positive", "de passagem na zona e ao domingo parece que esta tudo fechado a escolha para o almoco foi esta sala no primeiro andar nao muito grande o servico e razoavel a comida e boa borrego alentejano bem confecionado e carne porco tambem muito boa as possivelmente a minha expectativa era maior espaco tradicional com servico de qualidade e onde podemos provar algumas iguarias locais"
"Positive", "aqui estao das melhores queijadas que ja comi quando passo por beja e lugar de paragem obrigatoria"
"Positive", "fomos ao restaurante mas a parte de pastelaria e emblematica na cidade de beja aqui come a verdadeira comida alentejana funcionarios simpaticos e atenciosos boa relacao qualidade preco"
"Positive", "aqui as especialidades sao as trouxas de ovos e as empadas de galinha bem como o porquinho de ovos e amendoas bom sitio para lanchar a decoracao nao foi alterada desde ha anos muito retro sempre que venho a beja dou aqui um saltinho para tomar um cafe e comer um doce esta casa e uma instituicao em beja gosto muito de aqui vir faz me lembrar uma parte da minha juventude"
"Positive", "sou cliente assiduo desta casa mas apenas na cafetaria e um local harmonioso onde para mim se encontra a melhor pastelaria da cidade recomendo por esse motivo e pale sua excelente localizacao"
"Positive", "a mais antiga e conceituada pastelaria cafe da cidade de beja a nao perder as empadas porquinho doce e os babas mantem a decoracao dos anos mas ja necessita de uma manutencao"
"Positive", "casa centenaria fabricante dos afamados porcos de doce de amendoa e chila e de toda uma gama de doces conventuais recomendados aos nao diabeticos"
"Positive", "qualidade mediana e espera horrivel mais de uma hora para servirem ensopado de borrego hoje so o cafe foi servido em tempo"
"Positive", "pastelaria com fabrico proprio provem as empadas de galinha restaurante com variada ementa e pratos da zona"
"Positive", "servico simpatico comida saborosa bem localizado fica no o andar sobremesas boas recomendo a experimentar"
"Positive", "ir a beja sem passar no luiz da rocha nao e possivel e obrigatorio pois a qualidade esta la a pastelaria regional como os porquinhos recheados com doce de ovos e gila e a tarde de amendoa quanto a salgados temos as excelentes empadas de pastelaria muito boa com doces regionais maravilhosos o restaurante e mediano as doses sao grandes mas a comida nao e surpreendente o atendimento e acolhedor"
"Positive", "chegamos a beja e fomos a procura de um restaurante demos com este por cima do cafe pastelaria mais iconico da cidade ambiente familiar cheio de clientes habituais o almoco foi simples e farto o sabor e o de antigamente bom simples e ao mesmo tempo ha mais de trinta anos que conheco esta pastelaria em beja sempre foi um primor em termos de qualidade servico atendimento etc etc continua como se o tempo nao tivesse passado ou seja nada mudou neste caso o nao ter mudado e excelente os bolos as empadas os pasteis de carne a tarte de amendoa tudo e bom neste cafe o atendimento e melhor no luis da rocha o novo"
"Positive", "muito fraca oferta de pastelaria um pouco frio de ambiente decoracao classica a espelhar a idade boa localizacao o atendimento e simpatico"
"Positive", "fui la para comer um almoco leve pedi uma tosta mista e coca cola a tosta era razoavel mas apareceu uma pepsi acho que era dever do empregado dizer que nao tinha antes de trazer a alternativa nao gostei da atitude depois bebi um cafe vale a pena quem gosta de tranquilidade e comida regional vai gostar bem no coracao da cidade num espaco com mais de anos"
"Positive", "embora seja muito fa da comida alentejana varios dias seguidos a come la e a coisa torna se complicada e hoje apetecia me algo diferente o que nao e facil numa cidade como beja todos os restaurantes andam a volta dos mesmos pratos tipicamente alentejanos e depois de cafe e restaurante situada na zona pedonal do centro da cidade lugar de encontro da populacao mais idosa e lugar de passagem dos mais activos muito escuro e barulhento devia sofrer obras de remodelacao ideal para tomar um cafe e deixar se ir pela observacao do simplesmente as melhores empadas de frango do mundo e arredores vale a pena o desvio para comer e levar uma caixa para casa se conseguirmos aguentar o caminho sem a abrir"
"Positive", "adoro as babas sao todos muito simpaticos e o ambiente e acolhedor sempre ouvir falar muito daquele sitio e nunca pensei que fosse tao bom estao de parabens"
"Positive", "adoramos o restaurante o bacalhau e excelente as sobremesas fantasticas otimo atendimento o vinho da casa tambem e otimo quem ficar hospedado no hotel brejense tera esse restaurante padaria e confeitaria durante todo o dia e a noite"
"Positive", "toda a pastelaria e boa mas as empadas sao fenomenais penso que o facto de a decoracao se manter algo fiel ao original ajuda"
"Positive", "sitio historico de beja aconselho vivamente as empadas da tambem para almocos rapidos a bom preco"
"Positive", "muito bom se viere beja nao deixe vir ao cafe restaurante luis da rocha boa comida tipica e entao os doces regionais e uma pastelaria variada de qualidade"
"Positive", "a melhor comida do alentejo esta no luis da rocha estava tudo muito muito bom para comer e voltar a repetir"
"Positive", "nao tivemos sorte com esse restaurante jantamos e a sopa veio fria as batatas fritas meio cruas o pao estava duro e o queijo ressecado ate o pastel de nata estava ruim foi uma decepcao comentei com a recepcionista do nosso hotel sobre a nossa apesar de nao termos recebido nenhum comentario sobre essa pastelaria fomos ja que e famosa mas foi uma decepao resolvemos jantar e a sopa veio fria o pao nao era novo o queijo estava duro e as batatas fritas meio cruas nao foi uma boa sugiro as trouxas de ovos caixas de ou os porquinhos de chocolate e fundamentalmente as empadas de frango e a melhor pastelaria de beja e fica bem perto da pousada de s francisco"
"Positive", "nao deve perder os bolos deliciosos e as empadas da casa existe uma pastelaria no centro da cidade antiga e tradicional e outra junto ao hotel melius mais recente e moderna mas com a mesma qualidade e atendimento"
"Positive", "um optimo servico e um atendimento muito simpatico fizemos uma refeicao leve cha galao e torradas mas estava tudo muito saboroso como era noite de futebol todos os cliente estavam concentrados no televisor que se encontra ao fundo da sala creio que o ambiente sera visito a casa com alguma frequencia quando venho a beja mantem um padrao de qualidade quase imutavel ao longo dos anos artigos muito frescos muita variedade de doces e salgados espaco com bom ambiente vale a pena a visita e para concluir a minha preferencia a pastelaria mais antiga da cidade situa se em locais distintos um no centro da cidade o mais antigo e famoso onde a especialidade sao as empadas de galinha lampreias de ovos e a nao perder os porquinhos de chocolate"
"Positive", "e talvez conhecido pelas suas porcas de amendoa mas optamos por fazer uma pausa para lanchar bolo e bebida por menos de euros boa qualidade bom preco os bolos de massa de amendoa ou apenas com amendoa fazem parte da especialidade local o ambiente que se respira e o da tradicao e qualidade a casa sendo a mais antiga da cidade transporta consigo o repositorio das antigas receitas conventuais de onde destaco as trouxas de ovos esta receita vem dos tempos em as freiras utilizavam as claras uma pastelaria como muitas outras e conhecido por todos os locais ja teve os seus tempos de gloria mas tornou se em apenas mais um espaco igual aos outros restaurante e cafe com ambiente muito agradavel ementa variada de gastronomia local atendimento tradicional eficiente e simpatico embora apenas houvesse um empregado de mesa para mesas ocupadas nunca descurou o servico e sempre bem disposto ja a comida em sim tivesse os seus altos que ninguem passe por beja sem comer uma trouxa de ovos no luiz da rocha seria como ir a roma e nao ver o papa"
"Positive", "as empadas de galinha e os triangulos com doce de ovos a limonada e as sopas peca um pastel de nata de gila tem mesmo que provar"
"Positive", "nao sao muito atenciosos mas o borrego e fantastico"
"Positive", "nos comeram no restaurante do andar superior e foi um desapontamento quando chegamos havia um outro casal sair por isso que nos deixou um dos unicos clientes do restaurante nenhum da comida que comemos foi muito bom e os peixes definitivamente nao gosto muito fresco a atmosfera no andar superior e como uma teia de tempo ate os anos nao muito charmoso nos geralmente desapontado por tudo e deixou o restaurante que desejam que tinha jantaram no local em algum outro lugar talvez o cafe no andar inferior e melhor mas eu evitaria o restaurante no andar superior"
"Positive", "no domingo passamos o cafe para comer alguma coisa era tarde para o almoco por isso achei que algo light nao havia muita variedade de snacks apenas bifanas e caes pouco servico amigavel e consome muito tempo bem localizado mas para evitar"
"Positive", "luiz da rocha e um marco na cidade de beja e em especial uma referencia inevitavel nos doces de convento no alentejo cafe pastelaria e restaurante luiz da rocha e uma agradavel e unico espaco que traz para a cidade de beja a atmosfera de um cafe classico com anos de historia o sucesso e distincao entre as muitas especialidades desta propriedade do patrimonio podemos comer o famoso chocolate porco doces amendoa pie o convento doces requeijao cheesecakes e frango pies va la ve com os teus proprios olhos ate mesmo as cadeiras sao antigas nao se esqueca de provar as especialidades da casa"
"Positive", "nos so na segunda feira de pascoa sem ferias em pt mas o esperado parecia ser perturbado por nos na sua observacao de futebol a tv era mais importante que os hospedes programa da comutacao volume etc a comida era bom eles nao oferecem dose meja para pessoa normalmente o suficiente e eles nao gostam que a parte de clientes a dose a casa de wine of esta em uma garrafa a conta sera slighly maior que o de ristaurante simples de casa mas nao conseguimos encontrar um motivo para que servico pobre comida mediocre como em todos os lugares novamente de ter cartao"
"Positive", "o bom gosto de moda antiga em comida a melhor relacao qualidade preco em beja ir para o restaurante de oandar de st"
"Positive", "bem eu tenho que dividir este comentario em partes a loja de cafe bakerie e a do restaurante e um comentario vai para a loja de cafe existem luiz da rocha cafes na cidade de beja comido em ambos eles sao bons e nao variam muito de as padarias locais a unica coisa que eu posso garantir lhe que ira tornar o seu dia ha as empadas de frango eles sao pequenos e eles so estao disponiveis apos mas eles sao o speciallity da casa e eles sao muito bem feitas alem disso este ha alguns muito bons bolos e doces portugueses tipical mas estas sao quase todos os lugares disponiveis estes dias o restaurante o quarto e velho mas tem uma alma boa o garcom foi adoravel e muito agradavel os alimentos vem em boa partes nao e muito bem feito e e caro em comparacao com a oferta entendeu a cidade o restaurante speacially durante a noite funciona com um minimo a equipe isto significa tempos de espera para obter os alimentos e bebidas nao sao gigantes mas notei lhes e obter anoyed"
"Positive", "este lugar foi recomendado para nos pois e o mais antigo restaurante da cidade uma vez que estavamos cansados e foi ao lado temos uma chance deu uma espera demasiado longa depois alguem trouxe nos o menu e o pequeno gorduroso hors d oeuvres que nao sao cortesia mas tem de ser pagos depois de uma longa espera segundo a comida nos pedimos foi servido mas gostariamos que nao tenha comido o a todos tudo estava sem gosto nao parecia atraente e nao era valor para o dinheiro"
"Positive", "o meu amigo e eu foram os unicos clientes no restaurante quando chegamos o garcom foi muito simpatico eu tinha migas que teria sido suficiente para alimentar tanto de nos a minha amiga tinha uma igualmente grande parte de bacalhau bacalhao de sal vinho da casa de vermelho foi um vinho muito bom do alentejo o alliance velha e o portwine posteriormente abundante e tambem muito bom tudo que tivemos foi de excelente qualidade"
