Sentiment, Review
"Positive", "nao recomendo de todo o restaurante praticam precos elevados para a qualidade apresentada foi uma dececao"
"Positive", "a comida era muito saborosa e bem apresentada o servico foi muito simpatico e eficiente esta sem duvida entre os melhores de beja"
"Positive", "as entradas deliciosas os pratos com requinte servico amavel e atencioso o espaco grandioso e ao mesmo tempo intimista"
"Positive", "jantar e pequeno almoco num ambiente historico muito bem servido delicioso com toque de requinte staff atento e simpatico"
"Positive", "espaco requintado bem decorado e unico em beja staff muito atencioso simpatico e profissional recomendo as bochechas de porco preto com migas e para sobremesa o mix de docaria regional com muitas calorias mas dias nao sao dias carta de vinhos com uma seleccao"
"Positive", "obrigada pelos seus comentarios e avaliacao cumprimentos"
"Positive", "excelente comida ementa diversificada numa pousada que foi adaptada de um antigo convento e quartel militar um lugar onde levo convidados que tenho de tratar bem"
"Positive", "exelente confeccao desdes as entradas aos pratos principais e sobremesas atendimento muito bom sempre atentos ao cliente apresentacao das mesas e decoracao"
"Positive", "restaurante romantico agradavel e com otimo atendimento a comida e muito boas tipica da regiao do alentejo e uma boa opcao para quem esta visitando beja"
"Positive", "integrado na pousada o restaurante apresenta se uma alternativa eficiente no inverno para quem ja nao tenha coragem de ir em busca de local para jantar ambiente sobrio mas descontraido pessoal afavel e muito simpatico sobre a refeicao apenas razoavel apesar de ter sido utilizado um voucher das pousadas o que condiciona a escolha dos pratos parece me que os escolhidos bochechas de por o e frango com arroz basmati nao sobressaem na sua confeccao face a outros boa nota para as pataniscas de bacalhau leves bem escorridinhas da fritura e com bacalhau a serio e nao apenas essencia de bacalhau"
"Positive", "restaurante do belo hotel pousada sao francisco do grupo pestana apresenta otimas instalacoes tanto no salao interno quanto na agradavel esplanada o atendimento foi excelente mas em se tratando de restaurante a comida pecou pela confeccao pedimos um prato de frango que veio com um molho sem consistencia e de sabor irreconhecivel a carne estava algo insossa e palida e o arroz passou do ponto a sobremesa estava doce demais o que mascarou os sabores penso que nesse dia o chef nem o sous chef deveriam estar presentes estava digamos comivel mas nada do que se esperava"
"Positive", "alta gastronomia em um ambiente de arquitetura gotica requintado e com servico de primeira vale a pena conhecer apesar do preco um pouco mais elevado que o habitual"
"Positive", "comida bem confecionada num ambiente muito agradavel com atendimento competente e profissional a comida e de boa qualidade e esta bem apresentada mas nao fica na memoria"
"Positive", "este restaurante mostra na perfeicao o que de melhor se faz na cozinha tipica alentejana para voltar em breve"
"Positive", "comida requintada carta de vinhos de qualidade mas tem que ser provado com cuidado e servico de muito boa qualidade os pratos regionais recomendam se vale tambem pelo convento transformado hoje numa pousada"
"Positive", "estive hospedado nesta pousada e a nivel de restaurante a comida no primeiro dia o polvo era satisfatorio um pouco rijo no segundo dia o bife de espadarte era delicioso recomendo vivamente em relacao ao servico podia ser melhor pois existem algumas falhas algumas de estimado sr o daniel agradecemos a preferencia bem como o envio da sua simpatica opiniao sobre a refeicao no restaurante da pousada convento de beja que mereceu a nossa melhor atencao os comentarios dos nossos clientes sao para nos um estimulo e uma oportunidade de melhoria excelente confeccao das refeicoes e otima apresentacao dos pratos pessoal muito profissional notando se perfeitamente que tem curso de hotelaria"
"Positive", "as entradas com pates estavam muito agradaveis os pratos de borrego e a perna de porco com castanhas estavam muito boas a nao perder no final a docaria conventual recomendo"
"Positive", "restaurante espacoso mas embora fosse um dia frio estava um clima agradavel os clientes eramos nos e outro casal mas o empregado que nos servia era muito simpatico e bem disposto por isso mereceu a gorjeta que deixamos os pratos eram bem decorados e bem boas instalacoes bom ambiente mas comida muito sofisticada o conceito anterior das pousadas em relacao a comida era muito melhor tente terminar desfrutar da comida local como e e nao transforma lo em noubelle cuisine"
"Positive", "nos precisavamos passar a noite em beja entao escolhemos a pousada para experimentar a comida passamos uma hora no bar antes de entrar na sala de jantar o menu foi pequeno no entanto houve pratos para todos os gostos nos tivemos sopa de galinha que estava deliciosa seguidas pelos porcos de bochechas tradicionais que eram servidos com pera em molho de vinho tinto delicioso sorvete de baunilha simples servido para terminar a nossa refeicao o menu de bebidas foi novamente bastante limitado e no lado caro a equipe foi excelente a ser atencioso mas nao avassalador o cafe da manha foi uma grande mesa de buffet com tudo o que voce poderia imaginar excelente salada de frutas laranja fresca e outros sucos e escolha de cafe ou varios tipos de cha e chocolate a mesa cozida tinha bacon ovos mexidos e tomates os quais foram preparados com perfeicao"
"Positive", "a comida foi realmente bom e o place e realmente agradavel a equipe foi muito bom mas um pouco lento os precos eram caros mas talvez proporcional a comida que tinhamos no entanto alguns itens foram realmente as como um terrible expresso para euros ou uma lata de refrigerante geral eu recomendaria este lugar"
"Positive", "restaurante elegante com comida tradicional alentejana apresentada de forma bonita a equipe em espera da bons conselhos e servicos"
"Positive", "em um grande grande sala a cantina do antigo mosteiro os hospedes podem desfrutar de pratos regionais bem como pratos classicos internacionais embora o ambiente e muito agradavel estar ciente de que pratos sao apenas media qualidade alimentar e e caro para portugues normas existem opcoes melhores e mais baratas em beja talvez um dia pode ser um bom lugar para jantar"
