Sentiment, Review
"Positive", "visitei o restaurante pela primeira vez com a minha familia e devo dizer que recomendo a o atendimento e excelente a comida e melhor ainda no meu caso que levei uma pessoa de idade que adorou o frango todo o ambiente e casual e familiar as sobremesas sao super caseiras e recomendo o cheesecake e o leite creme e otimo para um ambiente com amigos de facto um restaurante para voltar"
"Positive", "frango top excelente molho bom ambiente local a visitar em beja boa relacao qualidafe preco recomendo"
"Positive", "otimo atendimento comida com qualidade ambiente muito agradavel com direito a miminho especial muito satisfeitos e com certeza e para voltar"
"Positive", "tive a oportunidade de visitar este local a conselho de um amigo e fiquei extremamente agradado com tudo a comida com variados pratos tipicos carnes e peixes de optima qualidade e cozinhados e apresentados de maneira original e de fazer crescer agua na boca o servico e outro dos pontos fortes tive o prazer de ser servido pelo sr ze que profissionalismo e simpatia extraordinario ate breve e obrigado recomendo vivamente visitem"
"Positive", "simpatia precos acessiveis e refeicoes bastante agradaveis almocamos na passagem por beja e recomendamos"
"Positive", "excelente atendimento e comida espaco extremamente agradavel com musica calma de fundo sem duvida um sitio a repetir em beja"
"Positive", "comida saborosa staff simpatico espaco agradavel a voltar certamente e para a proxima para provar o leite creme"
"Positive", "comida boa bom ambiente e otimo servico recomendo vivamente que visitem este espaco ideal para jantar com amigos"
"Positive", "o atendimento e excelente desde a simpatia dos empregados ate as refeicoes super bem servidas a condizer com uma optima relacao qualidade preco recomendo vivamente"
"Positive", "excelente qualidade na comida otima apresentacao do espaco e ambiente acolhedor staff muito simpatico e disponivel"
"Positive", "nada como um bom jantar apos um dia de trabalho complicado staff super atencioso comida maravilhosa um bom sitio para jantar ou almocar ps uma agradecimento a tatiana por esta sobermesa personalizada"
"Positive", "estavamos de passagem e adoramos este restaurante comida muito boa precos acessiveis bom espaco e de salientar a simpatia dos empregados e muito profissionais voltaremos com toda a certeza"
"Positive", "espaco muito agradavel bom atendimento e optima comida facil acesso e muito estacionamento junto ao restaurante"
"Positive", "excelente bom atendimento boa comida restaurante a visitar para quem passa por beja precos acessiveis enfim tudo o que faz falta"
"Positive", "tudo excelente optima comida uma picanha tenrinha e optimo servico toda a equipa muito atenciosa recomenda se"
"Positive", "primeiro o nome engana depois o que interessa excelentes entradas um arroz a bulhao pato fantastico e umas entradas inesqueciveis ponto de paragem recomendado para quem sai de lisboa para o sotavento algarvio vale a pena o desvio"
"Positive", "comida muito boa e staff muito simpatico a repetir sem duvida eramos um grupo grande e o servico foi impecavel vinho estrelas"
"Positive", "um otimo espaco para jantar com a familia otima comida um exelente atendimento esta de parabens o sr jose um empregado super humilde e muito atencioso que nos deu uma otima sugestao do que comer"
"Positive", "excelente espaco carta variada nao ha so frango como se pensa pelo nome atendimento e comida excepcional recomendo vivamente"
"Positive", "muito bom limpeza simpatica dos funcionarios estacionamento boa comida rapidez preco barato adoreiiiiii"
"Positive", "gastronomia de qualidade otimo servico de atendimento profissionalismo de topo boa localizacao e instalacoes confortaveis"
"Positive", "ementa muito variada e que inclui comida tipica alentejana muita qualidade na comida e excelente apresentacao a simpatia de todo o staff e de parabenizar extraordinario sem duvida a repetir ah e adoramos a decoracao do espaco muito bom gosto"
"Positive", "vim em jantar de familia muito boa comida atendimento excelente muito simpaticos recomendo vivamente"
"Positive", "desde as entradas ao franguinho sobremesas caseiras do melhor que ha simpatia dos funcionarios"
"Positive", "mesa pronta atendimento rapido e de qualidade comida otima apresentacao excelente obrigada e ate a proxima"
"Positive", "nada melhor para acabar a refeicao esta foto e o espelho do excelente servico recomendo vivamente atendimento estrelas"
"Positive", "passamos em beja e calhou de entrarmos bom servico e boa comida a preco justo nao desilude aconselho"
"Positive", "muito bom ambiente belissimo servico e grande qualidade nos pratos pedidos recomendamos vivamente"
"Positive", "espaco muito agradavel bom servico e simpatia tem um otimo choco frito a setubalense que e sem duvida um prato de eleicao adequado para jantares mais calmos ou jantares com amigos preco acessivel e otima relacao qualidade preco recomendo"
"Positive", "experiencia unica excelente atendimento e simpatia confeccao e qualidade sabores incriveis experiencias unicas recomendo"
"Positive", "costumo encomendar frequentemente neste restaurante contudo hoje apos ter encomendado presa com camarao tigre fiquei bastante dececionada como poderao visualizar na imagem um camarao que de tigre nada tem e a nivel de sabor e confeccao deixou muito a desejar"
"Positive", "local com uma decoracao fantastica ementa com pratos variados frango assado carnes de porco preto vitela etc e com sabores excelentes tem igualmente uma otima carta de vinhos staff atencioso servico rapido recomendo"
"Positive", "bom restaurante simpatia e qualidade de refeicao parabens visitei em beja e foi muito bom vou voltar com certeza"
"Positive", "muito bom com umas entradas muito boas acompanhado com uma excelente sangria comida muito bem confecionada e com a simpatia dos funcionarios recomendo"
"Positive", "excelente gastronomia de qualidade otimo servico de atendimento profissionalismo de topo boa localizacao e instalacoes confortaveis"
"Positive", "lugar excelente comida muito boa otimo atendimento local muito lindo e aconchegante recomendo"
"Positive", "fui a frango a guia adorei a culinaria os servico de mesa tudo fantastico parabem a todo equipe"
"Positive", "servico de excelencia decoracao irrepreensivel pratos variados e diferenciados o frango a guia e delicioso atendimento competente e atencioso"
"Positive", "experiencia maravilhosa todo o staff e muito simpatico e prestavel a comida e simplesmente divinal irei voltar sem qualquer duvida"
"Positive", "recomendo plenamente este restaurante pelo espaco acolhedor e humilde que transmite pela toda a simpatia ao redor um espaco familiar com muito boa comida e bom vinho recomendo vivamente o restaurante frango a guia"
"Positive", "servico excelente tal como a comida que nos foi servida queria tambem sublinhar a simpatia dos empregados restaurante para repetir mais vezes"
"Positive", "o nome pode enganar eu nunca comi frango porque nao como carne e mesmo assim tenho a escolha um variado e saboroso menu de peixes a vegetais bem como boa carta de vinhos espaco com decoracao cuidada equipa delicada e dedicada e todas as regras boa tarde caro bruno agradecemos desde ja a sua visita e as suas palavras relativamente ao espaco a comida e ao servico obrigado pelas sua recomendacao ficamos a aguardar nova visita em breve cumprimentos"
"Positive", "optima escolha onde tudo e agradavel staff impecavel location espetacular obrigatorio parar para passar um bom bocadinho de tempo"
"Positive", "fui a este restaurante em julho de para almocar com familia excelente atendimento o espaco e muito bonito e bem decorado mas mantem uma preocupacao notoria com as condicoes de saude e seguranca dos clientes pois as mesas apresentam se bem distanciadas e com acrilicos boa tarde cara o dfsantos agradecemos desde ja a sua visita e as suas palavras a forma como descreveu a sua experiencia gastronomica deixa nos preenchidos e tremendamente satisfeitos muito obrigado pela recomendacao ate breve cumprimentos"
"Positive", "durante a nossa visita fomos extremamente bem tratados um atendimento excepcional a refeicao tal como o vinho que nos ajudaram a escolher tudo excelente uma atmosfera ideal comparacao refeicao preco muito justa aconselhamos a qualquer pessoa que aprecia uma boa refeicao e atendimento top assim como boa tarde cara o zt jiggy agradecemos desde ja a sua visita e as suas palavras e a forma como descreveu a sua experiencia gastronomica gratos pela recomendacao ate breve cumprimentos"
"Positive", "comemos muitissimo bem das as entradas as sobremesas o empratamento e muito bom os empregados sao atenciosos e muito simpaticos gostei e vou voltar"
"Positive", "sem palavras demasiado incrivel toda a experiencia desde uma otima qualidade a um impressionante atendimento"
"Positive", "a comida o tempero o sabor o aroma sao amazing os atendimentos sao incriveis super simpaticos e carismatico recomendo a todos que tem um paladar excepcional para degustarem essa maravilha"
"Positive", "um restaurante fantastico que aconselho com uma fantastica e variada cozinha um otimo servico adorei as entradas a apresentacao dos pratos mas sobretudo o sabor e simpatia com que gui recebido"
"Positive", "atendimento fantastico a comida com uma qualidade de excelencia o espaco e super acolhedor e com todas as medidas de seguranca"
"Positive", "servico excelente pratos tipicos e variados mas com requinte servidos num espaco agradavel no nosso caso explanada fechada com todas as medidas de seguranca atendimento excelente recomendo vivamente"
"Positive", "comida muito bem confeccionada tanto grelhados como comida de tacho e um servico muito eficaz keep going"
"Positive", "muito bom grande restaurante na cidade beja contempla diversos pratos tipicos da regiao assim como outros estrelas"
"Positive", "durante muito tempo frequentei este estabelecimento mas a qualidade tem caido a pico estao sempre com falta de pessoal a servir a carne de porco ou vem queimada ou crua as batatas fritas muito gordurosas e moles e a cozinha e muito lenta ate com boa tarde caro luis lamentamos que a sua experiencia no nosso restaurante nao tenha ido ao encontro do pretendido entretanto permita nos que se refira apos falar com a equipa que se concluiu que nunca partilhou com o staff a sua insatisfacao ou qualquer referencia negativa restaurante com um atendimento muito simpatico e rapido uma sala bem decorada muito limpa e confortavel para familias incluindo bebes em relacao as regras da covid o espaco respeita as normas e adoptou estrategias inteligentes para evitar contagios a comida e optima e com boa tarde cara o qfhjdgk agradecemos desde ja a sua visita e as suas palavras relativamente ao espaco a comida e ao servico obrigado pelas sua recomendacao ate breve cumprimentos"
"Positive", "atendimento demorado e ha pressa sem qualquer cuidado com o cliente batatas fritas que parecem restos do almoco almoco muito negativo"
"Positive", "espaco bastante acolhedor comida espetacular e atendimento muito simpatico recomendo vivamente a quem passar por beja"
"Positive", "uma agradavel surpresa na cidade de beja comida fantastica staff atencioso principalmente com as criancas educado e disponivel destaco as medidas de protecao no ambito da covid separadores entre mesas desinfetante e talheres em bolsas individuais todos os colaboradores com mascara e cumprindo as regras boa tarde caro a vvrg agradecemos desde ja a sua visita e a forma como descreveu a sua experiencia gastronomica obrigado pelas suas palavras cumprimentos"
"Positive", "em visita a este restaurante estivemos hora e meia a espera da comida nao bastando na sobremesa o empregado foi buscar as colheres a duas mesas que ja tinham passado pelas maos de outras pessoas o que e uma falha muito grande e falta de boa tarde caro ilidio f agradecemos desde ja a sua visita e lamentamos o que refere na medida que o frango a guia em beja incutiu nos seus principios e regras basilares o cumprimento rigoroso de todos procedimentos de higiene e seguranca em prol do experimentamos sopa entradas carnes grelhadas vinho e sobremesas foi tudo muito bom o atendimento tambem esteve muito bem recomendo boa tarde caro luis rosario agradecemos desde ja a sua visita e a forma como descreveu a sua experiencia gastronomica obrigado pela sua recomendacao cumprimentos"
"Positive", "infelizmente um problema enorme com a equipe servico ruim muito lento equipe nao treinada ou nao tem nenhuma ideia sobre o servico tivemos a sorte de chegar cedo e so tivemos que pedir ao garcom vezes para itens esquecidos uma vez que incluia um jantar que foi deixado no bar pelo menos grupos de pessoas a esquerda enquanto estavamos la cumprindo ferozmente com o garcom a vergonha como a comida era um"
