Sentiment, Review
"Positive", "decoracao tipica e com gosto ve se que pertence ou pertenceu a um arbitro comida saborosa bem confecionada a alentejana staff simpatico e profissional a voltar"
"Positive", "experiencia a nao repetir a qualidade da comida e fraca e o servico mau de pessoas que estavamos a mesa a comida de delas chegou quando os restantes estavam a acabar de comer dois dos pratos eram de qualidade media mas os outros eram ma qualidade nao vou repetir nem recomendo"
"Positive", "bom ambiente e excelente qualidade da alimentacao muito boa confeccao precos acessiveis com o rendimento algo lento"
"Positive", "sopa de cacao incrivel e a mais saborosa de todas super bem servida gostamos muito a repetir na proxima visita a beja"
"Positive", "bem servido doses generosas bom atendimento burrego top bom vinho recomendo e quando voltar a beja e local a voltar sem duvidas"
"Positive", "certamente devo ter uma ideia mal formada do que e um a costeleta de novilho uma das sugestoes do dia era costeleta de novilho bem o que me serviram nao correspondia ao que era sugestionado ou seja eram duas costeletazinhas muito mal preparadas o que nao faz jus a classificacao atribuida ao restaurante o arbitro dai este mais que merecido cartao amarelo lamento"
"Positive", "as duas costeletinhas pesavao gramas o senhor no fim da refeicao disse que estava tudo bom boa sorte e saude"
"Positive", "bom refeicoes tipicamente regionais bem confeccionadas e tendo em conta preco qualidade recomendo a carne de porco a alentejana e o doce da casa"
"Positive", "recomendo comida tipica da regiao com boa relacao qualidade preco a simpatia de quem la trabalha tambem se descatou"
"Positive", "como muitos que ali passam o arbitro nao era a nossa opcao mas mal entramos fomos muito bem recebidos num espaco acolhedor e pela enorme simpatia de quem la trabalha oferecem uma inumera variedade de pratos tipicamente alentejanos e em quantidades extremamente generosas tive a oportunidade de comer as deliciosas costeletas de borrego mas tudo tinha um aspeto divinal e impossivel nao sair satisfeito o restaurante tem tambem a vantagem de estar bem localizado nos pontos turisticos da cidade de beja mesmo ao lado do castelo"
"Positive", "almoco de passagem durante a semana nao tinhamos reserva entao tivemos que esperar um pouco para sentar doses sao bem servidas o sr que nos atendeu foi esforcado e atencioso dono comida tipica satisfatoria na relacao qualidade preco"
"Positive", "nao foi a primeira escolha mas o outro estava cheio entao fui ao arbitro a comida estava boa carne alentejana para dois e secretos de porco para outros dois adultos e uma crianca tudo bem so nao gostei foi dos secretos ter vindo primeiro com um a senhora nao foi sincera porque o diz agora devia ter dito na altura mas o ser humano e a sim mas obrigado e saude"
"Positive", "nao era a primeira escolha e ainda bem que o restaurante a que ia estava cheio fomos recebidos com muita simpatia e com comida regional muito boa a um preco razoavel com doses muito generosas recomendo vivamente"
"Positive", "sr carlos recebe com simpatia e proporciona comida caseira de elevada qualidade boa variedade e precos em conta voltarei com certeza"
"Positive", "nao conhecia este restaurante mas foi uma agradavel surpresa comida caseira doses abundantes e preco acessivel a repetir"
"Positive", "se ha comida que faz jus a comida alentejana e a deste restaurante o atendimento e como se tivesse em casa paragem obrigatoria"
"Positive", "e um restaurante simples mas a comida e muito saborosa os casal de proprietarios sao muito simpaticos e atenciosos foi um restaurante de topo mas devido as conjunturas economicas da regiao fico do passado a simpatia e a qualidade da alimentacao"
"Positive", "sou da zona norte famalicao este foi o o restaurante que almocei em beja com a minha familia ate ao momento este restaurante e o unico que recomendo vivamente todos os internautas a almocar jantar tanto pelo sabor da comida como pela simpatia do atendimento muito bom carne de porco alentejana bom ambiente e a simpatia de quem nos serviu um local a visitar novamente"
"Positive", "pedi umas migas e estavam deliciosas adoro migas a alentejana mas como nao gosto de carnes com muita gordura costumo apenas comer o pao as migas do arbitro destacaram se por acompanhar as migas com uma deliciosa carne de lombo recomendo a quem quiser comer umas um espaco acolhedor com comida muito bem confeccionada sao de realcar a sopa de cacao e o borrego a pastora o atendimento foi extremamente profissional com muita simpatia pela parte do staff"
"Positive", "restaurante de aspeto modesto mas com comida saborosa e bem confecionada comemos carne de porco a alentejana e pezinhos de coentrada e estavam realmente muito bons recomendo"
"Positive", "boa comida a canjinha estava muito boa e a carne de porco alentejana espetacular bom atendimento restaurante mais do tipo caseiro mas agradavel"
"Positive", "sem ser um restaurante de referencia come se bem doses generosas e bem confeccionadas um ar condicionado faz falta de verao fica perto do castelo o que permite ter estacionamento e estar perto da zona historica"
"Positive", "restaurante pequeno agradavel com bom servico e comida mediterranea sobretudo alentejano de excelente qualidade a repetir"
"Positive", "pequeno restaurante no centro de beja com comida feita na hora e com excelente sabor foi sem duvida a melhor carne a alentejana que comi"
"Positive", "boa carne de porco grelhada e sobremesas de tradicao alentejana foi uma boa aposta e recomendo para quem apreciar os sabores do alentejo"
"Positive", "uma sopa de cacao que da para dois muito bom a carne de porco alentejana estava boa mas nao tanto quanto esperavamos as cerejas otimas resultado final bom"
"Positive", "bom atendimento comida saborosa e bem confecionada de destacar o bitoque de novilho o melhor que ja comi preco aceitavel para a qualidade oferecida recomendo"
"Positive", "uma descoberta feliz na primeira vez em beja um restaurante com um dono bastante afavel sempre disponivel e de elevada simpatia na proxima xs espero la voltar mas para comer cacao"
"Positive", "recomendado por amigos experimentei este pequeno restaurante e esteve bem a altura da recomendacao atendimento simpatico comida muito bem confecionada experimentem"
"Positive", "por vezes quando estamos a procura de sitio para almocar ou jantar convem cruzar informacoes entre o tripadvisor e a google foi assim que optamos por experimentar jantar neste restaurante uma surpresa comida muito boa e bem confeccionada variedade de pratos do dia tambem a embora o servico seja atencioso e eficiente falta neste restaurante mais alguma qualidade e cuidado com os clientes os pratos apresenta falta de qualidade e num dos casos cozido de grao apresentou se mesmo quase frio"
"Positive", "muito agradavel o menu ja nao me recordo o que almocei mas recordo me que gostei bastante local escondido com bom ambiente e perto do castelo de beja que pode ser motivo para visita"
"Positive", "atendimento razoavel directo e sem delongas ambiente pequeno e um pouco apertado entrada e parto principal saborosos e preco adequado a oferta apresentacao do prato descuidada convem fazer reserva"
"Positive", "foi um jantar de familia inesperado em que o destino nos levou ao arbitro e ainda bem um atendimento espectacular e onde somos tratados como amigos e onde nos sentimos em casa pelo sr carlos dono do restaurante juntamente com a esposa d maria a comida alentejana caseira batata frita caseira e nao congelada o jantarinho alentejano prato tipico estava divino as doses sao muito bem servidas a um preco fantastico e quase inacreditavel paragem obrigatoria"
"Positive", "local muito acolhedor restaurante familiar comida caseira e servico de mesa com muita simpatia d"
"Positive", "muita simpatia excelente comidinha da mama bem localizado no centro de beja junto ao museu e pax julia voltarei de certeza a comer as minhas belas sopas de cacao"
"Positive", "excelente ambiente caseiro comida de uma qualidade extrema muito bom atendimento lugar a voltar sem duvida"
"Positive", "este restaurante tem comida tradicional muito boa e o servico e bom a zona e otima porque temos vista para o monumento principal da cidade com facilidade de estacionamento"
"Positive", "este restaurante tem comida tradicional muito boa e o servico e bom a zona e otima porque temos vista para o monumento principal da cidade com facilidade de estacionamento"
"Positive", "de todos os pratos que comemos sopa cacao migas com carne frita acorda bacalhau estava tudo bem confeccionado e saboroso o preco nao e elevado"
"Positive", "restaurante antigo familiar comidinha caseira e preco em conta a ementa nao e muito variada mas tem sempre uns pratos do dia"
"Positive", "local tipico perto do castelo de beja comida tipica alentejana se qualidade destaco o ensopado de borrego e a carne de porco a alentejana"
"Positive", "pratos cheios de sabor e suculentos nao complicam fazem comidinha da boa e sem grandes preocupacoes esteticas ideal para quem gosta de boa comida em ambiente familiar e descontraido"
"Positive", "restaurante simples boa comida pessoal muito simpatico e possivel parar o carro perto do restaurante e visitar algumas das principais atraccoes da cidade"
"Positive", "espaco e simples e muito agradavel esta perto da zona historica simpatia vale pelo resto o sr carlos e muito atencioso e simpatico refeicao e muito agradavel visitar"
"Positive", "carne de porco a alentejana estava muito boa pena as batatas serem pre fritas e nao caseiras e um bom restaurante para quem vem visitar a zona exelente qualidade preco aconcelho a quem quiser comer por estes lados a passar aqui"
"Positive", "bom almoco boa relacao qualidade preco excelente simpatia apenas devem melhorar nas sobremesas simpatia no atendimento"
"Positive", "muito simples com comida caseira muito boa boa relacao qualidade preco simpaticos e o servico muito rapido"
"Positive", "restaurante de comida tipica portuguesa restaurante familiar comida caseira e tipicos da zona ambiente tipico da zona e simpatia do proprietario nada a apontar"
"Positive", "sugestionado pelos comentarios favoraveis que li no tripadvisor fui almocar a este restaurante no dia confesso que esperava bem melhor nao encontrei nada que o distinguisse de tantos outros normais a comida e aceitavel mas nada mais que isso talvez nao fosse um bom nao e um restaurante de topo em termos de ambiente decoracao longe disso mas e um restaurante de topo em termos gastronomicos e isso e o mais importante comida muito bem confeccionada parabens a chef do melhor que tenho comido no alentejo fez me lembrar a comida vim ao interior pelas saudades e pela aventura encontrei este restaurante excelente pessoas fantasticas e comida excepcional aconselho a todos experimentar"
"Positive", "das primeiras vezes que uso o tripadvisor procuravamos o restaurante mais proximo com melhor classificacao mas acabamos por estacionar perto do arbitro restaurante bastante acolhedor e simpatico diversos pratos tipicos alentejanos provei carne de porco a alentejana e borrego a padeira aconselho os dois muito lugar pitoresco e pacato otimo para uma boa refeicao num bom ambiente pratos tipicos alentejanos aconselho as migas"
"Positive", "como contribuinte do tripadvisor tento sempre seguir os rankings e experimentar os primeiros classificados quando estou fora assim desloquei me ao centro de beja para experimentar o primeiro classificado d dinis mas foi negado o jantar por motivo de jantares de natal precisava de uma alternativa comida tipica muito bem confecionada simpatia boa relacao qualidade preco so faltaram as sobremesas alentejanas nao havia grande escolha optei pela sericaia que nao trazia ameixas"
"Positive", "comida bem confeccionada e bem servida destaco tambem a simpatia do sr ex arbitro o espaco e simpatico com um ambiente familiar"
"Positive", "situado numa das saidas da cidade este arbitro merece uma visita pelos seus sabores e pela simpatia do pessoal recomenda se a sopa de cacao e a carne de porco preto precisava de um investimento na sala para a tornar mais acolhedora e confortavel"
"Positive", "a comida e de excelente qualidade muito bem servida atendimento muito simpatico a sericaia estava excelente"
"Positive", "restaurante simples com comida regional muito boa e a bom preco fantastica sopa de cacao e fabuloso borrego alentejano optimo para almocos de familia super atenciosos com criancas"
"Positive", "gostei muito de almocar no restaurante o arbitro em beja espaco muito agradavel onde o atendimento e muito simpatico a gastronomia e excelente recomendo"
"Positive", "o restaurante fica situado no cimo da cidade a uns metros do castelo restaurante simples serve boa comida a precos moderados a bom servico de mesas"
