Sentiment, Review
"Positive", "em final de ferias no alrgarve a caminho de lisboa foi o unico restaurante onde conseguimos atendimento o meu filho teve de fazer teste covid e o funcionario foi impecavel esplanada cheia com fila de espera conseguimos mesa no interior ambiente agradavel staff profissional mas pouco simpatico para pessoas de fora que nao estrangeiros comida bem confeccionada meias doses suficientes se nao comer muito gostariamos de voltar para experimentar outros pratos"
"Positive", "excelente atendimento e a comida e excelente amei e recomendo o marisco e excelente qualidade e o atendimento superior"
"Positive", "excelente marisqueira no interior do alentejo com viveiro e marisco muito freco boa relacao qualidade preco atendimento muito bom recomendo irei voltar seriamente"
"Positive", "palavras pra que a foto da conta que paguei fala por si atencao malta a conta e feita em funcao do que aparentas meio quilo de perceves mais caros que lagosta so neste local eu paguei porque nao sou pessoa de levantar ondas mas prejuizos derivados do covid ja dei involuntariamente o meu contributo para a recuperacao deste local tirem as elacoes que quiserem"
"Positive", "paragem para almocar apos regresso de espanha opcao de esplanada e interior fomos sem marcacao e num feriado e conseguimos lugar rapidamente optamos pelo terra e mar com bife de porco preto e camarao estava espectacular sobremesas com delicioso aspecto"
"Positive", "as instalacoes sao muito agradaveis e com uma boa esplanada de que infelizmente nao podemos usufruir por estar cheia o acolhimento e simpatia dos colaboradores foi inexcedivel a boa maneira alentejana o naco de novilho era excelente bem confeccionado e quase se podia cortar com um garfo fantastico realmente os percebes cozidos na hora eram grandes e muito saborosos a salada russa de entrada era optima carregada de camaroes os restantes pratos servidos eram tambem de boa qualidade e as sobremesas muito boas tiveram ainda a simpatia de de oferecer uma dose extra de jameson no fim da refeicao e do cafe local a revisitar sem duvida"
"Positive", "devo de admitir que quando cheguei nao fiquei com grandes expectativas mas era tudo muito bom atendimento comida cerveja e um preco bastante aceitavel"
"Positive", "restaurante com uma boa e agradavel esplanada servico simpatico mas com falta de profissionalismo em alguns aspectos como favorecer alguns clientes em detrimento de outros a confeccao e irregular sendo que em alguns pratos chega mesmo a ser mediocre"
"Positive", "muito simpatico excelente comida caseira boa relacao preco qualidade boa pata negra e uma boa carta de vinhos para provar"
"Positive", "bons petiscos e servico de mesa muito eficiente recomendo vivamente especial recomendacao para maionese de camarao e salada de polvo"
"Positive", "excelente localizacao simpatia dos colaboradores e comida excepcional um sitio sem qualquer duvida para voltar obrigada"
"Positive", "em beja faz a diferenca pela positiva bom servico de mesa com rapidez e simpatia mesmo com casa cheia menu suficiente e variado entradas e petiscos bons o vinho servido branco da casa de boa qualidade a repetir sempre nas deslocacoes a beja otimos petiscos uma saborosa maioneses de camarao e um excelente pata negra de barrancos meses e provei pela primeira vez caracois ganhei coragem e gostei"
"Positive", "atendimento bom comida espetacular relacao qualidade preco bastante agradavel experiencia a repetir numa proxima visita a beja"
"Positive", "apesar do restaurante estar cheio e haver varias familias a espera como eramos so conseguimos uma mesa rapidamente optamos por comer petiscos depois da maionese e do pao alentejano torrado com manteiga comemos uma salada de ovas muito boa um polvo com coentros e comida deliciosa atendimento muito simpatico e precos muito acessiveis a carne e muito muito boa bem servido bom atendimento e boa comida o que podemos querer mais muito bom mas falta um pouco para excelente"
"Positive", "pela quantidade de pessoas da terra notava se que iamos ter sorte comemos muito bem a um preco bastante razoavel recomendamos"
"Positive", "depois de min a circular em beja sem ver nada que nos agradasse decidimos procurar online baseados na sugestao de uma amiga viemos aqui parar recomendamos o terra e mar muito bem conseguido e saboroso os doces sao todos optimos e tipicos da regiao oferta restaurante simpatico comida bem confecionada e doses medias preco dentro da media pessoal simpatico dispoe de esplanada"
"Positive", "boa relacao qualidade preco bom servico e comida bem confeccionada nao gostei das migas com tomate e nao achei bem colocarem as entradas da mesa sem nos perguntarem"
"Positive", "excelente excelente cozinha e atendimento simpatico familiar e eficiente parabens escolhemos borrego a casa tipo a pastor que estava excelente boas e tipicas sobremesas bom vinho da regiao monte das servas"
"Positive", "pedimos para petiscar dose de maionese de camarao e dose de terra e mar ficamos bastante satisfeitos com a dose de maionese de camarao nao so pela quantidade servida como pelo fator qualidade preco neste caso ja na dose de terra e ha anos que nao comia neste restaurante regressei este verao e tive uma agradavel surpresa foram feitas remodelacoes o servico continuava impecavel e a comida de chorar por mais pedi um terra e mar e comi um porco preto com camarao que estava todos os pratos sao de excelente qualidade o espaco e muito agradavel simpatia e um atendimento excelente adoro tudo muito bom mesmo recomendo"
"Positive", "de regresso das ferias procuravamos um sitio para comer este restaurante apareceu nos quase por acaso estavam todos cheios disponibilizaram se imediatamente para nos arranjar uma mesa boa comida caseira com uma grande relacao qualidade preco quando passamos em beja e sempre uma opcao"
"Positive", "nunca esperei gastar numa meia dose e ficar literalmente cheio fome porco preto terra mar dose excessivamente caras para a quantidade empregados prestaveis e comida bem confecionado e saborosa"
"Positive", "se ha sitio com bom atendimento em beja e com comida deliciosa desde marisco a porco iberico e aqui sempre bem tratados staff bem disposto recomendo"
"Positive", "restaurante muito acolhedor atendimento super rapido e simpatia dos funcionarios pratos de marisco misturados com a carne do porco preto divinal recomendo"
"Positive", "foi a segunda vez que almocei neste restaurante e cada vez mais recomendo o mesmo para entrada comi espargos selvagens com ovo mexido que estavam divinais e uma salada russa depois vieram umas migas com porco preto e estava tambem maravilhoso e para finalizar experimentei a comida e de excelente qualidade o atendimento e bom o espaco e suficiente os precos sao mais altos que o normal mas nao e uma fortuna"
"Positive", "valeu pelas entradas e pelas imperais a refeicao em si achei valor exagerado em relacao ao entregue uma espetada de porco preto que trazia meio camarao precos caros imperial a pessoas"
"Positive", "um excelente sitio em beja para um almoco com amigos restaurante pulo do lobo servico rapido e simpatico grelhados com camarao boas entradas excelente relacao qualidade preco recomendo numa deslocacao ao baixo alentejo"
"Positive", "excelente atendimento comida muito saborosa e otimo custo beneficio meu pedido foi bochechas de porco e minha esposa pediu um prato chamado terra e mar ambos estavam espetaculares voltarei no restaurante quando regressar a beja"
"Positive", "refeicao rapida e caseira meias doses suficientes acompanhamento de legumes bom pouco peixe na carta so o comum bacalhau e polvo"
"Positive", "imenso tempo espera quando nao ha previsao e espaco suficiente para servir pede se desculpa"
"Positive", "imperial top marisco sempre fresco e salada russa espetacular staff sempre atendo para que sobretudo a imperial nao falte restaurante obrigatorio na passagem por beja"
"Positive", "estava completamente cheio e ate pensamos mal da nossa vida mas rapidamente fomos convidados a sentar o servico foi rapidissimo com simpatia e acolhimento comida muito saborosa e rapida tipicamente alentejana melhor nao podiamos querer"
"Positive", "continua a ser um dos melhores de beja boa qualidade equipa ok experimentamos o arroz de marisco muito bom ambiente descontraido preco adequado"
"Positive", "marisco muito fresco e saladinhas excelentes boa imperial bom atendimento e simpatia terra e mar e polvo grelhado muito gostosos cuidado com as calorias dos doces"
"Positive", "muito bom e sempre um gosto ir comer ao pulo do lobo e tudo bom o ambiente a comida maravilhosa e a simpatia dos que la trabalham de salientar o vinho pulo do lobo syrah"
"Positive", "atendimento muito simpatico entrada de maionese sem reprimenda tomatada hmmm e carnes alentejanas mais uma vez o alentejo a nao desiludir"
"Positive", "um dos melhores sitios de beja nunca compromete desde as entradas as sobremesas a qualidade e inquestionavel bom sitio tambem para ir beber uma imperial com um petisco so fim da tarde"
"Positive", "a entrada de salada de maionese e completamente unica extraordinariamente fresca e de sabor inigualavel apenas tive oportunidade nesta visita de provar a espetada de polvo e uns lombinhos de porco preto ambos muito bem confecionados na proxima visita a beja garantidamente que nao deixarei muito bom sitio fomos la almocar e gostamos muito preco qualidade muito em conta recomendo vivamente"
"Positive", "atendimento muito bom o presunto a maionese o pao torrado muito bom espetada de polvo e secretos com ovo de tomatada tambem muito bom"
"Positive", "um local com varios sabores da regiao tanto a carne como o peixe sao excelentes uma vinhaca e uma sericaia e esta feito"
"Positive", "pratos do dia muito bons bacalhau a casa excelente presunto e imperiais divinais servico muito simpatico"
"Positive", "por recomendacao visitei este restaurante para jantar mas afinal restaurante ou melhor cervejaria muito marisco muita cerveja e nada de pratos tipicos alentejanos comemos no entanto um excelente queijo de cabra secretos bastante bons acompanhados de batata frita normal e uma boa salada alentejana de local muito agradavel bons petiscos e bem confeccionados bom atendimento e precos dentro do normal"
"Positive", "bons grelhados bons mariscos pouco tempo de espera servico simpatico atmosfera acolhedora uma escolha sempre certa"
"Positive", "para comecar os funcionarios foram super simpaticos e atenciosos em relacao a comida as entradas estavam optimas comemos migas com secretos os secretos excelentes mas as migas podiam estar um pouco mais saborosas mas dentro do aceitavel mais uma vez excente atendimento dos funcionarios"
"Positive", "servico muito muito bom desde a simpatia dos funcionarios a qualidade da comida recomendo vivamente"
"Positive", "mais um bom petisco em familia como sempre tudo optimo sempren bem recebidos e a comida sempre com qualidade"
"Positive", "restaurante muito bom em termos de preco qualidade recomendo o presunto acompanhado com pao torrado e excelente para prato principal o terra e mar de porco preto satisfaz mas na minha opiniao poderia trazer mais carne e menos batata frita em termos de sobremesa peca muito bom restaurante tem vertente cervejaria como restaurante comida com boa qualidade o prato terra e mar e maravilhoso os mariscos sao frescoa recomendo vivamente"
"Positive", "comida muito bem confeccionada com um atendimento eficiente e simpatico fui a este restaurante por recomendacao de uma amiga e gostei da experiencia espero voltar mais vezes"
"Positive", "cervejaria onde se pode beber um copo ao balcao ou sentar e petiscar qq coisa mesas tipo cafe servico rapido e eficiente tipico se cervejaria boa cerveja provamos salada polvo camarao a guilho e maionese de camarao bons vale a pena passar"
"Positive", "e certo que quem conhece acha que e um bocadinho caro concordo contudo nao se importa de pagar um bocadinho mais mas saborear sempre boa comida em qualidade nao deve hesitar"
"Positive", "espaco agradavel servico rapido e atencioso comida bem confecionado ambiente tranquilo preco justo estacionamento disponivel e muito perto"
"Positive", "a recepcao do restaurante foi boa e ficamos por aqui de coisas boas a dizer falta de atencao tempo ridiculo de espera e para melhorar tiraram bacalhau do meu prato a meio da refeicao porque tinham posto a mais ridiculo a coca cola foi o snack bar cervejaria e restaurante incontornavel na cidade de beja a excelencia e eficiencia do servico marcam a diferenca deste estabelecimento um staff fidelizado que funciona em equipa assegura o sucesso do pulo do lobo pratos como o terra e mar naco de vitela em ha anos que sou cliente desta grande casa em beja e sempre fiquei satisfeito em todos os aspectos ontem foi uma desilusao reparei que existe na casa muita falta de profissionalismo na qual o empregado esquece se de me trazer a minha bebida para a mesa ja algum tempo que nao ia a este restaurante e foi uma agradavel surpresa que continua com comida saborosa local perto das piscinas municipais e facil acesso estacionamento ha varios estacionamentos nos arredores atendimento o staff foi atencioso aceitavel instalacoes as instalacoes sao boas ha paisagem natural de referencia sitio ideal para passear com amigos familia ou em casal em contacto directo com a natureza pode ser observada uma queda de agua ou andar por entre as rochas ou simplesmente contemplar e desfrutar"
"Positive", "bom ambiente boa qualidade comida com qualidade vinho optimo bom ambiente para casais e familias sitio descontraido optimo para um final de tarde a ficar para a noite"
"Positive", "carne top e service simpatico muito obrigado a familia do douro sobremesas tambem muito bom ate um dia"
"Positive", "espaco despretensioso mas arejado equipa dinamica e sempre atenta doses generosas e bem preparadas estao de parabens"
"Positive", "vivo em beja e e um dos restaurantes que frequento recomendo os secretos de porco preto tem esplanada e petiscos um lugar excelente para passar um fim de tarde com os amigos"
"Positive", "empregados com pouca atencao e profissionalismo esperas em todas as etapas desde sentar ate ter o menu min trazer a travesssa e esquecer que nao se pode comer sem pratos mais min ate que o empregado se dignasse a olhar novamente para a mesa espera restaurante com comida tipica e muito saborosa funcionarios muito simpaticos e atenciosos recomendo"
"Positive", "otima qualidade e servico esplanada bastante agradavel e o atendimento rapido e atencioso recomendo desde o pao torrado e o queijo a salada de polvo e a sapateira algum dia que volte a passar por beja regressarei"
"Positive", "gostei da carta com varias aguarias alentejanas espaco agradavel preco simpatico e pessoal atento e simpatico"
"Positive", "excelente imperial empregados muito profissionais boa comida bom marisco e boa variedade recomendo"
"Positive", "excelente ementa comida regional muitissimo bem confecionada bons vinhos boas sobremesas atendimento rapido e eficiente precos dentro da media vale a pena voltar mais vezes"
"Positive", "espaco amplo agradavel e funcional para almocar ou jantar limpo pessoal simpatico ementa tipica de restaurantes onde o toque regional aparece os acompanhamentos dos pratos poderiam ser mais diversificados nao insistindo tanto na batata e arroz os precos sao moderados"
"Positive", "tem fama faz se pagar por essa fama mas nao deslumbra esta uns furos acima da concorrencia mas os precos estao um pouco para alem do esperado boas entradas e boa comida servico a melhorar por vezes o servico de cervejaria tende a confundir se com o tudo o que comi estava bem preparado e saboroso gostei da espetada da mousse de chocolate e a cerveja estava bem tirada"
"Positive", "pode dizer se que nao desapontou boa qualidade dos secretos apresentados as entradas tambem boas enfim a repetir numa proxima visita ao alentejo e designadamente a beja"
"Positive", "ex libris de beja o pulo do lobo mantem a qualidade de ha anos boa escolha de produtos regionais como queijos azeitonas e presunto"
"Positive", "restaurante no centro de beja sendo uma boa referencia da cidade boa comida com boa relacao qualidade preco recomendo"
"Positive", "chegei por voltas das h de sabado passado e so havia uns lugares disponiveis de resto na outra sala estava completamente cheia eu gostei das migas tavam boas"
"Positive", "o melhor restaurante que comemos em beja o servico muito bom e profissional comida rapida e bastante saborosa precos muito baixos e acessiveis voltaremos sem duvida recomendo"
"Positive", "excelente comida servida com a tradicional simpatia alentejana as tostas de pao alentejano com manteiga estavamdeliciosas"
"Positive", "saimos de beja ate portalegre so para conhecer esse restaurante pq um amigo nos indicou na verdade ele nos indicou o tombalobos q e do mesmo do o mas estava momentaneamente fechado para reformas e nao nos arrependemos dos mais de km q tivemos de boa localizacao sala bem arrumada bastante asseio pessoal qualificado comida tradicional comi cozido de grao que era prato do dia estava no ponto vinho da casa de qualidade colaborador atento e simpatico preco moderado verifiquei que tambem e marisqueira"
"Positive", "ja nao vinha ao pulo do lobo a mais de um ano mas continua tao bom como eu me lembrava paragem obrigatoria em beja"
"Positive", "sempre que viajo para sul seja para o alentejo seja para o algarve o almoco ou o jantar sao obrigatoriamente aqui de tudo que ja provei a que me continua a dar agua na boca sao os secretos de porco preto comer e chorar por mais um excelente jantar neste classico pulo do lobo quer se escolha prato ou opte pelos petiscos fica sempre a lembranca de um optimo servico e excelente comida e com a certeza de nunca ficar seco pois a cerveja nunca se acaba na mesa muito boa comida marisco e presunto de excelente qualidade funcionarios muito disponiveis um restaurante a frequentar e recomendar"
"Positive", "um refeicao muito boa o atendimento foi bom a sapateira estava divinal preco razoavel para o que se comeu optimo vinho o que teem mesmo do pulo do lobo experiencia a repetir"
"Positive", "qualidade inferior ao habitual a comida estava normal pareceu me que a quantidade de comida reduziu um pouco positivo petiscos e marisco de qualidade apesar de caro atendimento simpatico imperiais muito boas negativo os pratos principais sao em pequena quantidade cada dose nao da para um adulto e e tudo absurdamente caro senti me enganado e roubado nao voltarei"
"Positive", "comida simples caseira e gostosa passando por beja vale a pena conhecer esse restaurante nao sera a melhor experiencia gastronica de portugal mas dificilmente vai se decepcionar pode ir sem medo"
"Positive", "simpatico e um excelente prato de secretos com arroz batatas fritas e ovo a cavalo a repetir e aposta segura"
"Positive", "restaurante com muita fama nao consigo vislumbrar o porque apenas pela localizacao um restaurante normal como muitos"
"Positive", "simpatia boa comida e rapidez no atendimento fiquei fa o prato terra e mar e muito bom e a ameijoa a bolhao pato e das melhores que ja comi"
"Positive", "este restaurante tem um fama enorme dai fui com uma expectativa elevada encontrei um restaurante normal a comida igual a outros restaurante de beja sem a notoriedade do pulo do lobo nao justifica o preco pedido caro demais para a comida servida"
"Positive", "nada de especial antes pelo contrario confusao e barulho no interior e empregados agressivos e mal dispostos beja tem muito mais para oferecer do que este tipo de servico existem melhores opcoes nao volto"
"Positive", "tem desde os pratos tradicionais ao marisco com elevada qualidade no servico boas sobremesas e o ambiente muito acolhedor"
"Positive", "ambiente agradavel e comida saborosa servida em pratos com boa apresentacao local simpatico para voltar a visitar"
"Positive", "restaurante onde a qualidade e profissionalismo predominam excelentes tapas e carne de porco preto otima altamente recomendado"
"Positive", "quando vou a beja vou sempre este restaurante maravilhoso tem carnes fantasticas peixe maravilhoso mas tem um prato que e sublime o terra mar que consiste no bife de novilho e com camarao tigre e tambem tem um atendimento estrelas"
"Positive", "no dia de agosto ao regressar do algarve fui com a minha familia almocar a este restaurante a comida estava muito boa e o espaco e muito agradavel o empregado de mesa estava em dia mau ao servir os cafes deixou cair um cafe bom atendimento muito boas entradas boa comida e bem servido para sair a rebolar recomendo as espetadas de polvo dos poucos sitios onde me interesso por comer polvo mas e de salientar as tapas como entrada de uma excelente qualidade"
"Positive", "local simpatico e com boa comida doses bem servidas boa relacao qualidade preco e bom ambiente"
"Positive", "fantastico jantar em beja restaurante lotado por gente local e por estrangeiros numa quinta noite e sinal que o restaurante e muito bom prato terra e mar muito bom funcionarios super atenciosos"
"Positive", "muito bom estabelecimento muito bem estruturado em que divide a parte da cervejaria e restaurante servico de atendimento muito bom assim como a comida confecionada ja la estive tres vezes e voltarei novamente assim que possa"
"Positive", "os pratos sao bons mas foram as sobremesas que surpreenderam o pudim de amendoa e o de mel eram deliciosos"
"Positive", "simpatia dos funcionarios excelente comida destaca se o arroz de marisco e as ameijoas a bulhao pato"
"Positive", "boa comida e simpatia a nao perder o porco preto com gambas otimo a sopa de espinafres e muito boa e como sobremesa a sericaia com ameixa e uma opcao deliciosa"
"Positive", "recomendo a salada de polvo e o marisco quanto ao atendimento e bom a localizacao e boa mas estacionamento nem por isso"
"Positive", "comida de muito boa qualidade algum tempo de espera servem uma dose pequena que nao satisfaz dois adultos que comam bem"
"Positive", "restaurante e bar bem movimentado e bem frequentado o atendimento e bom serve pratos a base de porco e frutos do mar de boa qualidade e preparo a nota destoante fica por conta de se poder fumar no interior do estabelecimento e invariavelmente ha ja alguns anos que almocamos por aqui no regresso de islantilla aos domingos quer o servico como a qualidade da cozinha sao bons destaque para uma carta de vinhos locais muito razoavel e a excelentes precos vale a visita"
"Positive", "um restaurante de referencia em beja como prato de referencia o terra e mar e uma boa escolha e muito equilibrado"
"Positive", "desde as entradas as sobremesas este restaurante nao desilude sempre tudo optimo empregados simpaticos e atenciosos sobremesas muito boas para acabar bem a refeicao"
"Positive", "excelente relacao qualidade preco comida muito bem confeccionada e servico rapido e bom por fora pode parecer um cafe convencional porem vale muito a pena"
"Positive", "comida simples mas boa bem confeccionada quantidades justas para bom preco atendimento nao e simpatico mas e cordial eficiente rapido e atento bom para petiscos ao fim da tarde"
"Positive", "restaurante simples mas com um atendimento excelente comida extremamente gostosa e preco justissimo valeu muito a pena"
"Positive", "excelente cozinha de destacar o terra e mar bem como todos os petiscos e mariscos magnifica imperial sobretudo na esplanada durante os dias de calor"
"Positive", "a segunda depois de estarmos hora a espera fomos roubados um grupo de pessoas sao mal servidas escolhendo o prato da casa terra e mar"
"Positive", "sempre que vou a beja gosto de parar neste restaurante gosto particularmente das tapas aconselho sem duvida"
"Positive", "a minha preferencia terra e mar e pudim de mel restaurante acolhedor e pessoal muito simpatico sempre que possivel faco uma visita"
"Positive", "equipa ja foi melhor no entanto continua boa onde todos sao atenciosos os pratos sao bons e as acessibilidades excelentes"
"Positive", "entradas boas prato principal terra e mar nada de especial para o preco praticado boa imperial e boas sobremesas a destacar a simpaticos e boa disposicao dos funcionarios nao recomendo"
"Positive", "fomos e fomos atendidos rapidamente e comemos uma entrada de caracois e prato de bacalhau tudo estrelas"
"Positive", "restaurante muito acolhedor amplo e bem decorado fazendo justica a boa gastronomia do alentejo pao e azeitonas sao de comer e chorar por mais precos dentro do habitual para esta categoria de restaurantes as meias doses satisfazem qualquer estomago empregados eficientes mas que poderiam sorrir servico eficaz e simpatico boa comida bem localizado refeicoes variadas pratos do dia para quem menos tempo de espera muito agradavel"
"Positive", "no pulo do lobo temos a certeza de ter sempre umas optimas refeicoes ambiente agradavel em sala ampla e com um staff muito atencioso uma das melhores opcoes em beja"
"Positive", "qualidade muito simpatica empregados atenciosos e despachados numa cidade pequena por vezes nao e facil encontrar aonde efetuar uma refeiao mais tarde e este espaco oferece ate as h pratos da lista e ate as h algo para picar"
"Positive", "a comida a e saborosa e a quantidade suficiente o atendimento e bastante despachado e educado o espaco e normal e o preco foi um pouco acima do esperado nao foi uma agradavel surpresa mas nao foi mau"
"Positive", "bom restaurante a espetada de polvo com batatas a murro e muito boa o servico e bom a sala e agradavel esta sempre cheio"
"Positive", "nao tenho boa recordacao deste restaurante devido a um tempo de espera inconcebivel a comida e boa e a cervaja ainda melhor"
"Positive", "boa confecao simpatia e preco qualidade voltarei assim que puder vou aconselhar aos amigos quando passarem por beja continuem"
"Positive", "escolhemos este restaurante derivado as excelentes avaliacoes na app e certo e que sao justas escolhemos por aconselhamento a especialidade da casa o famoso terra e mar e de facto foi a excelente recomendacao ambiente espetacular nao sendo um restaurante barato os precos sao justos muito bom comida bastante saborosa e caseira preco em conta recomenda se chegar cedo ou fazer reserva antecipada"
"Positive", "e um bom restaurante com boa comida e um atendimento agradavel recomendo o prato de carne de porco preto e camarao conhecido como terra e mar que deve ser sempre acompanhado com um bom vinho tinto alentejano o preco e medio ou seja uma refeicao a comida e muito boa desde o presunto e da salada de polvo como entrada passando pela deliciosa espetada de polvo com batatas e legumes ate ao molotof de sobremesa nham nham as instalacoes encontram se divididas em fumadores e nao fumadores e as casas de restaurante tipico alentejano com muito boa comida e preco aceitavel dado tratar se de uma marisqueira carne de extrema qualidade entrada muito boas produtos alentejanos nada de enlatados"
"Positive", "e um dos nossos lugares preferidos para petiscar ja ha anos bom ambiente produtos fresco e de qualidade pra mim o unico inconveniente e que a area toda e de fumadores o que me incomoda um pouco"
"Positive", "um bom restaurante um pouco mais caro mas tem bom marisco costumo visitar em ocasioes especiais boas entradas"
"Positive", "decoracao do espaco ausente espaco muito recomendado por todos mas no fundo e uma cervejaria como tantas outras normal"
"Positive", "visitamos este restaurante com um grupo de amigos numa visita a beja o restaurante tem comida tipica alentejana bem confeccionada e o staff e atencioso os precos sao um pouco acima da media mas vale a pena"
"Positive", "tudo excelente desde as entradas ate as sobremesas tudo muito saboroso sem duvida um restaurante a repetir numa proxima visita a beja"
"Positive", "comemos boa comida alentejana restaurante com servico adequado nao tinha uma grande decoracao mas servia"
"Positive", "mais uma vez almocei neste restaurante e voltei a nao ficar desiludido em nenhum aspeto desde as entradas a sobremesa tudo estava em perfeitas condicoes comida muito saborosa"
"Positive", "local ja conhecido os pratos parecem me simples mas bem confecionados o servico foi rapido e agradavel uma boa referencia em beja"
"Positive", "restaurante familiar com bom ambiente apesar de barulhento comida caseira e sobremesas deliciosas muito bom o pudim de mel nunca tinha provado simpatia dos empregados precos acessiveis a repetir duma proxima vez quando for a beja"
"Positive", "relacao preco qualidade boa bom servico e boa comida algo barulhento estava cheio bom almoco empregados simpaticos e eficientes"
"Positive", "boa relacao preco qualidade comida bem confeccionada as sobremesas sao uma delicia experimente o pudim de mel"
"Positive", "das marisqueiras que melhor marisco comi ate hoje excelente atendimento e uma optima gastronomia recomendavel para qualquer hora"
"Positive", "refeicoes bem confeccionadas tendo por base os pratos alentejanos de carne com duas salas distintas para fumadores e nao fumadores apenas um alerta caso passe neste restaurante algumas vezes verificara que a ementa nao tem alteracoes"
"Positive", "bom servico e comida muito boa acho no entanto que o preco e demasiadamente excessivo se por um lado compreendo que haja pratos que tenham de ser necessariamente mais caros nao compreendo por exemplo o balurdio que levam por uma dose de caracois ganhavam mais a melhor salada de maionese do mundo nao ha outra igual terra e mar e camarao da costa divinais recomendo e mesmo fantastico os precos sao aceitaveis para a relacao qualidade preco"
"Positive", "excelentes ingredientes carne de muita qualidade atendimento rapido e simples bem confeccionado doses normais preco medio e uma cervejaria e um restaurante de bairro com esplanada aconselho carne porco preto belissimo"
"Positive", "cozinha regional ou tradicional portuguesa incluindo sobremesas de boa qualidade e sabor a preco medio justo"
"Positive", "comi o prato terra e mar que tem carne e alguns camaroes para o que e habitual no alentejo a dose era um pouco acanhada o preco um pouco acima da media"
"Positive", "restaurante tipico alentejano empregados simpaticos carne muito boa e um vinho da casa excelente doces conventuais dos deuses boa escolha"
"Positive", "muito bom espaco muito agradavel servico simpatico e excelentes pratos o presunto e espectacular as carnes de porco tambem boa carta de vinhos do baixo alentejo interior desde os mais em conta aos mais caros"
"Positive", "comecamos por almocar como ficamos satisfeitos acabamos por voltar para jantar nao sendo um espaco muito requintado e amplo arejado o servico e rapido e o funcionario muito eficiente e simpatico e nao foi caro"
"Positive", "boa comida boa carta excelente imperial muita simpatia e bons doces preco medio de tem sopa para os miudos e tem excelente sobremesas e uma cervejaria e como tal tem sempre bom marisco e boa carne"
"Positive", "boa comida servico eficaz e agradavel uns petiscos como entradas muito bons e com bastante escolha pratos principais na base de marisco e carne de porco preto as sobremesas na mesma linha o preco adequado"
"Positive", "boa comida a um preco bastante agradavel o restaurante e muito concorrido o que o torna um pouco ruidoso e atrasa um pouco o servico mas a comida e boa e bem confeccionada nota a morada no tripadvisor esta errada"
"Positive", "boa relacao qualidade preco servico simpatico mas com muitas falhas nos pedidos desde o inicio ao final da refeicao"
"Positive", "esta review representa duas idas ao pulo do lobo na mesma semana em ambas fomos atendidos pelo sr lino que e um empregado simpatico atencioso e atento ao cliente a pergunta o que aconselha o sr lino respondeu e tudo bom e e mesmo a entradas muito muito boas espetada de porco preto muito boa otimo atendimento e bom preco das melhores refeicoes em termos de qualidade preco que usufrui recomendo"
"Positive", "um dos nossos restaurantes favoritos pela ementa variada e de alta qualidade boa atencao e carta de vinhos excelente ambiente sempre agradavel"
"Positive", "a comida deste restaurante e de excelente qualidade o preco e condizente com a qualidade da comida e o atendimento para uma refeicao feita com os pratos do dia acompanhada com vinho da casa e com sobremesa e entradas pagaremos cerca de euros por o melhor sitio em beja para se comer ou petiscar excelente o terra e mar de porco preto presunto pata negra queijo de serpa bom marisco"
"Positive", "local acolhedor pessoal muito simpatico torradas e maionese maravilhosas sitio muito agradavel para petiscar ou para fazer para uma refeicao completa"
"Positive", "numa passagem por beja para um almoco de familia restaurante com boas entradas e doses generosas comida agradavel e a precos acessiveis"
"Positive", "sem qq defeito desde a confeccao ao atendimento e depois sem surpresas na conta comida caseira e de qualidade"
"Positive", "fui jantar ja perto da pelo que talvez nao tenha apreciado da melhor forma mas o ambiente era agradavel e a comida bem confeccionada e saborosa comi um bom presunto pata negra costeletas de borrego muito saborosas"
"Positive", "restaurante muito agradavel com uma excelente gastronomia de grande qualidade e um servico muito cordial e eficiente um local de referencia em beja"
"Positive", "passado um ano nada mudou tudo na mesma comida vulgar precos elevados nada de especial apesar de serem necessarios pelos menos cem caracteres nada mais tenho a acrescentar"
"Positive", "tudo o que se peca e de alta qualidade praticamente sempre cheio pelo que podera haver algum tempo de espera"
"Positive", "solicitei no hotel uma sugestao para ir jantar nao desiludiu boa qualidade das carnes especialidade da casa terra mar muito bom estava cheio e houve uma espera de min staff eficiente"
"Positive", "atendimento excelente e o que servem fazem nos sentir parte do alentejo paragem obrigatoria a partir de ontem"
"Positive", "gostei muito do restaurante servico de qualidade a bom preco atendimento de qualidade com atencao e simpatia comoda muito boa e regional recomendo"
"Positive", "excelente localizacao espaco arejado com uma agradavel esplanada servico competente cordial e normalmente rapido muitos aperitivos com marca alentejana cozinha bem confeccionados com especial indicacao na comida regional cerveja bem tirada"
"Positive", "foi um dia inesquecivel excelentes entradas terra e mar prato principal marisco fresco ostras top recomendo e continuo a ir em familia parabens"
"Positive", "restaurante muito bom com uma optima esplanada onde se pode tomar uma refeicao ou simplesmente petiscar servicos excelente sem nenhum ponto negativo a salientar preco adequado a relacao servico qualidade"
"Positive", "servico comida espaco tudo mas tudo agradavel e sempre a repetir vale a pena e a nao perder este espaco de degustacao"
"Positive", "apesar do aspecto pouco apelativo do exterior do edificio a sala de refeicoes e bastante ampla e agradavel no que respeita a parte gastronomica de salientar que todos os pratos sao muitissimo bem confeccionados e o servico e bastante profissional destacam se os pratos regionais"
"Positive", "o prato caracteristico desta cervejaria o mar e terra e maravilhosamente bom todo o resto e de acompanhar talvez um dos sitios para beber uma cerveja como deve de ser os pratos sao razoavelmente bem confeccionados mas as meias doses deveriam ser chamadas de mini pratos e as doses deveriam ser chamadas de meias doses o terra e mar e o prato que se destaca e com razao o empregado foi solicito e muito profissional"
"Positive", "com estacionamento facilitado a sua imagem exterior nao corresponde a agradabilidade interior encontrada carta regional qualidade boa preco certo e atendimento muito bom a repetir"
"Positive", "tudo o que pedir e bom estrelas sucesso garantido servico simpatico e muito eficiente o reverso da medalha e que as doses sao pequenas e os precos grandes melhor bacalhau que comi em portugal a salada russa e imperdivel e o polvo e fantastico estando ou passando por beja este e o lugar"
"Positive", "a vincada pronuncia alentejana foi logo um bom prenuncio uma salada russa e um pao torrado com manteiga deitaram por terra qualquer afirmacao de hoje vou portar me bem uns camaroes de mocambique cozidos um porco preto com camarao grelhado e um bolo de requeijao a uma bela cervejaria com um atendimento simpatico e impecavel tivemos a sorte de na ementa constar savel frito com acorda de ovas do mesmo e valeu bem a pena de entrada a salada de polvo muito bem temperada e saborosa estava irrepreensivel os camaroes eram apesar das gostosas entradas bem como a boa confeccao do prato principal algo me deixou muito indignado neste restaurante e que nao me vai fazer voltar para a mesa foram pedidas doses e chegou a mesa um prato onde o empregado refere que eram aqui encontramos muitos boas opcoes gastronomicas boa carta de vinhos e petiscos maravilhosos o seu servico desde ha muito que se mantem optimo"
"Positive", "bom em mariscos e em pratos regionais duas salas com ambientes distintos gastronomia regional alentejana de nivel superior"
"Positive", "tanto da parte do restaurante como da parte da cervejaria a comida e muito boa recomendo vivamente a salada russa e excelente"
"Positive", "otimo local para petiscar pratos tipicos alentejanos um bela imperial com amigos o ambiente e espetacular e um otimo local para estar com amigos e saborear otimos petiscos"
"Positive", "fomos la recomendados pelo apecto exterior parece banal mas e excelente excelente restaurante e melhor marisqueira tem sala para fumadores o servico e simpatico profissional e intuitivo o funcionario antecipava o que precisava mos esplanada com bom tempo estacionamento facil bem frequentado vale bem um desvio comida de muito boa qualidade os precos praticados nao sao elevados tendo em conta a qualidade da refeicao"
"Positive", "e um restaurante com petiscos muito bons se quiser tomar uma refeicao mais completa tambem pode a comida tem muita qualidade o atendimento e simpatico no verao nao deixe de frequentar a esplanada e comer um prato de caracois sao maravilhosos"
"Positive", "para mim um dos melhores restaurantes de beja nao e dos locais mais baratos mas acho que a comida compensa o presunto das entradas e sempre fantastico mas e pelo prato terra e mar que volto sempre este prato premiado pode ser de porco normal bons petiscos e bons jantares a carne e muito boa principalmente a carne de porco preta grelhada as entradas sao uma tentacao o pessoal muito simpatico"
"Positive", "e um dos melhores restaurantes em beja as entradas sao muito boas e variadas os pratos de carne e peixe sao de boa qualidade principalmente os de carne de porco preto o custo da refeicao podera ser elevado se optarem por comer entradas doses completas o melhor da refeicao sao as entradas servem umas boas ameijoas presunto queijo camarao gambas os pratos principais nao deslumbram quer pela qualidade bem como pela quantidade e medio no que oferece"
"Positive", "restaurante agradavel sem tradicionalismos de decoracao mas com comida tradicional alentejana bem confeccionada e variada bom ambiente embora nao abunde o espaco pessoal competente prestavel e simpatico"
"Positive", "vista deslumbrante tiramos inumeras fotografias o caminho e longoe tem que se ir num espirito positivo mas vale a pena a vista e de facto magnifica a paisagem esmaga nos"
"Positive", "restaurante com bom ambiente e cozinha reconhecida boa variedade de opcoes servico lento preco razoavel com vinho aproximadamente pessoa excelente carta de vinhos"
"Positive", "o atendimento e do melhor que ha simpatia e eficiencia servem sempre a todas as horas as entradas sao optimas maionese de camarao presunto o prato principal e sempre do melhor muita qualidade febras de porco preto o terra e mar polvo a lagareiro e todos os come se bem o servico e normal cumpre dentro da normalidade a localizacao e boa e se nao souber de outro restaurante melhor neste nao ficara insatisfeito"
"Positive", "as entradas sao fabulosas o pao torado o presunto e o queijo sao uma maravilha o bitoque de porxo preto foi a cereja no topo uma refeicao a repetir"
"Positive", "restaurante muito agradavel e com muito boa comida boa carta de vinhos atendimento profissional e afavel"
"Positive", "a expectativa nao era nada boa as criticas lidas eram pessimas toda a refeicao foi uma contradicao ao que tinha lido desde as gambas a guilho deliciosas aos lombinhos de vaca com ameijoa que estavam de comer e chorar por mais nao houve nada na terra e mar um prato a experimentar para quem gosta de porco e camarao docaria muito boa servico sem qualquer reparo"
"Positive", "uma desilusao comida normal mas precos muito elevados servico sem reparos uma desilusao dadas as referencias que tinha ouvido e lido o espaco deixa muito a desejar desde que se entra ate que se sai a comida e muito cara para a qualidade do restaurante e as doses sao pequenas demais os empregados nao sao nada simpaticos e nao parecem aptos a servir a decoracao do apesar da grande variedade de petiscos estes nao sao baratos e o servico tambem nao e nada de especial precos demasiados elevados para o tipo de servico e comida servidos"
"Positive", "adepto confesso da gastronomia alentejana a comecar pelos enchidos estava curioso em conhecer este famoso restaurante fui num dia de semana ao almoco e tive de estar a espera por mesa o que revela so por si a qualidade do restaurante sem grandes atrasos foram local simpatico no coracao de beja boa sala com ar condicionado e tiragem de fumo pode se fumar boa esplanada imperial no ponto e sempre geladinha gamba da costa maionesse de gambas e um picapau de porco preto que e de chorar por mais entre outras terra e mar talvez o prato mais conhecido e apetecido uma mistura de alentejo com sabor a mar tem no entanto outros pratos igualmente bons"
"Positive", "comida tradicional razoavel mas com um preco demasiado elevado muito barulhento na hora de almoco atendimento demasiado apressado"
"Positive", "ambiente muito confortavel e atendimento rapido eficiente e dedicado comida alentejana de elevado nivel perguntem pelo gaspacho vinagrada com carapauzinhos ou tomatada com carne para quem gosta de marisco tem tambem a sua disposicao diversos petiscos sem duvida um lugar a voltar repetidamente refeicao entre a e e bastante bom e rapido sempre que comi la foi carne e sai sempre satisfeito pelo que me disseram e dos melhores de beja recomendo"
"Positive", "entradas fantasticas boa comida um servico de excelencia por parte dos empregados simpaticos e eficientes um sitio para voltar quando visitar beja novamente"
"Positive", "local agradavel os funcionarios sao muito despechados e se encontrar estacionamento facilmente a esolha recaiu sobre o terra e mar e apesar de os doses servidas e os precos nao serem da mesma proporcao estava muito bom aconselho reserva de mesa pois dez minutos de muito boa qualidade na confeccao dos pratos assim como no atendimento e servico por parte dos empregados uma ementa bastante apelaria"
"Positive", "por ser a primeira vez optei por pedir o prato mais falado que e o terra e mar e fiquei satisfeito mas outras pessoas do grupo pediram outros pratos e o bom aspecto era comum a todos eles uma ementa de pratos tipicos portugueses na gostei muito de ver a zona nomeadamente a cascata do pulo do lobo situada na herdade a erosao aquatica e eolica deixam ver um cenario muito interessante com rocha em xisto cujas laminas dao ao cenario um aspecto interessante a forca da agua era impressionante"
"Positive", "com as expectativas muito altas decepcionou me bastante as especialidades nao sao especiais o servico e demorado e a relacao qualidade preco e baixa louvavel somente na diferenciacao do restante que existe na cidade de beja"
"Positive", "fui no dia dos namorados aconselhada por amigos correspondeu ainda mais do que a minha expectativa certamente iremos voltar"
"Positive", "um dos melhores restaurantes de beja servico e muito rapido e funciona perfeitamente a qualidade e realmente muito boa o prato mais famoso e o terra e mar"
"Positive", "considero dos melhores restaurantes de beja todos os pratos sao bem confeccionados mas o predilecto sera sempre o terra e mar os empregados sao simpaticos e atenciosos o espaco e acolhedor decorado de forma simples costuma ter fila de espera mas vale a pena"
"Positive", "a comida e boa e bem feita sugiro o terra e mar camaroes grelhados porco preto e respectivos molhos funciona recomendo"
"Positive", "bom atendimento o pratos regionais o picado de porco preto gaspacho alentejano qualidade preco acessivel muito bom"
"Positive", "gostamos do prato estrela terra e mar a sobremesa tambem estava deliciosa bolo de requeijao e noz voltaremos um restaurande com muito boa qualidade na confecao e materias primas a provar a sapateira e a maionese de camarao em pleno baixo alentejo enchidos alentejanos de qualidade e polvo grelhado macio e saboroso uma variedade de entradas grande e pratos diarios ao almoco depois de muita gente me falar no magnanimo pulo do lobo a comida nao era ma o dissabor veio com o preco que nao compensou a qualidade"
"Positive", "restaurante simples mas com comida muito boa experimentei as espetadas de polvo e o terra e mar de porco preto e estou muito satisfeito"
"Positive", "e um restaurante que vale a pena conhecer em beja o terra e mar a maionaise o naco frito com ameijoas sao pratos que valem a pena ser degustados"
"Positive", "segunda vez que estamos neste restaurante a prumeira foi ha quatro anos voltei a repetir o prato mar terra de porco preto foi do melhor passados anos volto a aconselhar"
"Positive", "recomendo a quem visitar beja pratos bem confeccionados sobremesas saborosas em suma uma experiencia agradavel"
"Positive", "restaurante simples mas muito afamado atendimento descuidado beirando a falta de cortesia boa comida mas nada que me faca voltarpu indicar"
"Positive", "dos melhores restaurantes que ja comi uma excelente equipa de trabalho muito atenciosos e um bom ambiente aconselho"
"Positive", "com a aparencia de um restaurante vulgar tipo cervejaria tem um servico muito bom e a comida e fantastica se gosta de lampreia va na primavera ligue a encomendar e delicie se com o arroz da dita digo o mesmo para uma acorda de savel os muito bom boa relacao preco qualidade com estacionamento comida bem confeccionada o copo esta sempre cheio"
"Positive", "o atendimento e e a gastronomia de se lhe tirar o chapeu aconselho o marisco e caso tenha menos tempo pode optar pelas sugestoes do dia comi uma espetada de porco preto que deixa muitos restaurantes de topo a morrer de inveja nao so restaurante de aspeto basico tipo cervejaria encanta pela qualidade da comida que apresenta desde a carne ao bacalhau e ate ao marisco as entradas sao deliciosas muito bom vale a pena experimentar"
"Positive", "fomos ao restaurante pulo do lombo com a intencao de petiscar qualquer coisa acabamos por jantar nao foi mau mas para o preco esperava melhor qualidade o servico e bom muito embora o restaurante estivesse com muito movimento"
"Positive", "tinha o porco do corte nao sei o que nos pedimos mas desejo que nos pedimos mais chips nao eram necessarios un necessario e old frio mas o corte porco era de morrer gostosa gostosa gostosa o lugar estava cheio de pessoas locais que tomamos como um sinal agora sabemos porque com certeza ir la novamente o servico foi otimo para comecar com mas muito lento quando veio para obtencao da conta mas eles estavam ocupados"
"Positive", "este e um bom restaurante para visitar em beja mas eu recomendo a visita lo bastante dias porque a qualidade do servico vai para baixo em dias muito movimentados bem como a simpatia dos funcionarios e limpo simples nao gosta mas a comida e boa e tem espaco para familias e grupos eu daria uma classificacao melhor se a qualidade foi sempre a primeira vez que fui la quando havia menos pessoas e a qualidade geral foi melhor a meu parecer um bom restaurante tem de manter os padroes em todos os momentos"
