Sentiment, Review
"Positive", "entradas alentejanas que nao decepcionam boa perdiz de escabeche pratos de miminhos de angus acompanhado por bom vinho e excelente atendimento a repetir e a recomendar"
"Positive", "servico e comida muito boa desde as entradas a sobremesa simplesmente divinal o vinho e excelente o preco e elevado mas compensa a qualidade para um dia mais tarde voltar sitio calmo e tranquilo para um almoco relaxante"
"Positive", "espaco muito agradavel comida boa e saborosa ideal para grupos pelo espaco recomendo lista de vinhos a explorar"
"Positive", "simpatia e disponibilidade na visita efetuada a producao de vinho restaurante com precos um pouco acima da media mas boa comida"
"Positive", "um almoco em que tivemos o gosto de convidar uns amigos ligados a area da restauracao no algarve para conhecerem a herdade e claro disfrutarmos de uma boa refeicao aliada aos seus excelentes vinhos mas a refeicao foi muito decepcionante comecando pelo couvert alentejano muito fraco sem nenhuma qualidade os pratos pedidos tambem desapontaram nao saimos de la com nenhum agrado em qualquer prato pedido apenas o vinho foi a escolha acertada pena pois ja e a a vez que visito a herdade e sai de la sem vontade de voltar ou recomendar o restaurante"
"Positive", "colaboradores simpaticos ao almoco muito bom comemos presa com arroz de espargos e lombo de porco com mostarda e laranja ao jantar comemos bacalhau com pure de couve flor e vitela de leite com pure de batata doce e gengibre este prato nao veio muito quente no geral as refeicoes foram boas total conhecimento de alimentacao gluten free as opcoes de sobremesa gluten free apenas uma que era basicamente fruta"
"Positive", "entrada parece comum mas tem algo a mais paes assados em azeite de oliva feito com a producao da propriedade muito saboroso comemos um bacalhau tambem muito bom como critica construtiva tendo em vista que o restaurante e realmente muito bom sugerimos que seja pensada a ideia de incluirem uma maior varidade de pratos de bacalhau no menu mas no mais so temos elogios"
"Positive", "sem duvida o melhor bacalhau que eu comi em portugal muito delicado e saboroso o mousse de chocolate tambem estava incrivel tudo perfeito inclusive o atendimento a vista agradavel e o vinho elegante"
"Positive", "e com tristeza que escrevo este comentario pois o local merecia melhor gastronomia num domingo decidimos ir pelo caminho a fora e deslocarmos a herdade dos grous ja nao e a nossa primeira vez o sitio e lindissimo no entanto esquecemos sempre que a comida nao e nada de especial acho que ja nao iamos la a uns anos e pensamos que tinham melhorado mas mais uma vez nos enganamos o restaurante merece cozinha tradicional da regiao bem confeccionada pedimos uma salada de bacalhau qual o nosso espanto quando nos e servido um prato a esquerda do mesmo uma mistura de alface temperada com mel e sem sabor a direita o bacalhau que eram dois pasteis de bacalhau cru muido a saber a agua do bacalhau com cheiro reclamamos o funcionario ainda argumentou a dizer que nunca teve nenhuma reclamacao eu propus que provasse o bacalhau cru sem tempero nenhum perante a arrogancia do mesmo depois veio o segundo prato presa no forno cozida a baixa temperatura com arroz de espargos o arroz estava intragavel sem sal estava em papas cozido em agua e sal mais uma vez tivemos que reclamar eu ja estava envergonhada com a situacao o empregado prontificou se para ajudar e a trazer outro acompanhamento estava melhor mas como fiquei algum tempo a espera da comida fiquei bastante nervosa e nao consegui comer nada o prato do meu marido tambem tinha uma mistura de legumes que estavam com muito mau aspecto uma especie de ratatouille enfim talvez volte daqui a anos para ver se ainda e o mesmo cozinheiro ha sugiro que facam um salteado ao bacalhau com azeite e alhos aromatizado com poejo ou hortela da ribeira que tinham a decorar as mesas a sobremesa estava muito boa alguma coisa estava boa o vinho e muito bom consumimos em casa desde que a adega abriu pois ja iamos la comprar o vinho da herdade"
"Positive", "indescritivel parece que eu estou trabalhando pra eles porque quase que eu estou convidando pra voce vir aqui conferir pedimos um menu vinicula os alentejana sao incomparaveis desafio para cozinha desse restaurante na harmonizacao as pilotos nao traduzindo local o tesouro perdido em portugal"
"Positive", "espaco fabuloso paisagem deslumbrante ao por do sol o vinho merece uma venia assim como o couvert o resto foi mau carne seca os lombos de porco com uma cobertura picante e intragavel legumes crus numa tentativa al dente"
"Positive", "cozinha regional alentejana adaptada aos novos tempos devendo realcar a qualidade de servico que os funcionarios colocam em cada detalhe"
"Positive", "tinhamos grande expetativa pelo restaurante mas no fim um pouco desiludidos a comida nao e ma mas nao esta de acordo com a qualidade que a herdade nos proporciona muito menos com a qualidade dos vinhos tem tudo para ser um local de referencia no a sala e bastante calma e agradavel escolhemos o almoco vinico com diversos pratos e um vinho adaptado a cada um deles a comida estava toda deliciosa aproveitamos tambem para fazer uma visita a adega antes de almoco que vale bem a pena"
"Positive", "um restaurante muito elegante acolhedor com uma excelente vista campestre servico excelente profissional e prestavel comida com empratamento muito elegante e refinado muito ao estilo groumet no entanto as doses sao bem generosas"
"Positive", "espetacular uma paisagem incrivel uma bela visita guiada as caves e um excelente jantar boa ementa muito bem confecionado"
"Positive", "restaurante agradavel confortavel com uma vista bonita staff muito simpatico e acolhedor a comida e bem confeccionada e as doses generosas gostamos muito de visitar a herdade"
"Positive", "a herdade dos grous e muito bonita e as instalacoes do restaurante acompanha o estilo chic rural o servico foi muito cortes e profissional tanto na ementa quanto nos vinhos as entradas e sobremesas estavam boas mas infelizmente o prato principal de porco preto nao a culinaria e tradicional adoro culinaria classica com alguns toques finos o sorvete de petala de rosas tem um sabor forte para quem nao tem costume acha q esta mastigando sabonete super indico o atum tem um sabor maravilhoso"
"Positive", "escolhemos a herdade dos grous para o nosso jantar de s valentim o qual superou as nossas perspectivas ja frequentamos a herdade e o seu restaurante em diversas ocasioes nas quais achamos que existia espaco para melhorar ontem esteve tudo a desde da marcacao tudo muito bom entradas estupenda o peixe estava otimo a carne estava deliciosa a sobremesa superior"
"Positive", "excelente apresentacao de todos os nobres produtos do nosso alentejo comida e atendimento estrela"
"Positive", "o restaurante tem um espaco e muito agradavel com vista para a vinha e barragem existentes experimentamos os pratos de carne de vaca e borrego estavam muito bem cozinhados e de extrema qualidade ha um doce que serve como sobremesa que leva morango e o lugar e muito bonito e os funcionarios muito simpaticos pedimos como entrada a degustacao de azeites e a sopa de cenoura fomos com duas amigas que nao sao vegetarianas que pediram o menu do dia e estava tudo maravilhoso a unica critica fica para excelente cozinha refinada ambiente bonito e bem decorado otimos vinhos uma grata surpresa no alentejo"
"Positive", "estavamos hospedados na herdade a comida e boa pouca variedade porem preco muito alto os vinhos da herdade sao razoaveis mas nada espetacular"
"Positive", "espaco muito familiar vista sobre o campo maravilhosa a comida excepcional optimo para um passeio em familia num optimo ambiente campestre staff muito simpatico e prestavel para alem do optima selecao de vinhos sem duvida para repetir vezes sem conta"
"Positive", "fizemos uma refeicao muito boa e agradavel no almoco ja o cafe da manha servido aos hospedes foi muito fraco precisa melhorar"
"Positive", "ficamos alojados perto da herdade e decidimos fazer uma visita e jantar no restaurante sem palavras para descrever a qualidade desta experiencia a vista era divinal com o por do sol mesmo em frente da nossa mesa o vinho pedido um tinto de colheita era suave agradavel quem tem um tempo vago no roteiro vale conhecer uma vinicola e possivel apreciar os vinhos no almoco do proprio restaurante ha algumas opcoes o cardapio nao e tao extenso os pratos e as apresentacoes sao incriveis ha o passeio guiado para conhecer todo o fim de tarde muito sereno sala muito acolhedora com uma vista privilegiada sobre a herdade funcionarios afaveis atentos e despretensiosos as entradas com a tiborna tao saborosas apenas dois pratos pedidos carre de borrego excelente e nacos de vitela grelhados tenros mas com um foi uma noite inesquecivel jantar aqui local muito agradavel ja com o por do sol comida impecavel e muito saborosa atendimento muito bom e para completar tomamos o vinho da herdade que fez toda diferenca foi divino"
"Positive", "dentro de um complexo de hoteis maravilhoso esta o restaurante do herdade dos grous muito aconchegante atendimento primoroso pedimos o menu degustacao com cinco pratos e vinhos harmonizando espetacular porcoes fartas nao coma muito dos paes com manteigas e azeitonas pra sobrar mais espaco desta excelente estadia quarto com lareira e ar condicionado casa de banho muito confortavel e cama xxl na herdade existe muitos animais cabras anas cavalos porcos pretos avestruzes galinhas ovelhas vacas e podemos observar dezenas de especies de aves o restaurante serve comida variada com qualidade restaurante tem uma comida bem saborosa vimos muitos comentarios que falam bem so restaurante e se fato ele e bem gostoso mas para mim nada que o faca ser inesquecivel"
"Positive", "bom restaurante excelente atendimento bom vinho e a comida satisfatoria pelo preco cobrado mas nada inesquecivel confesso que esperava mais mas e uma das melhores opcoes pela regiao pedimos bacalhau pato e cordeiro e todos os pratos estavam muito bons mas somos extremamente criticos com adoramos o servico aconselhamos o couvert com a tiborna pao torrado com azeite e flor de sal que e algo maravilhoso comemos o espadarte e o costeletao e ambos estavam muito bons de manha apreciamos mais a vista magnifica que o restaurante tem e temos situado numa herdade lindissima o restaurante razoavel com precos acima da media excelente vinho e passeio pela herdade vale a pena pela paisagem comida razoavel mas sem nada inesquecivel opcao vegetariana banal e nada de acordo com os precos praticados local tipico alentejano mas podia ter apontamentos mais contemporaneos uma vez que facilmente passa por desatualizado"
"Positive", "bom vinho bom atendimento boa comida e boa dormida recomendo a herdade e linda e aconselho um passeio de bicicleta ao som do canto dos passaros voltarei em breve"
"Positive", "tivemos uma visita guiada pela vinicola com uma degustacao apresentada por uma enologa da empresa apos almocamos no restaurante tudo nota"
"Positive", "muito bom ambiente optimo comida inesquecivel e muito saborosa e o vinho e dos deuses maravilhoso"
"Positive", "fomos visitar a adega e ficamos a saber um pouco mais acerca da herdade a visita e interessante mas nao havendo prova deveria na minha opiniao ser gratuita o espaco e maravilhoso tem alojamento nao foi a nossa opcao e restaurante e possivel passear pela sala ampla plena de luminosidade e um atendimento pleno de simpatia as entradinhas do chefe sao uma excelente forma de iniciar a refeicao com particular destaque para a tiborna um herdade dos grous reserva a preco muito equilibrado acompanhou na perfeicao um costeletao de novilho pela a vez estive com a familia na herdade dos grous ha anos para o casamento do meu afilhado no passado sabado almocamos no mesmo local para festejar os anos do filho do casal sempre fiquei com excelente impressao espaco muito amplo agradavel excelente lugar comida fantastica atendimento maravilhoso vinho quinta do valbom douroenologo luiz duarte"
"Positive", "a herdade e muito bonita o quarto era muito bom espacoso confortavel e com uma lareira recuperadora de calor o unico problema foi nao haver agua quente para usufruir da grande banheira existe um campo de tenis no meio dos eucaliptos o restaurante e muito servico impecavel quarto amplo vista maravilhosa passeio de bike pelos vinhedos obrigatorio recomendo"
"Positive", "refeicao requintada saborosa num espaco tranquilo com decoracao rustica e vista para a paisagem alentejana"
"Positive", "excelente jantar o costeletas de novilho estava divinal o espaco do vosso restaurante fantastico o ambiente maravilhoso dentro de uma herdade fantastica que transmite tranquilidade paz e harmonia o staff estrelas espero que voces ganhem outra estrela mechilam voces merecem"
"Positive", "no dia fui com minha mulher almocar o servico completamente distante nao nos acompanhou minimamente tal seria completamente irrelevante se nao acontecesse o que agora relato por indignado que estou pedi um bife de espadarte e uma das sopas que contava restaurante com muito requinte com um espaco muito amplo e muito agradavel com uma vista muto interessante para as vinhas da herdade entradas muito boas com produtos produzidos na herdade almoco muito bom acompanhado pelos vinhos da herdade staff muito simpatico com um servico muito de facto quando um local nos satisfaz temos uma inexplicavel e estranha tendencia para la voltarmos como me desloco a beja algumas vezes durante o ano e depois de ter ficado a conhecer a herdade dos grous e o seu restaurante nao consigo deixar de uma linda herdade com uma bonita paisagem alentejana restaurante tranquilo com comida deliciosa que mistura o tradicional com o inovador com precos razoaveis considerando o local e a comida"
"Positive", "comida requintada espaco agradavel cozinha tipica de autor varias opcoes de vinhos maioritariamente da vinha local atendimento cuidado e cordial apresentacao dos pratos muito cuidadosa"
"Positive", "fui jantar com umas amigas fim de tarde simpatico com um sol agradavel e a paisagem de facto e encantadora fomos jantar a comida de sabor mais ou menos expectavel atendendo ao local mas nao vim de la encantada pondero la voltar com o marido muito mau horrivel mesmo ate acho que a comida estava estragada muito caro tambem o espaco ate e bonito agora a comida e mesmo muito ma acho que e pre cozida e depois aquecida"
"Positive", "estivemos hospedados duas noites na propriedade quando jantamos uma noite no restaurante da herdade dos grous e fizemos o cafe da manha duas espaco classico muito bem decorado com vidracas amplas o que nos permitia apreciar as videiras e a barragem comida deliciosa atendimento impecavel a ida a este restaurante surgiu por acaso estavamos na zona e um dos amigos recomendou ja la tinha estado eramos adultos e criancas o enquadramento do restaurante esta dentro do que varias casas destes genero ja nos habituaram e visitacao e provas de vinhos a adega e mais exclusiva e foca no enoturismo com varias alternativas desde passeios de balao a visitas aos animais porco preto bovinos e muito mais restaurante aconchegando possui ainda uma pousada recomendo a prova de vinhos vip euros excelente restaurante no entanto o tempo de espera foi ligeiramente elevado mas nada que a refeicao nao eliminasse sao bastante acessiveis a pedidos de modificacao dos pratos e das sobremesas"
"Positive", "mini lua de mel em suite voltada para a barragem lareira na sala de utilizacao obrigatoria servico e restaurante impecavel com cozinha alentejana com pequenas variantes bem explicadas e saborosas vinho da herdade muito bom recomendo"
"Positive", "localizado dentro da vinicola herdade dos grous esse agradavel restaurante dispoe de um terraco com uma linda vista para as videiras dispoe de menu harmonizado com vinhos e menu a la carte pratos com boa apresentacao e sabor atendimento sempre atencioso"
"Positive", "ter a oportunidade de estar em pleno alentejo com frio e uma lareira acesa enquanto degustamos os sabores da gastronomia acompanhados por um servico acolhedor e algo que este restaurante consegue fazer uma vez apos a outra"
"Positive", "estrelas recomendo a todos os familiares i amigos excelente conheco bem o restaurante i o espaco envolvente"
"Positive", "a experiencia nao foi muito agradavel escolhemos menu de degustacao mas o chefe de sala fez nos sentir que tinhamos escolhido um menu expresso tal a rapidez com que servia os pratos ou debitava a descricao decotada de cada vinho muito pouca disponibilidade para responder a a chegada o atendimento foi simpatico e sempre disponivel as nossas questoes comecamos o almoco com as entradas do chef sempre com os produtos da regiao os pratos escolhidos para este grupo de amigos foi irrepreensivel tudo estava delicioso e com muita qualidade"
"Positive", "mais uma vez de visita para um magnifico jantar para destoar da ultima vez por agora resolvemos escolher a la carte bem tudo pensado ao mais pequeno promenor desde o sabor textura aroma combinacoes mais que perfeitas entre a guarnicao e a carne falo do jantamos no primeiro dos varios dias que reservamos na herdade atendimento correcto serio e sempre presente comecamos por experimentar varias entradas onde predominam sabores da regiao em combinacoes bem elaboradas pelo chefe os pratos principais igualmente muito bem preparados carnes excepcionais e muito bem preparadas comida de elevada qualidade devia as materias primas utilizadas serem preferencialmente da herdade boa apresentacao e carta suficientemente vasta servico de qualidade sala tipica de herdade e ao mesmo tempo atualizada de muito bom gosto e com vista para barragem"
"Positive", "local muito belo com um enquadramento sublime e fantastico inserido na herdade dos grous o seu restaurante prima pela excelencia no servico e profissionalismo simpatia dos seus funcionarios os pratos sao absolutamente divinais as entradas com produtos tipicos do alentejo sao soberbas o vinho e de o vinho tinto fantastico claro pratos principais com muita qualidade e de confeccao irrepreensivel vitela grelhada com legumes carre de borrego com pure de grao de bico porco preto com legumes diversos peito de pato confitado com arroz de espargos o funcionario que nos atendeu foi muito simpatico eficiente a herdade dos grous e aquele sitio onde o nosso fim de semana vais mais alem do esperado suites magnificas com condicoes acima da media com uma envolvencia soberba o staff e magnifico e muito profissional o ambiente e muito bom e tem variadissimas actividades entradas muitas boas muita variedade o vinho de qualidade como era de esperar prato principal com muita qualidade e tambem na apresentacao sobremesas uma delicia e pouco caro mas a qualidade tem um preco atendimento"
"Positive", "penso que o titulo diz grande parte mas de facto ha sitios onde gostariamos de viver para sempre a herdade dos grous e um desses um enquadramento fantastico associado a um restaurante fantastico com um chefe fantastico e funcionarios fantasticos no que diz respeito a poder provar todos os vinhos da adega com excelentes pratos tipicos com coinha de autor foi uma bela experiencia vale a pena valeu a viagem desde beja o ambiente a volta do restaurante e muito bom espaco acolhedor e com requinte pessoal espectacular seis estrelas comida excelente bom vinho da herdade nao perder a tibornia pedacinhos de pao quente com azeite e flor de espaco muito convidativo jantamos na esplanada e deixa mos levar nospelas sugestoes do sommelier carne da producao da herdade e vinhos a copo a acompanhar uma maravilha servico prefeito saimos de barriga e alma cheia"
"Positive", "fiz varios km para almocar na herdade dos grous e acreditem que valeu a pena quando o requinte se junta com o excelente sabor este e o lugar indicado a decoracao dos pratos o sabor da comida todo o requinte de uma excelente refeicao a comida soberba um excelente vinho a tabua de sobremesas de comer e chorar por mais atendimento exemplar um espaco a recomendar"
"Positive", "meu marido diz que foi o melhor cordeiro que ele ja comeu na vida o restaurante e agradabilissimo pessoas gentis e ambiente sofisticado sem hostentacao"
"Positive", "vale a pena o desvio para provar a oferta deste restaurante vinhos top e comida a combinar muito bem muito bom"
"Positive", "acabei de sair do restaurante recomendo a experiencia nas entradas a tiborna nao se pode perder os pratos principais sao bem servidos a sobremesa que escolhemos foi a tabua de doces o vinho que acompanhou foi o barricas e era muito bom"
"Positive", "aconselho os vinhos da herdade dos grous a tibornia pao quente com flor de sal e azeite o naco de novilho cane produzida na herdade e para terminar uma degustacao das sobremesas conventuais"
"Positive", "o restaurante ainda que seja um pouco caro sendo que o preco medio por pessoa varia entre os euros vale bastante a pena pode se dizer que se paga a qualidade recomendo a experimentacao do vinho"
"Positive", "barricas o supra sumo da casa que acompanha e um espaco sofisticado e sobrio que nos prende pelo encanto tao castico a comida e otima assim como a casta da herdade um altar a paz e aos sabores do sul de portugal um brinde"
"Positive", "uma herdade excelente com um restaurante de grande qualidade e comida deliciosa sempre possivel de acompanhar com os exceletes vinhos da herdade a tiborna e deliciosa tal como o queijo feito na herdade os vegetais e a carne tambem sao de alta qualidade e tudo pratos bem apresentados e com muito sabor o azeite e o vinho sao muito bons a unica recomendacao seria de ter uma musica leve de fundo para completar a experiencia"
"Positive", "se procurar a paz e o sossego que a rotina lhe nega rume a sul e entre na herdade dos grous onde o vinho tem fama e proveito a paisagem e soberba os grous que dao o nome a herdade ali chegam em bandos todos optimo restaurante com muito bons produtos e autenticos bons vinhos e um ambiente acolhedor excelente para descansar empregados profissionais"
"Positive", "local magnifico para passar uns dias de descanso funcionarios muito simpaticos excelentes iguarias no restaurante vinhos de excelente qualidade dificil nao recomendar"
"Positive", "gostei do espaco mas nem tanto do tempo de espera por outro lado creio que a ementa nao casa bem com a zona demasiado gourmet e pouco regional creio que esta um degrau abaixo do resto da herdade por outro lado achei o pequeno almoco algo boa comida gourmet e bem apresentada tempo de de espera exagerado mas bom resultado final bom atendimento em bom ambiente familar"
"Positive", "horrivel nada tradicional tudo gourmet como estava meio cheio disseram que era melhor ir embora se nao queria esperar meia hora os empregados exibiam se da comida que por acaso comia melhor na minha casa o preco era exorbitante e o troco estava incorreto como nao lamentamos profundamente a sua avaliacao este e um bom exemplo do que ha neste mundo de pessoas incorretas mal formadas e invejosas so assim se pode explicar o que escreveu quem conhece a herdade dos grous sabe perfeitamente que nao tem o proprietario a andar almocamos e adoramos excelente menu parabens chefe muito bom equilibrio de paladares apresentacao perfeita ingredientes optimos servico de mesa foi muito bom a repetir"
"Positive", "bons vinhos da quinta bom azeite e pao foi o que mais gostei a tiborna estava excelente nao gostei do tipo de confeccao modernista dos outros pratos de resto a ementa era algo limitada"
"Positive", "em nome de todos os colaboradores da herdade dos grous agradecemos a sua avaliacao ao optarmos por ter sempre produtos frescos nas nossas ementas faz com que a carta seja rica mas nao demasiado extensa permitindo uma rotatividade dos produtos iremos ter em consideracao as o local e bonito mas nao houve abertura por parte da recepcao para marcar uma visita e na loja de produtos regionais os precos eram iguais aos praticados pelo retalhista comum nao gostei da forma como fomos tratados nem sequer nos deixaram ver a herdade"
"Positive", "recebemos a sua avaliacao mas notamos que a mensagem deixada no tripadvisor nao corresponde a realidade dos servicos prestados pela herdade dos grous a herdade e livre de ser visitada mesmo quando os clientes nao estao hospedados no hotel este servico e sempre disponibilizado a dou os parabens ao chef por ter conseguido fazer uma carta a condizer com a herdade na verdade estamos num conceito pelo enoturismo e isso na minha opiniao busca o tradicional aqui ha um respeito muito grande pela gastronomia alentejana no seu todo ou seja ja fui duas vezes e nao dececionou tive uma vez numa festa com comida e bebida a descricao outra vez num jantar a comida e boa e com algum requinte aconselho"
"Positive", "restaurante bastante agradavel muito sossegado funcionarios impecaveis e sempre disponiveis escolhemos o menu de verao como refeicao e nao nos arrependemos as sugestoes do chefe rui prado bastante deliciosas e soberbas ficamos com bastante vontade de voltar para comer a la carte pois o menu fomos almocar a herdade dos grous estavamos nos e outra mesa as entradas muito boas a sopa de cacao deliciosa o vinho muito bom o prato principal saboroso com porco e vitela de pastos proprios o servico mauzinho os dois funcionarios andavam fugidos nao sei comida muito boa servico exemplar lugar maravilhoso um fim de dia inesquecivel com o por do sol diante de nos e com um bom vinho da herdade a repetir"
"Positive", "um restaurante muito agradavel ambiente sofisticado comida alentejana de nova geracao criando sabores interessantes e por vezes surpreendentes nao e muito grande e conveniente marcar quando visitei achei que tinha poucos funcionarios para o numero de mesas criando algumas pausas no servico mesmo assim excelente ficamos hospedados na pousada da herdade e almocamos e jantamos neste maravilhoso restaurante tudo perfeito comida maravilhosa atendimento personalizado e primoroso local lindo vinho da propria herdade fantastico este e um daqueles locais que sempre sentirei saudade"
"Positive", "linda vinicola encravada num local maravilhoso hotel perfeito com vista sensacional e um restaurante magnifico com vinhos melhores ainda com qualidade excepcional assinados pelo enologo luis duarte visita obrigatoria na regiao do alentejo"
"Positive", "segui sugestao do chef cachaco no forno com pure de abobora e mel ficou aquem das expectativas faltava ligacao nos sabores vinho azeite manteiga e pao alentejano muito bom sobremesa muito boa e fora do normal laranja com calda e gelado de canela estetica interior situado na planicie alentejana entre castro verde e beja no ip perto da saida para albernoa entra para a herdade dos grous bem sinalizado paisagem deslumbrante tranquila e muito agradavel restaurante magnificamente decorado atendimento personalizadissimo comida muito boa recomendo"
"Positive", "comida excelente uma fusao perfeita dos sabores do alentejo com a cozinha moderna e tudo sempre acompanhado de vinhos muito bons a nao perder"
"Positive", "muito bom vale a pena o desvio vinhos fabulosos ambiente irrepreensivel atendimento fabuloso sem duvida vou voltar"
"Positive", "restaurante de hotel comida boa e bem confecionada com muito requinte mas nao tem nada de tradicional e muito menos alentejana salvo o nome espaco agradavel muito longe de beja para ser identificado como restaurante de beja a cidade tem melhores ofertas fica a mais aqui tudo e magnifico desde a paisagem a comida recomendamos a tipica tiborna de pao crocante com flor de sal e azeite da herdade o creme de abobora assada pato a bras atum lombinho de porco preto com pure de cogumelos e para finalizar a em nome de todo o staff agradecemos a sua avaliacao pretendemos sempre alcancar a maxima satisfacao dos nossos clientes e surpreender pela positiva quem nos visita"
"Positive", "vista para a lagoa mais de hectares e para as vinhas parque infantil e muito espaco para as criancas brincarem comida deliciosa interpretada de forma moderna oportunidade de beber os vinhos da herdade dos grous"
"Positive", "os vinhos sao maravilhosos mas a comida e espetacular nao da para nao ir melhor refeicao da minha vida"
"Positive", "estavamos hospedados na herdade e jantamos no seu excelente restaurante o ambiente e agradavel e tranquilo o servico competente e cordial o que se observa em todo o hotel a comida estava excelente pratos tradicionais com toques de requinte ingredientes frescos e boa apresentacao tudo fim de semana na herdade com amigos o intento para alem do descanso era fazer um fimdesemana gastronomico comecamos por tapear no bar acompanhando com o vinho aconselhado passamos depois para o restaurante e cada um pediu um prato diferente a confeccao estava muito boa noite sr emanuel queremos desde ja agradecer o tempo dedicado a avaliacao mas principalmente pela vossa visita a herdade dos grous algumas vezes nao temos a paciencia devida para os mais pequenos mas o nosso lema e mesmo apostar em todos os clientes pois excelente restaurante com comida muito boa tipica e bem apresentada acompanhada de vinhos de muita qualidade o espaco envolvente e espetacular tranquilo aconselho vivamente a casais em nome de todos os colaboradores da herdade dos grous agradecemos a sua excelente avaliacao queremos prestar um servico em que a qualidade deve ser o nosso ponto forte com os melhores cumprimentos"
"Positive", "a herdade dos grous e um destino de excelencia no alentejo e um sitio paradisiaco numa vasta area com belissimas paisagens de perder de vista excelente para descansar disfrutar de passeios a pe de bicicleta a cavalo de balao entre outras actividades gentilmente disponibilizadas a prova boa noite d claudia em nome de todos os colaboradores da herdade dos grous queremos agradecer a sua avaliacao primamos pela qualidade e o bom servico para tal todos os feedback sao importantes com os melhores cumprimentos"
"Positive", "o atendimento e muito simpatico e profissional o restaurante e muito bonito e agradavel a comida estava fabulosa pratos tipicos alentejanos com toque gourmet e muito bem acompanhados do vinho reserva da herdade dos grous que e muito bom fizemos tambem uma prova de vinhos atendimento cuidado e comida muito bem confeccionada possibilidade de vinho a copo moon harvested a num copo bem generoso a unica sugestao seria diversificar a forma como os legumes sao servidos nos pratos repetitivo nos quatro pratos experimentados preco em conta principalmente do couvert foi um verdadeiro almoco de degustacaodesde a tiborna passando pelas costelas de borrego a vitela acompanhados pelo hg reserva branco hg tinto barricas e terminando com o hg reserva com um servico a altura do menu experiencia a repetir"
"Positive", "a comida e muito boa e representa bem os sabores alentejanos quanto aos vinhos escusado sera dizer que ficamos muito bem servidos com os tintos brancos e colheitas tardias da casa"
"Positive", "restaurante de elevada qualidade e bom gosto situado em herdade fantastica onde se consegue sentir todo o esplendor do alentejo com bom tempo o terraco permite desfrutar ainda mais a beleza do local pratos com uma confecao excelente e apresentacao cuidada privilegiando a producao da e de facto um local acolhedor com uma bela paisagem circundante tem varios animais e baloicos para as criancas os quartos sao espacosos e bem decorados neste caso podemos dizer que e melhor do que a fotografia o pequeno almoco e bom com fruta pao aniversario da minha esposa como prenda uma ida com amigos a herdade dos grous para um almoco com prova de vinhos e com direito a canoagem e piscina divinal ainda sinto o sabor do vinho barricas na boca"
"Positive", "requinte qualidade e simpatia um ambiente relaxante convidativo a paz a harmonia a ruralidade alentejana a comida e otima de muita qualidade e servida com muito bom gosto o atendimento e simpatiquissimo preco aceitavel para o nivel do servico prestado"
"Positive", "nao vou contar a historia da herdade dos grous recomendo que o leitor va a esta herdade faca uma prova de vinhos e oica o senhor guilherme contar toda a historia posso dizer que realmente esta herdade foi comprada por um senhor alemao e que em primeiro lugar destaco a qualidade do restaurante mesmo que nao se durma e de ir de proposito para almocar ou jantar merece estrelas michelin sem ficar a dever nenhum favor tudo o resto e confortavel e a paisagem muito bonita sobretudo vasta o ceu o belo restaurante da propriedade nos proporcionou uma das melhores refeicoes que fizemos nesta viagem a portugal o atendimento foi muito cordial e atencioso os precos sao acima da media para regiao porem vale cada centavo a propriedade e linda aconselho reservar cerca de min a hora para couvert muito bom e tipicamente alentejano as carnes sao otimas apesar dos molhos demasiado fortes boa oportunidade de provar os excelentes vinhos a copo claramente voltarei mas de verao"
"Positive", "fui para almocar e me surpreendi o lombinho de porco preto foi a minha escolha para acompanhar o vinho moon harvested se puder nao deixe de visitar a adega e conhecer o sitio"
"Positive", "um otimo restaurante em um lugar fantastico fica dentro da vinicola herdade dos grous com um vista linda e uma comida excelente vale a pena sair de beja e vir almocar aqui"
"Positive", "so com as entradas estamos almocados depois vem os pratos principais apesar da quantidade nao ser a esperada e mais do que suficiente e a confeccao e a inovacao justificam o preco mais elevado os vinhos da herdade sao excelentes por isso reunem as condicoes ficamos hospedados no hotel da herdade a noite como nada e perto resolvemos ficar para jantar o cardapio e excelenet os vinhos da grous todos ja conhecem sao de grande qualidade o hotel e simplesmente deslumbrante proprio para ir com familia e filhos tem de entrei e nao gostei do ambiente a comida bem prato do tamanho do autocarro e comida do tamanho dum nini nem deu para saborear a comida preco exorbitante enfim o unico a grato foi a paisagem linda de resto deixa muito a desejar nao voltarei"
"Positive", "ja tinha estado na herdade dos grous a alguns anos mas nunca la tinha almocado eramos adultos e criancas chegados a herdade dirigimo nos ao bar onde ja estavam algumas pessoas a fazer uma prova dos vinhos da herdade sentamo nos e pedimos uma durante a minha estada na herdade dos grous tive a oportunidade de tomar refeicoes que superaram largamente as minhas expectativas um menu vinico com pratos muito bem confeccionados acompanhados de uma imaginacao do chefe de cozinha simplesmente fantastico cada prato acompanhado por um vinho recomendo o costeletao e o pato a braz com batata doce a tabua de sobremesas fecha a refeicao na perfeicao o vinho dispensa apresentacoes"
"Positive", "as instalacoes sao lindas de muito bom gosto em amplo terreno a visita a adega e algo especial bem como a degustacao bastante profissional e didatica ha tambem um hotel fazenda muito bem preparado para quem busca o turismo rural"
"Positive", "dentro da gastronomia tradicional do alentejo com alguma inovacao de sabores e apresentacao muito bom alem da paisagem que se avista a mesa do restaurante"
"Positive", "bodega muito turistica e de conducao muito engessada degustacao muito quadrada para que curte enoturismo fica um pouco a desejar e conhecer pra ver"
"Positive", "a decoracao e extraordinaria e o atendimento nao desilude o servico e agradavel e os pratos sao deliciosos finalmente o vinho e de chorar por mais recomendo o arroz de bacalhau acompanhado com um copo de moon harvested"
"Positive", "toda a herdade e fantastica os quartos amplos mas confortaveis com lareira e lenha a disposicao o que cria um ambiente fantastico aquecimento a funcionar na perfeicao mesmo nas noites frias a paisagem e a tranquilidade sao fantasticas proporcionando o ambiente perfeito para uma caminhada o gourmet serve de desculpa para o valor exagerado que cobram eu pago para comer bem nao para me levantar e ficar com fome grandes pratos pouca substancia com conta elevada demais"
"Positive", "ementa elaborada por o melhor chef em portugal local com paisagens unicas nao encontrei pontos negativos"
"Positive", "a herdade dos grous e um local lindo eles produzem vinhos excelentes e nos apreciamos alguns com o almoco a comida e boa assim como o servico ha um ano estivemos aqui e comemos aqui infelizmente o hotel esta fechado mas o restaurante ainda esta aberto a comida continua boa mas nao e excepcional como era ainda vale a pena uma visita para o almoco"
"Positive", "excelente vinho vinhedos em todos os lugares degustacao de azeite de oliva belas propriedades para andar de bicicleta cavalgadas pedalinho e muito mais os quartos sao grandes e bem decorados as tarifas sao boas e incluem um saboroso buffet de cafe da manha alem da maioria das outras atividades ha um adoravel pacote de frutas bem vindo e uma garrafa de vinho chocolates no travesseiro esperando por voce a equipe e agradavel e acolhedora o restaurante esta em um belo cenario no entanto eles poderiam melhorar seus jantares espero voltar no proximo ano"
"Positive", "tivemos o menu fixo de campos mais os vinhos correspondentes a comida estava muito boa eu simplesmente nao gostava tanto dos seus vinhos"
"Positive", "herdade dos grous e um belo lugar onde voce pode relaxar nadar andar de bicicleta pescar e comer comida melhor do que a media portuguesa eu tinha um enorme bife de vitela na exploracao como desejar muito saborosa tintos finos produzidos em uma vinicola muito moderno muito simpatica equipe eu gostei da minha estadia"
"Positive", "localizado na herdade de grous of the resort que tambem e um bem conhecido winery o restaurante apresenta uma pequena mas bem menu equilibrado com pratos regionais com um toque de modernidade com muito bom valor ao dinheiro proposicao os vinhos da vinicola sao muito bons"
"Positive", "a estrutura da vinicola no espantoso bela entrada com oliveiras de arvores e architecture de estilo do alentejo otimo passeio da herdade e depois um fatastic degustacao de vinhos ainda por cima tivemos um almoco com uma variedade de alimentos tipico bairro de alentejo acompanhado com vinho experiencia maravilhosa do inicio ao fim"
"Positive", "realmente excelente comida a isto vinha fazenda hotel restaurante quase deu mas tentando ser mais exigente espargos com ovos codornas beautiflly preparadosopa de pepino com algum laranja e abacatepato no local costela de cordeiro nao economiza na porcao perfeitamente preparados o seu proprio vinho e bom tentamos o branco reserva uma mistura de interesses incluindo verdejo e viognier nos compramos algumas vermelho da loja mas ainda nao tentei ainda isto parece um otimo lugar para ficar se voce dirigir por portugal e se voce estiver ficando mais voce pode tentar mais do vinho e fazer uma visita"
"Positive", "cenario maravilhoso maravilhoso restaurante possivelmente o quarto melhor hotel em que ja me hospedei e de longe o melhor cafe da manha que ja comi em qualquer lugar este lugar e magico com toda a comida que eles servem provenientes da propriedade e obviamente o vinho proveniente da vinha que traz significado verdadeiro de produtos locais frescos"
