Sentiment, Review
"Positive", "os bolos da marisa e um estabelecimento muito aconchegante e agradavel nota se que tudo e feito com muito carinho boa vontade e com um enorme profissionalismo os bolos e todas as restantes sobremesas sao otimos tambem serve almocos muito variados desde sopa a saladas a tostas lasanha rolo de carne bifes entre outras coisas um espaco que irei certamente frequentar sempre que tiver oportunidade"
"Positive", "tanto a tosta mista como as panqueca com nutella tinham bastante qualidade e estavam muito bem servidas recomendo"
"Positive", "um estabelecimento maravilhoso e aconchegante bom atendimento e variedades ja comemorei os anos do meu marido no espaco o bolo estava espetacular e os enfeites da festa impecavel recomendo para amigos e familiares"
"Positive", "quero dar um elogio sincero ao profissionalismo e a dedicacao que voce manifesta dia apos dia em todas as tarefas que realiza sua postura e um exemplo digno de ser imitado por todos nos continue demonstrando essa capacidade unica que lhe tem trazido excelentes resultados com estes alimentos de magnifico sabor e qualidade com uma ambiente extremamente acolhedor e de alta performance com qualidade e higiene"
"Positive", "e um otimo lugar para comecar um dia com um bom pequeno almoco os doces da marisa sao maravilhosos e alem disso ela e muito simpatica e o atendimento e excelente a decoracao do local e bem lindinha e nos faz sentir bem na ocasiao tomei um chocolate quente de menta que estava maravilhoso as torradas e os croassaints tambem espero poder voltar la"
"Positive", "os bolos da marisa sao sem duvida maravilhosos sao muito caseirinhos bons e muito bonitos nota se que sao feitos com muito amor provei a primeira vez e fiquei fa nao prescindo dos seus bolinhos e nao so as saladas sopas e salgados para os almocos tambem sao muito boas e as limonadas uma delicia"
"Positive", "espaco muito acolhedor bonito e limpo com uns bolinhos excepcionais e com alguma variedade por varias vezes visitei este local em diferentes horas do dia ao pequeno almoco e lanche tem sempre bolos croassints sobremesas empadas paes de queijo entre outros ao almoco uma boa sopinha saladas quiches tostas tudo com muita qualidade e a bom preco recomendo ja visitamos este espaco em varias ocasioes e em situacoes distintas tanto para cafe da manha como para almoco ou lanche e um espaco com um conceito engracado e bastante original por um lado os almocos sao confeccionados com uma base saudavel e o menu e do dia com pratos distintos uma salada uma sopa e um salgado tosta por outro lado o foco principal e fora da hora do almoco centra se nas sobremesas se bem que tambem tem disponiveis opcoes vegan e sem acucar gluten nas sobremesas para acompanhar alem do sumo de laranja natural tem tambem uma limonada do dia com sabor a morango mirtilo abacaxi etc todas as refeicoes ou sobremesas que ja tive o prazer de degustar neste espaco estavam frescas e saborosas sendo visivel na confeccao o gosto da pessoa que esta na cozinha de referir tambem a panoplia de chas disponiveis neste estabelecimento com escolha nao so em termos de sabor como o tipo de infusao nao e em todo o lado que se consegue encontrar cha branco o staff e muito simpatico e atencioso somos sempre bem recebidos especialmente pela propria marisa embora por vezes a proprietaria esteja mais ocupada do que o habitual com o trabalho visto que tambem faz bolos por encomenda aconselho vivamente a visitarem as paginas de facebook e instagram deste espaco a decoracao do espaco esta simples mas com bom gosto com um aspecto acolhedor e a base de madeira a musica ambiente tem um estilo muito proprio e com muita classe ideal para passar um bom bocado a ler um livro ou apenas passar o tempo visto que a sala esta muito bem climatizada um espaco diferente e com uma oferta nova e bem recebida que sem duvida vai se dar bem na cidade de beja"
"Positive", "muito obrigado por esta avaliacao tao detalhada deixa nos muito orgulhosos em saber que temos clientes que dao valor aos detalhes que nos da tanto prazer em aplicar ao nosso espaco tentaremos sempre fazer o melhor pelos nossos clientes e estamos receptivos a sugestoes espero que excelente espacio com muito boa qualidade preco que permite lanchar um cafe com um espetacular quindim ou mesmo almocar tudo caseiro uma atmosfera agradavel limpa de estilo vintage com um clima familiar e acogedor fez o aniversario de anos do meu marido la e consegui innovar com a ajuda da marisa eu di a ideia e ela adaptou se e tratou de tudo com muito mimo reservamos o espaco e ficou muito bem decorado escolhi a ementa e os convidados adoraram os quiches os paes de queijo e o bolo que a marisa fez com a ideia que eu propos foi uma tarde mesmo bem passada e vou repetir aconselho"
"Positive", "foi com enorme gosto que tratamos do catering para a sua festa ficamos muito felizes em saber que ficou tudo do seu agrado resta nos convidar a voltar ate ja"
"Positive", "ambiente muito agradavel comida deliciosa as saladas sao originais e muito frescas os salgadinhos bem temperados e estaladicos os doces sao uma perdicao os funcionarios sao muito educados voltarei com certeza"
"Positive", "obrigado pela avaliacao deixa nos muito felizes em saber que a sua visita foi agradavel e que gostaram dos nossos produtos ate ja"
"Positive", "gosto muito do espaco com boas saladas frescas e saborosas leves perfeitas para o almoco oferta de sobremesas que varia durante a semana confecionados com ingredientes diferentes e saudaveis um espaco que me agrada muito"
"Positive", "muito obrigado pela avaliacao ficamos felizes em saber que gostou da sua visita volte sempre"
"Positive", "num passeio pelo alentejo em passeio pelo centro da cidade vimos uma placa de ardosia que nos levou em direcao a este local o que dizer de um suposto salao de cha denominado os bolos da marisa em que o plural servia para designar menos foi absolutamente incrivel a comida e os doces foram incriveis altamente recomendavel para visitar em breve retornaremos"
