Avaliacoes
"1. Chamada grosseira recebida no dia de check-in a avisar que se nao chegassemos antes das 11 mais valia ficar noutro sitio e cancelar reserva quando fizemos questao de entrar em contacto a questionar isto mesmo  (2 semanas antes da reserva) e a avisar que poderiamos chegar tarde, caso houvesse um imprevisto. Contactam no proprio dia, ja sem possibilidade de cancelamento e sem possibilidade de arranjar outro sitio visto que as opcoes ja eram quase nulas. 2. Cheiro insuportavel a esgoto  3. Casas de banho higienizada mas sem qualquer tipo de comodidades (gel de banho, sabonete...)  Em geral, um hostel que nao vale o preco."
"Viemos passar 3 dias a Beja e escolhemos o Hostel Beja para ficar, em familia (2 adultos e 2 criancas). O espaco e limpo, a relacao qualidade preco e muito boa e os funcionarios sao excelentes e super prestaveis ( a menina da rececao e top). Trocaram-nos as toalhas todos os dias, fizeram a limpeza diaria e foram super cuidosos em perceber se estava tudo ao nosso gosto. O Hostel esta localizado numa zona central, com estacionamento facil... andamos sempre a pe. A pequena anotacao fica para os outros hospedes que sao pouco cuidadosos com o barulho das portas. Gostamos muito e recomendamos."
"Quarto pouco acolhedor e um bocadinho frio  Casa de banho com chuveiro que toda agua caia no chao.  Caldeira que apenas dava para UMA pessoa fazer um duche de 5 min.  Pequeno almoco fraquissimo com pouco variedade de produtos e zero de produtos regionais"
"nao recomendo ao meu maior inimigo, pequeno almoco de mendigo, cama de sem abrigo, agua para esquecer, aquecimento seculo 18, a realcar o tendimento gostei. mas as instalacoes onde anda a asae? coitados dos hospedes que por aqui passam tem muito bom fotoshop"
"Sem duvidas uma boa opcao para quem quer conhecer Beja. Optima localizacao e de facil acesso. Os funcionarios foram atenciosos de forma resolver o check-in uma vez que chegamos mais cedo que o previsto. Experiencia a repetir."
"Bom servico e ambiente acolhedor. Pequenos almocos abundantes e variados. Simpatia do servico. Hostel muito centrico num largo com muita tranquilidade, sem barulhos a noite. Quartos com ar acondicionado.  Recomendo sem qualquer duvida."
"O hostel apresenta uma decoracao acolhedora e o quarto estava limpo/arrumado assim que chegamos. A cama de cima da beliche parecia nao estar muito segura, pois assim que deitados nela ela abanava muito.  O pequeno-almoco tinha pouca variedade e se chegassemos mais tarde poderiamos ja nao ter algumas comidas. No entanto, para o preco que era estavamos bem servidos.   O Beja Hostel encontra-se perto das piscinas municipais de Beja, para quem quiser passar um dia de calor na piscina, preco tambem acessivel. O hostel tem uma boa localizacao."
"O hostel esta numa boa localizacao da cidade de Beja, e o quarto onde ficamos tinha uma boa vista e alem disso uma varanda ate bastante agradavel. A cama era pessima, o colchao nao era nada bom e alem disso ouvia-se as molas da cama, cada vez que me virava durante a noite acordava."
"Nao gostamos, o Hostel estava em obras! O quarto onde ficamos estava inacabado, sujo e muito barulhento... Apesar do preco simpatico, nao correspondeu nada ao esperado. Se nao ha condicoes nao se deve receber, e assim que as mas classificacoes aparecem..."
"Hostel com uma decoracao muito simpatica, economico em termos de preco qualidade. Excelente atendimento do Sr. Jose, sempre atencioso e prestavel. Recomendo a quem pretenda pernoitar em Beja. Pequeno almoco bem servido e variado."
"Esta localizado perto do centro historico e da famosa pastelaria conventual Luis da Rocha. O espaco e airoso e iluminado, com uma decoracao alegre e convidativa. O quarto e limpinho e agradavel. Zona calma e sem grande ruido. O senhor mais velho e uma simpatia de pessoa e muito educada, como o recepcionista que mostrou grande interesse na historia de Beja. O pequeno-almoco foi bom, com um buffet variado.Um bom sitio para ficar sem  duvida!"
"Hostel bem decorado economico em termos de preco qualidade. Excelente atendimento do Sr. Jose, sempre atencioso e prestavel. Recomendo a quem pretenda pernoitar em  Beja. Pequeno almoco bem servido e variado."
"Bons quartos com WC privado, decoracao moderna e de bom gosto... O sr foi muito atencioso chegamos depois da hora e o sr estava a espera... Sem stress e a calma do belo Alentejo...  A rua e sossegada boa para descansar..."
"Aparentemente interessante... e com varios pontos positivos, mas o colchao de molas e um chuveiro mau, a falta de Ar Condicionado numa cidade que faz 37 graus no dia e 30 a noite nao doi facil. Limpo com pequeno almoco... pao  normal quando existe pao alentejano fantastico... fraco... mas pelo preco nao se pode pedir muito mais."
"Apesar de simples,  a decoracao e moderna com materiais reciclados. Area de convivio e cozinha comum.  Apesar de nao ter pequeno almoco incluido, foi disponibilizado por quem nos recebeu alguns alimentos, tais como, fruta, cereais,  leite,  pao, queijo,  fiambre e outras coisas mais."
"O Hostel foi renovado recentemente. As instalacoes sao basicas, mas muito asseadas, e confortaveis. O hostel providencia toalhas, o que me parece excelente. Estivemos la em Fevereiro, e apesar de o hostel estar cheio, os hospedes foram muito respeitadores e silenciosos, permitindo que nos pudessemos descansar convenientemente. O Hostel esta muito bem localizado."
"Gostei Muito Desde o Atendimento muito bom, ficando mesmo surpreendido pela positiva. Limpeza, decoracao e a localizacao. Relacao preco / qualidade na qual recomendo. Em suma gostei imenso do conceito e de certo voltando novamente a Beja sera onde irei voltar a ficar"
"O Hostel de Beja e muito limpo. A decoracao e muito boa, feita de material reciclado, parte dela, feita com bom gosto. A recepcao foi boa. Preco muito bom. Tem pequeno almoco incluido e com variedade. Situa se bem no centro da cidade de Beja. Nao se houve muito ruido. Bom para passar umas noites."
"Basicamente, enganaram-me! Disseram-me que o pequeno-almoco estava incluido no preco e que era a partir das 8h...quando fui para tomar o pequeno-almoco, bati com o nariz na porta e esperei ate as 8h20...conclusao: tive de ir tomar o pequeno-almoco noutro lado! Recomando a hospedaria dona maria!"
"Segunda vez estadia aqui, com meu marido e novamente I teve um otimo e confortavel, tudo foi tao nice e impecaveis. Funcionarios simpaticos e decoracao doce me fez ficar aqui novamente e novamente! Obrigado ! !"
