Avaliacoes
"Guest house confortevole con un bizarro arredamento che vorebbe revocare l'antica Roma. A parte questo molto spaziosa con un terrazzino piacevole ed adatta ad ospitare piu persone e con cucina dotata di tutto. Ambienti puliti e situata proprio in centro a Beja."
"Belle experience par les lieux tout a fait particulier mais aussi par laccueil chaleureux de Jorge. Un decor de film, confortable, fonctionnel et propre . Tres bien place, pour se promener ou bien se restaurer. Possibilite dutiliser la cuisine. Nuria et Anibal"
"Super accueil, hotes tres sympathiques chambres et decoration agreable. Petit-dejeuner a la hauteur d'un bonne hotel endroit vivement conseiller Bravo Eunice et Georges. Cuisine et frigo a disposition toute ja journee un mot un geste georges fait le reste ... a bientot"
"Excelente alojamento, muito bem localizado no centro de Beja, da para ir a pe conhecer todas as atracoes turisticas e monumentos. A limpeza e 5 estrelas. O pequeno almoco diversificado, excelente. O casal anfitriao super atencioso, muito simpaticos, sempre disponiveis para ajudar, fizeram-nos sentir super a vontade, como se estivessemos em casa. Atendimento 5 estrelas"
"Tres bien place, a quelques pas de la place de la republica et du superbe musee regional de Beja, la chambre ( et le bnb )est toute neuve. Jorge, le tout jeune fondateur de ce BNB est tres prevenant, le petit dejeuner est top. Pouquoi ce decor romain? La reponse est dans l'histoire de la ville de Beja."
