Avaliacoes
"Dificilmente se encontrarao locais sem macula para nos alojarmos, seja em que circunstancia for, mas garantidamente, este e um deles. Aqui tudo e bom, desde o espaco em si, que esta extremamente bem cuidado e aprazivel, com um conforto habitacional de realce, uma quietude que nos enche a alma e um acolhimento extremamente afavel por parte de todos os que nos recebem, seja a D. Rita ou a sua mae Joana, o Senhor Manuel ou a colaboradora Denise, sendo que todos sao simpatiquissimos e prestaveis. Por fim e nao menos destacado, e o pequeno almoco continental onde nao falta o bolo confeccionado diariamente, croissants estaladicos e gostosos,  pao diverso sempre fresco, queijos varios e o sumo de laranja natural, obtido a partir de laranjas acabadas de espremer. Para um conceito de"
"Alojamento simples de grande qualidade. Silencioso e tranquilo. Pequeno almoco variado com sabores da regiao. Paisagem alentejana magnifica. Hectares de Vinha a perder de vista. Facil de encontrar. Muita simpatia e disponibilidade por parte da gerencia. A repetir. Recomendo vivamente."
"Desde ja a anfitria, Rita e espectacular de tanto profissional quanto hospitaleira. Um pequeno almoco de qualidade e variado onde poderei destacar o sumo de laranja que considero divinal. Uma sala aprazivel luminosa e uns tons de grande apelo a harmonizacao. O alojamento e muito acolhedor, um retiro de paz e relax.  A acoteia convida a umas noites ao luar. A localizacao e fantastica ja que permite aceder quer ao Alqueva de varios pontos, quer experienciar uma panoplia degustativa alentejana e ainda viajar no tempo pelos inumeros pontos de interesse cultural e historico. Estamos muito proximo de Monsaraz e da sua bela praia fluvial que proporciona idilicos momentos de final de tarde de um sol caramelizado quanto poetico. Pontos de interesse: Convento de Orada, Cromeleque, Ermida"
"Outeiro do Barro, uma agradavel pousada nos arredores de Reguengos de Monsaraz. Localizada em um sitio rural, e ideal para descansar. No entorno da pousada, ha varias quintas repletas de vinhedos e olivais, o que a torna ainda mais especial.  Alem de agradavel, o sitio e  estrategico  para visitar Monsaraz e as olarias de Sao Pedro do Corval. Da pousada e possivel avistar Monsaraz, onde fica o castelo.  A pousada e muito charmosa, bonita e bem cuidada. Destaque para o cafe da manha. Delicioso e repleto de produtos locais como queijos, fiambres e salames.  Tambem destacamos a simpatia e a atencao da proprietaria Rita, que nos recebeu muito bem e nos deu excelentes dicas sobre o Alentejo.  Iremos voltar !"
"Instalacoes acolhedoras, simples mas confortaveis, extremamente limpas. A proprietaria, Rita Murteira, e uma simpatia e merece que a visitemos de novo. Pequeno almoco excelente, localizacao optima. Experiencia a repetir e aconselhar."
"Numa quinta rodeada de arvores de fruta e vinhas. Local sossegado a menos de 500 metros do centro de Reguengos. Piscina razoavel, quartos pequenos e sem frigorifico.  A simplicidade do local e suplantada pela simpatia da Rita e pela qualidade do pequeno-almoco, muito melhor do que seria de esperar para um estabelecimento desta categoria."
"Para ser uma escapadinha diferente e juntando-se a data comemorativa dos dia doa namorados fomos passar la esse fim de semana. So ha maravilhas a dizer deste espaco: desde do cuidado da limpeza e manutencao do quarto, desde um miminho preparado para a nossa chegada com uma garrafa de licor. A simpatia e prontidao da Rita e Sua mae Dona Joana e de se tirar o chapeu.  Um pequeno almoco soberbo com produtos da terra e com paladares que ainda os guardo. Para nao falar das parcerias que conseguem para os seus hospedes.  E um espaco que merece um fim-de-semana na tranquilidade do Alentejo.  Seguramente para repetir e recomendar.  Atencao: E tao soberbo que facilmente fica esgotado."
"Experiencia maravilhosa!   O quarto estava super limpo, tudo muito organizado.  A Rita e de uma simpatia extrema, muito cuidadosa em todos os detalhes!  Cafe da manha simples, mas delicioso!   Foram dias super agradaveis!"
"Ficamos alojados no Outeiro do Barro por quatro noites e nao podiamos ter mais pena por irmos embora. E perfeito. Perfeito para descansar, perfeito para familias, perfeito para aproveitar o que o Alentejo tem de melhor: a sua calma e as suas gentes. A Rita e a mae, a D.Joana, foram formidaveis. Bem como todas as outras meninas que apoiavam na logistica. Um obrigada a todas por toda a atencao.  Limpeza? Perfeita. O cheiro a lavado, a fresco, em todos os atoalhados e em todos os sitios da Quinta. Pequeno-almoco? Magnifico. Com bolo caseiro e sumo natural todos os dias. Os detalhes fazem a diferenca e aqui, juntando isso ao sitio maravilhoso, nao se pode pedir mais.  Enfim, so vivendo. Reservem, vale muito a pena!  E o sossego? Incrivel. Baterias mais que carregadas. A repetir, sem"
"Tudo muito bem arranjado e cuidado para um alojamento do genero. Os pequenos almocos tem produtos de qualidade e variados, sumo de laranja natural, bolo caseiro, bons paes, croossants, queijos, carne frias. Toalhas de pano e guardanapos de pano impecavelmente passados. Tudo limpo, impecavel e o servico muito simpatico. Parabens."
"Espaco muito agradavel, muito perto de algumas das aldeias obrigatorias a visitar, com bonitas e unicas paisagens do Alqueva. Pequeno almoco com boa qualidade, e simpatias de todos os funcionarios. De salientar as informacoes prestadas pela Rita e a sua permanente disponibilidade. Gostamos muito. Voltaremos com toda a certeza. Obrigada"
"Excelente Recepcao, Simpatia, Limpeza, Pequeno-Almoco, Quarto e Preco :) Melhor opcao/preco perto do Alqueva Estacionamento Pequeno-Almoco variado com vista para o campo com alqueva no horizonte Quarto/Casa confortavel  Piscina"
"Apenas uma noite o que soube a muito pouco... So foi pena o tempo estar de chuva e nao dar para apreciar muito melhor o espaco todo, quarto que parece uma mini casinha alentejana, muito agradavel, a D. Rita foi feita para isto, muito acolhedora e atenciosa e disponivel para dar informacoes sobre a zona, o pequeno almoco bastante variado e muito saboroso... A voltar um dia com toda a certeza. Aconselho"
"Ja perdi a conta que repeti este espaco, sempre que venho para os lados de reguengos que e impossivel nao ficar a dormir neste espaco que e tao caloroso e acolhedor, espaco muito agradavel, optimos quartos e um pequeno almoco que comeca num corredor com um cheirinho de tangeras e que ao entrar na sala nos deparamos com uma variedade de produtos da regiao, desde as compotas, pao, etc... Mas o que realmente torna todo isto especial e a atencao calorosa que a D. Rita e a sua mae D. Joana que sao 5 estrelas e nos acarinham. Um terraco optimo para um nascer ou por do sol, um lugar que todos deveriam experimentar. Aconselho a 100%"
"Hotel de excelente qualidade! Todos os detalhes para um hotel charmoso e acolhedor foram pensados nesse hotel! A dona do estabelecimento e uma pessoa super receptiva e profissional!  O quarto estava impecavel tanto na limpeza quanto nos detalhes!  O cafe da manha e maravilhoso e as frutas todas muito frescas !  Reguengos de Monsaraz e um lugar lindo e o hotel Outeiro do Barro e um lugar excepcional para ficar e de excelente qualidade!!!"
"Dos melhores alojamentos onde estivemos ate hoje! Quartos excelentes, muito bem decorados, super limpos e equipados com tudo o que e necessario. O pequeno-almoco bastante diversificado, com produtos regionais e caseiros. A D. Rita, a sua mae e a D. Denise sao de uma simpatia extrema, atenciosas e bastante profissionais. Fizeram-nos sentir em casa, pela atencao e solicitude com que nos receberam. Recomendo a 100%! Quando houver oportunidade, voltarei com toda a certeza."
"Alojamento bonito e calmo, em optima localizacao perto do centro de Reguengos de Monsaraz e de outros locais lindos para visitar. Pequeno-almoco bastante completo e fomos recebidos com muita simpatia. Espero voltar!"
"Perfeito para uma paragem de 2 dias na regiao do Alqueva a caminho do Algarve! Fomos recebidos pela D.Rita incrivelmente simpatica, prestavel e atenciosa; Como eramos 6 pessoas alojaram-nos em 3 quartos contiguos que fizeram com que nos sentissemos quase em casa, tendo-nos cruzado com outros hospedes apenas na piscina. Os quartos sao muito limpos, bem decorados e incrivelmente sossegados. As camas sao grandes e muito confortaveis e todos os quartos dispunham de TV, WI-FI e ar condicionado.  A piscina de agua salgada a uma temperatura invejavel, fez as delicias de quem chegou quase derretido de uma viagem onde o ar condicionado decidiu tambem tirar ferias!  O espaco envolvente com vista para as vinhas, Reguengos e Monsaraz e encantador. O pequeno almoco e delicioso e muito bem"
"O cenario perfeito para uma escapadela de fim de semana.  Adorei os quartos, e o pequeno almoco e de produtos da mais alta qualidade. A vista para a cidade ao pequeno almoco vale a pena!  Espero la voltar em breve!"
"A simpatia e dedicacao da D. Joana e Rita fazem do Outeiro do barro um local perfeito para descansar. Pequeno almoco 5 estrelas, limpeza 5 estrelas, e uma excelente base para visitar o Alqueva. Cama muito confortavel, tv, wi fi e ar condicionado em perfeitas condicoes. Senti-mo nos em casa."
"Quarto bastante limpo, bem decorado, com privacidade. Pequeno-almoco fresco e tradicional, muito saboroso! Fomos muito bem recebidos pela Rita, e ao pequeno-almoco pela sua mae. Piscina agradavel, onde pudemos descansar e relaxar. Gostamos muito, recomendamos e esperamos voltar!"
"Quartos limpos, privados, com acesso a piscina partilhada e um excelente pequeno almoco. Bastante espaco para circular. Toda a simpatia por parte da familia que acolhe. Recomendo muito, quer a casais de todas as idades, quer a familias, A voltar quando possivel."
"O quarto estava muito limpo, o pequeno almoco muito bom e uma grande simpatia de quem nos recebeu. Fomos em familia com um bebe e correu muito bem. Recomendo para passar uns dias em familia. Tive pouco tempo e fiquei com vontade de mais"
"Espaco com optima localizacao para quem pretende estar perto Reguengos de Monsaraz visto ser a 1km da vila. A proprietaria do espaco e fantastica, muito muito disponivel para tudo, atenciosa e a saber receber muito bem mesmo!  Os quartos sao muito bonitos, simples mas bem decorados, e estava impecavel de limpeza e apresentacao de tudo: toalhas, lencois. Nao desfrutamos do espaco exterior porque estava a chover, mas tem piscina e jardim nao muito grandes, mas agradaveis. O pequeno almoco muito bom, muito caseiro, o pao e feito na hora, sumo natural, bolinhos e doces tipicos. Adoramos a hospitalidade. Obrigada Rita pela simpatia connosco e com o T."
"... espaco lindo, gente muito simpatica que sabe receber, uma higiene irrepreensivel, pequeno almoco sem ser grande com tudo e delicioso, localizacao otima! Nao gostei de uma coisa! Ter que me vir embora... Obrigado Rita e ate breve..."
"Local tranquilo, limpo, muito confortavel, quartos decorados com muito bom gosto, mas o pequeno almoco realmete superou todas as expectativas, o melhor sumo de laranja natural que bebi na minha vida, um bolo caseiro fresco todos os dias diferente, o cuidado da fruta fresca diariamente, o pao e os croissants fantasticos e frescos. Mas a melhor coisa e sem duvida o cuidado, carinho, simpatia da D. Rita e sua mae, faz nos sentir especiais, nao e em qualquer lugar que deixamos a nossa mala com a carteira e todos os objectos importartes e no dia a seguir esta nos a bater a porta de casa. recomento vivamente e deixo a promessa de voltar em breve, ficaram no meu coracao."
"Tudo esteve do nosso agrado. Desde a rececao no dia de chegada, a despedida no dia em que nos voltamos a fazer a estrada, com promessas de voltar. A simpatia, paz e conforto estiveram sempre presentes ao longo das duas noites em que pernoitamos no Outeiro do Barro. Excelente servico, pequenos-almocos deliciosos e ricos, quarto sempre limpo, um ambiente familiar e acolhedor. Excelente!"
"Enorme amabilidade e profissionalismo de quem nos recebe. Mais do que um simples quarto, encontramos um espaco bonito, confortavel com boas dimensoes e de uma limpeza irrepreensivel. Um pequeno almoco ao nivel de hotel de 5 estrelas. Vamos voltar."
"Tudo aqui correu mais que bem, comecando por atendimento muito eficiente, passando as boas instalacoes do quarto, toda a disponibilidade prestada, a vista maravilhosa que nos prende, uma boa limpeza, a localizacao e excelente, o pequeno almoco tem imensas opcoes... . E o sitio ideal para passar aqui uns dias com o objetivo de relaxar.  A Dona Rita e a sua mae fazem de tudo para nos sentirmos a vontade, ambas tem uma simpatia que nao ha outra igual. Sem duvida assim que tiver oportunidade irei voltar aqui!"
"Tudo e magnifico. Paraiso perdido. As instalacoes, o espaco exterior rural, o pequeno almoco dos deuses, a simpatia da Da Rita e da sua mae. Adorei. Vou voltar e recomendo,  Nao aconselho o quarto no4 :) dado barulho que provem das caixas de ar condicionado, mas a Da Rita vai ja tomar providencias se e que nao tomou ja :)"
"Local optimo para descansar e relaxar onde tudo e magnifico. O sitio, a proximidade, o pequeno almoco, o preco, a piscina. Consensual e obviamente a regressar. Pena e que nao seja tantas vezes como gostaria. De realcar a simpatia da Rita que nos faz sentir em casa. Com o pormenor de Reguengos e Monsaraz estarem perto onde se podem fazer optimas refeicoes tipicamente alentejanas. Felicidades e longa vida para o Outeiro do Barro."
"Uma estadia que posso classificar de 5 estrelas. Tanto a localizacao (muito perto de Reguengos), como as acomodacoes bonitas e sempre bem limpas, como o pequeno almoco maravilhoso com produtos frescos e regionais, como as empadinhas de frango e o requeijao com doce de abobora e canela...Fantastico. Tambem a piscina de agua salgada e fantastica e apesar de nao ser muito grande, e suficiente para refrescar em dias de muito calor. Por ultimo e propositadamente, destaco a simpatia e dedicacao do staff para com o cliente que e de longe o melhor de todos os sitios por onde tenho andado (e ja sao bastantes). Obrigado Rita e D. Joana, foram umas anfitrias inexcediveis. Parabens e continuem assim. Beijinhos do Miguel que vos adorou... :-)"
"Uma unidade familiar com uma qualidade de servico acima da media! Simpatia de todo o staff! Pequeno Almoco fabuloso ! Muito perto de Reguengos de Monsaraz e de facil acesso! Relacao qualidade/preco muito boa!"
"Em viagem pelo interior alentejano esta foi a paragem escolhida para visitar Monsaraz, Mourao e Alqueva. Um excelente escolha por sinal, atendimento super simpatico, as acomodacoes com bom gosto na decoracao assim como se nota o cuidado nos pormenores importantes em que nada falha. Parabens por este espaco e obrigado pelo bom receber tipico Alentejano."
"Bem localizado, proprietarios muito simpaticos que proporcionam um excelente servico. Belo pequeno-almoco, com valorizacao dos produtos regionais. Piscina pequena, mas muito acolhedora, mais do que suficiente para tornar a estadia muito relaxante. Quarto amplo, simples, mas muito confortavel e acolhedor."
"Simplesmente fantastico! Ferias em familia, ideal para relaxar. So aspectos positivos, desde: a simpatia dos funcionarios, o pequeno almoco que e divinal, tudo. A piscina de agua salgada que e optima  Recomendo vivamente  Para repetir no proximo ano"
"Quem procura um local tranquilo para passar uns dias e recarregar baterias, na zona de Reguengos de Monsaraz, esta e uma opcao a ter em conta. Outeiro do Barro e um alojamento mesmo a entrada de Reguengos, sentido norte-sul, com poucas habitacoes, o que o torna num local bastante sossegado. A higiene e simpatia sao o ponto de ordem. Nao se pode pedir mais... talvez um piscina um pouco maior."
"Local sossegado e muito agradavel, quarto confortavel e piscina impecavel. O pequeno almoco e optimo, muito completo e repleto de bons produtos da regiao. O atendimento e extremamente atencioso e simpatico, sempre com boas sugestoes de actividades e locais a visitar. Valeu mesmo a pena."
"Uma agradavel surpresa em Reguengos,logo ao chegar somos surpreendidos pela simpatia da dona Rita,um amor,super simpatica.o quarto  muito bem decorado,espacoso e sempre limpo e fresco...a piscina uma maravilha com agua salgada , o pequeno almoco e divinal,tudo muito bom e fresco,ficamos 3 dias mas com vontade de ficar mais...vamos voltar certamente Recomendo"
"No outeiro do barro os funcionarios sao super atenciosos e simpaticos, local muito calmo, ideal para descansar, a piscina limpa, os quartos tambem impecaveis. Perto de Reguengos de Monsaraz. A regressar!"
"Hotel estilo rural a cerca de 1 km de Reguengos, situado numa quinta. Quarto agradavel, nao muito grande, cama confortavel, com wc privada, muito bem decorado.os quartos sao em pequenas casinhas que se dispoem ao redor dum pomar de laranjeiras e da piscina. e um Hotel pequeno e muito calmo o ambiente. com um estilo Romantico, virado para o descanso.  Pequeno almoco tipico de um hotel 3 estrelas portugues no entanto com tudo muito fresco. os funcionarios sao os proprios donos que atendem a todas as necessidades e sao muito simpaticas. Gostei muito."
"O atendimento excelente. O quarto minimalista, mas muito bem decorado, em tons de branco, com um colchao muito confortavel e tudo muito limpo. O pequeno almoco muito bom, com muitos mimos, e produtos da regiao, onde se destaca o sumo de laranja acabado de fazer, e a tarde de maca da Da Joana. Nao podemos deixar de referir o local do pequeno almoco, com uma vista privilegiada, que nos e dada a conhecer pelas grandes vidracas.  Sempre que formos a Reguengos, e um lugar a voltar."
"Fomos a Reguengos de Monsaraz passar duas noites. Queriamos algo calmo, pessoal, diferente. Descobrimos o Outeiro do Barro e nao podiamos ter vindo mais satisfeitos! Desde a atencao da gerencia no momento em que chegamos ate a sua simpatia em cada conversa connosco. Adoramos o espaco. O quarto e muito bom e confortavel. O pequeno almoco e simplesmente divinal. O sumo de laranja, os bolos e as compotas (ambos caseiros). Que delicia! Aconselho a visita!"
"O outeiro do barro e um turismo rural bastante acolhedor. A Rita que foi a pessoa que nos recebeu e muito simpatica e prestavel em tudo. O quarto e a casa de banho e igualzinho ao que aparece nas fotografias. Tudo bastante acolhedor, limpo e agradavel! O pequeno almoco e otimo com varios tipos de opcoes, e ainda, um otimo sumo de laranja natural. Obrigada pela excelente estadia. Recomendo!!"
"Uma passagem por Reguengos sem conhecer nada fui as novas tecnologias e atraves delas dei com um turismo Rural Outeiro do Barro. Liguei e fui atendida por a dona Rita  que foi muito prestavel disse-lhe que estava a chegar. Disponibilizou-se logo para nos mostrar o quarto.....O quarto bem decorado. Rececao muito acolhedora e foi o melhor pequeno almoco que ate agora tomei num turismo Rural. Fiquei cliente e recomendo vivamente."
"Fomos muito bem recebidos pela Rita, que nos fez rapidamente sentir em casa. A quinta e maravilhosa e tem uma vista incrivel. O quarto era espacoso, moderno e decorado com muito bom gosto. Estava impecavelmente limpo. A cama era muito confortavel. O pequeno-almoco era optimo. Aconselho a provarem o bolo podre...e uma delicia."
"O pequeno almoco e dos melhores que tive ate hoje em turismo rural. A cama muito confortavel (a melhor ate a data). O quarto muito aconchegante. A simpatia e disponibilidade da D. Joana que nos fez sentir em casa. Nem toda a gente nos serve um cafe nem nos faz um roteiro pra passeio. Muito bom, mesmo. Nao pude comprovar o isolamento acustico do quarto uma vez que ao lado nao estava ninguem (penso eu). O banho nao e uma experiencia agradavel porque a casa de banho e muito fria."
"Descobrimos o Outeiro do Barro por acaso, e marcamos quase que de um dia para o outro. Como queriamos visitar aquela zona de Portugal, escolhemos algo que fosse tipico, que tivesse boas criticas e que fosse central sem ser mesmo no centro de nenhuma terra. A nossa escolhe revelou-se a mais acertada! Desde o momento em que fomos recebidos sentimo-nos como que em casa. Um ambiente familiar, de comunhao com a Natureza e a Cultura, com vistas estupendas e a calma que aprendemos da zona alentejana, propicias para descobrir a verdadeira essencia portuguesa. As casinhas sao simples mas confortaveis, com wi-fi e tv, camas largas e num ambiente a puxar o moderno. O pequeno almoco tambem foi um dos pontos altos, com comida deliciosa e farta, com variedade e qualidade. Adoramos a simpatia"
"Excelente localizacao e atendimento. A Rita a mae foram super simpaticas e atenciosas. O meu marido fez anos e as senhoras tiveram o cuidado de lhe preparar um miminho. Local super calmo e excelente para relaxar. Sempre muito asseado. Pequeno almoco com produtos frescos e saborosos. Um local sem duvida a voltar e a recomendar. Muito obrigada a toda a equipa pela excelente estadia que nos proporcionou."
"Espaco muito agradavel, composto por diversas casinhas, piscina exterior e parque de estacionamento gratuito.  Pequeno almoco divinal e simpatia no atendimento, fazem deste Outeiro do Barro uma referencia no alojamento rural. Para nos foi uma excelente base de partida e chegada para conhecermos os arredores do Alqueva, seguindo as sugestoes da simpatica Da Rita e sua mae. Quartos e sala do pequeno almoco agradavelmente decorada e limpeza irrepreensivel. Parabens!"
"Muito bom. Staff simpatico, alojamento confortavel e limpo. Muito bem localizado, o ideal para relaxar ou viajem de negocios. O pequeno almoco e muito bom, recheado de produtos regionais e/ou caseiros. Certamente irei voltar"
"Adorei tudo =) A chegada a Rita (deve ser do nome) muito acessivel, simpatica, atenciosa mostro nos tudo a sala de refeicoes o quarto, o quarto com uma decoracao super moderna, tudo limpinho nada a dizer. Dormimos do melhor. O acordar uma vista fantastica, um pequeno almoco delicioso com produtos caseiros um sumo de laranja divinal, um bolo de limao maravilhoso e o queijinho da terra maravilhoso.  Resumindo tudo muito bom , excelente   . A voltar um dia mais tarde =)"
"Um local fantastico com localizacao excelente e simpatia top. Um local a voltar assim que puder, O melhor para descansar e visitar o Alentejo. muito bom. pequeno almoco variado e quartos muito bons, vista linda."
"Esse hotel reflete toda a hospitalidade alentejana. rita e joana sao as pessoas mais simpaticas e prestativas que se possa imaginar. A pousada tem todo um charme, muito limpa e com tudo de muita qualidade.  Recomendo que experimentem o bolo caseiro servido no cafe da manha!"
"Foi sem duvida nenhuma uma excelente experiencia as duas noites que ficamos no Outeiro do Barro. Esta localizado muito perto de Reguengos de Monsaraz, num sitio bastante tranquilo, com vista para Monsaraz e os campos. O quarto e confortavel, com um pequeno alpendre ca fora, a decoracao e simples e de bom gosto, a limpeza e irrepreensivel. Todos estes atributos nao fazem sentido sem a simpatia e disponibilidade da familia, principalmente da Rita que gere o espaco. Foi um enorme prazer conhecer a Rita e a partilha da sua historia ate chegar ao Outeiro do Barro. Todo o espaco e mantido pela familia da Rita com dedicacao e atencao aos pormenores. O pequeno almoco e muito bom para comecar bem o dia, tem varios produtos regionais e outros caseiros. O bolo da D. Joana estava delicioso."
"Localizacao: Excelente escolha para quem quer conhecer esta zona do Alentejo.  A dois minutos do centro de Reguengos, se tanto, e o ponto de partida para inesqueciveis incursoes pelo Alqueva, por Monsaraz, Evora e outras localidades vizinhas.  Instalacoes: Perfeitas. Pitorescas casinhas/quartos alentejanos, em tons de branco e azul, rodeiam um pequeno, mas muito agradavel jardim e uma acolhedora e refrescante piscina. Como apoio, um outro edificio onde fica a cuidada rececao e a maravilhosa sala de pequeno-almoco. O terraco convida a um nascer de dia inesquecivel. O quarto em que ficamos era muito agradavel. Boa cama, decoracao com gosto, quarto-de-banho impecavel, televisao com a melhor oferta de canais de que ja dispus ao fim de tantos outros hoteis, sofa e um pequeno terraco"
"Estive la em finais de Dezembro de 2014. Foi tudo perfeito, dos quartos, passando pelo pequeno-almoco, terminando no atendimento. Os quartos possuem ar condicionado e o local e calmo, ideal para descansar."
"Estadia e ferias fantasticas.  Um lugar extraordinarios. Desde o bom gosto da decoracao, a limpeza de todos os espacos e acima de tudo a simpatia dos qur la trabalham.  O pequeno almoco e extraordinario, de comer e chorar por mais.  Optimo para ferias em familia, em casal ou com amigos. Fiquei fa, irei voltar...."
"Escolhemos ficar no Outeiro do Barro ao acaso. Escolhemos a zona e so depois o alojamento e nao ficamos nada arrependidos. Pelo contrario, muito satisfeitos. A Rita e a sua Mae sao anfitrias soberbas, de uma simpatia imensa. Explica toda a zona e da conselhos do que fazer e do que visitar nas areas circundantes.  E' um sitio tranquilo, onde o tempo passa devagar. Os quartos sao espacosos, tudo muito fresco e limpo. O pequeno-almoco e' optimo, sabores tipicos e caseiros. E a zona da piscina convida a um mergulho e a um descanso extra. :)     Excelente para quem tem criancas pequenas, tem imenso espaco para elas brincarem."
"Passamos uma semana neste alojamento. Foi tudo perfeito. o atendimento e sem duvida o ponto forte desta unidade.  O pequeno-almoco e bom. A localizacao e perfeita. Nao e no meio da cidade mas e muito muito perto.  Voltaremos, com certeza."
"Espaco privado agradavel, boa rececao e bastante simpaticos, quartos limpos e com requinte. A piscina podia ser um pouco maior dado o numero de casas para alugar. O pequeno almoco e servido num espaco encantador com comida deliciosa e de boa seleccao! Recomendo"
"quartos limpissimos com uma decoracao linda local sossegado e com otimas vistas turismo rural no seu melhor com um otimo pequeno almoco confecionado com otimos produtos tipicos  Alentejo no seu melhor  sem esquecer a enorme simpatia com que fomos presenteados"
"Ambiente familiar, acolhedor, calmo, limpo, excelente pequeno almoco. Piscina de agua salgada. Por momentos esquecemo-nos que estamos hospedados algures. Para nos abstrair-mos do corre corre de todo o ano e optimo."
"Espaco rural agradavel e bem explorado. Quartos muito acolhedores, confortaveis e bem decorados (e com ar condicionado, o que e muito importante face ao calor que se faz sentir). Cada alojamento consiste numa pequena casinha, decorada ao tipico estilo alentejano, e tem um pequeno terraco com guarda sol que permite relaxar e usufruir do sossego daquela zona. Piscina de agua salgada que, embora pequena, permite refrescar do calor alentejano e tem muitas espreguicadeiras em redor para se aproveitar o sol. Pequeno almoco com alguns sabores tipicos da regiao e preparado com notado cuidado.  De realcar a atencao e simpatia no atendimento. A repetir!"
"De facil localizacao, chegamos e fomos recebidos com um enorme sorriso e simpatia por parte da Rita, a proprietaria, quem nos mima do primeiro ao ultimo dia, garantindo que tudo corre pelo melhor e fazendo-nos sentir em casa. Ficamos num quarto espacoso e confortavel com ar condicionado e um pequeno alpendre que fez as delicias dos finais dos dias. Tiramos partido da piscina durante todo o dia, tendo como serventia um pequeno frigorifico com bebidas frescas (basta anotar o consumo num papel e entregar no check out). O que existe de melhor e o fantastico pequeno almoco que faz as delicias de qualquer um. Prometemos voltar em breve. Parabens"
"Ficamos no Outeiro do Barro numa viagem de amigos... os quartos sao muito agradaveis e espacosos, mas nao estao bem insonorizados! Todo o espaco do turismo rural e agradavel...  A piscina e pequena e o espaco envolvente nao esta bem conseguido.  A sala de pequeno almoco e muito acolhedora."
"Excelente qualidade este alojamento, quartos confortaveis, bem decorados e tranquilidade garantida..pequeno almoco de maravilhosa qualidade!sera o meu alojamento quando voltar a Reguengos! Utilizei este alojamento como ponto de partida para conhecer o Alqueva e toda a sua zona envolvente,as dicas da D. Rita foram preciosas e de grande utilidade...espero voltar rapido a esta grande casa!!!"
"Excelente relacao qualidade/preco. Atendimento personalizado em ambiente familiar mas discreto. Limpeza excelente e quarto com requisitos de conforto para uma optima estadia. Recomendo para quem quer conhecer o Alentejo interior!"
"Otimas condicoes de todo o alojamento, uma excelente diversidade ao pequeno almoco, e de produto regionais. Lugar de refeicao com uma linda paisagem Muita simpatia no atendimento, e em todo o apoio prestado."
"Excelente localizacao permissivo do centro de Reguengos onde encontramos tudo desde farmacia multibanco 3 supermercados postos de abastecimento de combustivel! O hotel e maravilhoso desde a simpatia da anfitria ao pequeno almoco com produtos regionais ,muito bom ! O quarto nao e muito grande mas e bastante agradavel como o ambiente que rodeia o alojamento ,casa de banho agradavel com tudo ! Espaco para estacionar os carros! Aconselho vivamente a quem visitar a zona de Reguengos ou monsaraz a ficar hospedado no outeiro do barro !"
"Simpatia e disponibilidade da anfitria, Bom pequeno-almoco, servido num espaco primoroso e de pormenores, quarto simples mas muito agradavel, toda a estrutura bem cuidada salientando a asseio apresentado em geral, exterior com estacionamento. Boa localizacao para usar como base numa visita a regiao. Excelente a relacao preco vs qualidade; facilmente e sem receios, somos tentados a promover este espaco junto de outras pessoas que queiram visitar a regiao do Grande lago."
"O ambiente familiar fez as delicias da minha familia, aconselho vivamente!  So com pequenos almocos disponiveis, permitindo que conhecamos a gastronomia local, aconselhamento na recepcao com rotas turisticas dedicadas a disponibilidade dos clientes.Rodeado de  Oficinas de barro com museus , herdades vinicolas, Castelos e zonas fluviais a visitar"
"Perfeito em tudo! A decoracao, o sossego, o cuidado e preocupacao em que nada falte aos clientes, e o pequeno almoco....sem palavras! Desde bolo caseiro a empadinhas mornas, passando por doces caseiros e sumo de laranja natural... Voltaremos assim que pudermos!"
"Grande atendimento e preocupacao de bem estar por parte da D. Rita, monte muito acolhedor. Pequeno almoco com grande variedade e com produtos da regiao, queijos, enchidos, doces, etc... Sitio a voltar aquando de visita a reguengos! Recomendo"
"Sem duvida iremos voltar. Gostamos muito de tudo. Casinhas/Quartos muito bonitos, bem decorados, limpeza impecavel. Muita simpatia e excelente pequeno almoco com produtos regionais e caseiros. Recomendo."
"Esta localizado num sitio bastante calmo, as instalacoes sao optimas, o quarto impecavelmente limpo. A Rita e a mae sao super simpaticas e sempre disponiveis. O pequeno almoco e optimo. Foi dos melhores sitios que eu encontrei para descansar."
"Local muito bonito, quartos muito acolhedores e confortaveis. Excelente pequeno almoco. Sentimo-nos muito bem acolhidos. A senhora que nos recebeu e muito simpatica e atenciosa. Adoramos.Queremos voltar"
"Excelente localizacao, simpatia e arte de bem receber. Recomenda-se a toda a gente, excelente gosto na decoracao, limpeza e comodidade, espacos verdes, excelente pequeno almoco. Vamos voltar concerteza!"
"Um espaco muito bonito e agradavel. Os quartos estao muito bem decorados e os jardins bem arranjados. Nao cheguei a ir a piscina mas parecia muito boa. O pequeno almoco foi excelente, com muitas coisas caseiras e deliciosas. ****UTC"
"Adorei adorei adorei ... nao me canso de dizer. Simpatia, simplicidade e qualidade. Ficamos so uma noite mas pelo que vimos sem duvida que vamos voltar. Decoracao muito simples mas que nos faz sentir bem a poucos quilometros de Monsaraz. Melhor sumo de laranja que ja provei ... muito bom pequeno-almoco com produtos da regiao. Voltaremos com certeza porque faltou aproveitar a piscina. Apesar do tempo nao ter ajudado foi muito bom ter aproveitado tudo o que conseguimos. Para sair da confusao da cidade 5* e o acordar com a natureza 5*"
"A destacar a simpatia com que fomos recebidos, o pequeno almoco delicioso, a decoracao dos quartos, a limpeza e a envolvente do alojamento. Local muito propicio ao descanso, optimo para relaxar e fugir da confusao da cidade. A voltar sem duvida."
"Acima de tudo, fomos muito bem recebidos pelos proprietarios, que se mostraram sempre muito simpaticos e disponiveis. Com o charme proprio de um turismo rural, o local e muito agradavel e ideal para relaxar e descansar. Destaco ainda o pequeno almoco, com produtos regionais e caseiros de muita qualidade. Um local a voltar concerteza."
"A 2 km do centro de Reguengos de Monsaraz, encontra-se esta pequena maravilha. Um espaco de paz construido com muito gosto - a decoracao e, provavelmente, uma das mais bem conseguidas que vi. Ideal para quem quer desligar e simplesmente aproveitar o melhor do Alentejo. Preco-qualidade muito bom. Pequeno-almoco muito agradavel. Simpatia em todos os momentos. Para um programa de dois dias, nao esquecer Adega Ervideira, Herdade do Esporao, Sao Pedro do Corval (Patalim) e Monsaraz."
"Turismo rural muito perto de Reguengos de Monsaraz o que o torna o ponto de partida ideal para partir em descoberta desta Regiao vinicola de excelencia. Acolhimento simpatico, quarto bonito, funcional e muito agradavel com Tv cabo e wifi. Pequeno almoco com produtos regionais de qualidade. Boa atmosfera para sair de passeio ou usufruir da piscina."
"O Outeiro do Barro e um excelente local para viver momentos de paz e descanso em pleno Alentejo! Com vinhas a perder de vista o onde so se ouvem os passarinhos e o vento a bater nas arvores (quando o ha!)! As responsaveis pelo espaco sao muito simpaticas e atenciosas! Local excelente para aliviar o stress! O pormenor do frigorifico com bebidas frescas na piscina e perfeito!"
"Uma simples estadia de 1 noite bastou para darmos nota maxima a este recanto tranquilo do Alentejo.  Eu, a minha esposa e o meu filhote adoramos.  A 2 min do centro de Reguengos de Monsaraz, uma quinta familiar, que nos faz sentir em casa, com uma paisagem fantastica, rodeada de laranjais, vinhas, etc., e com uma recepcao simpatica e atenta da D. Rita. Local muito tranquilo, perfeito para descanso, para relaxe, para desanuviar. Quarto comodo, confortavel, minimalista mas mais que suficiente, ar condicionado indicado, wi-fi perfeito (do melhor que apanhamos em turismo rural). Zona da piscina muito agradavel, com um frigobar disponivel com bebidas frescas a precos baixos; piscina propriamente dita nao muito grande, mas mais que suficiente para umas bracadas e umas boas"
"Gostamos de tudo. Os quartos sao simples mas charmosos, bem decorados e bastante confortaveis. O nosso quarto (penso que os outros tambem), tinha wi-fi com um bom sinal. A piscina de agua salgada e muito agradavel. O pequeno almoco e muito bom, com produtos regionais e caseiros de boa qualidade. Contamos sempre com a atencao e simpatia da Rita. Voltaremos certamente."
"Gostei muito de reve-la D. Rita e D. Joana. Foi um fim de semana com o objetivo comprido...descanso e relax. Tudo fantastico,  como ja esperava encontrar, o quarto, a limpeza,  a piscina e o famoso peq almoco!  Aconselho a reservar mesa para refeicoes a horas nos fantasticos restaurantes de Monsaraz, principalmente se for ao fim de semana!"
"Simpatico e o adjetivo que melhor classifica uma experiencia neste local. Os quartos sao casitas de acesso direto para o exterior, equipadas com WC, TV satelite, WI-FI e ar condicionado .  Ha uma piscina com agua salgada, de dimensoes bastante comedidas, mas muito agradavel para atenuar os efeitos do calor Alentejano. Ao desfrutar desse local, pode ser surpreendido pela Proprietaria com a oferta um jarro de limonada convenientemente gelada.  O pequeno almoco tem produtos excelentes: sumo de laranja natural  (e nao feito de concentrados) muito bons enchidos e queijos.  Aspetos menos positivos para uma estadia mais repousante foram a altura das almofadas (demasiado altas) e o ladrar dos caes. Embora as habitacoes tenham uma boa insonorizacao, numa noite em que me apeteceu apreciar"
"Adorei a estadia :) e vou voltar desde o cuidado com a limpeza do quarto se estariamos ou nao para fazer a limpeza, o pequeno almoco caseiro, a optima piscina e a calma e a paisagem magnifica, optimo para descansar"
"Estivemos hospedados no Outeiro do Barro, durante 2 dias, e confesso que me apetecia fica mais tempo. Gostamos de tudo! A simpatia da Rita e da mae sao um trunfo muito grande. Tudo muito limpo e bem decorado. O pequeno almoco e maravilhoso. Havemos de voltar!"
"Um complexo de Turismo Rural novo, formado por diversas suites bem decoradas, totalmente independentes,  situadas ao redor de um terreno com arvores de fruto e uma piscina. Do equipamento das suites faz parte uma cama muito confortavel, uma televisao por cabo e um aparelho de ar condicionado. O acesso Wi-Fi gratis funciona muito bem em todo o complexo. O acolhimento feito pela Sra Rita Murteira, foi excelente e o pequeno almoco e digno da melhor nota, repleto de iguarias regionais feitas na hora. Fica a promessa de repetir assim que possivel."
"Hotel maravilhoso e acolhedor com um atendimento impecavel. Rita e Dona Joana nos fazem sentir em casa.Quarto espacoso e confortavel. O cafe da manha e muito gostoso com bolo caseiro e sucos naturais. Nao vejo a hora de voltar."
"Monte tipico, muito bem arranjado e enquadrado numa bela paisagem alentejana. Fomos recebidos com a maior simpatia, os quartos sao bastante acolhedores, impecavelmente limpos e todos equipados. O pequeno almoco foi optimo, com sumo de laranjas frescas e produtos tipicos da regiao. Os donos foram sempre bastante atenciosos e fizeram-nos sentir em casa. Uma experiencia excelente que nos deixou com vontade de voltar."
"Excelente lugar para visitar o Alentejo. Tudo muito bonito e decorado com gosto. Local fica numa quinta com varias laranjeiras, piscina. Bom pequeno almoco, servido numa bonita sala com excelente vista. Local a voltar!"
"Boa localizacao, com uma vista lindissima sobre Monsaraz (principalmente no terraco por cima da rececao).  A chegada a simpatia da Rita e da sua mae proporcionam um atendimento diferenciado, que nos fazem sentir como se estivessemos em nossa casa. Os alojamentos sao confortaveis, com limpeza impecavel e com uma decoracao fantastica. O pequeno almoco e muito bom com bom pao, queijo e enchidos da regiao, compotas, bolos, etc.  A piscina e um local para descontrair e aproveitar as horas de sol de uma forma agradavel no sossego, tranquilidade e paz que o local proporciona. Wifi em todo o lado. Recomendo vivamente."
"Recomendo firmemente uma estadia nessa pousada. O local e lindo, os quartos confortaveis e muito agradaveis. O cafe da manha e bem especial, caseiro e saboroso. A proprietaria Rita faz questao de dar aos hospedes um atendimento diferenciado. Toda a pousada e muito bem decorada. Parabens pelo cuidado e atencao!"
"Adoramos tudo. E um lugar lindo com um servico muito bom, pessoal e com toda a atencao da Rita. O pequeno almoco e simplesmente maravilhoso.    Vou voltar de certeza. Wifi em todo o lado e estacionamento. Facil de chegar."
"Excelente opcao para ficar, em Reguengos! Muito bem situado, as portas da cidade, novo, fresco, genuino. Enorme simpatia, disponibilidade e profissionalismo da gerente do alojamento. Os quartos sao pequenas casinhas distribuidas em redor de um laranjal, permitindo usufruir do prazer de estar no campo e simultaneamente dos servicos que a cidade oferece. Bonita decoracao, limpeza impecavel, camas muito confortaveis. Excelente pequeno almoco, com produtos regionais de qualidade, doces caseiros, bom cafe e um sumo de laranjas acabadas de colher na propriedade, absolutamente delicioso! De fazer inveja a muito bons hoteis!!  Zona de vilas historicas, paisagens lindissimas e excelente gastronomia...muito para descobrir!...Voltaremos..."
"Adoramos tudo, a paisagem, o simpatico e limpo quarto, a piscina que tivemos oportunidade de experimentar mesmo sendo Outubro, o pequeno almoco fantastico e caseiro e, claro, nao podia faltar a simpatia da Da Rita!!!"
"Nao ha palavras para descrever o quao bem fomos tratados neste pequeno paraiso! Por mais qualidades que possa descrever desta estadia, nenhuma fara jus a tamanha hospitalidade, simpatia e carinho que recebemos! Vamos voltar com toda a certeza! Fica aqui o nosso MUITO OBRIGADA D. Rita e D. Joana"
"Vou correr o risco de ser repetitivo algo que nao gosto mas o Outeiro do Barro e realmente excepcional, mais do que as palavras e preciso viver a experiencia de estar hospedado neste alojamento que para mim e para a minha esposa foi gratificante."
"O que dizer quando tudo e perfeito? Desde a localizacao, ao servico, ao fantastico pequeno almoco com uma vista lindissima sobre Monsaraz, as iguarias da regiao (queijo, enchidos, pao, compotas, bolos, etc..). E por fim, o mais importante, a simpatia e profissionalismo da Rita e da sua mae. Fizeram-me sentir em casa. Obrigado pela experiencia!"
"A simpatia da familia propietaria vale cada minuto de conversa jogada fora. Os chales ficam no fundo da casa da familia e sao muito arrumados, tudo novo. O cafe da manha e otimo. Comentei que sou celiaca e eles prepararam uma refeicao especial para mim sem gluten. A localizacao e otima para quem vai a Monsaraz (cidade que recomendo fortemente a visita), herdade do esporao para prova de vinhos e azeites e olarias para comprar os pratos mais maravilhosos e com bom precos. O meu gps nao encontrou a rua, por isso segue ai a coordenada: N 038 26.115, W 07 32.690."
"Adorei a estadia. A delicadeza da Rita, a higiene de todo o complexo, a decoracao leve e jovem, os excelentes pequenos almocos nao so em diversidade como tambem em quantidade e a simpatia com que fomos agraciados a chegada com um mimo, (um bolo e um licor), pela celebracao dos nossos 25 anos de casados. Tudo mt bom. Mt obrigado e que continuem assim sempre."
"Excelente localizacao. Espaco muito simpatico e acolhedor. Local calmo e muito limpo.  O Pequeno almoco e excelente. Pessoal muito simpatico, atento e profissional. Aconselho vivamente a casais ou familias com criancas."
"Quem procura passar uns dias agradaveis e descansados, o Outeiro do Barro e o local para ficar hospedado.  A decoracao fantastica, limpeza e higiene, simpatia do pessoal, excelente pequeno almoco, agradavel piscina e infraestruturas, localizacao e conforto. Tudo excelente!  Recomendo MESMO!"
"Extraordinario! Pernoitamos 3 noites e ficamos absolutamente maravilhados. As proprietarias, D. Rita e D. Joana, foram impecaveis. Nada a salientar.  Desde o quarto, tudo extremamente limpo, bem decorado, a WC super asseada, o pequeno-almoco foi a cereja no topo do bolo (pao de lo de laranja fantastico, cafe c/ leite, fruta da epoca doce e saborosa, compota de abobora fantastica, pao alentejano um mimo, enfim... sem palavras), e, claro, o enquadramento e a localizacao completam-se. Eramos 4, 1 casal e 2as criancas, um bebe c/ 13 meses e uma menina de 5 anos, e foram fantasticas. A atencao em me auxiliar com os cuidados do meu pequenino, no que toca a higiene e comida do meu filhote foi uma atencao muito agradecida. Recomendamos sem duvida. Muito sucesso e muita boa sorte ao"
"Fomos passar um dia em Reguengos de Monsaraz e a nossa primeira escolha foi um pequeno hotel com uma decoracao requintada e ao mesmo tempo com um traco alentejano presente.  Fomos recebidos com um enorme sorriso da Rita que por sinal e a proprietaria deste fantastico espaco ! Ela foi super atenciosa e deu nos uma explicacao pormenorizada do hotel e quarto bem como nos sugeriu varias atraccoes proximas de Monsaraz.  O pequeno almoco estava fantastico mais uma vez com toda a genuina atencao da Rita. Desde um pequeno almoco continental com todos os produtos frescos juntando fantasticos produtos regionais. Queremos agradecer e dar os parabens a Rita e a sua mae pelo espaco lindo, por toda a alegria e excepcionalidade de servico que oferecem. Ate a proxima visita !"
"Acabados de sair do Outeiro do Barro, depois de uma estadia de 3 noites, estamos surpreendidos com a qualidade e hospitalidade da maravilhosa equipa que fazem a Rita e a D. Joana. Desde o momento em que chegamos mais tarde do que a hora de check-in, devido a motivos de trabalho, que fomos extremamente bem recebidos. Os quartos sao do tamanho ideal para duas pessoas, simples e elegantemente decorados, notando um bom gosto contemporaneo, nao descurando a autenticidade alentejana. A cama era muito confortavel, tal como eram os lencois e as toalhas de muita qualidade. Tinha uma TV com canais por cabo e wifi com sinal maximo e bastante rapida, o que por vezes e dificil de encontrar em hoteis. O servico de quartos e efectuado todos os dias, incluindo a troca de toalhas, e para"
"So ficamos uma noite no Outeiro do Barro, mas ficavamos la dias a fio se  possivel. Da simpatia da Rita ao conforto dos quartos passando pela tranquilidade do local, foi tudo maravilhoso. Senti-me como se estivesse em casa. Recomendo a todos os que por ali passem!"
"Fomos de fim de semana ate ao alentejo e ficamos alojados neste local,apenas poderemos dizer bem, a simpatia da Rita e os lindos quartos faz com que realmente nos sentimos em casa. Maravilhoso pequeno almoco, com produtos caseiros e do nosso Portugal! Sou um amante de tudo o que e nosso e temos que ajudar o nosso pais, ferias sao 90% em Portugal!  Excelente decoracao.  Fica so a dica para colocarem 2 chapeus de grandes dimensoes na piscina. :) Iremos voltar! Marvilhoso"
"Adorei este sitio, simpatia da Rita e da Sra sua mae, um pequeno almoco muito bom, no terraco com uma vista maravilhosa, o bolo caseiro o pao alentejano, os queijos e as compotas caseiras, o sumo de laranja acabado de fazer, enfim gostei de tudo, a piscina, o quarto uma maravilha, ouvia-se o silencio....Adorei e voltarei com certeza! Obrigada Rita por estar sempre prestavel para dar dicas onde comprar o melhor dai do Alentejo, e por tudo, o meu muito obrigada...Recomendo vivamente o Outeiro do Barro."
"Gostei muito de ter estado uma noite neste turismo. Servico optimo e muito simpaticos. Nao experimentei a piscina mas esta tudo muito bem arranjado. Unico problema e que a insonorizacao dos quartos nao e perfeita.  Sitio muito bom para passar um fim de semana ou uma semana de ferias para um descanso completo."
