Avaliacoes
"Casa bem organizada de forma a acomodar de forma eficiente e conforme as necessidades os diferentes hospedes. Cozinha e sala de estar partilhada para uns tipos de quarto, privativa noutros. Uma piscina pequenina mas que chega para refrescar no duro calor alentejano. Perto tem varios cafes e supermercado e uma recepcao como so os alentejanos sabem dar.  Pequeno almoco variado numa sala de decoracao moderna mas acolhedora. So o Wi-Fi impede de dar as 5 estrelas, fraca cobertura e pessima qualidade de sinal."
"Local muito tranquilo e optimo para descansar, simpatia no acolhimento, instalacoes extremamente limpas e alojamento muito bem recuperado e bem equipado. Pequeno almoco simples mas muito agradavel e com muita simpatia por parte da senhora que o preparou."
"A experiencia neste alojamento nao foi a melhor, dado que foi marcada uma estadia com 15 dias de antecedencia, recebido o email de confirmacao da reserva e, quando chegou o dia, a proprietaria tinha esquecido de reservar e nao tinha mais quartos disponiveis. E certo que resolveu a situacao e arranjou outro local para ficarmos, mas a 25 km dali e num sitio que nao tinhamos escolhido, apesar de agradavel no final. Uma experiencia a nao repetir."
"Este alojamento faz parte do leque de opcoes do pack Fugas 2 Noites da Odisseias. Tive o cuidado de verificar no Booking se o mesmo estava esgotado ou nao para as datas que pretendia, uma vez que e um fim-de-semana prolongado e constatei que o alojamento tinha (e tem ainda) dois quartos livres. Uma vez que nas restricoes que apresenta no pack nao refere fins-de-semana prolongados decidi contactar por telefone para fazer a reserva. Liguei sete vezes em dois dias e nunca atenderam. Procedi entao a tentativa de reserva via site Odisseias e recebi como resposta do proprio alojamento so depois do dia (dia seguinte as datas pretendidas). Enviei um print screen do Booking que mostra a disponibilidade e obviamente nao recebi mais nenhuma resposta. Inadmissivel esta discriminacao numa"
"Simpatia no acolhimento, apartamento muito agradavel. Optimo para descansar. Bem equipado, cozinha e patio para petiscar. Piscina qb para refrescar. Bom pequeno almoco.Boas acessibilidades, facil estacionamento.  Recomendo."
"Passamos uma noite no local. Quarto razoavel face ao preco. Limpeza razoavel. Acesso a wi.fi. Zona exterior muito bonita. Cozinha funcional. O pequeno almoco sao os hospedes que o fazem. Ha pao quente a disposicao. De resto, somos nos que confecionamos. Alojamento um pouco ruidoso. Boa relacao qualidade/preco."
"Varias casas e quartos no local. Uma piscina fantastica e um calor que ajuda! Alguns dos quartos partilham cozinha, mas todos tem WC privado. Os pequeno-almocos sao bons, o pao e qualquer coisa do outro mundo! Vale muito a pena, tivemos la 1 semana, mas ficavamos bem mais!"
"Ligamos com a proprietaria e explicamos que procuravamos um sitio calmo para passar doze dias. Explicamos que precisavamos de descansar. Quando chegamos havia obras na casa ao lado o que a proprietaria omitiu. Havia muito barulho de maquinas e martelos. Fizemos 200 km em vao. Quando falamos com ela apenas respondeu... Nao posso fazer nada!  Lamentavel."
"Local agradavel para umas boas ferias em familia.  As funcionarias sao bastante simpaticas, perguntando sempre se tudo estava de acordo as nossas expectativas.  Boas acessibilidades a Moura e a varios supermercados.  Sugiro que seja instalado wi-fi na casa.  Aconselho."
"Local muito agradavel. Fomos muito bem atendidos a nossa chegada e o alojamento era muito bom. Os quartos e a sala bem decorados e com ar condicionado.A cozinha equipada com o essencial. O pequeno almoco muito bom O frigorifico tinha o essencial e todos os dias de manha era-nos fornecido pao fresco e de boa qualidade. A piscina muito agradavel. As funcionarias muito atenciosas, perguntando sempre se estava tudo bem e com tudo muito bem cuidado"
"Adorei tudo! Desde o espaco, decoracao, cuidado e limpeza a simpatia com que fomos recebidos. Pequeno almoco perfeito! Local perfeito para descansar, namorar e relaxar. Boa localizacao. Aconselho vivamente a todos. O Alentejo e maravilhoso!"
"Terra de gente muito simpatica e muito atenciosa. Ficamos no estudio que e um apartamento muito bem decorado e com tudo o que se precisa. Com  acesso direto ao exterior onde se encontrava a piscina ...sitio muito limpo e muito bom para apanhar sol....  Todos os dias pela manha era deixado o pao para o pequeno almoco muito bom e sempre quentinho. Sitio a voltar sem duvida."
"No centro da aldeia de Pedrogao surge este turismo com mobiliario rustico e simples. Uma casa bem aproveitada com quartos com acesso a cozinha comunitaria e apartamentos completos. Ficamos no piso inferior que apenas tem 3 quartos e a cozinha.  O nosso quarto era simples mas elegante contudo eram notorios sinais de humidade e tinta a estalar. O wc era grande e tinha banheira que pecava por nao ter cortina. O quarto era bastante quente, problema resolvido com o ar condicionado. O pior era o isolamento face ao piso superior. E preciso sorte com os vizinhos. A cozinha era bonita mas apenas tinha uma mesa. Se todos os quartos quisessem tomar o peq. almoco a mesma hora, era complicado.  Faz falta reforcar os talheres. Quase nao havia colheres pequenas. O espaco exterior e muito"
"Estupendo! Tranquilo, acolhedor, muito limpo, peq almoco muito bom, Ideal par quem quer fazer um retiro longe da azafama das grandes cidades! O espaco exxterior e muito agradavel, optimo para ficar a conversa depois do antar, a saborear um cafe. Adoramos!"
"Bom atendimento; casa bem equipada e confortavel; piscina limpa e pronta a usar ja em Abril; pequeno almoco suficiente feito por nos com as coisas disponiveis na cozinha/frigorifico (nota maxima para o pao fresco ainda quentinho, pior apontamento: falta de produtos regionais...queijinhos, enchidos...), limpeza da cozinha posterior fica a nosso cargo. Gostei muito :)"
"Quarto asseado e confortavel. Espaco exterior com bom aspecto e piscina qb, apesar de ligeiramente suja mas ainda nao era verao. Pequeno almoco muito fraco, sem elementos regionais, muito do que se pode ter em casa. Pelo valor ja fiquei em turismo rural com produtos regionais e que os proprietarios fazem questao de colocar a disposicao. Excelente para descansar."
"Decoracao, pormenores, espacos comuns, tudo muito bom, camas bastante confortaveis, internet gratuita, a senhora que nos recebeu tambem muito simpatica. O pequeno almoco e razoavelmente bom mas podia ter mais produtos regionais."
"Os apartamentos sao muito confortaveis e limpos. Estive nos apartamentos com acesso a piscina.  Os pormenores sao o mais importante, toalhas lindas e  limpas bordadas.  A salamandra foi o melhor, visto ter ido em dezembro. Pequeno almoco simples mas bom. Perfeito para familias."
"Enganaram-se na nossa reserva, o que nos fez adiar em 1 dia, o check in, para irmos para o apartamento estudio. Apartamento aprazivel, espacoso e moderno, com acesso direto a piscina, otimo para uns dias de descanso, sem agarrar no carro (desde que ja tenhamos as compras feitas). No entanto, quando chegamos (quase 2h depois do horario do inicio do check in) o quarto nao estava totalmente pronto (faltava secar) e nao tivemos direito ao Mimo regional, nem foi referido. O pao do peq-almoco era delicioso, mas so tivemos capsula de cafe para o 1o dia, nao tendo sido reposto para o dia seguinte. A agua da piscina nao era totalmente limpida. De manha ouvia-se muito barulho, era impossivel dormir depois das 8h. De qualquer das formas, a experiencia foi positiva."
"Alojamento em duplex T1 com grande qualidade, super bem equipado e localizado. Piscina na parte detras, com agua salgada, e solario. Permite nao mexer no carro durante a estadia. Todos os dias pao fresco para o pqueno almoco pendurado na porta."
"O pequeno-almoco e farto e variado. A limpeza da casa e bastante boa, mas a piscina necessitava de mais cuidados.  O miminho regional de boas vindas, previsto no voucher, nao existiu, nem foi mencionado. Ouvia-se bastante barulho no quarto, tanto vindo da piscina, como da entrada da casa. Provavelmente os quartos do piso superior sao mais tranquilos."
"Excelente para descanso, boa piscina, quartos bons com casa banho propria.  Como ponto negativo que nao e da responsabilidade dos proprietarios - Vizinhos barulhentos - as pessoas devem ter nocao que este e um espaco comum e deviam tentar passar uns dias em harmonia e nao como se toda a casa estivesse por conta deles."
"Queriamos conhecer o Alqueva o que acabou por ser uma desilusao. Felizmente a casa de Pedrogao revelou-se uma maravilha. Nunca pensei que dormir, comer, mergulhar e repetir tudo vezes sem conta fosse tao bom! Mas e! Ideal para um descanso mais que merecido. Recomendamos e vamos voltar."
"Localizado no coracao do Alentejo, na recatada vila da Vidigueira, ideal para quem quer fugir da azafama das grandes cidades; so fiquei uma noite, nao consegui usufruir da piscina mas tive uma noite de sono absolutamente descansada e silenciosa. Fiquei com vontade de voltar, desta vez sem ser a trabalho e com tempo para usufruir da calmaria tipicamente alentejana."
"Simpatia da colaboradora que me atendeu e de destacar. As instalacoes sao muito agradaveis, gostei muito do ambiente mais caseiro do local, de poder beber um cafe expresso ao pequeno almoco - coisa rara - e de, se antes de dormir apetecia qualquer coisa, a cozinha estava aberta com uma grande variedade de frutas e chas, para alem de uns biscoitos."
"casa bem arranjada e agradavel,mas uma das coisas negativas foi o facto de estarmos numa regiao gastronomica espectacular e quandi temos um voucher de alojamenyo e peq almoco,seria de esperar um peq almoco caseiro com produtos da regiao o que nao aconteceu deixaram-nos no frigorifico coisas que encontramos todos os dias no supermercado apenas nos truseram pao mole ,tb deixaram coisas ja abertas ou mesmo vazias ;a caixa do cha .poderia havermais cuidado na roupa de cama e almofadas,penso que pelo preco teriamos ficado melhor noutra casa ou mesmo hotel da regiao"
"Excelente local para descanso em familia, num excelente e agradavel T0. Apesar do frio a lareira da um excelente ambiente e a piscina bem localizada tambem devera ser muito bom no calor do verao. O pao fresco do pequeno almoco e muito bom!"
"Aconselho a estadia. No Alentejo perto de Moura e Serpa. Mesmo com calor intenso a casa e fresca e podem aproveitar a piscina. Tem cozinha que podem utilizar, com produtos da regiao. Gostei particularmente do pao alentejano."
