Avaliacoes
"Ficamos 3 noites em agosto21 numa mezzanine com bom quarto e cama na parte superior e grande sofa-cama (para 2, a vontade) a entrada do quarto. Quartos simples mas bem equipados. O quarto-de-banho e grande com banheira e poliban (com jatos de hidromassagem) independentes. Como se trata de um Agro-Turismo, foi engracado tocar um sino a entrada, assim como usar uma chave do quarto com...... um sininho. No exterior, a zona de piscina e acolhedora, com relvado e espreguicadeiras mas algo pequena. A envolvencia e muito bonita. Os pequenos-almocos foram muito bons, com um pouco de tudo e tudo muito bom, o que me surpreendeu. Zonas interiores muito bem decoradas e cheias de pormenores ligados ao trabalho agricola e tradicoes alentejanas. O staff e muito acolhedor (muito simpaticas e"
"O que se ve nas fotos nao retrata a 100% a realidade pois e muito melhor. Um espaco fantastico para relaxar, descansar o corpo e a mente. O lago que envolve a herdade e a cereja no topo do bolo. Todo o espaco esta muito bem cuidado e fomos muito bem recebidos por todos. Um local que fica na memoria e que deixara saudades."
"Foram muito prestaveis a dar informacoes e ate fizeram a reserva do jantar que foi optimo! A limpeza e imaculada e o pequeno almoco muito bom, com ovos mexidos e ate um cafe expresso sem custo extra ,so e  pena termos que esperar para nos servirem por causa da Pandemia! Foi super tranquilo e a herdade e muito bonita e bem decorada, mas a piscina e um pouco pequena quando estiver mais gente,era uma 6of e estava super tranquilo,tem uma vista linda e reconfortante para uma lagoa.Esta fica perto de uma boa praia fluvial,ver foto"
"Deve se ter atencao que esta a poucos km do centro da cidade, na estrada do aerodromo. E preciso estar atento a entrada para nao despistar-se mas uma vez dentro tem lugar de sobras para estacionar e e um remanso de paz.  Calmo, localizado junto duma albufeirinha linda. Com jardim com piscina que convida a relaxar.  Quarto enorme e cuidado com vista ao jardim. bonito e agradavel. Pequeno almoco bom com cuidados redobrados pela pandemia. Funcionarios de grande simpatia, a fazer-te sentir em casa."
"Espetacular, simpatia do staff, pequeno almoco muito bom, espaco acolhedor, quarto amplo e limpo. Para quem deseja um fim de semana de relax, este e o lugar. So faltou esperimentar a piscina que tem muito bom aspecto. Garantidamente, lugar a voltar. Obrigado ao Staff."
"Local muito giro! Ficamos numa suite espacosa e bem decorada. A piscina e agradavel a vista do lago e espetacular! Fomos muito bem recebidos. So houve um senao que nao sendo uma critica e um ponto a melhorar, optamos por uma suite visto sermos 3 adultos (casal mais filha de 16 anos) e nao esperavamos uma cama extra apropriada para criancas mais novas, como cama para um adulto. Tivemos de recorrer a cama king size para dormirmos os 3. A cama dava perfeitamente para 3 adultos dormirem com espaco com o senao de serem dois colchoes sem o acessorio de ligacao dos colchoes. Nao sendo a opcao ideal acabou por ser a solucao possivel para a noite que la passamos.  No entanto passamos um fim de semana muito agradavel e este sera um local a visitar numa outra oportunidade."
"A Herdade esta bem cuidada, tem uns otimos quartos, tudo bem higienizado. A piscina e boa e o espaco envolvente tambem. Tem uma vista linda para um lago com patos. O pequeno almoco e bom. Todo o Staff sao super simpaticos e atenciosos. Na Herdade tem um cao e quando ladra durante a noite e mais chato. Apesar do cao ser super tranquilo. Mas adoramos tudo! Voltaremos e Recomendo!"
"Fiquei apenas uma noite na herdade, mas superou todas as expectativas. O espaco e muito tranquilo rodeado por um lago e com uma piscina e zona de hidromassagem. O quarto e rustico com todas as comodidades e conforto.  O staff foi extremamente simpatico e prestavel, atendendo a todas as necessidades e oferecendo indicacoes. Houve um cuidado extra a higienizacao e limpeza do espaco, quer no quarto, quer nos espacos comuns.  O pequeno almoco tambem estava muito bom e com variedade.  Aconselho esta herdade a quem quer descansar e desfrutar da paz do Alentejo.  A 10min do espaco existe uma praia fluvial muito calma e tambem muito boa."
"Tipo rustico e tem todas as comodidades, os quartos sao optimos e muito asseados. tudo funciona correctamente. O Staff e espectacular, muito educado e afavel, recomendo vivamente este local para umas ferias ou ate 1 estadia."
"O espaco e muito bonito. O servico e 5 estrelas com os funcionarios sempre muito prestaveis. A piscina e muito agradavel so peca pela ausencia de guardas-sol. Devido ao covid tivemos que fazer o check out as 11h o que nao nos deixou margem de manobra para aproveitar mais a piscina. O pequeno almoco e simples mas saboroso e pela primeira vez encontrei um alojamento/hotel com leite sem lactose"
"O quarto grande e wc limpos. O acolhimento foi muito bom. O pequeno almoco foi bom com o essencial. Devido ao facto da Herdade estar vazia foi necessario andar a procura da senhora que estava nesse momento ao servico para trazer um cafe."
"Um bom lugar para se passar uns bons dias de ferias com familia. Fui com minha esposa e filho pequeno e ficamos bastante agradados com espaco em si bem como todo a envolvente,  funcionarios e bem-estar.  Aconselho vivamente a quem quer  descansar una dias e fugir da rotina."
"Quartos espacosos assim como wc. Eramos varios casais com criancas e tiveram a amabilidade de nos colocar na mesma ala, o que nos permitiu que as criancas circulassem entre os quartos, sala e cozinha, o que foi muito positivo. Zona de piscina agradavel junto ao rio. A herdade tem varias infraestruturas, como campo de tenis, paintball, kayak, entre outros. E possivel fazer birdwatching.  Fizemos kayak com as criancas, que estavam encantados com os flamingos e os gansos. O staff e muito simpatico e prestavel. O nosso especial agradecimento a D. Zezinha pela disponibilidade e simpatia para com as nossas 9 criancas e a tambem a  funcionaria que fez a reserva (e que ja nao trabalha na herdade)."
"Foram 4 dias de estadia excelentes, boa companhia, boas refeicoes e o mais importante saber receber. foi top O ambiente era tao familiar que surgiram naturalmente convivio com outros casais, dos quais nasceram novas amizades para o resto das nossas vidas"
"Espaco fantastico! O quarto onde ficamos e enorme (mesmo com uma cama extra ainda existia imenso espaco) com uma decoracao fantastica, remota aos tempos antigos, a casa de banho tambem enorme. A zona da piscina e muito agradavel e acolhedora com vista para o lago existente. O pessoal e todo muito amavel e acolhedor. O pequeno almoco e bom. Pena mesmo ter ficado pouco tempo. O espaco envolvente e muito agradavel. Certo que vou voltar. Excelente para descansar. 5*"
"Uma herdade muito agradavel com vistas deslumbrantes. O pessoal muito atencioso, mantendo todos pormenores cuidados. Quarto grande e casa de banho gigante, cama confortavel. A piscina tem uma vista linda!!!"
"Ambiente agradavel, piscina simpatica e quarto acolhedor. Muito tranquilo e repousado. A reserva correu muito mal, pois reservei uma suite junior que teria dois quartos com duas camas individuais cada, o indicado para um casal e dois filhos. Na manha do dia reservado, e quando ia a caminho, ligaram-me a informar que haveria um engano do Booking e que a suite estava ocupada, tendo como alternativa um quarto de casal onde colocariam duas camas para os miudos, o que acabei por aceitar. Infelizmente, por este erro de 3as, cobraram-me as duas camas extras!"
"Paz e ver o tempo passar e o que nos aguarda em beja.  Queria agradecer as boas conversas e boas indicacoes do sr. Filipe. (5 estrelas)  De bom no Hotel: Tranquilidade, humilde, wc gigante, tv bastante completa, wireless mt bom, boas areas. Simpatia do staff.  Menos bom. Falta de produtos locais no peq. Almoco Ausencia bar na piscina."
"Fiz a reserva de uma suite para 2 adultos e uma crianca, atraves do Booking.com e uns dias depois enviaram-me um email a dizer que afinal a suite nao estava disponivel, pelo que iam converter a reserva num quarto duplo. Contactei telefonicamente e disseram-me simplesmente que teria havido um engano, pelo que teria que ser assim, mesmo depois de eu explicar que se tratava de 3 pessoas e que iriamos ficar acanhados no quarto duplo, que de resto decidi nao escolher aquando da reserva. So me resta classificar este comportamento como um mau servico, visto que aparentemente a gestao das reservas e aleatoria. Se fizerem a reserva atraves de plataformas como o Booking, por exemplo, assegurem-se que a reserva esta aceite, para nao terem surpresas mais tarde."
"Sitio ideal para relaxar em familia, bastante sossegado e staff muito simpatico. Local bastante bem aproveitado a nivel de condicoes, limpo e cuidado. O pequeno almoco poderia ser melhor aproveitado com produtos regionais. Dependendo do dia, a zona da piscina e um pouco ventosa."
"Optimo para parar e relaxar um fim de semana, o quarto com optimas areas com mobiliario rustico, de apontar o otimo WC com tamanho consideravel, Dispoe de espacos amplos em torno do monte para um passeio. A 7km de Beja,"
"Equipa fantastica! Lugar calmo e aprazivel, quartos com decoracao cuidada e limpos. Bom pequeno almoco. Fim da estadia com uma visita a herdade feita pelo Filipe(Sr. Arquitecto)que trouxe ainda mais encanto ao lugar!  A unica falha...nao ha Wi-Fi nos quartos.  Voltarei!!!"
"Sitio muito agradavel, com pessoas muito simpaticas. Ideal para um passeio relaxante em familia. O pequeno-almoco e variado, com produtos de elevada qualidade, e todos estao sempre atentos as necessidades dos clientes. Vamos voltar!"
"Herdade muito bonita e bem conservada... Excelente atendimento... Piscina media, suficiente para os hospedes...o problema sao mesmo as abelhas, vespas e aranhas... Na piscina nao se consegue descansar com tanta abelha gigante de roda de nos... Sabemos que sera um problema dificil ou impossivel de resolver mas que marca pela negativa... O quarto era muito bom amplo com wc tambem ampla e asseado...!"
"Local aprazivel na planicie alentejana junto a lago com ilhotas e varias especies de aves. A casa bonita e bem preparada para funcionar para agro-turismo.  Os quartos amplos com bons quartos de banho, decoracao sobria e bonita. Sala de refeicoes luminosa com decoracao muito agradavel. As pessoas muito simpaticas que proporcionam um ambiente acolhedor e familiar."
"A herdade e grande e bonita, sem duvida. A paisagem da zona da piscina e bastante bonita e o sitio e muito sossegado....se calhar ate demais. Nao ha grandes atividades e basicamente tudo se resume a piscina e quarto. Optamos por ir jantar a Beja, mas mesmo assim, e em pleno agosto, os melhores restaurantes estavam fechados para ferias. Reparamos que a maioria dos hospedes acabou por jantar na herdade.  O quarto e o wc sao espacosos, mas revelam ja bastantes sinais de deterioracao,  principalmente a zona do duche que e de pedra. Tomei banho de chinelos.  O quarto era humido e cheirava um pouco a mofo. Tentamos arejar, mas com atencao aos mosquitos que la fora eram as centenas.  A piscina e pequena, mas suficiente para o numero de hospedes. Nao aguentamos muito tempo nas"
"Fomos realmente muito bem atendidos. Servico muito simpatico e disponiveis para que nos sentissemos em casa. A herdade e muito tranquila, os quartos sao grandes de boa qualidade e tudo muito limpo. Pode-se ainda fazer refeicoes deliciosas. Obrigada pela otima rececao."
"Facil acesso. Algumas actividades: campo de tenis, piscina. Piscina em area junto a barragem.  Higiene em toda a estrutura. Seguranca 5 estrelas. Restaurante optimo a 5km Raposo. Aeroporto de Beja a 10min de carro. Staff muito afavel e atencioso."
"Muito agradavel, sossego, paisagens maravilhosas, pessoal simpatico e atencioso, sempre com o sorriso para dar! Fizeram nos sentir em casa!  Sem duvida iremos regressar em breve... obrigado por tudo..."
"Espaco bonito, sossegado, talvez sossegado demais....poucas atividades ou mesmo nenhumas, nao servem almoco nem jantar, nao tem bar disponivel que e lamentavel. Bom quarto, grande espacoso, casa de banho muito grande com banheira e puliban."
"Acolhimento muito bom, pessoas atenciosas e sempre com sorriso na cara.  Atendem aos pedidos do cliente, realizaram jantar, o qual estava muito bom e acima de tudo era comida caseira. Pequeno almoco muito bom (fica a frente de muitos hoteis que ja estive).  Sem duvida que recomendo e que quando estiver por estes lados, irei reservar ca.  Continuem, :))"
"Para quem procura um momento de pausa do bulicio citadino, este alojamento oferece essa oportunidade. Uma boa localizacao com gente simpatica a receber-nos. Quartos confortaveis com aquecimento central tao util nesta altura do ano."
"Acolhimento fantastico! O Monte esta muito bem cuidado e os quartos sao espacosos e muito acolhedores. A comida e excelente e os hospedes sao tratados com muita gentileza. Ainda tivemos direito a uma visita guiada pelo centro historico de Beja, muito obrigado Filipe! Obrigado ainda a D. Ondina e ao Sr. Francisco pela vossa atencao e simpatia, que de tudo fizeram para que a nossa passagem de ano fosse 5 estrelas! Espero podermos voltar em 2016! Abraco."
"Local aprazivel, com boas acomodacoes, e as pessoas sao acessiveis e sempre disponiveis para o que for preciso. A limpeza do chao dos quartos deixa um pouco a desejar.  A psicina e optima, tem um espaco encantador e sossegado. E tem um lago nas trazeiras da Herdade onde podemos visualizar alguns animais que o habitam. e pena que atras disso venham as moscas... e nao conseguimos descansar a beira da piscina com as moscas a pousar. o servico de pequeno almoco e bom e calmo, perfeito para quem nao gosta de confusao. Ja o servico de jantar, como e ocasional e mediante reserva, e um servico lento e com pouca qualidade."
"Funcionarios simpaticos, quarto pre aquecido a chegada, bastante comodo, casa de banho mto boa.  Observei noutros comentarios o pequeno almoco como ponto negativo,  de fato a variedade nao e muita,  mas estava tudo muito bom,  especialmente o bolo de laranja."
"O local e agradavel e espacoso. Fomos muito bem recebidos pelo pessoal, com uma variedade de entradas muito boa. Os aperitivos eram todos caseiros, de excelente qualidade e com sabores tipicos do alentejo. A sangria de frutos vermelhos e o gin tambem estavam muito bons. A sopa e os pratos de carne e peixe tambem estavam muito bem conseguidos. Nas sobremesas, destacou-se a mousse de chocolate!"
"Escolhemos este alojamento de turismo rural com base nas informacoes recolhidas na internet incluindo no tripadvisor. As nossas expectativas foram superadas logo a chegada com o tamanho dos quartos e com a simpatia com que fomos recebidos. O alojamento e composto por pouco mais de 10 quartos todos eles com grande areas, muito bem decorados, com ar condicionado, aquecimento central e espaco para uma segunda cama para uma ou duas criancas.  Existe tambem uma sala comum muita acolhedora com uma lareira, onde se estava muito bem dado o frio da epoca, e com TV. Esta sala da para a sala de refeicoes que tem uma excelente vista para a piscina e para o lago. O pequeno almoco apesar de nao ser muito variado e suficiente e inclui sumo de laranja natural, doces caseiros variados, queijo"
"Um local fantastico com uma envolvente muito natural. Os quartos sao bastante grandes e com decoracao adequada. Piscina e zona envolvente muito acolhedora! Nao e uma piscina muito grande mas e suficiente para o refrescar do corpo! Jantar e uma experiencia tambem muito boa...comida caseira e com umas entradas tradicionais e saborosas! Todos muito simpaticos e com disponibilidade para nos esclarecer todas as questoes...e mostrar os diversos espacos da herdade."
"Muito bom! Um ambiente familiar muito recomendavel para passar ferias em familia, e tambem com criancas. Fiquei num quarto fantastica... O ambiente envolvente e muito acolhedor. Tudo muito limpo e arrumado. A pequena barragem na herdade faz-nos queres dar um passeio pela Natureza.."
"O Monte da Diabroria e muito bonito e situa-se proximo de Beja. E conveniente ter um meio de transporte proprio para ficar neste alojamento, pois a pe a distancia ainda e consideravel e o caminho e via estrada nacional. O alojamento e excelente, com boa vista e optimas instalacoes. Os quartos sao espacosos, com uma limpeza excepcional. As areas comuns sao tambem excelentes, com uma piscina e area de pequenos-almocos com vista para uma zona de albufeira. O pequeno-almoco e farto e com produtos regionais, muito agradavel e variado. O que realmente faz a diferenca neste alojamento e a simpatia do pessoal, com grande destaque para a D. Adriana, que nos fez sentir em casa e foi de uma amabilidade e hospitalidade extraordinarias. Recomendo vivamente este alojamento!"
"Autoridade Superior estava tendo um aniversario significante assim nos decidimos em duas noites fora. Nos fomos principalmente para geocaching e encontramos 19 caches ao longo dos 3 dias. O hotel foi uma unidade de lugares para comer e eles nao fizeram jantar a noite, apenas ser & ser. Nos comemos em Ferreira a primeira noite, mas quando nos perguntamos eles disseram que cozinhariam para nos a segunda noite se nos desejassemos para  17 cada vinho de inc, assim nos dissemos sim e ordenamos peixe. Eu perguntei calmamente a recepcionista se ela poderia ter um pequeno bolo de aniversario.  Havia apenas nos em nossa mesa a luz de velas eo proprietario e sua familia de 6 em outro. Eles serviram o peixe com batatas e cebolas, entao voltaram com um curso adicional (um prato de carne"
"Eu queria visitar a area e de Beja este lugar era apenas a direita para mim. Eu estava batam uma cerca em um 'muito espacosa Suite Junior', que foi nitida, moderno e teve o melhor banho que eu ja vi em um hotel. Eu tinha um ninho de engolir em um nicho fora do meu lado! O estabelecimento esta situado ao lado de um lago, o que seria perfeito para observadores, e da um aspecto muito agradavel. I foi um pouco surpreso ao descobrir que nao ha refeicao da noite a menos que os proprietarios decidir que o hotel esta cheio o suficiente para justificar o problema, mas nao e um restaurante muito simpatico, em Sao Brissos, um casal de km de distancia, que serve excelente cozinha local a precos ridiculamente baixos. Pequeno-almoco no H of D foi um pouco erratica. E suposto para comecar em"
"Ficamos aqui por 4 noites. O nosso quarto era um quarto recentemente renovado. Bom tamanho, grande casa de banho com rainshower_nus freestanding_nus e banheira. Aconchegante, tipico deco ... Bom equilibrio novo e antigo.  Para o pequeno-almoco recebemos seleccao qualidade e produtos regionais. Ate mesmo compotas caseiras. Nao e um 5m buffet longo, mas tudo o que precisa e tudo e bom. Se voce precisar de algo, pergunte e fara tudo para o ajudar. Tivemos jantar duas vezes. Muito bom e culinaria regional! Voce se sente parte da familia.  So posso comentar que eu poderia pensar. Seria util se houver um  recepcao de sinal praca, porta principal para a direita em arco principal. Caso contrario perfeito.  Paz e tranquilidade sao as palavras-chave. Estara de volta."
"Servico: a equipe foi estelar. D Adriana realmente nos fizeram sentir em casa aqui. Comodidades: piscina era pequeno para a quantidade de quartos e acesso wi-fi nao chegar ao nosso quarto. Outras que, a cama era confortavel, o banheiro era enorme, com banheira e chuveiro, e tudo era limpo. O Ar condicionado foi uma dadiva. O pequeno-almoco de comida era muito bom, com regional, produtos frescos, bolos caseiros e compotas caseiras. O almoco ou jantar e fornecido, entao voce precisa de carro para a cidade mais proxima para alimentacao (Beringel, 6kms de distancia) Localizacao: a fazenda tem animais, um campo paintball, um patio grande e uma piscina. Beringel, apesar de pequena, vale a pena visitar. Voce tem uma represa proxima, e de Beja esta tambem a uma curta distancia de carro."
