Avaliacoes
"Excelente valor de qualidade. Lo aqui alguns comentarios que o hotel e bom mas e um 2 estrelas... pois e a categoria dele, e para isso esta muito bom. Limpeza e simpatia do pessoal e um pequeno almoco correcto. Na sua categoria e excelente."
"Dou 6* em 5* Servico soberbo Funcionarios excelentes Um agradecimento a Conceicao, Andre e ania. Muito obrigada pela vossa colaboracao.  Pelo vosso carinho e profissionalismo para connosco e tambem pelas comodidades e higiene do proprio alojamento, voltaremos com certeza.  Obrigada"
"Comfirmo este hotel nao merece as 2*.... Quando chegamos nada parce, mas quando abrimos as portas dos quartos entre o cheiro, as janelas que nao fecham, o ar condicionado nao fonciona.... E o preco de uma suite familiale Paga Como un quarto matrimonial mais un sofa au preco de um single.... Um suite Pago duas vezes.. A unica coisa bem n'est hotel e o pequeno almoco Nao conselho este hotel"
"Um hotel simples, com um bom servico, acolhedor e tranquilo. Os quartos sao simples mas agradaveis e confortaveis. Da para descansar e e o ideal para visitar a zona. Esta no centro da vila e tem um facil estacionamento."
"Muito bom hotel na area onde esta.  Atendimento muito simpatico e com instalacoes boas. Nada falhou para o que foi preciso.  O unico ponto foi ao fazer check out querer fazele-lo com pagamento de cafe. Nao deu... Como nao tinha moedas, nao bebi. Mas nada de grave.  Continuem o bom trabalho"
"Dos melhores hoteis onde ja estive. Empregados simpaticos, higiene sem reparo, quartos optimos, jardim a saida dos quartos para estar a conversa com os amigos a beber um copo ao fim do dia. O proprietario no fim vem despedir-se e pedir a opiniao para poder melhorar...."
"Hotel simpatico, espacos agradaveis e bem cuidados. Quarto espacoso e bem limpo, com uma pequena varanda mobilada. Colchao e almofadas (varias) confortaveis. Toalhas de banho mudadas diariamente. Apenas a assinalar a nao existencia de chuveiro de mao.   Hi-fi a funcionar na perfeicao!  Pequeno almoco em quantidade, diversidade e qualidade, varios tipos de pao, bolos, etc. Parque de estacionamento privado e sem custos."
"Limpeza dos quartos e demais instalacoes, simpatia dos funcionarios, facilidade de estacionamento quer na rua quer em espaco proprio. Esta acima da maioria  dos hoteis de 2 estrelas. Optima opcao para grupos."
"Hotel simples, limpo.  Bem situado, facil estacionamento.  Bom pequeno almoco, otimo pao.  A necessitar melhorar o conforto da cama, (colchao e almofadas) muito importante para uma noite bem dormida.  Cristina"
"Hotel simpatico. Pequeno mas com muitos quartos. Sao simples e acolhedores. Adequado as 2 estrelas. Pequeno-almoco tradicional: cereais, pao, leite, manteigas, doces, iogurtes, fruta, queijo, fiambre, enchidos, bolos, cafe e sumo. Seria importante haver outras opcoes, tais como produtos magros ou baixa gordura, bem como acucares reduzidos. Apostar nos ovos ( versao mais saudavel). Em todo o caso estava tudo bom."
"Quando pensamos em hoteis 2* talvez nao pensemos que nos surpreendam, este sim e pela positiva. Muito limpinho, os quartos sao todos diferentes mas onde fiquei tinha vista P jardim, com ar condicionado, televisao, bastantes almofadas e cobertores extra. Quarto espacoso com varanda.  O pequeno almoco tinha de tudo um pouco, incluindo 3 variedades de pao, o tao delicioso pao alentejano.   Gostei muito e se voltar a Vidigueira repetirei sem duvida a estadia"
"Mesmo ao pe do jardim, e simples mas aparente  ser limpo. No interior,o  quarto tem mobila simples mas e arejado e funcional. O pequeno almoco e bom com produtos alentejanos. Funcionarios simpaticos.Muito sossegado. Ha que salientar o patio interior."
"Passamos dois dias excelentes  no  hotel santa clara  ,quarto limpo ,hotel sossegado  ,zona  envolvente um  sossego tipico do alentejo  muito bom a voltar ,excelente e simpatico staff sempre  prestaveis , no bar um gin tonico muito bom"
"Instalacoes razoaveis um pouco antiquadas em mobiliario e as casa de banho aquele estilo de banheiro e pouco confortavel,limpeza aceitavel porque nao sofro de aracnofobia, os empregados sao prestaveis nada a dizer."
"Residencial calma e muito simples, atendimento impecavel. Pequeno almoco optimo . Boa relacao preco qualidade. Zona calma e no centro da vidigueira. Recomendo a quem queira conhecer Alentejo. A voltsr"
"Hotel agradavel,  com as comodidades essenciais. Tem a enorme vantagem de nao ter pretensoes decorativas de mau gosto. Os quartos tem o essencial e basta, e ainda bem. Pequeno-almoco decente, com bom pao ."
"Atendimento muito simpatico. Local bem situado, a uma pequena caminhada de restaurantes e bares. Oferecem estacionamento reservado e gratuito. Hotel tranquilo. Tem um bar com televisao que pode ser otimo para por exemplo, assistir a um jogo de futebol tranquilamente"
"Atendimento 5*  Muito bom pequeno almoco Limpeza muito boa Local sossegado   Um senao, o nao esquecer de fechar o quarto a chave depois da limpeza De resto e um espaco agradavel muito perto de tudo a onde para uns dias de ferias bem merecidos aconselho. A Vidigueira tem uma piscina espectacular a  500 Mts e uma concentracao Motard em Agosto que e uma das melhores do pais"
"Boa localizacao, boa relacao qualidade/preco,  funcionarios simpaticos e prestaveis, pequeno almoco buffet muito completo, boa regiao de vinhos com boas adegas na zona com vinhos de alta qualidade, a nivel cultural existe sempre umas igrejas a visitar, o museu, torre de menagem, ermidas, ruinas de S. Cucufate, assim como a barragem do alqueva que fica a 25 Km."
"Somos clientes habituais desta residencial que agora e hotel.Os funcionarios sao prestaveis,o pequeno almoco e bom.Tem alguns quartos melhores que outros,o que ficamos desta vez nao e dos melhores mas esta tudo arranjadinho e aparentemente remodelado.Tem wifi com boa rede e parque estacionamento.Gostamos e recomendamos."
"Pequeno hotel, com muito bom aspeto e confortavel, bom atendimento e simpatia e uma boa relacao conforto/qualidade preco, parecia ter sido remodelado a pouco tempo, o ponto mais fraco foi o pequeno almoco que nao tinha muita variedade."
"Optimo para quem tem que levar animais.  Levei duas cadelinhas e nao  paguei mais nada por isso. Um bom patio onde podem andar a vontade e acessivel a partir do quarto   . Quarto espacoso, boa internet . pequeno almoco e fraquinho mas o pao e muito bom ."
"Hotelzinho simpatico e muito limpo. Bom acolhimento no ato da reserva telefonica e disponibilidade para atender as nossas exigencias, ja que viajavamos com alguem em cadeira de rodas. Pequeno-almoco razoavel, maa com cafe absolutamente intragavel, pelo sabor soluvel."
"Se hospedado por 2 noites. Os quartos sao muito limpos, maiores que a media com um encantador patio com jardim exterior. O wifi gratuito tambem era muito bom. Quarto quente com ar condicionado, se necessario. Tv foi great com varios canais em ingles para ver. A equipe foi muito util embora eles nao falam muito ingles (eu nao espere que em uma area rural, para isso e bom) bares e restaurantes a uma curta caminhada. O cafe da manha nao era otimo. Muitos dos habituais pao bolo presunto etc. Saquinhos foram tetley mas cafe nao foi nice e apenas pratos quentes foi scambled ovos. Nao e ruim, mas definitivamente poderia ser melhorada com melhor cafe e alguns croissants decentes."
