Avaliacoes
"Decoracao tipica e com gosto. Ve-se que pertence ou pertenceu a um arbitro. Comida saborosa bem confecionada, 'a alentejana'. Staff simpatico e profissional. A voltar."
"Experiencia a nao repetir. A qualidade da comida e fraca e o servico mau. De 6 pessoas que estavamos a mesa, a comida de 2 delas chegou quando os restantes estavam a acabar de comer. Dois dos pratos eram de qualidade media mas os outros eram ma qualidade. Nao vou repetir nem recomendo"
"Bom ambiente e excelente qualidade da alimentacao. Muito boa confeccao. Precos acessiveis, com o rendimento algo lento."
"Sopa de cacao incrivel e a mais saborosa de todas! Super bem servida! Gostamos muito! A repetir na proxima visita a Beja!"
"Bem servido, doses generosas, bom atendimento, burrego TOP, bom vinho .... recomendo e quando voltar a Beja e local a voltar sem duvidas."
"Certamente devo ter uma ideia mal formada do que e um a costeleta de novilho. Uma das sugestoes do dia era costeleta de novilho, bem, o que me serviram nao correspondia ao que era sugestionado, ou seja, eram  duas costeletazinhas muito mal preparadas o que nao faz jus a classificacao atribuida ao Restaurante o Arbitro, dai este mais que merecido cartao amarelo. Lamento."
"As duas costeletinhas pesavao 600 gramas o senhor no fim da refeicao disse que estava tudo bom boa sorte e saude"
"Bom. Refeicoes tipicamente regionais bem confeccionadas e tendo em conta preco/qualidade. Recomendo a carne de porco a alentejana e o doce da casa."
"Recomendo. Comida tipica da regiao com boa relacao qualidade/preco. A simpatia de quem la trabalha tambem se descatou."
"Como muitos que ali passam o Arbitro nao era a nossa 1 opcao mas mal entramos fomos muito bem recebidos num espaco acolhedor e pela ENORME simpatia de quem la trabalha. Oferecem uma inumera variedade de pratos tipicamente alentejanos e em quantidades extremamente generosas. Tive a oportunidade de comer as deliciosas costeletas de borrego mas tudo tinha um aspeto divinal. E impossivel nao sair satisfeito. O restaurante tem tambem a vantagem de estar bem localizado nos pontos turisticos da cidade de Beja, mesmo ao lado do castelo."
"Almoco de passagem, durante a semana. Nao tinhamos reserva, entao tivemos que esperar um pouco para sentar. Doses sao bem servidas. O Sr. que nos atendeu foi esforcado e atencioso (dono). Comida tipica satisfatoria na relacao qualidade-preco."
"Nao foi a primeira escolha,mas o outro estava cheio, entao fui ao arbitro. A comida estava boa carne alentejana para dois e secretos de porco para outros dois adultos e uma crianca. Tudo bem, so nao gostei foi dos secretos ter vindo primeiro com um A senhora nao foi  sincera porque o diz agora devia ter dito na altura mas o ser humano e a sim mas obrigado e saude"
"Nao era a primeira escolha e ainda bem que o restaurante a que ia estava cheio. Fomos recebidos com muita simpatia e com comida regional muito boa a um preco razoavel com doses muito generosas. Recomendo vivamente."
"Sr. Carlos recebe com simpatia e proporciona comida caseira de elevada qualidade. Boa variedade e precos em conta. Voltarei com certeza."
"Nao conhecia este restaurante mas foi uma agradavel surpresa. Comida caseira, doses abundantes e preco acessivel. A repetir"
"Se ha comida que faz jus a comida alentejana e a deste restaurante. O atendimento e como se tivesse em casa. Paragem obrigatoria."
"E um restaurante simples mas a comida e muito saborosa. Os casal de proprietarios sao muito simpaticos e atenciosos Foi um Restaurante de Topo, mas devido as conjunturas economicas da Regiao, fico do passado a simpatia e a qualidade da alimentacao."
"Sou da zona Norte (Famalicao). Este foi o 4o restaurante que almocei em Beja com a minha familia . Ate ao momento este restaurante e o unico que recomendo vivamente todos os internautas a almocar/jantar, tanto pelo sabor da comida como pela simpatia do atendimento Muito bom, carne de porco alentejana. Bom ambiente e a simpatia de quem nos serviu. Um local a visitar novamente."
"Pedi umas migas e estavam deliciosas! Adoro migas a alentejana mas como nao gosto de carnes com muita gordura, costumo apenas comer o pao. As migas do arbitro destacaram-se por acompanhar as migas com uma deliciosa carne de lombo. Recomendo a quem quiser comer umas Um espaco acolhedor, com comida muito bem confeccionada. Sao de realcar a sopa de cacao e o borrego a pastora. O atendimento foi extremamente profissional com muita simpatia pela parte do staff."
"Restaurante de aspeto modesto, mas com comida saborosa e bem confecionada. Comemos carne de porco a alentejana e pezinhos de coentrada e estavam realmente muito bons. Recomendo!"
"Boa comida,a canjinha estava muito boa e a carne de porco alentejana espetacular, bom atendimento. Restaurante mais do tipo caseiro mas agradavel"
"Sem ser um restaurante de referencia, come-se bem, doses generosas e bem confeccionadas. Um ar condicionado faz falta de verao. Fica perto do castelo o que permite ter estacionamento e estar perto da zona historica."
"Restaurante pequeno, agradavel com bom servico e comida mediterranea, sobretudo alentejano de excelente qualidade. A repetir."
"Pequeno restaurante no centro de Beja com comida feita na hora e com excelente sabor. Foi sem duvida a melhor carne a alentejana que comi."
"Boa carne de porco grelhada e sobremesas de tradicao alentejana. Foi uma boa aposta e recomendo para quem apreciar os sabores do Alentejo."
"Uma sopa de cacao que da para dois. Muito bom. A carne de porco alentejana estava boa mas nao tanto quanto esperavamos. As cerejas otimas. Resultado final Bom"
"Bom atendimento Comida saborosa e bem confecionada de destacar o bitoque de novilho (o melhor que ja comi) Preco aceitavel para a qualidade oferecida Recomendo"
"Uma descoberta feliz na primeira vez em Beja. Um restaurante com um dono bastante afavel sempre disponivel e de elevada simpatia. Na proxima xs espero la voltar mas para comer cacao :)"
"Recomendado por amigos experimentei este pequeno restaurante e esteve bem a altura da recomendacao. Atendimento simpatico, comida muito bem confecionada. Experimentem!!"
"Por vezes, quando estamos a procura de sitio para almocar ou jantar, convem cruzar informacoes entre o Tripadvisor e a Google... foi assim que optamos por experimentar jantar neste restaurante. Uma surpresa, comida muito boa e bem confeccionada, variedade de pratos do dia (tambem a Embora o servico seja atencioso e eficiente, falta neste restaurante mais alguma qualidade e cuidado com os clientes. Os pratos apresenta falta de qualidade e num dos casos - cozido de grao - apresentou-se mesmo quase frio."
"Muito agradavel o menu, ja nao me recordo o que almocei, mas recordo-me que gostei bastante. Local escondido, com bom ambiente e perto do Castelo de Beja que pode ser motivo para visita."
"Atendimento razoavel, directo e sem delongas. Ambiente pequeno e um pouco apertado. Entrada e parto principal saborosos e preco adequado a oferta. Apresentacao do prato descuidada. Convem fazer reserva."
"Foi um jantar de familia inesperado em que o destino nos levou ao Arbitro, e ainda bem! Um atendimento espectacular e onde somos tratados como amigos e onde nos sentimos em casa pelo Sr. Carlos (dono do restaurante juntamente com a esposa D. Maria) A Comida alentejana caseira, batata frita caseira e nao congelada! O 'jantarinho alentejano' prato tipico, estava divino! As doses sao muito bem servidas a um preco fantastico e quase inacreditavel!! Paragem obrigatoria!"
"Local muito acolhedor! Restaurante familiar, comida caseira, e servico de mesa com muita simpatia! :D"
"Muita simpatia, excelente comidinha da 'mama'! Bem localizado, no centro de Beja , junto ao museu e Pax Julia! Voltarei de certeza a comer as minhas belas sopas de cacao"
"Excelente!! Ambiente caseiro, comida de uma qualidade extrema!! Muito bom!! Atendimento 5* lugar a voltar sem duvida!!"
"Este restaurante tem comida tradicional muito boa e o servico e bom. A zona e otima porque temos vista para o monumento principal da cidade, com facilidade de estacionamento."
"Este restaurante tem comida tradicional muito boa e o servico e bom. A zona e otima porque temos vista para o monumento principal da cidade, com facilidade de estacionamento"
"De todos os pratos que comemos Sopa cacao Migas com carne frita Acorda bacalhau Estava tudo bem confeccionado e saboroso O preco nao e elevado"
"Restaurante antigo, familiar, comidinha caseira e preco em conta. A ementa nao e muito variada mas tem sempre uns pratos do dia."
"Local tipico perto do Castelo de beja. Comida tipica alentejana se qualidade. Destaco o ensopado de borrego e a carne de porco a alentejana"
"Pratos cheios de sabor e suculentos. Nao complicam, fazem comidinha da boa e sem grandes preocupacoes esteticas. Ideal para quem gosta de boa comida em ambiente familiar e descontraido."
"restaurante simples, boa comida, pessoal muito simpatico, e possivel parar o carro perto do restaurante e visitar algumas das principais atraccoes da cidade"
"Espaco e simples e muito agradavel. Esta perto da zona historica. Simpatia vale pelo resto. O sr Carlos e muito atencioso e simpatico. Refeicao e muito agradavel. Visitar!"
"Carne de porco a alentejana estava muito boa, pena as batatas serem pre-fritas e nao caseiras. E um bom restaurante para quem vem visitar a zona, exelente qualidade preco, aconcelho a quem quiser comer por estes lados a passar aqui."
"Bom almoco, boa relacao qualidade preco. Excelente simpatia. Apenas devem melhorar nas sobremesas. Simpatia 5* no atendimento."
"Muito simples. Com comida caseira muito boa. Boa relacao qualidade preco. Simpaticos e o servico muito rapido."
"Restaurante de comida tipica  portuguesa. Restaurante familiar. Comida caseira, e tipicos da zona. Ambiente tipico da zona  e simpatia do proprietario. Nada a apontar."
"Sugestionado pelos comentarios favoraveis que li no TripAdvisor, fui almocar a este restaurante no dia 4/3/2017. Confesso que esperava bem melhor. Nao encontrei nada que o distinguisse de tantos outros normais. A comida e aceitavel, mas nada mais que isso. Talvez nao fosse um bom Nao e um restaurante de topo em termos de ambiente/decoracao, longe disso, mas e um restaurante de topo em termos gastronomicos, e isso e o mais importante. Comida muito bem confeccionada, parabens a Chef, do melhor que tenho comido no Alentejo. Fez-me lembrar a comida Vim ao interior pelas saudades e, pela aventura, encontrei este restaurante excelente, pessoas fantasticas e comida excepcional. Aconselho a todos experimentar."
"Das primeiras vezes que uso o Tripadvisor, procuravamos o restaurante mais proximo com melhor classificacao, mas acabamos por estacionar perto do Arbitro. Restaurante bastante acolhedor e simpatico, diversos pratos tipicos alentejanos. Provei carne de porco a alentejana e borrego a padeira, aconselho os dois, muito lugar pitoresco e pacato otimo para uma boa refeicao num bom ambiente. Pratos tipicos alentejanos, aconselho as migas"
"Como contribuinte do Tripadvisor, tento sempre seguir os rankings e experimentar os primeiros classificados quando estou fora. Assim, desloquei-me ao centro de Beja para experimentar o primeiro classificado (D. Dinis) mas... foi negado o jantar por motivo de jantares de Natal!!!!. Precisava de uma alternativa Comida tipica muito bem confecionada. Simpatia, boa relacao qualidade preco. So faltaram as sobremesas alentejanas, nao havia grande escolha. Optei pela sericaia que nao trazia ameixas!"
"Comida bem confeccionada e bem servida. Destaco tambem a simpatia do Sr. ex-Arbitro. O espaco e simpatico com um ambiente familiar."
"Situado numa das saidas da cidade, este Arbitro merece uma visita pelos seus sabores e pela simpatia do pessoal. Recomenda se a sopa de cacao e a carne de porco preto. Precisava de um investimento na sala para a tornar mais acolhedora e confortavel"
"A comida e de excelente qualidade. Muito bem servida. Atendimento muito simpatico. A sericaia estava excelente"
"Restaurante simples com comida regional muito boa e a bom preco. Fantastica sopa de cacao e fabuloso borrego alentejano. Optimo para almocos de familia. Super atenciosos com criancas."
"Gostei muito de almocar no Restaurante O Arbitro em Beja. Espaco muito agradavel onde o atendimento e muito simpatico. A gastronomia e excelente. Recomendo."
"O restaurante fica situado no cimo da cidade a uns 100 metros do castelo,restaurante simples serve boa comida a precos moderados (12 a 16),bom servico de mesas."
