Avaliacoes
"Tudo Bom. Pizza muitissimo boa. Comi a Dona Maria, a rucula e o parmesao dao aquele toque especial a Pizza. O camarao frito de entrada estava bom."
"A pizza estava muito mal confecionada. Salgada, ingredientes de baixa qualidade (azeitonas de lata) e aglomerados no centro da pizza. Tinha tanto molho de tomate que este neutralizava todos os outros sabores. Pedi sem um dos ingredientes (beringela) e veio a mesma. Pedi pizza desta pizzaria por engano. Pretendia da Dona Maria Deck. E logo na primeira dentada fiquei lamentavelmente aborrecida com o meu engano, porque a qualidade nada tem a ver. Experiencia a nao repetir."
"Distanciamento entre mesas nao cumpria o exigido, nas minhas costas estava um cliente a no Max 50cm de distancia. foi pedido uma salada sem um dos ingredientes, pedido que nao foi atendido, alem do que a salada demorou pelo menos uns 5 a 10m mais do que as pizzas. Empregado simpatico mas pouco atento. Comida razoavel para o valor cobrado."
"Fomos ao Dona Maria Deck, o espaco e TOP. Excelente esplanada. As refeicoes sao de boa qualidade. O atendimento foi bom."
"Dos melhores sitios de Beja para Almocar/Jantar! Boa relacao qualidade:preco. E dos meus sitios preferidos para jantares de grupo ou com a familia."
"Mesmo com pouca gente no restaurante e cinco funcionarios estivemos mais de 45 minutos a espera alegadamente porque nao saiu o talao com o nosso pedido, e meia hora depois la deram conta. Curiosamente os outros pedidos sairam. As pizzas sao aceitaveis, nao recomendo. Ha outra pizzaria otima em Beja onde isto nao acontece."
"Recomendo principalmente pela qualidade das pizzas. Espaco acolhedor no centro da cidade, Staff simpatico e amigavel, doses bem servidas, excelentes pizzas e preco muito razoavel. 5 estrelas!"
"Pessoal staff, .. Arrogantes!! Imenso tempo de espera, .. sem interligacao, .. pessoas conhecidas, passam ha frente, .. sem lista de espera, .. esquecer @@@"
"Bom dia... Referente a sua avaliacao sobre o staff nao tem razao... 'ARROGANTES'????? Estao abertas vagas para o restaurante, estou a sua espera para iniciar ja hoje, depois vou avaliar o seu desempenho para ver se tem capacidade para trabalhar ao nosso nivel.... Alias (Duvido)!!!! Espaco confortavel (em particular na esplanada interior a sombra) mas pratos apenas razoaveis. Duas pessoas jantam bem por 20."
"Se la vao pecam apenas pizza. Devem ser razoaveis a avaliar pela adesao da clientela. Fujam das pastas o cozinheiro nem sabe o que isso e ou como se faz. Pedi uma carbonara, um prato que e 'igual"
"em todo o lado. Veio uma travessa com um kilo de fusilli com pedacos de fiambre semeados por cima, tudo afogado num pacote inteiro de nata liquida. As duas estrelas sao para os empregados de mesa, simpaticos e atentos. Para a cozinha seguem zero estrelas."
"Fui com a minha familia comer ao Dona Maria apos ter visto fotos no tripadvisor e me ter chamado atencao. Bem.... para entrada pedimos um pao de alho que mais parecia a refeicao ... no formato de pizza,  o que quase encheu. Como tinhamos pedido Excelente menu e otimo atendimento. Gostei muito do servico e do atendimento. Pessoal educado e a desempenhar um bom trabalho. Parabens."
"Boa refeicao num ambiente descontraido. Pizzas de muito boa qualidade. Possui explanada em patio interior."
"Restaurante simpatico com uma excelente relacao qualidade preco. Servico muito atencioso e rapido Doses descomunais e bem cozinhadas"
"Fui na passada quinta-feira ai restaurante Dona Maria, pedi uns secretos de porco preto, estavam muito saborosos, mas achei pouca a quantidade. No fim peco uma mousse de chocolate para sobremesa, a mousse devia ter mais de um mes de frigorifico, estava estalada e durissima. Excelente relacao qualidade preco. E sempre um grande prazer tomar uma refeicao neste restaurante de excelente qualidade e localizacao."
"Vamos em familia varias vezes. Ja se tornou um dos nossos favoritos na cidade. Atendimento simpatico e rapido. Bom ambiente. Qualidade dos produtos mantem o padrao, embora possa melhorar pequenos pormenores. Dois pontos negativos na ultima visita, que influenciam mais a experiencia como um todo Cara Tour197711, Ficamos contentes por saber que fazemos parte do seu roteiro e preferencia. Como deve compreender, os problemas na rede wi-fi podem ocorrer. No entanto a musica podemos fazer qualquer coisa ;) Por sua recomendacao iremos actualizar a playlist. Obrigado pela visita, esperamos por Nao sei o que mudou no restaurante mas as pizzas eram maiores, mais bem condimentadas e mais deliciosas antes . Na minha opiniao perdeu qualidade nos ultimos meses."
"Obrigado pela sua opiniao. Estaremos atentos a esses pormenores, decerto que sera melhor na proxima visita."
"Gostei.... A salada Hawaii.... Uma delicia. A pizza das miudas... Fantastica. Fui pelas opinioes e nao desiludi.... Pelo menos desta vez"
"Ola cara Alda O Ristorante Dona Maria agradece a sua visita. Ficamos contentes por termos correspondido a expectativas. Esperamos que para proxima seja igual ou melhor ;) Volte sempre! Os melhores cumprimentos"
"Paramos neste restaurante quando iamos a caminho do Algarve. Pretendiamos comer qualquer coisa rapida para seguirmos viagem. Demoraram 1hora a servir-nos uma pizza e um bitoque. Apesar dos varios pedidos de desculpa por parte da empregada, informando que estavam com problemas no computador, e inadmissivel Cara Sara_Cunha O Ristorante Dona Maria agradece a sua visita. De facto, por vezes podem ocorrem situacoes que nao conseguimos contornar. E nosso dever corrigir e por isso agradecemos a sua opiniao para que o possamos fazer. Ficamos contentes por termos correspondido a expectativas. Volte Chegamos e a casa estava cheia. A funcionaria, com uma energia nunca vista, montou em poucos minutos uma outra sala para jantares. Atendimento rapido, eficiente, personalizado e sempre com um sorriso. As pizzas estavam maravilhosas e sao enormes! Sem falar no pao de alho que Cara Rita F O Ristorante Dona Maria agradece a sua visita. Ficamos contentes por termos correspondido a expectativas. Tentaremos fazer cada vez melhor para merecer as 5 estrelas ;) Volte sempre! Os melhores cumprimentos"
"Local agradavel e com atendimento simpatico. Quando chegamos estava cheio mas rapidamente arranjaram mesa para mim e a minha familia. Atendimento simpatico. As pizzas sao boas de massa fina e com ingredientes frescos. Podiam ser um pouco menos gordurosas. Fiquei com a sensacao que a Caro Goncalo M O Ristorante Dona Maria agradece a sua visita. Ficamos contentes por termos correspondido a expectativas. Se gostou desta vez, para a proxima vamos ganhar as suas 5 estrelas ;P . Obrigado Volte sempre! Os melhores cumprimentos"
"Excelente pizza.  Massa fina.  Saborosa.  Atendimento muito bom.  Porcoes muito boas.  Preco honesto.  Vale muito repetir a visita. o Flavio B O Ristorante Dona Maria agradece a sua visita. Ficamos contentes por termos correspondido a expectativas. Ca o esperamos ;) Os melhores cumprimentos"
"Comida muito boa , local muito bom com facil chegada e facil estacionamento . Um bucado de espera para chegar os pratos . De resto 5  o Humberto O Ristorante Dona Maria agradece a sua visita. Ficamos contentes por termos correspondido a expectativas. Por vezes nao temos maos a medir, como prezamos a qualidade, agradecemos a sua paciencia, obrigado. Volte sempre! Os melhores cumprimentos"
"As melhores pizzas da cidade de  beja. Excelente para take away, no restaurante esta sempre cheio. Tem esplanada o TheaterxD O Ristorante Dona Maria agradece a sua visita. Ficamos contentes por termos correspondido a expectativas. Obrigado pela avaliacao 5* Volte sempre! Os melhores cumprimentos"
"chegamos o restaurante estava cheio, havia algumas pessoas de pe a espera mas nao demoraram muito a arranjar uma mesa para mim e a minha irma. Mesmo estando cheio o servico foi rapido e o ambiente muito acolhedor, ambas optamos por meia dose de secretos Ola O Ristorante Dona Maria agradece a sua visita. Somos o reflexo dos nossos cliente, obrigado pela sinceridade. Ficamos contentes por termos superado as expectativas. Volte sempre! Os melhores cumprimentos"
"Depois de provar, nao quero outro restaurante..  E o unico local onde faco as minhas refeicoes quando visito Beja. Quando entrei a primeira vez, pensei que eram so pizzas e tem muito mais que isso. Comida deliciosa e precos muito bons, com um servico atencioso Ola Pedro G O Ristorante Dona Maria agradece a sua visita. Estamos radiantes com o seu comentario. Obrigado Ficamos contentes por termos superado as expectativas. Volte sempre! Os melhores cumprimentos"
"Local simpatico e bem decorado. Atendimento sofrivel. O empregado que nos recebeu claramente preferia estar noutro lado. Fomos atendidos por um outro que era simpatico e prestavel. Comida saborosa. Pao de alho e a base da pizza com queijo, salsa e azeitonas (com caroco, o Foi surreal a experiencia que tive neste restaurante estou gravida de 5 meses e fui a um almoco de aniversario neste restaurante agendado para as 13 h, as 13h estava la e os restantes convidados iam chegando a 13:15 fui chamada a sala de refeicoes Adoro pizzas. Surpreendentemente foi aqui no Alentejo, na pizzaria Dona Maria, que comi uma das melhores pizzas da minha vida. E ja comi bastantes em diversos sitios. Muitos parabens!"
"A cidade de Beja no fim de semana fecha quase tudo na hora da janta e este restaurante salvou a noite."
"situado do lado oposto a Pousada, servico e comida recomendados, as pizzas sao muito bem confeccionadas . Gostamos"
"E um restaurante muito normal com uma sala pequena e muita procura , com tantos trabalhadores esperava-se um atendimento um pouco mais profissional mas staff simpatico ."
"Local agradavel, a comida boa, bem localizado no centro da cidade. local a repetir sempre que necessario."
"local bem no centro de Beja , frente a Pousada de S. Francisco e ao lado da residencial com o mesmo nome - Dona Maria comida bem confeccionada  e contemporanea,  salientam-se as pizzas e massas muito confortavel, amplo se nao comer muito, acho que as Adoro as pizzas de la.  Nao me canso de ir la.  As pizas sao  excelentes e os funcionarios  muito eficientes. Sucesso"
"Local agradavel, a comida de excelencia, bem localizado no centro da cidade. local a repetir  sempre que necessario."
"Comida confecionada no ponto, colaboradores muito atenciosos e servico rapido. O bacalhau a casa estava divinal. Recomendo"
"Um bom e agradavel restaurantes/pizaria, com um staff jovem e simpatico, com precos em conta. Uma otima opcao para pessoas que visitem a historica cidade de Beja."
"Restaurante muito bom, comida divinal. Empregados de mesa muito cordiais e acessiveis. Preco razoavel A unica critica que aponto e o pessimo atendimento, por parte da Sra Rosa Gomes, foi completamente antipatica e, muito rude. Certamente nao gosta do que faz o que influencia muito Ambiente muito bom. Pizzas super bem confeccionadas e atendimento impecavel. O espaco exterior esta muito bem concebido Sem duvida a repetir"
"Excelentes pizzas, preparadas a frente dos clientes e tudo com ingredientes naturais. Aconselho vivamente. Vou voltar de certeza."
"Das entradas a pizzas e tudo bom. A relacao qualidade vs preco e optima. Os camaroes estavam muit bons e o atendimento e atencioso. Nao ficar nas mesas junto a porta sobretudo se tiver frio."
"Para os amantes de pizzas e massas, que nao tenham pressa, e uma escolha acertada. O servico e um pouco lento, pois so tem uma pessoa a fazer as pizzas, mas a comida tem qualidade. O ambiente e agradavel e aconchegaste, sendo que no verao Saliento a qualidade das pizzas e o preco. O ambiente e agradavel apesar de simples. As pizzas sao confeccionadas a nossa vista. Uma agradavel surpresa."
"Passamos uma noite em Beja, seguimos o olfacto e chegamos a este restaurante, adoramos e aconselhamos, boas pizzas, bom atendimento"
"Fomos a deriva, pois procuravamos outro tipo de restaurante, mas o olfacto guiou-nos ate esta Pizzeria. Estava lotada, pelo que houve algum tempo de espera. O atendimento e medio, mas eficaz. Optou-se pela espetada de peru e medalhao de novilho e... estavam ambos bem confeccionados, Fui jantar com a minha familia, aniversario da mae. Mau atendimento, muito tempo de espera para alguem vir a mesa recolher os pedidos. Antipatia."
"Um espaco bastante agradavel no centro de Beja que oferece pratos razoaveis! Bom atendimento e simpatia! Uma boa opcao para comer algo rapido sem gastar muito!"
"Paramos em Beja para jantar rapidamente. Escolhemos a pizzaria Dona Maria precisamente atraves do tripadvisor. Gostamos bastante da comida, da possibilidade de ver a pizza a ser feita e do atendimento. Queria mesmo destacar que a colaboradora Rosa e muito atenciosa e simpatica para o Estavamos no hotel do lado, tinhamos uma proposta de comer pizza, otima pizza, restaurante lotado para uma terca feira, atendimento um pouco confuso"
"Ja frequento este restaurante a algum tempo, tenho tido idas ao  bastante boas e outras mas. A comida e sempre excelente e um restaurante com boa decoracao. Refeicoes na area da esplanada sao as minhas preferidas, ambiente calmo, e um empregado (Tiago) super simpatico. Refeicoes Restaurante bem localizado, bem decorado, preco bom e comida razoavel. Comi uma salada que nao era ruim mas sem graca nenhuma e uma pizza razoavel mas o atendimento feito pelo garcom e indigesto. Um rapaz amuado,antipatico, que nao sabe receber pessoas, principalmente estrangeiros,  o que A comida,os empregados o preco e fantastico. A pizza e mesmo mesmo uma delicia, os precos sao deliciosos. Recomendo mesmo"
"Adoro o atendimento os funcionarios sao muito eficientes atenciosos. As pizzas sao as melhores da cidade de Beja. Nao me canso de la ir Recomendo vivamente"
"Ja por diversas vezes jantei neste restaurante e volto sempre que puder. Tanto a comida mais tradicional como as pizzas ou as massas sao excelentes. Simpatia e disponibilidade do dono e tambem dos empregados. Precos tambem apelativos."
"e e isto, porque nunca se poe em questao o que comer neste espaco. Embora existam outras opcoes a nossa escolha e sempre... PIZZA (deliciosas)"
"Eu adorei a pizza que comi na dona Maria eu dou 5 estrelas eu por mim dava mais A minha familia tambem adorou a dona Maria e Tavares bem"
"O servico, bem como as instalacoes sao simples porem muito agradaveis. Tem diversos sabores de pizza alem de massas e carnes.A pizza que provamos estava excelente e o custo muito honesto. Altamente recomendavel."
"Fui a alguns restaurantes e decididamente este foi o melhor! Qualidade muito boa e precos super acessiveis! Comi pao de Alho e Pizza Gamberi. As sobremesas sao caseiras... Cheesecake de Morando e Doce da Casa sao otimos! Recomendo vivamente Pizzaria com oferta variada, e de qualidade! Preco muito acessivel, sendo que 1 pizza e dificil de comer por apenas 1 pessoa! E possivel pedir cada metade da pizza com ingredientes diferentes! O espaco e pequeno, mas acolhedor, onde se pode ver a feitura das Restaurante local, mas com excelente apresentacao. Ementa bem organizada. As pizzas sao feitas em um balcao a vista dos clientes e pareceram bastante apetitosas. Imperial geladissimo! Pedi um bacalhau a Dona Maria... espetacular!!!! Uma posta grande de bacalhau a milanesa, sob uma cama de espinafres Excelente opcao junto a Hospedaria de mesmo nome. Atendimento exemplar feito pelo proprietario, ambiente, comidas e precos perfeitos. Adoramos tudo! Parabens Nelson!"
"Jantar agradavel ficamos ficamos na esplanada um pouco frio mas o funcionario prontigicou-se a ligar o ar condicionado que tornou a coisa melhor, entrada de queijo com presunto e salpicao uma delicia secretos de porco preto e o bife Pimenta nao deixaram a desejar o O melhor da zona. A comida e muito boa, desde as saladas as pizzas, staff simpatico e o preco e em conta"
"O problema as vezes e conseguir mesa, no entanto tem bastante espaco e o pessoal e muito eficiente e rapido, sem no entanto apressar o cliente. As pizzas sao como sempre muito boas, mas ha mais na ementa e igualmente bem confeccionado. Localizacao excelente no Um Restaurante onde as suas pizzas sao uma delicia... Empregados simpaticos e atenciosos. Preco qualidade muito bom!!!"
"Gostei da comida e do espaco mas estava um pouco de frio, na sala de fora que e uma especie de tenda. Os empregados sao eficientes, um sorriso na cara ira melhorar bastante o atendimento. Mais uma refiro que as refeicoes sao muito boas e em tudo, TOP! Excelente produto! Destaque para o atendimento e atitude do pizzaiolo, que esta sempre disponivel para as sugestoes dos clientes para pizzas 'a medida'!"
"A refeicao e muito boa mesmo, os empregados sao muito atenciosos o que cria um bom ambiente durante a refeicao. Os precos sao muito acessiveis."
"Boa comida, grande ambiente, preco muito bom. O pessoal e 5 estrelas. Sangria de beber e chorar por mais!"
"Vim ao Dona Maria num jantar de curso de faculdade e foi excelente..comida boa, boa sangria e excelente atendimento, o espaco e grande da para estar a vontade para as tipicas brincadeiras de jantares de curso...Recomendo vivamente Pizzas razoaveis, feitas a vista do cliente,mas as massas deixam, infelizmente,  muito a desejar em termos de sabor."
"Uma Pizzeria com muita qualidade, sempre cheio, as pizas sao enormes, uma pizza grande da a vontade para 2 pessoas, tem show-cooking sempre engracado de ver!"
"Uma pizzaria normal, onde os tipos de pizza muda o nome mas sao iguais a concorrencia. Nao tem nenhum destaque."
"A parte a espera por uma mesa, com ultrapassagem por amigos da funcionaria, acabou por ser uma excelente refeicao - bom aspecto, em boa quantidade, saborosa e um servico rapido e eficiente. Uma muito boa relacao qualidade preco. O menu tinha imensas opcoes e, se Adorei a experiencia neste restaurante. O servico foi muito eficiente, todos na casa foram super simpaticos e a comida esteve irrepreensivel. Tanto a pizza como a massa que pedimos estavam muito bons! Voltarei ca certamente numa proxima visita a Beja."
"Um bom servico de mesa. Menu variado desde comida italiana ate ao menu mais saudavel. Todas as opcoes do menu tem um preco justo e sao de boa quantidade/qualidade. E dos restaurantes favoritos para um jantar de amigos apesar de ultimamente nao conseguir reservar antecipadamente."
"Lugar agradavel e com pizzas muito saborosas. Gostamos tanto que repetimos a visita. Excelente relacao custo beneficio. As massas sao muito bem servidas e uma porcao pode ser facilmente partilhada por duas pessoas. Recomendo."
"a piza e de qualidade e os pratos em geral tem bom aspeto indiciando boa qualidade; o numero de clientes elevado ao almoco e jantar tambem e indiciador de boa qualidade"
"Comida de qualidade, servico rapido e muito atencioso parabens ao staff. Por vezes temos de aguardar um bocado quando esta lotado mas vale a pena o tempo de espera. Nao possui muitos estacionamentos, o que pode dificultar alguem que nao conheca o local, mas caso A primeira impressao nao foi a melhor: muita gente, muita confusao, sem sitio para esperar mesa. Passados uns 15 minutos, la fomos levados para uma mesa no exterior. A refeicao correu melhor: o pao de alho com paio e bom e do tamanho duma pizza. Espaco bastante agradavel, onde paira o cheiro delicioso de pizzas, devido ao imenso forno existente no meio do restaurante. As saladas sao igualmente apetitosas e muito bem servidas. Atendimento eficiente e simpatico."
"Positivo: Atendimento com profissionalismo, simpatico e rapido, local  bastante limpo, com muitas lugares disponiveis, tanto dentro como fora, pizzas muito boas. As sobremesas tambem sao muito boas. Localizacao excelente. Otimo local para grupos. Negativo: Toda a comida vem ligeiramente salgada."
"Apesar de o menu ser pouco variado no que diz respeito a comida italiana, a comida e excelente, os pratos muito bem servidos e o preco muito razoavel.  O atendimento e rapido. Convem fazer marcacao porque a maior parte das vezes esta cheio."
"Localizado no coracao da cidade,diante da Pousada a visitar se tiver disponibilidade. Parqueamento por vezes dificil de encontrar Sala de dimensao media,bem iluminada e permitindo uma relativa privacidade. Servico cordial e atendimento normalmente rapido Especializado na comida italiana - pizzas e massas- tem menu de Bom restaurante, com boa oferta de grelhados. O pessoal e prestavel e simpatico. Como ponto negativo, pior pao que comi em Beja."
"restaurante de bom aspecto e bom atendimento, nao pedi nada de especialidade, ou seja pizzas ou massas, almoco foi 'bacalhau no forno com camarao', deu a sensacao quase absoluta, que o que estava a comer era Paloco. Pena, podia ser muito melhor."
"A comida e 5 estrelas,com precos bastante simpaticos o local e agradavel e e sem duvida um restaurante a expeimentar"
"Se houvesse melhor classificacao eu dava! Pao de alho e calzone no topo das escolhas! Sou de Beja e talvez por isso nao va la com tanta frequencia... Preco e qualidade"
"Gostei. O pao de alho estava delicioso. O bacalhau gratinado bom mas com excesso de cebola. Atendimento prestavel e simpatico. O pior e o calor que fica na sala nao deixa saborear os pratos com calma."
"Comi um bife de novilho a D.Maria... DIVINAL, que carne... O servico.. Fantastico... O preco?! Devem ter-se enganado... Vale a pena vir de longe, mas venham cedo!!!"
"O espaco e muito agradavel, os empregados sao muito simpaticos e a comida e fabulosa, com doses muito generosas e produtos de optima qualidade! As calzones sao maravilhosas, aconselho! O espaco la fora e bonito e confortavel e serve para fumadores!"
"excelente produto! muito bom servico! ambiente amigo de todos os tipos de jantar (pouco formal)! para voltar sempre!"
"Aqui prima a simpatia, logo a comecar pelo patrao, a confecionar as pizas, a vista, a entrada do restaurante. Pizas e massas excelentes, senao, um bife com pimenta verde que fica na memoria."
"Para os amantes de pizzas e um sitio a nao perder. Recomenda-se tambem o cheesecake. A localizacao e otima :centro da cidade. A relacao qualidade preco e muito boa."
"Bem no centro da cidade e com ambiente descontraido um restaurante pizzaria. Uma salada da para duas pessoas sem qualquer duvida. Lista variada de pizza. A visitar de novo"
"O Restaurante Dona Maria e uma otima opcao para quem gosta de comida Italiana, as pizzas e as massas sao excelentes. Para alem de comida italiana, o restaurante apresenta na sua carta outra grande variedade de pratos, desde o tradicional bitoque as mais diversas saladas. O restaurante estava cheio quando chegamos, mas os funcionarios tomavam nota das pessoas que iam chegando para acomoda-los. Rapidamente fomos sentados. Servico excelente, funcionarios atentos e rapidos, o sr que fazias as pizzas estava atento as mesas e corrdenava com os funcionarios para acelerar o Localizada no centro da cidade de Beja a Pizzaria Dona Maria oferece uma grande variedade de comida italiana, com principal destaque para as pizzas, muito bem confecionadas e com uma excelente relacao qualidade preco."
"Recomendo.. Muito bom, nao so pizzas e massas bem com outro tipo de cozinha.... Bacalhau gratinado com gambas..odorei"
"E uma pizzaria simpatica e muito acessivel . Ha grande variedade de pizzas e massas para todos os gostos . O servico e rapido e simpatico."
"As entradas, a pizza e as sobremesas sao boas, no que toca as pizzas, sao saborosas, apetitosas e tem uma apresentacao apelativa, basicamente o que se exige numa uma pizzaria. O servico e cordial, rapido, eficiente e simpatico. Decoracao simples, depois ha a vantagem para Come-se uma boa pizza e saladas, nao experimentei as massas e os bifes mas tinham muito bom aspecto."
"Quando em Beja apetece uma boa pizza este e o lugar certo! Como m varias opcoes de pizzas acho que e exagerado na ementa venderem bitoques! Especializem-se! Quanto as pizzas! Melhorem pff o molho de tomate. Demasiado acido e metalico! Um molho caseiro nao influenciara As pizas sao boas e o espaco tem aquele cheiro a pizzaria. nao provei os pratos de carne ainda. Gosto e aconselho"
"Come-se um pizza muito boa. E dos poucos sitios que conheco em Beja, onde gostei de comer uma pizza. E aconselhavel ir cedo ou o restaurante enche. E um bom lugar para ir com os amigos."
"Muito bom espaco, bem localizado, muito boa comida, staff simpatico e agradavel. Tudo caseiro e maravilhoso. Aconselho!"
"Local bem situado, espaco harmonioso, comida maravilhosa, staff super bem disposto e nada melhor que para terminar que uma boa relacao preco qualidade... So uma chamada de atencao... Fiquei com a sensacao que a sangria era de garrafa,ou seja de hipermercado...A ser verdade fica mal Restaurante inserido na Hospedaria com o mesmo nome (Hospedaria Dona Maria), no entanto nao serve apenas para hospedes da Hospedaria, esta aberto ao publico. Pizzas deliciosas e variadas, confeccionadas a vista do cliente; as outras opcoes do menu tambem sao boa escolha.  As sobremesas estao..."
