Avaliacoes
"Final de dia perfeito, com optimos petiscos, uma sangria de frutos vermelhos deliciosa e uma simpatia da senhora que nos atendeu! A visitar! Excelente!"
"Excelentes tapas feitas com dedicacao e ao pormenor. Puro Sabor Alentejano. Otimo para estar com amigos  e passar um belo momento gastronomico."
"Ideal para saborear um bom copo de vinho alentejano e ouvir boa musica. Tem um ambiente acolhedor e o dono e muito simpatico."
"Fantastica decoracao onde uma variedade de pecas dos anos 60 se enquadram na modernidade. Para tomar um cafe, lanchar ou provar os petiscos este e um espaco agradavel e acolhedor onde nem  a musica ambiente falta a compor todo o quadro. Entra-se, conversa-se com o anfitriao, com os clientes que entram e parece ja uma familia. Adoramos e voltaremos"
"embora com GPS andava um pouco ha deriva porquanto era a 1a. vez que visitava a cidade de Beja para recolher mos da pequena chuva deparamos com um cafe de nome 'ART DECO' wine  bar cafe casa de cha onde pedimos informacoes sobre a zona historica da cidade o Sr. Victor pessoa que nos atendeu referindo estao no local certo , aquele guia que bem precisavamos .apos tomar mos um bom cafe qual nao foi o meu espanto o mesmo tinha cursado na Escola Agricola  da paia 'E.P.A.D.D.' tal como eu nos anos 60 ( 63 - 67 ) tudo isto para dizer o quao de bom e passar por este local a todos os colegas da Paia um grande abraco"
"Dificil encontrar em Beja um sitio para beber um copo de vinho. Finalmente demos com este espaco que por fora prometia um pouco mais do que ofereceu por dentro.. Gostamos do vinho,mas a variedade nao era muita...para acompanhar azeitonas que podiam ser de melhor qualidade e pela sugestao da simpatiquissima  dona, uma empada de pato muito boa. Tenho a evidenciar a falta de renovacao dos assentos da casa porque ajudam a perlongar a estadia no local. Resumindo , local que tem uma boa localizacao mas precisa de renovacao, mas pode manter o som da musica com que nos presenteou."
"O bom gosto mora ali. Come-se e bebe-se muito bem, ouve-se boa musica e, com sorte, se apanharem uma hora mais calma, ainda vao ter direito a dois dedos de conversa bem interessante com o pessoal da casa. Eu tive. E gente bem gira!"
"Tapas preparadas com cuidado e sabor requintado. Ambiente calmo, tranquilo e prezamos a simpatia do pessoal. Para continuar a frequentar certamente."
"Comida maravilhosa, ambiente calmo e muito bom gosto na decoracao e escolha do servico. Recomendo provar o jantar das quintas-feiras."
"A simpatia do espaco a par da simpatia de quem nos atende faz-nos sempre querer voltar. Uma e outra e ainda outra vez... Aqui revivemos memorias da nossa infancia, dos nossos antepassados. Altamente recomendado para um pequeno almoco simpatico, para uma limonada a meio da manha, para um copo de vinho de final de tarde, para provar deliciosas iguarias... E sempre, sempre ao som de boa musica. Faca como eu e traga os amigos. Nao sabe o que anda a perder Uma surpresa encontrar esse Cafe, a decoracao e um caso a parte, leva-nos para outra epoca, uns 100 anos atras, com moveis e decoracao de epoca. O lugar possui muitos vinhos para experimentar, e um ambiente para uma conversa chique informal, daquelas que vc vai A polivalencia deste estabelecimento e soberba: pequenos almocos, casa de cha, petiscos deliciosos de degustacao e wine bar. Instalado num dos edificios estilo Art deco mais bem conservados na cidade de Beja, a decoracao cuidada, acompanha a epoca. Desde as mesas, as cadeiras, sofas, balcao Com seu estilo retro shabby chic, esse lugar poderia ser em Hoxton, Londres - o lugar mais descolado para comer fora na capital. Mas aqui estamos em Beja, a deliciosa proprietaria e calorosa e acolhedora, a comida caseira excitante e vibrante e num dia quente e poeirento os limoes, menta e mel espremidos na hora salvaram vidas. Nao perca esta oportunidade."
"Fiquei realmente curioso sobre este bar de vinhos. Diferente de tudo o que voce encontra em Beja e com uma otima localizacao. Foi simplesmente perfeito. Lugares agradaveis fora (aproveitando o clima fresco), otimas cervejas locais e petiscos maravilhosos. E o proprietario e otimo, com otimas historias sobre a regiao e seus vinhos. Estara de volta com certeza! ! !"
"Bom lugar em Beja para um cappuccino e alguns doces caseiros. Servico rapido em atmosfera autentica."
"Estavamos cansados de passear por Beja e encontramos este lugar. A musica era rock classico e o lugar tinha uma atmosfera relaxada. Nos nos sentamos fora olhando para a torre da igreja surpreendente em frente a estrada beber uma grande garrafa de vinho local. Nos assistimos as estrelas sairem e ouvimos a cidade ficar quieta. Este e um maravilhoso local romantico em uma maravilhosa cidade antiga"
"Este lugar estava deserto e quando chegamos o proprietario aumentou o volume de sua musica e deu um cafe morno com um pouco de chocolate em uma panela. Cobrado 5 . 50 para isso. Nao e um lugar que eu voltaria."
