Avaliacoes
"Frequento varias vezes, fico sempre satisfeita a comida e muito boa e acessivel a qualquer carteira."
"Numa passagem por Beja seleccionamos este restaurante para almocar, do qual podemos dizer que a comida e agradavel e tipicamente alentejana, simpatia dos colaboradores e boa relacao qualidade / preco. Comemos cozido de grao e cabidela, ambos estavam optimos."
"Espaco com necessidade de renovacao. Cadeiras desconfortaveis. Refeicao razoavel no entanto com demasiado oleo. Preco parece desajustado para a oferta. Perto de 20 por pessoa pareceu exagerado."
"Para alem da boa comida de salientar a simpatia do pessoal e o facto de ser o unico restaurante petfriendly de Beja"
"Estavamos de visita na cidade em um domingo e como era esperado o restaurante estava cheio. Mesmo assim, fomos muito bem atendidos e a comida era deliciosa e feita na hora! Otimo custo beneficio, uma experiencia que vale pena!"
"Visita num Domingo. A casa estava cheia e pelo tempo de espera diria que nao existia capacidade se resposta por parte do staff. A rapariga(de cabelos loiros) que servia as mesas foi bastante simpatica e fez de tudo para acalmar os clientes que geravam na sala um ambiente pesado visto ao tempo de demora. Outro empregado parecia pouco empenhado em trabalhar sendo muito lento e pouco dinamico. Estivemos uma hora a espera pela melhor parte da experiencia que foi a refeicao que estava bem confeccionada.Para a sobremesa tarte de maca bastante boa. Sugestao de quem ve de fora, mais vale recusar alguns clientes para servir todos os que ja tem sentados bem. Para tentar chegar a todos acabam por deixar todos insatisfeitos com o tempo de espera. No final a conta foi uma boa surpresa.Outra boa surpresa que fica sempre bem foi a rapariga loira pedir desculpa pelo tempo de demora dando uma justificacao honesta assumindo a falha. Voltaremos para experimentar num dia mais calmo."
"Jantar de amigos, decidimos experimentar um sitio onde ainda nao tinhamos ido. Atendimento medio-baixo, o empregado estava a atender-nos e deixou-nos a falar sozinhos porque entraram uns turistas espanhois e deve ter achado que eles eram mais importantes que nos, sendo que o restaurante estava vazio e que eles poder-se-iam ter sentado em qualquer lugar. Confeccao dos pratos fraca, com carne nada de especial para o que deveria ser nesta regiao, o pior e mesmo o preco que se paga igual a um sitio bom. Tem muito a melhorar no geral, porque ate e um restaurante bem localizado mas de facto nao acompanha no resto."
"Restaurante de aspecto normal bem localizado e com facilidade de estacionamento proximo servico normal bons precos ate aqui ja seria bom mas secretos e carne da presa para mim nao ha melhor do que aqui...ficamos clientes .parabens"
"Almoco de Carne Alentejana que estava Top, nao me lembrava de almocar uma carne tao macia quanto esta. Parabens!!"
"Comida que nos soube bem, numa noite em que o procuravamos fazer ja ha algum tempo sem sucesso. A serica foi um bom fecho. O servico foi atencioso e o preco justo"
"Ja almocei e jantei varias vezes no Alcoforado, que tem uma localizacao central em Beja, mesmo em frente do Pax Julia. O servico pode por vezes ser demorado, quando a casa enche, mas e sempre simpatico e eficiente. A comida, baseada principalmente na regiao do Restaurante limpo,espacoso,atendimento muito bom,excelente custo beneficio,pode se pedir uma porcao e meia para duas pessoas."
"Nao e um local onde iremos procurar a melhor gastronomia, e verdade que nao se come mal mas tambem nao e  dos locais mais baratos... na falta de outros locais, e bom, caso haja experimentem."
"Trataram-nos de uma forma esquisita, ha muita descoordenacao entre os empregados apesar de tudo sao simpaticos e a sala de jantar ate nao e ma"
"Localizacao excelente e com a vantagem de servir ate tarde. Foi exactamente por esse motivo que visitamos este restaurante em Maio deste ano. No entanto a qualidade da refeicao deixou muito a desejar...Uma das pessoas do grupo pediu uns secretos de porco preto e como Bom para comer sem gastar muito, a decoracao e um bocado antiga, ao entrar sentimos um forte cheiro a desinfetante o que por um lado e bom pois foi limpo, mas nao e muito agradavel comer com aquele cheiro, pois faz lembrar o WC."
"Fraquinho. Um espaco com potencial, mas com uma confeccao fraca. Funcionarias jovens e simpaticas. Boas sobremesas. Agora servir carne de porco a alentejana com ameijoas vietnamitas???? A traducao da ementa estava pessima."
"E daqueles restaurante que nao e de registo, mas como e dos poucos abertos ao Domingo em Beja... aqui vai; Teve muito bom e teve mau. Os Jaquinzinhos fritos com arroz de tomate, nao sendo pequeninos, vinham excelentes, crocantes, muito saborosos. O arroz estava irrepressivel O atendimento e bom assim como a qualidade da comida mas espera-se muito tempo ate que as refeicoes cheguem a mesa."
"Preco/qualidade bastante bom.  Cozinha algo demorada. Preco da dose +/8. Tem meias doses. Nao tem multibanco."
"A comida e otima, os precos muito apelativos, mas o tempo de espera e de mais. A primeira vez demos o beneficio de duvida para alem do tempo de espera as doses vinham muito pequenas. Uma dose de cozido de grao trazia dois pedacos de Apesar de nao estar no meu topo maximo de preferencia, o restaurante apresenta um espaco muito bonito e bem amplo. Muito bom para ir em familia, mesmo que tenham de levar carrinhos de bebe. Fomos para o ensopado de borrego que estava muito bom e Comida caseira, saborosa e muito em conta. Carne de porco a alentejana muito suculenta. A ter em conta"
"Almoco muitas vezes em Beja, mas nao conheco um restaurante que rivalize a simpatia das empregadas, a qualidade do gaspacho e da sericaia, para nao falar do preco sempre agradavel. Vale a pena voltar"
"Tive a oportunidade de visitar este local num Domingo a noite, foi dos poucos restaurantes abertos em Beja nesse dia. Tem uma boa localizacao. A miuda que nos atendeu foi muito atenciosa e simpatica. O preco foi acessivel, embora nao desse para pagar com cartao Este restaurante nao era a primeira escolha... O nome apelativo e o facto de ter sido o primeiro a encontrarmos aberto, facilitou a decisao... A ementa oferecia pratos tradicionais alentejanos. Escolhemos um dos pratos que seria frango em molho de tomate - trouxeram em molho Simpatia, com bom preco. Ensopado de borrego, com verdadeiro paladar alentejano, nesta regiao o vinho da casa poderia ser de melhor qualidade. Recomendamos."
"Estive neste restaurante ha poucos dias atras as pessoas sao muito prestaveis a comida e muito bem confeccionada sabem receber bem e nao sao portuguesas so havia um senhor portugues na sala e barato as sobremesas sao boas e a relacao qualidade preco e muito E um restaurante como muitos outros. Nao deslumbra mas tambem nao desilude. Mediano na qualidade da comida e no preco."
"Almocamos duas pessoas , cozido de grao e lingua estufada. Pedimos meia dose para cada um e ainda sobrou. Comemos uma sobremesa tipica que estava muito boa. Comida muito bem confecionada. A funcionaria foi muito atenciosa. O espaco e tipicamente alentejano. A voltar e recomendar Restaurante bem situado na esquina da rua do Touro em frente ao Museu regional da cidade. Apresentava na ementa uma otima sopa de Beldroegas tipica da Gastronomia Alentejana. Bom Pernil Assado e pezinhos de coentrada. Havia igualmente feijoada de chocos."
"Em viagem, entrei sem querer mas gostei. Comida boa, atendimento simpatico e vinho tinto da casa bastante aceitavel."
"Comida regional, saborosa e a bom preco, e tudo isto com um atendimento simpatico.                                                                               pena nao ter migas na altura mas a cabidela compensou Diz-se que o Alentejo e um lugar de demoradas reunioes a volta da mesa e foi mesmo isso que senti no Alcoforado. Recomendado por uma funcionaria da Farmacia Central, fomos a este restaurante jantar uma vez. O restaurante estava cheio e por sorte arranjamos uma Refeicoes saborosas e bons precos, a cabidela de frango estava boa. Funcionarios simpaticos, servico rapido."
"Localizado perto de monumentos da cidade e do Teatro Pax Juliae. Sala aprazivel e servico simpatico Comida satisfatoria Preco razoavel"
"Muito bem localizado, comida tipica alentejana com boa qualidade. O servico nao sendo demorado e no seu atendimento simpatico."
"Restaurante bem situado, Para quem gosta de comida tipica este restaurante e indicado. Varias opcoes regionais com precos muito acessiveis. O atendimento nao e nada de especial mas e 'quanto baste'."
"Espaco sem grande decoracao mas espacoso e limpo.O atendimento e por vezes um pouco demorado mas bastante atencioso. A carta e variada e a comida e bastante bem feita. Localizacao central."
"Chegamos tarde (2:50) mas mesmo assim fomos servidos. Comemos bacalhau a bras e frango em tomate. Estava bonzinho. Servico razoavel. Preco justo."
"restaurante muito central. e prato com cafe vinho , ronda os 9. contudo via-se alguma atrapalhacao das pessoas que atenderam, bem como a inexistencia de lista de vinhos e alguma confusao. Comida razoavel."
"Restaurante simples, mas que oferece a cozinha alentejana. Mao de vaca com graos, feijoes com tripa, bacalhau com natas, porco preto com almeijoas etc... preco honesto"
"O sr sentou nos.  Passado 10 minutos sentou a mesa do lado.  E por incrivel que pareca foi recolher o pedido passado 5 minutos, mas da mesa do lado. A nossa mesa apesar de varios sinais,  olhares,  etc... Nem sequer as bebidas fez o pedido. Restaurante bem localizado. Apos nos ser indicada a mesa para um grupo de 6, foi preciso chamar alguem para nos entender porque tivemos um bom tempo sem sermos atendidos. Refeicoes com uma qualidade razoavel, e a lista de sobremesas muito desfalcada. Peca pelo atendimento e Entrei no restaurante com a familia e este estava vazio, apenas uma pessoa estava sentada e servida. Apareceu uma funcionaria que se dirigiu para uma das mesas, colocou pratos e nem para nos olhou, outras tres funcionarias estavam de conversa a colocar pao nos cestos Restaurante normal Atendimento rapido Empregada simpatica Comida rapida e bem confeccionada O unico senao e N ter multibanco"
"Pausa para almoco num dia de semana visitei este restaurante. Sem deslumbrar nao ficou aquem das expetativas. Pratos bem confeccionados a precos acessiveis acompanhados de simpatia."
"Restaurante amplo, com pratos variados a preco razoavel. Simpatia no servico. Localizacao central, junto ao teatro Pax Julia."
"Restaurante um pouco antiquado, sem grandes opcoes de comida. Empregado ou gerente, nao muito simpatico."
"Comida alentejana mediana em espaco antigo e antiquado, precos medios, servico 'a antiga' (quando estao muitos clientes, a cozinha nao consegue ter a rapidez desejavel)... localizado no centro da cidade, com estacionamento facil (pelo menos ao fim de semana...)"
"Um verdadeiro surpise - nao parece muito acolhedor, mas os melhores pratos portugueses desde ha muito tempo. recomendo vivamente! t"
"A sala de jantar e basica mas agradavel. O menu apresenta pratos regionais. Minha bucho com feijao branco e batata era saborosa. Os precos sao modestos. Numa terca-feira a noite, a sala de jantar estava quase vazia. A selecao de vinhos era divertida: quando pedi ao garcom para sugerir um bom vinho da regiao, ele saiu e voltou com quatro vinhos, e colocou as quatro garrafas na mesa. Ele nao ofereceu mais assistencia. Eu escolhi um que eu nao estava familiarizado, e acabou por ser razoavelmente agradavel e justo valor em  10. A maioria dos vinhos em sua lista varia de  8 a  14."
