Avaliacoes
"Entradas alentejanas que nao decepcionam, boa perdiz de escabeche, pratos de miminhos de Angus acompanhado por bom vinho e excelente atendimento. A repetir e a recomendar."
"Servico 5* e comida muito boa, desde as entradas a sobremesa, simplesmente divinal. O vinho e excelente. O preco e elevado mas compensa a qualidade. Para um dia mais tarde voltar. Sitio calmo e tranquilo para um almoco relaxante."
"Espaco muito agradavel. Comida boa e saborosa. Ideal para grupos pelo espaco. Recomendo. Lista de vinhos a explorar."
"simpatia e disponibilidade na visita efetuada a producao de vinho restaurante com precos um pouco acima da media mas Boa comida"
"Um almoco em que tivemos o gosto de convidar uns amigos ligados a area da restauracao no Algarve, para conhecerem a herdade e claro disfrutarmos de uma boa refeicao, aliada aos seus excelentes vinhos, mas a refeicao foi muito decepcionante, comecando pelo couvert alentejano, muito fraco, sem nenhuma qualidade. Os pratos pedidos tambem desapontaram, nao saimos de la com nenhum agrado em qualquer prato pedido. Apenas o vinho foi a escolha acertada. Pena, pois ja e a 3a vez que visito a herdade e sai de la sem vontade de voltar ou recomendar o restaurante."
"Colaboradores simpaticos, ao almoco muito bom, comemos presa com arroz de espargos e lombo de porco com mostarda e laranja. Ao jantar comemos bacalhau com pure de couve flor e vitela de leite com pure de batata doce e gengibre. Este prato nao veio muito quente. No geral as refeicoes foram boas. Total conhecimento de alimentacao gluten free. As opcoes de sobremesa gluten free apenas uma que era basicamente fruta."
"Entrada parece comum,mas tem algo a mais:paes assados em azeite de oliva feito com a producao da propriedade,muito saboroso!!Comemos um bacalhau tambem muito bom!Como critica construtiva,tendo em vista que o restaurante e realmente muito bom,sugerimos que seja pensada a ideia de incluirem uma maior varidade de pratos de bacalhau no menu.Mas,no mais  so temos elogios."
"Sem duvida o melhor Bacalhau que eu comi em Portugal, muito delicado e saboroso! O mousse de chocolate tambem estava incrivel! Tudo perfeito, inclusive o atendimento, a vista agradavel e o vinho elegante!"
"E com tristeza que escrevo este comentario pois o local merecia melhor gastronomia. Num domingo decidimos ir pelo caminho a fora e deslocarmos a herdade dos grous ja nao e a nossa primeira vez, o sitio e lindissimo no entanto esquecemos sempre que a comida nao e nada de especial acho que ja nao iamos la a uns 5 anos e pensamos que tinham melhorado, mas mais uma vez nos enganamos o restaurante merece cozinha tradicional da regiao bem confeccionada, pedimos uma salada de bacalhau qual o nosso espanto quando nos e servido um prato a esquerda do mesmo uma mistura de alface temperada com mel e sem sabor a direita o bacalhau que eram dois pasteis de bacalhau cru muido a saber a agua do bacalhau com cheiro, reclamamos o funcionario ainda argumentou a dizer que nunca teve nenhuma reclamacao eu propus que provasse o bacalhau cru sem tempero nenhum perante a arrogancia do mesmo, depois veio o segundo prato presa no forno cozida a baixa temperatura com arroz de espargos,o arroz estava intragavel sem sal, estava em papas cozido em agua e sal, mais uma vez tivemos que reclamar eu ja estava envergonhada com a situacao o empregado prontificou - se para ajudar e a trazer outro acompanhamento, estava melhor, mas como fiquei algum tempo a espera da comida fiquei bastante nervosa e nao consegui comer nada. O prato do meu marido tambem tinha uma mistura de legumes que estavam com muito mau aspecto uma especie de ratatouille enfim talvez volte daqui a 5 anos para ver se ainda e o mesmo cozinheiro, ha sugiro que facam um salteado ao bacalhau com azeite e alhos aromatizado com poejo ou hortela da ribeira que tinham a decorar as mesas. A sobremesa estava muito boa alguma coisa estava boa. O vinho e muito bom consumimos em casa desde que a adega abriu pois ja iamos la comprar o vinho da herdade."
"Indescritivel. Parece que eu estou trabalhando pra eles, porque quase que eu estou convidando pra voce vir aqui conferir. Pedimos um menu Vinicula. Os Alentejana sao incomparaveis, desafio para cozinha desse restaurante, na harmonizacao. As pilotos nao traduzindo local, O Tesouro Perdido em Portugal."
"Espaco fabuloso, paisagem deslumbrante ao por do sol. O vinho merece uma venia assim como o couvert. O resto foi mau: carne seca (os lombos de porco com uma cobertura picante e intragavel), legumes crus (numa tentativa al dente)."
"Cozinha regional Alentejana, adaptada aos novos tempos, devendo realcar a qualidade de servico que os funcionarios colocam em cada detalhe."
"Tinhamos grande expetativa pelo restaurante, mas no fim um pouco desiludidos. A comida nao e ma mas nao esta de acordo com a qualidade que a herdade nos proporciona, muito menos com a qualidade dos vinhos Tem tudo para ser um local de referencia no A sala e bastante calma e agradavel. Escolhemos o almoco vinico com diversos pratos e um vinho adaptado a cada um deles. A comida estava toda deliciosa. Aproveitamos tambem para fazer uma visita a adega antes de almoco que vale bem a pena."
"Um Restaurante muito elegante, acolhedor com uma excelente vista campestre. Servico excelente, profissional e prestavel. Comida com empratamento muito elegante e refinado muito ao estilo groumet, no entanto as doses sao bem generosas."
"Espetacular Uma paisagem incrivel, uma bela visita guiada as caves e um excelente jantar. Boa ementa, muito bem confecionado"
"Restaurante agradavel, confortavel, com uma vista bonita. Staff muito simpatico e acolhedor. A comida e bem confeccionada e as doses generosas. Gostamos muito de visitar a herdade!"
"A Herdade dos Grous e muito bonita e as instalacoes do restaurante acompanha o estilo chic rural.O servico foi muito cortes e profissional, tanto na ementa quanto nos vinhos.As entradas e sobremesas estavam boas, mas infelizmente o prato principal de porco preto nao A culinaria e tradicional. Adoro culinaria classica com alguns toques finos. O sorvete de petala de rosas, tem um sabor forte, para quem nao tem costume, acha q esta mastigando sabonete . Super indico! O atum tem um sabor maravilhoso."
"Escolhemos a Herdade dos Grous para o nosso jantar de S. Valentim, o qual superou as nossas perspectivas. Ja frequentamos a herdade e o seu restaurante em diversas ocasioes, nas quais achamos que existia espaco para melhorar. Ontem esteve tudo a 1000%. Desde da marcacao, Tudo muito bom entradas estupenda , o peixe estava otimo a  carne estava deliciosa a sobremesa superior"
"Excelente apresentacao de todos os nobres produtos do nosso Alentejo. Comida e atendimento 5 estrela"
"O restaurante tem um espaco e muito agradavel com vista para a vinha e barragem existentes. Experimentamos os pratos de carne de vaca e borrego, estavam muito bem cozinhados e de extrema qualidade. Ha um doce que serve como sobremesa que leva morango e 5*. O lugar e muito bonito e os funcionarios muito simpaticos.Pedimos como entrada a degustacao de azeites e a sopa de cenoura.Fomos com duas amigas que nao sao vegetarianas que pediram o menu do dia. E estava tudo maravilhoso.A unica critica fica para Excelente cozinha, refinada, ambiente bonito e bem decorado, otimos vinhos! Uma grata surpresa no Alentejo."
"Estavamos hospedados na Herdade. A comida e boa, pouca variedade, porem preco muito alto. Os vinhos da herdade sao razoaveis mas nada espetacular["
"Espaco muito familiar, vista sobre o campo maravilhosa, a comida excepcional. Optimo para um passeio em familia num optimo ambiente campestre. Staff muito simpatico e prestavel, para alem do optima selecao de vinhos. Sem duvida para repetir vezes sem conta"
"Fizemos uma refeicao muito boa e agradavel no almoco. Ja o cafe da manha servido aos hospedes foi muito fraco, precisa melhorar."
"Ficamos alojados perto da Herdade e decidimos fazer uma visita e jantar no restaurante. Sem palavras para descrever a qualidade desta experiencia. A vista era divinal, com o por-do-sol mesmo em frente da nossa mesa. O vinho pedido, um Tinto de Colheita era suave, agradavel Quem tem um tempo vago no roteiro, vale conhecer uma vinicola. E possivel apreciar os vinhos no almoco do proprio restaurante. Ha algumas opcoes (o cardapio nao e tao extenso). Os pratos e as apresentacoes sao incriveis! Ha o passeio guiado, para conhecer todo o Fim de tarde muito sereno, sala muito acolhedora, com uma vista privilegiada sobre a herdade.Funcionarios afaveis, atentos e despretensiosos.As entradas, com a tiborna, tao saborosas!!!Apenas dois pratos pedidos: carre de borrego (excelente) e nacos de vitela grelhados ( tenros, mas com um Foi uma noite inesquecivel jantar aqui. Local muito agradavel ja com o por do sol. Comida impecavel e muito saborosa. Atendimento muito bom e para completar tomamos o vinho da Herdade que fez toda diferenca. Foi divino."
"Dentro de um complexo de hoteis maravilhoso esta o restaurante do Herdade dos Grous. Muito aconchegante, atendimento primoroso, pedimos o menu degustacao com cinco pratos e vinhos harmonizando. Espetacular. Porcoes fartas (nao coma muito dos paes com manteigas e azeitonas, pra sobrar mais  espaco). Desta Excelente estadia, quarto com lareira e ar condicionado, casa de banho muito confortavel e cama xxl.Na herdade existe muitos animais, cabras anas, cavalos, porcos pretos, avestruzes, galinhas, ovelhas, vacas e podemos observar dezenas de especies de aves.O restaurante serve comida variada com qualidade Restaurante tem uma comida bem saborosa. Vimos muitos comentarios que falam bem so restaurante e se fato ele e bem gostoso , mas para mim, nada que o faca ser inesquecivel !"
"Bom restaurante, excelente atendimento, bom vinho e a comida satisfatoria pelo preco cobrado mas nada inesquecivel. Confesso que esperava mais mas e uma das melhores opcoes pela regiao. Pedimos bacalhau, pato e cordeiro e todos os pratos estavam muito bons mas somos extremamente criticos com Adoramos o servico! Aconselhamos o couvert com a Tiborna (pao torrado com azeite e flor de sal) que e algo maravilhoso. Comemos o espadarte e o costeletao e ambos estavam muito bons.De manha apreciamos mais a vista magnifica que o restaurante tem e temos Situado numa herdade lindissima....o restaurante razoavel com precos acima da media...excelente vinho e passeio pela herdade....vale a pena pela paisagem Comida razoavel mas sem nada inesquecivel. Opcao vegetariana banal e nada de acordo com os precos praticados. Local tipico alentejano mas podia ter apontamentos mais contemporaneos uma vez que facilmente passa por desatualizado."
"Bom vinho, bom atendimento, boa comida   e boa dormida. Recomendo. A herdade e linda e aconselho um passeio de bicicleta ao som do canto dos passaros! Voltarei em breve"
"Tivemos uma visita guiada pela vinicola com uma degustacao apresentada por uma enologa da empresa. Apos almocamos no restaurante. Tudo nota 1000!!"
"Muito bom... ambiente optimo comida inesquecivel e muito saborosa e o vinho e dos deuses maravilhoso"
"Fomos visitar a adega e ficamos a saber um pouco mais acerca da Herdade. A visita e interessante mas, nao havendo prova, deveria (na minha opiniao), ser gratuita.O espaco e maravilhoso. Tem alojamento (nao foi a nossa opcao) e restaurante.E possivel passear pela Sala ampla, plena de luminosidade e um atendimento pleno de simpatia.As entradinhas do chefe sao uma excelente forma de iniciar a refeicao, com particular destaque para a tiborna.Um Herdade dos Grous reserva, a preco muito equilibrado, acompanhou na perfeicao um costeletao de novilho, Pela 1a vez estive com a familia na Herdade dos Grous ha 4 anos para o casamento do meu afilhado. No passado sabado almocamos no mesmo local para festejar os 2 anos do filho do casal. Sempre fiquei com excelente impressao: espaco muito amplo, agradavel Excelente lugar... comida fantastica... atendimento maravilhoso!!!!Vinho Quinta do Valbom - DouroEnologo Luiz Duarte"
"A Herdade e muito bonita. O quarto era muito bom. Espacoso confortavel e com uma lareira recuperadora de calor. O unico problema foi nao haver agua quente para usufruir da grande banheira. Existe um campo de tenis no meio dos eucaliptos. O restaurante e muito Servico impecavel,quarto amplo, vista maravilhosa!! Passeio de bike pelos vinhedos obrigatorio. Recomendo!"
"Refeicao requintada, saborosa, num espaco tranquilo com decoracao rustica e vista para a paisagem Alentejana."
"Excelente jantar, o costeletas de novilho estava divinal.o espaco do vosso restaurante fantastico,o ambiente maravilhoso.Dentro de uma herdade fantastica.que transmite tranquilidade paz e harmonia,o staff 5 estrelas .Espero que voces ganhem outra estrela mechilam voces merecem."
"No dia 4 /9 / 2007 fui com minha mulher almocar. O servico, completamente distante, nao nos acompanhou minimamente. Tal seria completamente irrelevante se nao acontecesse o que agora relato por indignado que estou.   Pedi um bife de espadarte e uma das sopas que contava Restaurante com muito requinte, com um espaco muito amplo e muito agradavel com uma vista muto interessante para as vinhas da Herdade. Entradas muito boas com produtos produzidos na herdade. Almoco muito bom acompanhado pelos vinhos da herdade. Staff muito simpatico com um servico muito De facto, quando um local nos satisfaz, temos uma inexplicavel e estranha tendencia para la voltarmos.Como me desloco a Beja algumas vezes durante o ano e depois de ter ficado a conhecer a Herdade dos Grous e o seu restaurante, nao consigo deixar de Uma linda herdade, com uma bonita paisagem Alentejana. Restaurante tranquilo, com comida deliciosa que mistura o tradicional com o inovador, com precos razoaveis, considerando o local e a comida."
"Comida requintada, espaco agradavel.Cozinha tipica de autor, varias opcoes de vinhos maioritariamente da vinha local. Atendimento cuidado e cordial. Apresentacao dos pratos muito cuidadosa."
"Fui jantar com umas amigas, fim de tarde simpatico com um sol agradavel e a paisagem de facto e encantadora.Fomos jantar, a comida de sabor mais ou menos expectavel atendendo ao local mas nao vim de la encantada.Pondero la voltar com o marido Muito mau. Horrivel mesmo. Ate acho que a comida estava estragada. Muito caro tambem ! O espaco ate e bonito.... agora a comida e mesmo muito ma. Acho que e pre-cozida e depois aquecida."
"Estivemos hospedados duas noites na propriedade, quando jantamos uma noite no restaurante da Herdade dos Grous e fizemos o cafe da manha duas. Espaco classico, muito bem decorado, com vidracas amplas, o que nos permitia apreciar as videiras e a barragem. Comida deliciosa, atendimento impecavel A ida a este restaurante surgiu por acaso . Estavamos na zona e um dos amigos recomendou- ja la  tinha estado . Eramos 6 adultos e 6 criancas . O enquadramento do restaurante esta dentro do que varias casas destes genero ja nos habituaram e Visitacao e provas de vinhos! A Adega e mais exclusiva e foca no Enoturismo com varias alternativas. Desde passeios de balao a visitas aos animais (porco preto, bovinos e muito mais). Restaurante aconchegando. Possui ainda uma pousada! Recomendo a prova de vinhos VIP (20 euros) Excelente restaurante. No entanto, o tempo de espera foi ligeiramente elevado, mas nada que a refeicao nao eliminasse. Sao bastante acessiveis a pedidos de modificacao dos pratos e das sobremesas."
"Mini lua de mel, em suite voltada para a barragem. Lareira na sala de utilizacao obrigatoria. Servico e restaurante impecavel, com cozinha alentejana com pequenas variantes bem explicadas e saborosas. Vinho da herdade muito bom. Recomendo!"
"Localizado dentro da vinicola Herdade dos Grous, esse agradavel restaurante dispoe de um terraco com uma linda vista para as videiras. Dispoe de menu harmonizado com vinhos e menu a la carte. Pratos com boa apresentacao e sabor. Atendimento sempre atencioso."
"Ter a oportunidade de estar em pleno alentejo com frio e uma lareira acesa, enquanto degustamos os sabores da gastronomia acompanhados por um servico acolhedor, e algo que este restaurante consegue fazer  uma vez apos a outra."
"12 estrelas recomendo a todos os familiares I amigos excelente. Conheco bem o restaurante I o espaco  envolvente."
"A experiencia nao foi muito agradavel. Escolhemos menu de degustacao mas o chefe de sala fez-nos sentir que tinhamos escolhido um menu 'expresso' tal a rapidez com que servia os pratos ou debitava a descricao decotada de cada vinho. Muito pouca disponibilidade para responder a A chegada o atendimento foi simpatico e sempre disponivel as nossas questoes. Comecamos o almoco com as entradas do chef sempre com os produtos da regiao. Os pratos escolhidos para este grupo de 13 amigos foi irrepreensivel,tudo estava delicioso e com muita qualidade."
"Mais uma vez de visita para um magnifico jantar.Para destoar da ultima vez, por agora resolvemos escolher a la carte.Bem... tudo pensado ao mais pequeno promenor. Desde o sabor, textura, aroma, combinacoes mais que perfeitas entre a guarnicao e a carne. Falo do Jantamos, no primeiro dos varios dias que reservamos na Herdade.Atendimento correcto, serio e sempre presente.Comecamos por experimentar varias entradas onde predominam sabores da regiao em combinacoes bem elaboradas pelo Chefe.Os pratos principais igualmente muito bem preparados. carnes excepcionais e muito bem preparadas. Comida de elevada qualidade devia as materias primas utilizadas serem preferencialmente da herdade. Boa apresentacao e carta suficientemente vasta. Servico de qualidade. Sala tipica de herdade e ao mesmo tempo atualizada, de muito bom gosto e com vista para barragem."
"Local muito belo, com um enquadramento sublime e fantastico.Inserido na Herdade dos Grous, o seu restaurante prima pela excelencia no servico e profissionalismo/simpatia dos seus funcionarios.Os pratos sao absolutamente divinais, as entradas com produtos tipicos do Alentejo sao soberbas, o vinho e de O vinho  tinto fantastico (claro!). Pratos principais com muita qualidade e de confeccao irrepreensivel. Vitela grelhada com legumes,Carre de borrego com pure de grao de bico,porco preto com legumes diversos,peito de pato confitado com arroz de espargos.O funcionario que nos atendeu foi muito simpatico,eficiente A herdade dos Grous e aquele sitio onde o nosso fim de semana vais mais alem do esperado, suites magnificas com condicoes acima da media com uma envolvencia soberba, o staff e magnifico e muito profissional, o ambiente e muito bom e tem variadissimas actividades, Entradas muitas boas ( muita variedade ),O vinho de qualidade como era de esperar,Prato principal com muita qualidade, e tambem na apresentacao,Sobremesas uma delicia,E pouco caro, mas a qualidade tem um preco,Atendimento 5*****."
"Penso que o titulo diz grande parte... Mas de facto ha sitios onde gostariamos de viver para sempre. A Herdade Dos Grous e um desses, um enquadramento fantastico associado a um restaurante fantastico com um chefe fantastico e funcionarios fantasticos. No que diz respeito a Poder provar todos os vinhos da adega com excelentes pratos tipicos com coinha de autor foi uma bela experiencia.Vale a pena Valeu a viagem desde Beja. O ambiente a volta do restaurante e muito bom.Espaco acolhedor e com requinte. Pessoal espectacular ( seis estrelas ). Comida excelente. Bom vinho da Herdade. Nao perder a Tibornia ( pedacinhos de pao quente com azeite e flor de Espaco muito convidativo , jantamos na esplanada , e deixa mos levar nosPelas sugestoes do sommelier , carne da producao da Herdade e vinhos a copo a acompanhar .Uma maravilha , servico prefeito .Saimos de barriga e alma cheia."
"Fiz varios km para almocar na herdade dos grous e acreditem que valeu a pena.Quando o requinte se junta com o excelente sabor, este e o lugar indicado .A decoracao dos pratos, o sabor da comida, todo o requinte de uma excelente refeicao A comida soberba,um excelente  vinho,a tabua de sobremesas de comer e chorar por mais,atendimento exemplar. Um espaco a recomendar."
"Meu marido diz que foi o melhor cordeiro que ele ja comeu na vida. O restaurante e agradabilissimo! Pessoas gentis e ambiente sofisticado, sem hostentacao."
"Vale a pena o desvio para provar a oferta deste restaurante. Vinhos top e comida a combinar muito bem.  Muito bom"
"Acabei de sair do restaurante. Recomendo a experiencia. Nas entradas a tiborna nao se pode perder. Os pratos principais sao bem servidos. A sobremesa que escolhemos foi a tabua de doces 5*****. O vinho que acompanhou foi o 23 Barricas e era muito bom."
"Aconselho os vinhos da Herdade dos Grous, a Tibornia (pao quente com flor de sal e azeite), o naco de novilho (cane produzida na herdade) e para terminar uma degustacao das sobremesas conventuais."
"O restaurante ainda que seja um pouco caro, sendo que o preco medio por pessoa varia entre os 25 euros, vale bastante a pena. Pode-se dizer que se paga a qualidade. Recomendo a experimentacao do vinho '"
"23 barricas' o supra sumo da casa que acompanha E um espaco sofisticado e sobrio que nos prende pelo encanto tao castico. A comida e otima, assim como a casta da herdade. Um altar a paz e aos sabores do sul de Portugal. Um brinde!"
"Uma herdade excelente com um restaurante de grande qualidade e comida deliciosa sempre possivel de acompanhar com os exceletes vinhos da herdade. A tiborna e deliciosa tal como o queijo feito na herdade, os vegetais e a carne tambem sao de alta qualidade e tudo Pratos bem apresentados e com muito sabor.  O azeite e o vinho sao muito bons, A unica recomendacao seria de ter uma musica leve de fundo para completar a experiencia."
"Se procurar a paz e o sossego que a rotina lhe nega, rume a sul e entre na Herdade dos Grous, onde o vinho tem fama e proveito, a paisagem e soberba, os grous que dao o nome a herdade ali chegam em bandos todos Optimo restaurante com muito bons produtos e autenticos, bons vinhos e um ambiente acolhedor.Excelente para descansar, empregados profissionais."
"Local magnifico para passar uns dias de descanso,funcionarios,muito  simpaticos,  excelentes iguarias no restaurante, vinhos de excelente qualidade, dificil nao recomendar! !!!"
"Gostei do espaco, mas nem tanto do tempo de espera. Por outro lado creio que a ementa nao 'casa' bem com a zona: demasiado gourmet e pouco regional. Creio que esta um degrau abaixo do resto da herdade.Por outro lado, achei o pequeno-almoco algo Boa comida gourmet e bem apresentada. Tempo de de espera exagerado. mas bom resultado final.Bom atendimento em bom ambiente familar"
"Horrivel, nada tradicional tudo gourmet. Como estava meio cheio disseram que era melhor ir embora se nao queria esperar meia hora.os empregados exibiam se da comida  que por acaso comia melhor na minha casa. O preco era exorbitante e o troco estava incorreto. Como nao Lamentamos profundamente a sua avaliacao, este e um bom exemplo do que ha neste mundo, de pessoas incorretas, mal formadas e invejosas, so assim se pode explicar o que escreveu.Quem conhece a Herdade dos Grous sabe perfeitamente que nao tem o proprietario a andar Almocamos e adoramos. Excelente menu. Parabens Chefe. Muito bom equilibrio de paladares. Apresentacao perfeita. Ingredientes optimos.  Servico de mesa foi muito bom. A repetir."
"Bons vinhos da quinta,bom azeite e pao.Foi o que mais gostei :A tiborna estava excelente.Nao gostei do tipo de confeccao modernista dos outros pratos.De resto,a ementa era algo limitada."
"Em nome de todos os colaboradores da Herdade dos Grous, agradecemos a sua avaliacao,Ao optarmos por ter sempre produtos frescos nas nossas ementas, faz com que a carta seja rica mas nao demasiado extensa, permitindo uma rotatividade dos produtos.Iremos ter em consideracao as ...o local e bonito....mas nao houve abertura por parte da recepcao para marcar uma visita e na loja de produtos regionais os precos eram iguais aos praticados pelo retalhista comum. . Nao gostei da forma como fomos tratados.. nem sequer nos deixaram ver a herdade."
"Recebemos a sua avaliacao mas notamos que a mensagem deixada no TripAdvisor nao corresponde a realidade dos servicos prestados pela Herdade dos Grous.A Herdade e livre de ser visitada mesmo quando os clientes nao estao hospedados no hotel, este servico e sempre disponibilizado a Dou os parabens ao Chef por ter conseguido fazer uma carta a condizer com a Herdade. Na verdade estamos num conceito pelo enoturismo, e isso na minha opiniao busca o tradicional. Aqui ha um respeito muito grande pela Gastronomia Alentejana no seu todo, ou seja Ja fui duas vezes e nao dececionou.Tive uma vez numa festa com comida e bebida a descricao outra vez num jantar. a Comida e boa e com algum requinte.Aconselho"
"Restaurante bastante agradavel. Muito sossegado.Funcionarios impecaveis e sempre disponiveis.Escolhemos o menu de verao como refeicao e nao nos arrependemos. As sugestoes do Chefe Rui Prado bastante deliciosas e soberbas. Ficamos com bastante vontade de voltar para comer a la carte, pois o menu Fomos almocar a Herdade dos Grous, estavamos nos e outra mesa: as entradas muito boas; a sopa de cacao deliciosa! O vinho muito bom. O prato principal saboroso, com porco e vitela de pastos proprios. O servico mauzinho, os dois funcionarios andavam fugidos nao sei Comida muito boa, servico exemplar, lugar maravilhoso. Um fim de dia inesquecivel com o por do sol diante de nos e com um bom vinho da herdade. A repetir."
"Um restaurante muito agradavel, ambiente sofisticado, comida alentejana de nova geracao criando sabores interessantes e por vezes surpreendentes. Nao e muito grande, e conveniente marcar, quando visitei  achei que tinha poucos funcionarios para o numero de mesas, criando algumas pausas no servico, mesmo assim excelente Ficamos hospedados na pousada da herdade e almocamos e jantamos neste maravilhoso restaurante. Tudo perfeito. Comida maravilhosa, atendimento personalizado e primoroso, local lindo, vinho da propria herdade fantastico. Este e um daqueles locais que sempre sentirei saudade."
"Linda vinicola encravada num local maravilhoso, hotel perfeito com vista sensacional e um restaurante magnifico com vinhos melhores ainda com qualidade excepcional assinados pelo enologo Luis Duarte. Visita obrigatoria na regiao do Alentejo."
"Segui sugestao do chef, Cachaco no forno com pure de abobora e mel, ficou aquem das expectativas faltava ligacao nos sabores, vinho, azeite, manteiga e pao alentejano muito bom.Sobremesa muito boa e fora do normal, laranja com calda e gelado de canela.Estetica interior Situado na planicie alentejana, entre Castro Verde e Beja. No IP2 perto da saida para Albernoa, entra para a Herdade dos Grous (bem sinalizado). Paisagem deslumbrante, tranquila e muito agradavel. Restaurante magnificamente decorado. Atendimento personalizadissimo. Comida muito boa. Recomendo"
"Comida excelente! Uma fusao perfeita dos sabores do Alentejo com a cozinha moderna! E tudo sempre acompanhado de vinhos muito bons! A nao perder!"
"Muito bom. Vale a pena o desvio.Vinhos fabulosos. Ambiente irrepreensivel. Atendimento fabuloso. Sem duvida vou voltar!!!!!!"
"Restaurante de Hotel, Comida boa e bem confecionada, com muito requinte, mas nao tem nada de tradicional e muito menos alentejana, salvo o nome!Espaco agradavel!Muito longe de Beja para ser identificado como restaurante de Beja, a cidade tem melhores ofertas, fica a mais Aqui tudo e magnifico desde a paisagem a  comida. Recomendamos a tipica tiborna, de pao crocante com flor de sal e azeite da herdade, o creme de abobora assada, pato a Bras, atum, lombinho de porco preto com pure de cogumelos e para finalizar a Em nome de todo o staff agradecemos a sua avaliacao, pretendemos sempre alcancar a maxima satisfacao dos nossos clientes e surpreender pela positiva quem nos visita."
"Vista para a Lagoa (mais de 90 hectares) e para as vinhas. Parque infantil e muito espaco para as criancas brincarem.Comida deliciosa, interpretada de forma moderna.Oportunidade de beber os vinhos da Herdade dos Grous."
"Os vinhos sao maravilhosos, mas a comida e espetacular! Nao da para nao ir! Melhor refeicao da minha vida!"
"Estavamos hospedados na Herdade e jantamos no seu excelente restaurante. O ambiente e agradavel e tranquilo, o servico competente e cordial, o que se observa em todo o hotel.A comida estava excelente: pratos tradicionais com toques de requinte, ingredientes frescos e boa apresentacao. Tudo Fim de semana na Herdade com amigos, o intento , para alem do descanso, era fazer um fimdesemana gastronomico. Comecamos por tapear, no bar, acompanhando com o vinho aconselhado, passamos depois para o restaurante e cada um pediu um prato diferente. A confeccao estava muito Boa noite Sr. Emanuel, queremos desde ja agradecer o tempo dedicado a avaliacao, mas principalmente pela vossa visita a Herdade dos Grous.Algumas vezes nao temos a paciencia devida para os mais pequenos, mas o nosso lema e mesmo apostar em todos os clientes pois Excelente Restaurante, com comida muito boa, tipica e bem apresentada, acompanhada de vinhos de muita qualidade. O espaco envolvente e espetacular, tranquilo. Aconselho vivamente a casais Em nome de todos os colaboradores da Herdade dos Grous, agradecemos a sua excelente avaliacao. Queremos prestar um servico em que a qualidade deve ser o nosso ponto forte.Com os melhores cumprimentos"
"A Herdade dos Grous e um destino de excelencia no Alentejo. E um sitio paradisiaco, numa vasta area, com belissimas paisagens de perder de vista...excelente para descansar, disfrutar de passeios a pe, de bicicleta, a cavalo, de balao, entre outras actividades gentilmente disponibilizadas. A prova Boa noite D. Claudia,Em nome de todos os colaboradores da Herdade dos Grous, queremos agradecer a sua avaliacao.Primamos pela qualidade e o bom servico, para tal todos os feedback sao importantes.Com os melhores cumprimentos"
"O atendimento e muito simpatico e profissional, o restaurante e muito bonito e agradavel. A comida estava fabulosa, pratos tipicos alentejanos com toque gourmet e muito bem acompanhados do vinho reserva da Herdade dos Grous que e muito bom! Fizemos tambem uma prova de vinhos Atendimento cuidado e comida muito bem confeccionada. Possibilidade de vinho a copo (Moon Harvested a 5 num copo bem generoso). A unica sugestao seria diversificar a forma como os legumes sao servidos nos pratos (repetitivo nos quatro pratos experimentados). Preco em conta (principalmente do couvert Foi um verdadeiro almoco de degustacaoDesde a tiborna passando pelas costelas de borrego a vitela, acompanhados pelo HG Reserva branco 2013, HG Tinto 23 Barricas 2013 e terminando com o HG Reserva 2011, com um servico a altura do menu!Experiencia a repetir"
"A comida e muito boa e representa bem os 'sabores alentejanos'. Quanto aos vinhos escusado sera dizer que ficamos muito bem servidos com os tintos, brancos e colheitas tardias da casa!"
"Restaurante de elevada qualidade e bom gosto, situado em herdade fantastica onde se consegue sentir todo o esplendor do Alentejo. Com bom tempo o terraco permite desfrutar ainda mais a beleza do local. Pratos com uma confecao excelente e apresentacao cuidada privilegiando a producao da E de facto um local acolhedor com uma bela paisagem circundante. Tem varios animais e baloicos para as criancas. Os quartos sao espacosos e bem decorados. Neste caso, podemos dizer que e melhor do que a fotografia.O pequeno almoco e bom com fruta, pao Aniversario da minha esposa como prenda uma ida com amigos a herdade dos grous para um almoco com prova de vinhos e com direito a canoagem e piscina, divinal. Ainda sinto o sabor do vinho 23 barricas na boca."
"Requinte, qualidade e simpatia. Um ambiente relaxante, convidativo a paz, a harmonia. A ruralidade alentejana. A comida e otima, de muita qualidade e servida com muito bom gosto. O atendimento e simpatiquissimo. Preco aceitavel para o nivel do servico prestado."
"Nao vou contar a Historia da Herdade dos Grous; recomendo que o leitor va a esta Herdade, faca uma prova de vinhos e oica o senhor Guilherme contar toda a Historia. Posso dizer que realmente  esta herdade foi comprada por um senhor Alemao e que Em primeiro lugar destaco a qualidade do restaurante. Mesmo que nao se durma, e de ir de proposito para almocar ou jantar. Merece estrelas Michelin, sem ficar a dever nenhum favor. Tudo o resto e confortavel e a paisagem muito bonita. Sobretudo vasta! O ceu O belo restaurante da propriedade nos proporcionou uma das melhores refeicoes que fizemos nesta viagem a Portugal.O atendimento foi muito cordial e atencioso.Os precos sao acima da media para regiao,porem vale cada centavo.A propriedade e linda,aconselho reservar cerca de 30 min a 1 hora para Couvert muito bom e tipicamente alentejano.As carnes sao otimas apesar dos molhos demasiado fortes.Boa oportunidade de provar os excelentes vinhos a copo.Claramente voltarei mas de verao"
"Fui para almocar e me surpreendi. O lombinho de porco preto foi a minha escolha. Para acompanhar o vinho moon harvested.Se puder nao deixe de visitar a adega e conhecer o sitio."
"Um otimo restaurante em um lugar fantastico. Fica dentro da vinicola Herdade dos Grous, com um vista linda e uma comida excelente! Vale a pena sair de Beja e vir almocar aqui."
"So com as entradas estamos almocados! Depois vem os pratos principais. Apesar da quantidade nao ser a esperada, e mais do que suficiente e a confeccao e a inovacao justificam o preco mais elevado. Os vinhos da Herdade sao excelentes, por isso reunem as condicoes Ficamos hospedados no hotel da Herdade. A noite como nada e perto resolvemos ficar para jantar. O cardapio e excelenet. Os vinhos da Grous todos ja conhecem, sao de grande qualidade. O hotel e simplesmente deslumbrante, proprio para ir com familia e filhos, tem de entrei e nao gostei do ambiente. a comida, bem prato do tamanho do autocarro e comida do tamanho dum nini. nem deu para saborear a comida. preco exorbitante enfim. o unico a grato foi a paisagem linda, de resto deixa muito a desejar. nao voltarei"
"Ja tinha estado na herdade dos grous a alguns anos mas nunca la tinha almocado.Eramos 11, 6 adultos e 5 criancas. Chegados a herdade dirigimo-nos ao bar onde ja estavam algumas pessoas a fazer uma prova dos vinhos da herdade. Sentamo-nos e pedimos uma Durante a minha estada na Herdade dos Grous, tive a oportunidade de tomar 2 refeicoes que superaram largamente as minhas expectativas.Um menu vinico com pratos muito bem confeccionados acompanhados de uma imaginacao do chefe de cozinha, simplesmente fantastico. Cada prato acompanhado por um vinho Recomendo o Costeletao e o Pato a Braz com batata doce. A tabua de sobremesas fecha a refeicao na perfeicao. O vinho dispensa apresentacoes."
"As instalacoes sao lindas, de muito bom gosto, em amplo terreno. A visita a adega e algo especial, bem como a degustacao, bastante profissional e didatica. Ha, tambem, um hotel fazenda muito bem preparado para quem busca o turismo rural."
"dentro da gastronomia tradicional do Alentejo, com alguma inovacao de sabores e apresentacao, muito bom, alem da paisagem que se avista a mesa do restaurante."
"Bodega muito turistica e de conducao muito engessada. Degustacao muito quadrada. Para que curte enoturismo fica um pouco a desejar. E conhecer pra ver"
"A decoracao e extraordinaria e o atendimento nao desilude. O servico e agradavel e os pratos sao deliciosos. Finalmente, o vinho e de 'chorar por mais'. Recomendo o arroz de bacalhau acompanhado com um copo de Moon Harvested."
"Toda a Herdade e fantastica. Os quartos amplos mas confortaveis, com lareira e lenha a disposicao, o que cria um ambiente fantastico. Aquecimento a funcionar na perfeicao mesmo nas noites frias. A Paisagem e a tranquilidade sao fantasticas, proporcionando o ambiente perfeito para uma caminhada O Gourmet serve de desculpa para o valor exagerado que cobram. Eu pago para comer bem, nao para me levantar e ficar com fome. Grandes pratos pouca substancia, com conta elevada demais."
"Ementa elaborada por o melhor Chef, em Portugal.Local com paisagens unicas.Nao encontrei pontos negativos."
"A Herdade dos Grous e um local lindo. Eles produzem vinhos excelentes e nos apreciamos alguns com o almoco. A comida e boa, assim como o servico. Ha um ano, estivemos aqui e comemos aqui. Infelizmente, o hotel esta fechado, mas o restaurante ainda esta aberto. A comida continua boa, mas nao e excepcional como era. Ainda vale a pena uma visita para o almoco."
"Excelente vinho, vinhedos em todos os lugares, degustacao de azeite de oliva, belas propriedades para andar de bicicleta, cavalgadas, pedalinho e muito mais. Os quartos sao grandes e bem decorados. As tarifas sao boas e incluem um saboroso buffet de cafe da manha, alem da maioria das outras atividades. Ha um adoravel pacote de frutas bem-vindo e uma garrafa de vinho (chocolates no travesseiro) esperando por voce. A equipe e agradavel e acolhedora. O restaurante esta em um belo cenario, no entanto, eles poderiam melhorar seus jantares.Espero voltar no proximo ano."
"Tivemos o menu fixo de 5 campos mais os vinhos correspondentes. A comida estava muito boa. Eu simplesmente nao gostava tanto dos seus vinhos."
"Herdade dos grous e um belo lugar onde voce pode relaxar, nadar, andar de bicicleta, pescar e ... comer comida melhor do que a media Portuguesa! Eu tinha um enorme bife de vitela na exploracao, ??? como desejar, muito saborosa! tintos finos produzidos em uma vinicola muito moderno, muito simpatica equipe! Eu gostei da minha estadia!"
"Localizado na Herdade de grous of the resort, que tambem e um bem conhecido winery, o restaurante apresenta uma pequena, mas bem menu equilibrado, com pratos regionais, com um toque de modernidade, com muito bom valor ao dinheiro proposicao. Os vinhos da vinicola sao muito bons"
"A estrutura da vinicola, no espantoso. bela entrada com 500 oliveiras de arvores e Architecture de estilo do Alentejo. Otimo passeio da Herdade e depois um fatastic degustacao de vinhos. Ainda Por cima, tivemos um almoco com uma variedade de alimentos tipico bairro de Alentejo acompanhado com vinho. Experiencia maravilhosa do inicio ao fim."
"Realmente excelente comida a isto vinha / fazenda / hotel / restaurante. Quase deu 5/5 mas tentando ser mais exigente!Espargos com ovos codornas, beautiflly preparadoSopa - de pepino com algum laranja e abacatePato - no local.Costela de cordeiro - nao economiza na porcao; perfeitamente preparados.O seu proprio vinho e bom, tentamos o branco reserva -- uma mistura de interesses, incluindo Verdejo e Viognier. Nos compramos algumas vermelho da loja, mas ainda nao tentei ainda !!Isto parece um otimo lugar para ficar se voce dirigir por Portugal. E se voce estiver ficando mais voce pode tentar mais do vinho e fazer uma visita !"
"cenario maravilhoso, maravilhoso restaurante, possivelmente, o quarto melhor hotel em que ja me hospedei, e de longe o melhor cafe da manha que ja comi em qualquer lugar. 10/10, este lugar e magico, com toda a comida que eles servem provenientes da propriedade e, obviamente, o vinho proveniente da vinha que traz significado verdadeiro de produtos locais frescos."
