Avaliacoes
"Jantar delicioso desde as entradas as sobremesas . Tudo feito com muito amor e produtos de qualidade , sem duvida grandes profissionais."
"divinal,....... chefe excelente , staff top, ambiente e musica A altura. Experiencia gastronomica  excelente,  com vinhos a altura e comida incorporada num toque simplesmente de categoria ,sem duvida muito boa, a voltar certamente."
"Sala ampla e de enorme bom gosto. Carta a privilegiar o que a Herdade oferece e com pratos muito bem apresentados e plenos de sabor. Os vinhos da Herdade sao excelentes e, embora existam outras possibilidades, acompanham na perfeicao quase tudo o que se possa imaginar. Servico amigavel, muito simpatico e com um apoio solido no aconselhamento das harmonizacoes vinicas. Um hotel como este so podia merecer um restaurante assim Os vinhos por si so ja sao uma otima experiencia.  Agora almocar na Molhadinha e ainda melhor.  Com consultoria do competente chef Joachim Koerper servico e menu de excelencia. Nao deixe de provar o azeite produzido ali mesmo."
"O restaurante e incrivel. o ambiente e muito gostoso, com vista para os jardins e instalacoes da vinicola. Os garcons extremamente gentis e atenciosos. A comida e diferenciada. Tudo muito bem elaborado, fresco e delicioso. Sem contar que e majoritariamente organico. Comi uma posta de bacalhau que estava simplesmente divida e certamente foi o melhor prato de bacalhau que ja comi na vida (e olha que experimentei muitos por ai...). Os vinhos entao, um caso a parte! Eles recomendam os vinhos que melhor combinam com cada prato em taca, entao fica a combinacao perfeita, ao inves de ter que pedir uma garrafa inteira que nem sempre atende ao gosto de todos os presentes. Recomendo fortemente."
"Restaurante sofisticado, comida boa mas nada espetacular, porcoes muito pequenas. Os vinhos da Malhadinha Nova sao excelentes. Preco muito elevado. Valeu como experiencia depois de ter visitado a vinicola."
"Uma experiencia gastronomica unica. O local e muito agradavel o ambiente descontraido... comida e uma experiencia unica e muito agradavel e saborosa"
"Excelente restaurante dentro de uma herdade linda com uma maravilhosa adega. Finalmente conheci a herdade  e adega dos meus vinhos favoritos. O jantar estava maravilhoso. O atendimento fantastico"
"o restaurante estava cheio, mas mesmo assim o menu de 6 pratos de degustamos correu no ritmo certo. pratos apelativos e bem confecion ados e apresentados."
"Como parte da minha estadia visitei o restaurante e nao desiludiu,ambiente e decoracao no ponto,servico excecional com staff muito bem treinado,vinho de excelente qualidade e comida de deixar agua na boca!! Jantar a dois fantastico,e a atencao de nos transportarem do hotel ao restaurante foi apreciado!"
"Ja conhecia os vinhos mas nao sabia da culinaria desse lugar. Atendimento otimo, lugar agradavel  e com harmonia de vinhos muito bons."
"O restaurante e de fato muito bonito. No entanto, os precos sao altos e nao compensam. Pedi um duo de porco preto e o prato mais parecia infantil, de tao pequeno. Isso por 24 euros o prato. O alentejo e caracterizado por comida boa e Infelizmente foi muito triste so eramos nos no restaurante o preco alto e a comida a desejar. Pena, pois o lugar e bonito e o atendimento muito bom! Nao vamos voltar! Ja era a terceira vez que la iamos!"
"Em vespera de alguns de nos partirem para o Brasil, tentamos visitar uma adega no Alentejo, apos uma passagem por Evora. A primeira foi na Herdade do Esporao e nao resultou nem agradou. Sobrou antipatia das colaboradoras... Na Malhadinha Nova, herdade mais pequena que a Esperava muito mais deste espaco, em especial do restaurante. A visita a quinta foi agradavel, embora muito a 'correr' e o mesmo aconteceu na visita a adega e prova de vinhos. Quando chegou ha hora de comprar vinhos, a oferta era muito exigua. A refeicao Lugar muito bonito, proximo a Beja, no baixo Alentejo. Contratei um almoco para duas pessoas, com direito a degustacao de 3 vinhos da producao propria (um branco, um rose e um tinto) e uma visita guiada a propriedade (plantacao das uvas e onde e feita Ha 5 anos que no fim das ferias de verao no sul de Portugal vamos ao restaurante da Herdade da Malhadinha Nova. O espaco, sobretudo o espaco exterior, com caes, cavalos e galinhas e galinholas a bicar; a comida sempre de grande qualidade e muitas A recepcao da Pousada Convento em Beja altamente recomendado este restaurante - foi uma boa recomendacao como nos provavelmente nao teria descoberto por conta propria. Primeiro, o ambiente. Quase o suficiente para dizer que era em uma vinicola - um ambiente tranquilo e agradavel, com paredes de vidro com vista para o jardim da adega e o jardim imediatamente do lado de fora, onde os pavoes se alimentavam. O servico foi excelente - atencioso, pontual e eficaz. O couvert fora fresco dos rolos de forno, azeite, sal e manteiga. Nos tivemos tres cursos. Uma entrada de cavala e caviar de planta de ovo, o lombo de vitela e bife de vitela e duas sobremesas - um figo eo outro um bolo de morango / amendoa. Nos fomos alertados os desertos levaria ate 15 minutos para preparar permitindo uma pausa agradavel para desfrutar do nosso vinho. Todos foram excelentes - bem preparados, bem apresentados com excelentes sabores. Uma garrafa de seu bom vinho tinto encheu-a. Note-se que este restaurante esta na arena de refeicoes e que vem com um preco, mas para a qualidade dos pratos nao esta fora de sintonia com outro restaurante fino. Apos o almoco um do produtor de vinho deu-nos um tour da propriedade, explicou o seu processo de vinificacao e ofertou tres vinhos para degustacao - bem feito."
"Tivemos um grupo de 6 e tivemos uma experiencia absolutamente fabulosa. Primeiro visitamos a propriedade e aprendemos muito sobre as variedades de uva e os metodos de cultivo. Logo nos visitamos a area de producao e novamente nos tivemos uma explicacao muito bem informada dos metodos usados para fazer os varios vinhos. Isto foi seguido por uma degustacao que foi muito util. Apos a degustacao, apreciamos um excelente almoco de 3 pratos com vinho. A comida foi muito bem apresentada, muito saborosa e extremamente agradavel por toda a parte. Os funcionarios foram todos muito, muito util e encantador. Foi um grande sucesso e vamos voltar!"
"Esta e uma bonita pequena vinha que se concentra na qualidade dos seus vinhos e no restaurante. E tudo muito chique e lindamente estilizado. Nos amamos nosso tour da vinha e da sessao de degustacao que tivemos. Vinhos lindos, elegantes e modernos. Entao, nos ficamos para o almoco e tivemos uma refeicao realmente deliciosa. Ingredientes maravilhosos apresentados bem e preparados de uma forma muito moderna. No entanto, existe um pequeno elemento de estilo sobre a substancia, em termos de sabor e volume de alimento. Alem disso, a opcao vegetariana era apenas um risoto - um bom, mas uma oferta chata em comparacao com os pratos de carne. Eu nao diria que a comida foi particularmente characterful, e e talvez um toque mais caro, mas tudo estava cheio de caracter e tivemos um tempo realmente adoravel em geral."
"Quando chegamos a esta maravilhosa vinicola, passeamos pela propriedade, vimos as videiras, aprendemos tudo sobre como as uvas sao cultivadas e colhidas - tambem vimos porcos pretos, gado e aprendemos sobre como a vinicola e tao sustentavel quanto possivelmente pode. Em seguida, visitamos a vinicola e vimos todos os processos pelos quais as uvas passam e como os varios vinhos sao produzidos. Apos uma sessao de degustacao de vinhos, nos nos mudamos para o restaurante muito elegante, que olhou para a bela paisagem. As nossas refeicoes foram soberbo - eu tinha o prato preto de porco para o meu prato principal que foi excelente, e, claro, a nossa refeicao foi acompanhada por vinho maravilhoso. Alguns da familia que administram a vinicola estavam la celebrando um aniversario e eles gentilmente nos compraram alguns dos deliciosos bolos de aniversario. Foi tao agradavel conhecer a familia que e tao apaixonada pela fabulosa vinicola que administram. Todos concordamos que a nossa visita a adega foi excelente em todos os sentidos e definitivamente visitar novamente."
