,Avaliações
0,"Gostei de tudo"
1,"Decoração e comodidade"
2,"Nada de negativo a apontar...
Se pudesse adicionar algo seria um local para estacionar, o que em pleno centro de Beja seria um dificílimo luxo.. Portanto muito bom. "
3,"Da simpatia, dos cuidados e detalhes nas comodidades, como água e café.
Bastante limpo, tranquilo e confortável.
Sra. Joana extremamente simpática, atenciosa e prestável. "
4,"O espaço fica localizado por cima de um bar ou discoteca  porque entre as 23h e as 04h ouviu-se música muito alta e muitas pessoas a conviver.
Não conseguimos dormir.
Ponderados ir embora.
Devia existir informação que o alojamento fica por cima de um bar ou discoteca porque ninguém consegue descansar.
Muito mau!
Experiência muito negativa."
5,"Do quarto, cama, WC, espaço interior muito giro."
6,"Tudo"
7,"De tudo"
