,Avaliações
0,"- A água quente demorou muito tempo a chegar à torneira da banheira (tive mesmo que interromper o banho e ir ao encontro da funcionária).
- Vistas do quarto (janela dava para pátio interior)
- Deveriam colocar um eletrocutor de insetos na sala do pequeno-almoço (as moscas massacram-nos)."
1,"Gostei, sobretudo, da casa, do espaço envolvente, do local do pequeno-almoço e do próprio pequeno-almoço (muito bom).
De salientar a simpatia e o profissionalismo da funcionária/ ""governanta""."
2,"É impossível usufruir da envolvente da piscina por causa da praga de moscas. O quarto, ao contrário do publicitado, não tem uma única cadeira, não tem secretária, não tem tomadas de eletricidade suficientes. Não havendo qualquer hipótese de usufruir de uma refeição a não ser a 15 Km, em Beja, deveria de haver em cada quarto uma mini frigorífico para se poder ter bebidas frescas. Na sala comum deveria de haver uma máquina de café nem que fosse de moedas."
3,"Casa muito bonita e decorada com muito bom gosto. Funcionárias muito simpáticas. Pequeno almoço espetacular e piscina muito boa desde que estejas dentro de água"
4,"Não há nenhuma indicação da senha do Wi-Fi. Apesar de ter todas as condições para ser um excelente local para uns dias de descanso, tem um problema: as moscas. É impossível estar na piscina, a não ser dentro de água. Fora, é impossível, com tanta mosca. Suponho que isso se deva à proximidade de animais, mas é simplesmente impossível desfrutar do espaço. Não se consegue estar em repouso ou ler um livro.
O outro problema, que não é culpa do alojamento, é o acesso por uma estrada de terceiro-mundo, completamente esburacada e um verdadeiro teste à suspensão e pneus do automóvel."
5,"Bom pequeno almoço, pessoal simpático, bom alojamento."
6,"Não pedem certificados de vacinação ou testes negativos no check in.
Não há qualquer informação que nos espaços comuns os hospedes têm de usar mascaras."
7,"Lugar calmo com bons acessos.  Um bom pequeno almoço."
8,"Tudo aceitável"
9,"Atendimento da Nádia e pequeno almoço muito bom
Quartos grandes e confortáveis"
10,"Algumas moscas e vespas na beira da piscina, pelas quais o alojamento não tem qualquer culpa;"
11,"Localização, espaço em geral, staff simpático; pequeno almoço."
12,"Ao chegar, pelas 20h, depois de um dia de pico de calor alentejano e com crianças, só apetecia piscina e jantar, mas o tratamento da piscina acabara de ser feito e refeição só em Beja. Foi-nos explicada a razão do tratamento ocorrer naquele horário e o jantar em Beja foi ótimo. Tudo se resolveu pelo melhor, mas talvez esta informação (check-in até às 19h e alimentação não disponível) deva ser sublinhado."
13,"A amabilidade e simpatia de quem nos recebeu!!! O quarto, com camas ""twin"", dá perfeitamente para 4 pessoas (2 adultos e 2 crianças). Para as crianças, o bilhar e a piscina foram um sucesso. O pequeno-almoço é ótimo, com variedade q.b. de fruta, pães e bolinhos (só faltou o chocolate em pó para as crianças, mas ficou como sugestão e havia cereais)!"
14,"Uma vez que o alojamento é isolado e não existe bar, os quartos deveriam ter um frigobar para haver a possibilidade de ter bebidas frescas"
15,"Cama confortável. O quarto estava muito limpo.
Pequeno almoço é de muito boa qualidade"
16,"A estrada de acesso está em más condições. Muitas moscas junto à piscina."
17,"Do sossego, das comodidades e do pequeno-almoço.
Apesar da restrição da hora limite para o check-in, após coordenação, tínhamos alguém à nossa espera apesar do atraso."
18,"Pois informação sobre a zona, nomeadamente restauração."
19,"Ótimo pequeno almoço. Piscina muito agradável. Espaços limpos e muito bem decorados."
20,"Se por um lado a localização é excelente pela tranquilidade e vistas que proporciona, torna-se numa desvantagem tendo em conta que não existem locais para refeições nas proximidades."
21,"A simpatia e disponibilidade da Nádia.
A piscina e a sua envolvência.
O pequeno almoço bastantes variado e preparado com todo o cuidado."
22,"Nao tem tv! mas em descanso nao fez mta falta! A agua saia um pouco escura da casa de banho quando se abre a agua! tem de se deixar correr durante um pouco.Nao havia muitas cadeiras a beira da piscina"
23,"Da casa antiga e preservada com a beleza rustica e caracteristica da regiao. O snooker para distrair. a piscina! o pequeno almoço! a paisagem e por ultima mas nao menos relevante a NADIA! muito simpatica e acolhedora."
24,"A área circundante ao edifício principal e ligações com as comodidades poderiam estar mais cuidados. As casas de banho deveriam ser renovadas e deveria haver um cuidado com os cheiros de esgotos dentro dos quartos. Algumas comodidades, na minha opinião, deveriam estar disponíveis como: internet (inexistente), frigobar nos quartos (inexistente),  bar indisponível, tv nos quartos, poderiam ter mais informação sobre a região e acordos com restaurantes e museus."
25,"A localização deslumbrante, a funcionária, o pequeno almoço, a decoração."
26,"Bom pequeno almoço e ótima funcionaria."
27,"Não haver refeição ao jantar.
Não haver Wi-Fi gratis."
28,"Sossego.
Simpatia.
Piscina, pequeno-almoço, água 1.5L grátis.
Simpatia dos outros hópedes."
29,"A falta de televisão no quarto"
30,"Sítio ideal para descansar, excelente piscina e o bom pequeno almoço. Simpatia da Giciane que esteve sempre disponível!"
31,"Da distancia que fica tudo!"
32,"Pequeno almoço muito bom.
Pena não servirem refeições ligeiras, temos que nos deslocar muito para fazer-mos refeições."
33,"Não haver Wi-Fi. "
34,"Da localização, tem uma vista linda, típica alentejana. A funcionária é muito simpática, muito eficiente e sempre disponível. A casa é típicamente alentejana, e fazem-nos sentir como se estivessemos na nossa casa. "
35,"A aguarda piscina poderia ser melhor filtrada. Algumas coisas na casa de banho necessitam de manutenção. Zona jardinada à volta da piscina diminuiria a entrada de terra e folhas na piscina."
36,"A simpatia de quem nos recebeu foi formidável! O pequeno almoço era excelente e variado. A anfitriã ver-nos sentir em casa. O AC nos vários espaços foi uma agradável surpresa. Gostamos das árvores que rodeiam o espaço é da variedade de vegetação."
37,"O cheiro a esgoto que vinha da casa de banho.
Só haver uma funcionária para dar atenção a tanta coisa."
38,"Lugar tranquilo e a piscina agradável.
A funcionária muito simpática.
O pequeno almoço muito bom.
O serão o bilhar é uma boa companhia."
39,"As instalações precisam de renovação e cuidado, existem problemas notórios de infiltrações e humidade. Durante o fim de semana o quarto não foi alvo de qualquer limpeza nem de arrumação. Wi-Fi inexistente. O salão de pequeno almoço é virado ao sol, sem qualquer protecção nos janelões existentes, o que torna o ambiente extremamente quente."
40,"O pequeno almoço era simples mas com qualidade. A simpatia e disponibilidade da única funcionária foi excelente, sempre prestável e super simpática, deixou-nos o seu contacto móvel desde a nossa chegada para qualquer eventualidade. O local é muito tranquilo, óptimo para descansar. Roupa de cama e de banho imaculadamente limpa."
41,"Os acessos, as estradas podiam estar melhoradas.
Acho que a piscina devia ter a indicação da profundidade que tem
O quarto flores à noite quando os outros hóspedes estão na sala de convívio não se consegue dormir. "
42,"A D. Nádia foi sempre muito simpática.
O pequeno almoço era bom e a limpeza também estava sempre em dia. "
43,"- Quarto Azul com cheiro a esgoto. Durante a noite fez-se notar um cheiro a amoníaco, oriundo de uma descarga na canalização que provocou intoxicação respiratória e irritação da vista a uma das pessoas e fez com que tivesse de ser medicada.
 Surpreendentemente, quando reclamámos,  ninguém estranhou e ainda confirmaram a existência do cheiro a desinfetante… fomos forçados a trocar de quarto! "
44,"Pequeno almoço
Simpatia dos funcionários e prontidão!"
45,"A água da piscina estava suja, parecendo não haver manutenção há algum tempo. Não há manutenção diária dos quartos. Seria um local excelente se estivesse mais cuidado. "
46,"A simpatia e disponibilidade da Nádia, o pequeno almoço variado, a decoração e enquadramento do monte na natureza. "
