Avaliacoes
"A amabilidade das funcionarias D. Francisca e D. Dolores. Muito GENTIL!"
"Da hospitalidade e simpatia dos funcionarios e donos."
"Nada a dizer."
"Nao tomei o pequeno almoco porque sai cedo, e nao tinha marcado . A localizacao e muito boa, com acesso a tudo."
"Tudo"
"Pequeno almoco??? Nao vi. Quarto? Com uma claraboia para despertar com a clarear do dia, nao tinha blackout!"
"De nao ter pequeno almoco"
"De tudo, desde a simpatia e disponibilidade dos colaboradores, de nos porem a vontade para usar a cozinha e sala se estar, do pequeno lanche  sempre disponivel, cafe, cha, agua, bolinhos. Do espaco exterior, no meu caso o meu quarto dava para o alpendre onde tinha uma mesa com cadeiras para aproveitar ali o descanso. Um sitio maravilhoso e sem duvida que e para voltar"
"Da luz que entrava na claraboia de um dos quartos."
"Gostei principalmente da localizacao muito central."
"Embora o jacuzi seja bastante agradavel as fotos induzem em erro (parece uma piscina maior)."
"A simpatia de todos e a limpeza impecavel."
"O conforto da cama e O barulho"
"Decoracao muito caracteristica"
"Houve quebras de energia que dificultafam um pouco a estadia. Penso que devia haver manutencao dos espacos ja bastante envelhecidos e dos equipamentos danificados. O meu quarto nao tinha, por exemplo, toalheiros."
"Da localizacao, da simpatia da equipa e do ambiente do espaco."
"O que nao gostamos foi a ausencia do pequeno-almoco, que teria permitido usufruir do alojamento, para alem de dormir e frequentar a piscina (que mais parecia um tanque em que a agua gelada e o desinfetante nao aconselhavam a ali permanecer por muito tempo). Atenta a localizacao do alojamento, proximo da igreja, o acordar era sempre ao som do sino  as 08h00. Pelo facto do nosso quarto ser situado junto a porta de entrada do estabelecimento era nos audivel o ruido provocado pela saida dos hospedes. Nunca foi possivel aceder a internet no quarto primavera, assim como nao foi possivel efetuar o pagamento via multibanco por falha de rede, no entanto, a pouco metros existe um multibanco."
"O mais gostamos foi da simpatia e disponibilidade da colaboradora, bem assim como pelo facto de o alojamento ter poucos hospedes. O alojamento tem uma decoracao simpatica, dispoe de maquina para tomar ou cha e cozinha equipada. A sala de estar convida a momentos de leitura em que sao disponibilizados livros."
"Gostamos de tudo."
"Bem localizado, simpatia de todos os funcionarios e o acolhimento do nosso gato!"
"Nao tivemos pequeno almoco devido a Covid 19, mas ja conheco o servico da casa e e optimo. A casa de serpa e para mim familiar, pois no passado foi muito importante e feliz da minha vida."
"Nunca tive wi-fi no quarto. Nao serviam pequeno-almoco. Bastante ruido junto ao quarto. Fechaduras muito ruidosas"
"Gostei da Localizacao. Havia sempre lugar para o carro, perto. Funcionarias simpaticas."
"Wc muito pequeno"
"OK, aceito a ausencia de pequeno almoco por causa da pandemia. Mas nao tolero o problema, claro, que o quarto tinha, com bicho da prata, penso devem intervir sobre a situacao, apesar de compreender a dificuldade, por ser uma casa antiga, com antiguidades, etc.."
"Localizacao, simpatia e disponibilidade dos proprietarios, aceitarem caes."
"O acesso ao quarto por um patio tipicamente alentejano tinha imenso charme. Podia estar com a porta do quarto aberta para o patio. Muito agradavel mesmo."
"Nada a assinalar"
"Localizacao. Pessoa atencioso. Bem decorado, limpo e bons espacos comuns de lazer."
"A primeira foto da propriedade induz em erro ja que parece uma grande piscina mas, na realidade e muito pequena, semelhante a um jacuzzi."
"Gostamos muito da arquitetura da casa e dos tetos antigos, trabalhados e pintados. Ficamos um pouco desiludidos porque tinhamos marcado a estadia com pequeno almoco incluido e devido a pandemia nao foi servido... Quanto a localizacao, o alojamento situa-se, num largo, numa zona central, sem muito movimento e por isso sossegado."
"Da forma como a entidade patronal tratou do meu caso e da apresentacao. Sem mascara tive que chamar a atencao e no ultimo dia veio dirigir-se a mim de chinelo calcao e muito sujo. Dizendo quera um hoteleiro."
"Da livre circulacao e discricao por parte dos funcionarios."
"Por causa da pandemia nao houve pequeno-almoco. Poderia haver um travesseira baixa."
"O colchao da cama era excelente! A limpeza tambem foi feita e a cama foi feita.  As almofadas eram altas, mas esse e um problema meu, pois so gosto de almofadas baixas. Tranquilo, calmo, seguro."
"a piscina um pouco maior"
"Nao havia pequeno almoco mas foi uma estadia muito agradavel pessoas muito simpaticas"
"Falta ar condicionadop"
"Das obras em curso (no site deveriam fazer mencao),do tamanho exiguo do choveiro."
"Da simpatia,do sossego,da localizacao."
