Avaliacoes
"Tudo adequado apesar das baixas temperaturas a que o AC existente (4 aparelhos) teve de enfrentar."
"Casa tradicional recentemente renovada com todas as comodidades necessarias para uns dia bem passados. Uma pequeno sala de estar, dois quartos, uma sala de refeicoes e uma cozinha tornam esta pequena casinha de cores amarelas uma muito boa opcao para ficar em Beja. Dispoe ainda de um terraco que permite uma visao do horizonte a nascente."
"Nao ha nada que nao tivessemos gostado. A casa e simplesmente muito agradavel, tanto em termos de localizacao quanto em termos de conforto!"
"A localizacao e muito boa! A casa e muito agradavel, limpa, organizada! As camas, confortaveis! Os anfitrioes muito simpaticos e cordiais. Estiveram sempre em contacto connosco para que, ao chegar, nao tivessemos que esperar para receber as chaves; ja la estavam estacionados a nossa espera. Muito atenciosos!"
"Momentos em que havia algum mau cheiro na casa de banho (canalizacao) e alguma humidade em algumas paredes"
"Gostamos muito da casa em termos gerais. Excelente localizacao, local sossegado a noite, limpeza, simpatia da proprietaria."
"Casa muito comoda,  com boa localizacao,  anfitrioes muito simpaticos. A repetir!"
"Decoracao muito bonita. Boa localizacao."
"Nada a apontar."
"Alojamento impecavel, localizacao excelente em rua calma perto do castelo. Limpeza impecavel e anfitria simpatica e acessivel. A estadia foi excelente, recomendo e iremos voltar concerteza."
"nada"
"Muito simpatica e acolhedora. Tem tudo o que e necessario para passar uns bons dias."
"Nada em especial"
"Da casa em geral"
"Boa localizacao para visitar o Baixo Alentejo. Arquitetura e decoracao. Facilidade de estacionamento. Proximidade ao centro historico."
"Simpatico, acolhedor e boa localizacao. A simpatia de quem nos recebeu, Casa tipica e ideal para estar com a familia. Perto do castelo e a 15 minutos do centro, a pe"
