Avaliacoes
"A agua quente demorou muito tempo a chegar a torneira da banheira (tive mesmo que interromper o banho e ir ao encontro da funcionaria). Vistas do quarto (janela dava para patio interior). Deveriam colocar um eletrocutor de insetos na sala do pequeno-almoco (as moscas massacram-nos)."
"Gostei, sobretudo, da casa, do espaco envolvente, do local do pequeno-almoco e do proprio pequeno-almoco (muito bom). De salientar a simpatia e o profissionalismo da funcionaria/ governanta."
"E impossivel usufruir da envolvente da piscina por causa da praga de moscas. O quarto, ao contrario do publicitado, nao tem uma unica cadeira, nao tem secretaria, nao tem tomadas de eletricidade suficientes. Nao havendo qualquer hipotese de usufruir de uma refeicao a nao ser a 15 Km, em Beja, deveria de haver em cada quarto uma mini frigorifico para se poder ter bebidas frescas. Na sala comum deveria de haver uma maquina de cafe nem que fosse de moedas."
"Casa muito bonita e decorada com muito bom gosto. Funcionarias muito simpaticas. Pequeno almoco espetacular e piscina muito boa desde que estejas dentro de agua"
"Nao ha nenhuma indicacao da senha do Wi-Fi. Apesar de ter todas as condicoes para ser um excelente local para uns dias de descanso, tem um problema: as moscas. E impossivel estar na piscina, a nao ser dentro de agua. Fora, e impossivel, com tanta mosca. Suponho que isso se deva a proximidade de animais, mas e simplesmente impossivel desfrutar do espaco. Nao se consegue estar em repouso ou ler um livro. O outro problema, que nao e culpa do alojamento, e o acesso por uma estrada de terceiro-mundo, completamente esburacada e um verdadeiro teste a suspensao e pneus do automovel."
"Bom pequeno almoco, pessoal simpatico, bom alojamento."
"Nao pedem certificados de vacinacao ou testes negativos no check in. Nao ha qualquer informacao que nos espacos comuns os hospedes tem de usar mascaras."
"Lugar calmo com bons acessos.  Um bom pequeno almoco."
"Tudo aceitavel"
"Atendimento da Nadia e pequeno almoco muito bom. Quartos grandes e confortaveis"
"Algumas moscas e vespas na beira da piscina, pelas quais o alojamento nao tem qualquer culpa;"
"Localizacao, espaco em geral, staff simpatico; pequeno almoco."
"Ao chegar, pelas 20h, depois de um dia de pico de calor alentejano e com criancas, so apetecia piscina e jantar, mas o tratamento da piscina acabara de ser feito e refeicao so em Beja. Foi-nos explicada a razao do tratamento ocorrer naquele horario e o jantar em Beja foi otimo. Tudo se resolveu pelo melhor, mas talvez esta informacao (check-in ate as 19h e alimentacao nao disponivel) deva ser sublinhado."
"A amabilidade e simpatia de quem nos recebeu!!! O quarto, com camas twin, da perfeitamente para 4 pessoas (2 adultos e 2 criancas). Para as criancas, o bilhar e a piscina foram um sucesso. O pequeno-almoco e otimo, com variedade q.b. de fruta, paes e bolinhos (so faltou o chocolate em po para as criancas, mas ficou como sugestao e havia cereais)!"
"Uma vez que o alojamento e isolado e nao existe bar, os quartos deveriam ter um frigobar para haver a possibilidade de ter bebidas frescas"
"Cama confortavel. O quarto estava muito limpo. Pequeno almoco e de muito boa qualidade"
"A estrada de acesso esta em mas condicoes. Muitas moscas junto a piscina."
"Do sossego, das comodidades e do pequeno-almoco. Apesar da restricao da hora limite para o check-in, apos coordenacao, tinhamos alguem a nossa espera apesar do atraso."
"Pois informacao sobre a zona, nomeadamente restauracao."
"Otimo pequeno almoco. Piscina muito agradavel. Espacos limpos e muito bem decorados."
"Se por um lado a localizacao e excelente pela tranquilidade e vistas que proporciona, torna-se numa desvantagem tendo em conta que nao existem locais para refeicoes nas proximidades."
"A simpatia e disponibilidade da Nadia. A piscina e a sua envolvencia. O pequeno almoco bastantes variado e preparado com todo o cuidado."
"Nao tem tv! mas em descanso nao fez mta falta! A agua saia um pouco escura da casa de banho quando se abre a agua! tem de se deixar correr durante um pouco.Nao havia muitas cadeiras a beira da piscina"
"Da casa antiga e preservada com a beleza rustica e caracteristica da regiao. O snooker para distrair. a piscina! o pequeno almoco! a paisagem e por ultima mas nao menos relevante a NADIA! muito simpatica e acolhedora."
"A area circundante ao edificio principal e ligacoes com as comodidades poderiam estar mais cuidados. As casas de banho deveriam ser renovadas e deveria haver um cuidado com os cheiros de esgotos dentro dos quartos. Algumas comodidades, na minha opiniao, deveriam estar disponiveis como: internet (inexistente), frigobar nos quartos (inexistente),  bar indisponivel, tv nos quartos, poderiam ter mais informacao sobre a regiao e acordos com restaurantes e museus."
"A localizacao deslumbrante, a funcionaria, o pequeno almoco, a decoracao."
"Bom pequeno almoco e otima funcionaria."
"Nao haver refeicao ao jantar. Nao haver Wi-Fi gratis."
"Sossego. Simpatia. Piscina, pequeno-almoco, agua 1.5L gratis. Simpatia dos outros hopedes."
"A falta de televisao no quarto"
"Sitio ideal para descansar, excelente piscina e o bom pequeno almoco. Simpatia da Giciane que esteve sempre disponivel!"
"Da distancia que fica tudo!"
"Pequeno almoco muito bom. Pena nao servirem refeicoes ligeiras, temos que nos deslocar muito para fazer-mos refeicoes."
"Nao haver Wi-Fi."
"Da localizacao, tem uma vista linda, tipica alentejana. A funcionaria e muito simpatica, muito eficiente e sempre disponivel. A casa e tipicamente alentejana, e fazem-nos sentir como se estivessemos na nossa casa."
"A aguarda piscina poderia ser melhor filtrada. Algumas coisas na casa de banho necessitam de manutencao. Zona jardinada a volta da piscina diminuiria a entrada de terra e folhas na piscina."
"A simpatia de quem nos recebeu foi formidavel! O pequeno almoco era excelente e variado. A anfitria ver-nos sentir em casa. O AC nos varios espacos foi uma agradavel surpresa. Gostamos das arvores que rodeiam o espaco e da variedade de vegetacao."
"O cheiro a esgoto que vinha da casa de banho. So haver uma funcionaria para dar atencao a tanta coisa."
"Lugar tranquilo e a piscina agradavel. A funcionaria muito simpatica. O pequeno almoco muito bom. O serao o bilhar e uma boa companhia."
"As instalacoes precisam de renovacao e cuidado, existem problemas notorios de infiltracoes e humidade. Durante o fim de semana o quarto nao foi alvo de qualquer limpeza nem de arrumacao. Wi-Fi inexistente. O salao de pequeno almoco e virado ao sol, sem qualquer proteccao nos janeloes existentes, o que torna o ambiente extremamente quente."
"O pequeno almoco era simples mas com qualidade. A simpatia e disponibilidade da unica funcionaria foi excelente, sempre prestavel e super simpatica, deixou-nos o seu contacto movel desde a nossa chegada para qualquer eventualidade. O local e muito tranquilo, optimo para descansar. Roupa de cama e de banho imaculadamente limpa."
"Os acessos, as estradas podiam estar melhoradas. Acho que a piscina devia ter a indicacao da profundidade que tem. O quarto flores a noite quando os outros hospedes estao na sala de convivio nao se consegue dormir."
"A D. Nadia foi sempre muito simpatica. O pequeno almoco era bom e a limpeza tambem estava sempre em dia."
"- Quarto Azul com cheiro a esgoto. Durante a noite fez-se notar um cheiro a amoniaco, oriundo de uma descarga na canalizacao que provocou intoxicacao respiratoria e irritacao da vista a uma das pessoas e fez com que tivesse de ser medicada.  Surpreendentemente, quando reclamamos,  ninguem estranhou e ainda confirmaram a existencia do cheiro a desinfetante... fomos forcados a trocar de quarto!"
"Pequeno almoco. Simpatia dos funcionarios e prontidao!"
"A agua da piscina estava suja, parecendo nao haver manutencao ha algum tempo. Nao ha manutencao diaria dos quartos. Seria um local excelente se estivesse mais cuidado."
"A simpatia e disponibilidade da Nadia, o pequeno almoco variado, a decoracao e enquadramento do monte na natureza."
