Avaliacoes
"Ambiente acolhedor ."
"Ficamos num quarto no patio, um duplex. Ao entrar, ficamos num pequeno hall com uma salamandra e cadeirao a esquerda e escadas para o piso superior, onde fica a cama, a direita. A frente da porta fica a casa-de-banho. Apesar de ser tudo muito confortavel, atendendo ao tamanho do quarto e as comodidades que oferece, cremos que o preco (100/noite) podera ser algo exagerado."
"A guest house fica a menos de um minuto a pe do Castelo de Beja, encontrando-se no centro da cidade (a qual se percorre facilmente caminhando, apesar da inclinacao). O alojamento e muito limpo e bem decorado. O pequeno-almoco e extraordinario, sendo servido a mesa e nao estilo buffet. Alem de imensa fruta, pao e queijo, e servido (sempre acabado de fazer) bacon e ovos mexidos. A Sara, bem como as funcionarias, sao super simpaticas e prestaveis. Chegamos ja a uma hora tardia, pelo que a Sara nos deu antecipadamente todas as indicacoes para entrarmos na guest house. Quando chegamos, tinhamos a nossa espera limonada e bolo caseiro, alem da lareira acesa na sala."
"Pequeno Almoco fantastico, muito bem apresentado, e as funcionarias extremamente simpaticas tal como a dona da casa a Sara, muito simpatica e prestavel."
"o pequeno almoco e top! Os quartos muito bons!"
"tivemos uma rececao espetacular com lanche. os quartos sao lindissimos e de um conforto. o pequeno almoco feito na hora por marcacao previa. Tudo muito fresco e delicioso. recomendo muito e fica mesmo no centro."
"E um local excecional. Muito bem desenhado e decorado. Zona interior ajardinada encantadora. Um pequeno almoco que nao dava para acreditar de bom que era. Basicamente um bom brunch."
"A mezzanine onde se encontra a cama era realmente pequena."
"Sitio incrivel e muito acolhedor. Recomendo 100%."
"Instalacoes muito bem conseguidas, de acordo com a arquitetura tipica da regiao, mas com o toque de modernidade. Zona exterior muito agradavel. O pequeno almoco e excelente, feito com produtos locais. Extrema simpatia e total disponibilidade de toda a equipa. Localizacao muito central, junto ao castelo e a Se de Beja."
"A localizacao e perfeita para quem quer conhecer a cidade de Beja. O pequeno almoco e excelente, com muitos produtos locais e biologicos."
"Um pequeno almoco de qualidade 5* e muito bem servido em termos de proporcoes"
"Adorei tudo. Muitas boas condicoes e comodidades. Muito sossegado, calmo. Otimo para descansar. O quarto com o colchao no chao e maravilhosa, uma experiencia diferente mas muito boa. Excelente pequeno almoco"
"Nada a apontar!"
"Adoramos a localizacao, a decoracao, a simpatia, o pequeno almoco - tudo impecavel!"
"Limpeza do quarto e espacos sociais. A beleza da piscina e de toda a casa. O pequeno almoco!!! Perfeito! A simpatia e hospitalidade da Sara!"
"Nada a apontar"
"Muito bom! Super relaxante! Um dos melhores alojamentos que ja estive em Portugal. O pequeno almoco e exceptional!"
"As cadeiras da piscina nao muito confortaveis."
"Pequeno almoco excecional, tudo com produtos sustentaveis e deliciosos; Sem duvida um local para quem gosta de tranquilidade e muito calor. Camas do quarto extremamente confortaveis."
"Os pombos acabam por sujar a piscina, apesar da equipa do Aljana limpar varias vezes ao longo do dia. O cloro nao passa, por isso, despercebido."
"Simpatia, bom gosto e profissionalismo. A equipa, em especial a anfitria Sara Barbosa Alves, e incansavel e muito amavel. O espaco esta muito bem decorado e espelha o sentido estetico de quem idealizou o projeto. Ha livros e boa musica, vinho a disposicao num honesty bar, e uma evidente atencao aos pormenores. O quarto e a zona exterior refletem o mesmo cuidado e conforto. O pequeno-almoco e maravilhoso, com produtos locais. Estivemos uma semana a saborear todo este ambiente, que ficara, com certeza, na nossa memoria."
"Gostamos bastante do alojamento, por transmitir, em todos os seus detalhes, calma e tranquilidade. O alojamento fica numa rua calma, o que proporciona momentos de descontracao sem barulho dos carros. O pequeno almoco era recheado de coisas boas. E um sitio onde iremos voltar!!"
"Nao houve nada que nao tivessemos gostado mas ha sempre espaco para melhorias. Poderia ter uma pequena secretaria e extracao no WC."
"Da calma que a casa transmite. A decoracao e impecavel. O jardim e um sonho!"
"Localizacao excelente, ao lado da Se de Beja. Espacos interiores e exteriores super bem decorados. Muito tranquilo a noite e com um patio muito agradavel para noites quentes de verao. O Aljana no inverno tambem deve ser muito agradavel (ha salamandras nas salas). O staff e todo 5estrelas e a Sara (dona do Aljana) e uma excelente anfitria. E tem tudo pensado ao detalhe. Por exemplo no dia em que chegamos a Sara ja nao estava no Aljana para o check-in mas deixou tudo preparado e tinhamos uma limonada de morango deliciosa e bolo caseiro a nossa espera. Ah, e o pequeno-almoco...ai o pequeno-almoco...que maravilha! Tudo local, comida com sabor, queijos otimos, frutas otimas, mini panquecas, croissants, pao, doces caseiros...ovos mexidos excelentes e o melhor bacon que comi nos ultimos 20 e tal anos. E incrivelmente bem servido (eramos um casal mas o pequeno-almoco dava tranquilamente para 3 pessoas)."
"Nada a apontar."
"De tudo. Staff. Acomodacoes, melhor que muitos hoteis de 4 e 5 estrelas. Pequeno almoco simplesmente fantastico. Uma estadia a repetir."
"Tudo na casa era perfeito, nada a apontar! Boa escapadela das grandes cidades para um bom descanso  a repetir de certeza"
"Espaco, pequeno almoco."
"Local optimo em pleno centro de Beja. Dos melhores pequenos almocos que ja experimentamos. Staff simpatico e atencioso A repetir"
"O pouco espaco no andar de baixo da mezzanine (falta um espaco confortavel para se estar). As escadas e o ultimo degrau um pouco frageis. Penso que os outros quartos devam ser melhores."
"O pequeno-almoco servido e de excelente qualidade (pao muito bom, mini panquecas deliciosas, compotas excelentes, fruta variada, sumo de fruta acabado de fazer, queijo fresco muito bom e ovos mexidos fantasticos). Variedade de produtos e de qualidade acima da media. Boa piscina (pequena, mas num espaco confortavel).  Patios interiores e espaco interior muito agradaveis para dias e noites de calor. A chegada o cuidado em mimar os hospedes com uma limonada fresca."
