Avaliacoes
"Uma experiencia unica. Atendimento excelente. Sr. Jorge, anfitriao muito cordial."
"Para o meu gosto achei o colchao duro"
"Limpeza impecavel,simpatia, excelente pequeno almoco"
"Ambiente e decoracao. Pequeno almoco muito bom. Localizacao."
"O alojamento  fica perto da praca da republica, onde encontramos facilmente estacionamento. A casa esta super limpa, cheirosa e a decoracao esta muito gira. A net funciona na perfeicao, nao se ouve barulho dos outros quartos, tudo perfeito. Pequeno almoco tambem muito bom. com muitas variedades de pao e queijos e sumos. Adoramos!!! Vamos voltar mais vezes"
"A prova viva de que nao e preciso pagar fortunas para ficar hospedado num local fantastico. Excelente trabalho feito pelo proprietario para tornar o espaco unico nao so na zona de Beja mas quica no pais. Muitissimo bem decorado, localizacao central e limpeza no ponto. Uma experiencia a repetir."
"Nao houve nada que nao gostasse."
"Simplesmente tudo! Enquanto arqueologa foi um prazer estar envolvida no mundo romano. O sr.Jorge e extremamente simpatico e impecavel. O sitio e bastante acolhedor, limpo, higienizado, calmo e tem um excelente pequeno almoco. Recomendo a todos."
"A unica particularidade menos positiva refere-se a questao de as casas de banho privativas ficarem fora dos quartos, numa zona a qual o acesso obriga a atravessar a sala de estar e a cozinha. No nosso caso, como estavamos sozinhos na casa, esta questao nao colocou desconforto, mas se estivessem mais hospedes teria sido muito desconfortavel ter de cruzar com outras pessoas a caminho de um duche, ou mesmo a proximidade dos wc relativamente a cozinha pode tornar-se um pouco intimidante e desconfortavel."
"O espaco e de facto sui generis na sua proposta tematica. E evidente o cuidado em promover uma estadia inspirada pelos motivos que identificamos com o Imperio Romano. A simpatia do sr. Jorge da um toque de acolhimento e familiaridade que promove uma empatia com o espaco."
"O Jorge e a Eunice sao muito antenciosos e prestaveis. Sentimos-nos em casa. A experiencia e unica com o conceito que criaram. Cada peca tem uma historia o que torna este alojamento diferente de qualquer outro. Estamos no centro historico de Beja, o alojamento nao poderia estar melhor localizado. Adoramos a estadia e ficou a promessa de voltarmos com os nossos filhos."
"O alojamento e unico em Portugal, uma verdadeira homenagem a historia romana que nao so mostra uma cuidadosa atencao ao detalhe mas tambem um gosto imenso pela cultura! O alojamento esta muitissimo bem decorado, numa localizacao muito previligiada em Beja. Destaque ainda para a amabilidade de Jorge e Eunice, que se mostraram anfitrioes muito prestaveis, simpaticos e ageis na solucao de problemas! Merece sem duvida uma segunda visita!"
"Limpeza e bom pequeno almoco"
"Infelizmente fomos numa altura em que as ruas circundantes estavam em obras e foi dificil chegar com o carro, mas o dono do espaco prontificou se a ajudar de imediato"
"A hospitalidade excepcional, e a rapida proposta de resolucao de problemas"
"Nada."
"Tudo. O Jorge e um anfitriao fantastico. A guestuouse e super familiar e muito peculiar pela decoracao, mas que torna este sitio ainda mais unico. Voltarei sempre que vier a bela cidade de Beja."
"Excelente"
"Donos super simpaticos, afaveis e prestaveis. Amam o seu trabalho.Pequeno almoco soberbo. Parabens!"
"Simpatia dos funcionarios, pequeno almoco,  localizacao, decoracao da casa, etc... voltaremos."
"De nada"
"Boa localizacao. Bom pequeno almoco. Muito simpatico"
"Localizacao excelente. Um pequeno almoco completo. Entramos neste espaco sentindo que entramos na era romana. Tudo esta a perfeito e numa combinacao unica. Cama confortavel. Higiene excelente."
"O anfitriao foi uma pessoa excepcional como poucos. Simpatico, disponivel, amavel."
"Simpatia estrema, muito bom"
"Sendo no centro historico, ruas sentido unico e a falta de espaco para estacionar. Mas estando de mota, ficou me mais facilitado."
"Gostamos da recepcao dos anfitrioes, super simpaticos, a decoracao criativa, fazem com gosto. Pequeno almoco bom. A repetir sem duvida."
"funcionario extramente simpatico e altamente profissional, pequeno almoco excelente, cama confortavel e quarto impecavel"
"Somente a cama poderia ser um pouco melhor e ou maior."
"Uma decoracao propria muito interessante, o atendimento e realmente primoroso, maravilhoso, de uma simpatia unica, assim como o pequeno almoco com produtos de qualidade e toda a atencao. A limpeza realmente e exemplar."
"O estacionamento e complicado no local."
"Uma bela casa antiga, bem no centro de Beja, toda bem decorada, inspirada nos Romanos, um povo que muito marcou esta bela cidade. O ambiente interior e confortavel, ao qual se junta o calor de quem nos recebeu, o Sr.Jorge, que para alem de nos ajudar a subir para o quarto, nos mostrou toda a casa e ajudou noutras escolhas locais. De manha, proporciou-nos um agradavel peqeuno almoco, com produtos locais e frescos."
"Muito sossegado..o pequeno almoco delicioso ."
