Avaliacoes
"A localizacao e excelente assim como as condicoes do espaco. Local muito bem cuidado e apelativo. Fomos muito bem recebidos. A casa estava muito bem equipada. Muito obrigada, Catarina."
"Nada digno de registo."
"A simpatia da Sra Catarina foi fantastica. A casa e as acomodacoes corresponderam as expetivas e relacao qualidade preco e perfeita. A localizacao e optima, apesar de algum barulho das viaturas que passam junto as janelas dos quartos. Beja e uma cidade fantastica e voltaremos concerteza. Recomendo."
"Localizacao excelente, apartamento espacoso, e totalmente equipado. O facto de ser uma construcao antiga, cria um ambiente muito peculiar, alem de que a expessura das paredes ajuda na questao da temperatura (estivemos no verao, portanto a casa nao era quente apesar dos 30 e tal graus na rua). O resultado global e um apartamento acolhedor em plena zona historica da cidade, a 100m do castelo e 150m da Praca da Republica."
"A localizacao e impecavel mesmo no centro historico de Beja. Casa Limpa e organizada. Dona super prestavel e e simpatica."
"De noite ouve-se o barulho da rua com muita facilidade."
"A casa esta muito perto do castelo e esta muito bem decorada e limpa. Muito agradavel!"
"O dono nao tem culpa mas a zona nao e muito bem frequentada a noite"
"A casa e muito gira e funcional!"
"Casa muito agradavel e bem situada.  Os anfitrioes sao simpaticos e disponiveis. Cozinha muito bem equipada e casa de banho excelente."
"Da localizacao, da relacao preco/qualidade que entendo adequada."
"Localizacao no centro historico tem vantagens (centralidade) e desvantagens (dificuldades de estacionamento)."
"Localizacao, decoracao, conforto, organizacao do espaco e o gosto cuidado na decoracao."
"Nao tinha microondas."
"Localizacao, estacionamento perto, a decoracao do alojamento, ter maquina de lavar roupa deu muito geito."
"Sendo um res do chao, virado para duas ruas publicas isso condiciona a entrada de luz e de ventilacao em casa pela nocao de seguranca; Existem algumas infiltracoes junto ao pavimento nalgumas divisoes, fruto da data de construcao e ser uma casa terrea; Haver imenso equipamento de cozinha, de limpeza, de menage, mas nao haver uma pastilha para a maquina de lavar roupa (mero detalhe)."
"A casa em si e antiga e possui algumas divisoes de formatos, alturas, niveis de pavimento e arcadas distintas, o que lhe dao um ar muito original; Esta bem conservada/renovada, com uma cozinha bastante equipada (incluindo lavagem e limpeza), onde e possivel de confeccionar, conservar e lavar. A localizacao na zona historica de Beja, no meio do casario."
"Poderia ter um microondas."
"Muito bem localizado, anfitrioes muito simpaticos. Muito interessante a manutencao de casa tipica alentejana. Gostamos todos muito"
"Gostei de tudo. Nao tenho do q reclamar."
"O apartamento e uma graca. Super completo, amplo, decorado com muito bom gosto e jovial! Adorei!!!!!"
"Servico conforto e localizacao."
"A limpeza poderia ser mais cuidada. Nao dar para ligar a chaleira electrica porque o quadro nao aguentava. O fogao estar rachado nao ofereceu muita confianca para cozinhar."
"Da rececao, da decoracao, da temperatura da casa, o ser uma casa acolhedora situada no coracao do centro historico."
"Falta de microondas. A limpeza poderia ser mais aperfeicoada."
"Casa bem situada, com o essencial para disfrutar de um fim de semana"
"Nao ter sido disponibilizado contacto do proprietario apos o pagamento!"
"Nada a assinalar."
"De tudo. Um lugar otimo para uma familia passar uns dias, a casa esta bem situada e as pessoas muito simpaticas. Um lugar a repetir."
