Avaliacoes
"Monte Alentejano fantastico, muito acolhedor, silencioso, e relaxante. Os anfitrioes sao muito atenciosos e deixam-nos a vontade. ideal para casais que querem estar num sitio calmo. O quarto estava muito limpo e o pequeno almoco era bastante bom!"
"Bonita paisagen e um excelente pequeno almoco. Anfitria muito simpatica e prestavel."
"Nada a assinalar."
"O pequeno almoco estava optimo, a localizacao muito boa, sitio muito tranquilo, excelente para repousar. De salientar tambem a simpatia e disponibilidade da D.Helena."
"A senhora e muito amavel e prestavel. Sitio tranquilo a repetir sem duvida"
"Nada a apontar"
"O pequeno almoco foi excelente,a Dona Helena uma excelente anfitria,o sitio e muito calmo,ideal para descanso,irei voltar com certeza."
"A estrada de acesso podia estar em melhor estado; o facto de ser um quarto com ligacao ao corredor da casa, que nao isola os ruidos da casa; o espaco exterior podia estar melhor cuidado"
"O quarto e espacoso; a cama e confortavel; a casa de banho e grande e bem equipada; a piscina e boa; o pequeno almoco foi bom, embora pudesse ser mais variado; o sossego e privacidade do local."
"As condicoes atmosfericas nao foram as melhores, mas a trovoada e a chuva tambem podem ser belo espetaculo!"
"Amei a hospitalidade inexcedivel, os cuidados e  dedicacao dos proprietarios, a limpeza, a Cookie e seus companheiros... Tudo! Fico com saudades e vontade de voltar."
"Apenas nota negativa para o acesso a Quinta. Nao e realmente o melhor, com a estrada em terra batida e sem estar em boas condicoes."
"Desde a simpatia da proprietaria (D. Helena) ao conforto e sossego da Quinta, foi tudo optimo! Sem duvida uma experiencia a repetir."
"Nada a apontar."
"A atencao da D.Helena. O PA era muito bom e feito no momento. As panquecas sao fantasticas e feitas no momento pela D.Helena. Experiencia a repetir em periodo de verao para usufruir da piscina."
"Nada indicar"
"Dos donos da casa, pequeno almoco impecavel, dos animais dos espaco da casa e do quarto."
"Simpatica, acolhimento, conforto do quarto, limpeza, tudo impecavel. Nem falando do pequeno almoco espetacular com tudo fresco e saboroso. Muito obrigada, a voltar"
"Atendimento fantastico"
"O caminho de acesso a propriedade, contudo quando la chegamos compensa bastante."
"A propriedade e linda, a Sra Helena e fantastica, a piscina maravilhosa e os caes sao super fofinhos. O quarto e bastante aconchegante e bonito. O pequeno almoco e caseiro e super delicioso! E optimo para descansar e recarregar baterias!"
"Fomos muito bem recebidos tanto pelo casal como pelos seus animais! Foi uma surpresa os amigos de 4 patas, que nos fizeram sentir em casa. O pequeno almoco estava divinal! Uma experiencia a repetir."
"Um espaco que nao e um hotel, mas e muito melhor do que isso. Um espaco muito acolhedor e familiar. Nao esquecer que a D. Helena, recebe mesmo muito bem e os seus pequeno-almocos sao fantasticos (afinal de contas as panquecas sao mesmo muito boas). Para quem quiser descansar, vale a pena, mesmo a pena."
"Tudo"
"Nao gostei da falta de indicacao e acesso ao Alojamento."
"O pequeno almoco foi normal."
"Gostei do atendimento, foi como se tivessemos na nossa propria casa. Recomendo"
"Cama confortavel, piscina agradavel. Quarto espacoso e limpo. O sossego da zona, um ceu estrelado unico. A simpatia e preocupacao da d. Helena e um simpatico pequeno-almoco com panquecas fantasticas. Os caes da propriedade sao amorosos."
"Cheiro forte na casa de banho."
"Todos os demais itens"
"O acesso em terra batida nao e bom. O espaco no geral podia estar mais cuidado. O quarto nao tem televisao."
"Tranquilidade do local. O pequeno-almoco servido de forma caseira.  Proximidade entre a localidade rural e o centro de Beja."
"A simpatia da Dona Helena conquista-nos imediatamente. Recebe-nos dentro de sua casa e logo nos sentimos como se fizessemos parte da familia. O quarto (suite) e espacoso, a casa de banho proporcionalmente enorme. Um pequeno almoco fantastico. Experiencia de alojamento a repetir sempre que o destino o permita. Nao se assustem com os patudos que por ali andam, sao gentis gigantes de 4 patas que nos recebem com os seu ladrar mas logo nos rodeiam para afagos e brincadeira."
"As panquecas feitas pela do D. Helena. Deliciosas"
"Nada a apontar."
"Quarto grande e confortavel e da amabilidade e simpatia no acolhimento."
"Senti-me em casa, com um pequeno almoco muito atencioso. Monte proximo ao centro de Beja mas afastado o suficiente para se sentir em profundo relaxamento. Gostamos muito. A simpatia e atencao da Sra Helena foi top. Iremos voltar pelo Verao."
