Avaliacoes
"Localizacao boa, facil de chegar. Pequeno almoco normal. Instalacoes ainda nao acabadas mas otimas para a estadia."
"Camas pouco confortaveis."
"Pequeno almoco bom."
"Haver uma televisao no quarto"
"optimo"
"Falta de toque pessoal na decoracao da habitacao."
"Simpatia dos anfitrioes. A simplicidade. As marcas da historia da familia. A vista desde o quarto e da sala de refeicoes"
"Apesar da casa de banho estar a funcionar bem, merecia ser modernizada. O pao e optimo, mas a oferta do pequeno almoco poderia ser mais diversificada."
"Da peculiaridade da casa, do conforto do colchao, da simpatia do proprietario e de conhecer a historia da sua familia."
"Muito obrigada ao Sr.Antonio pela amabilidade e simpatia - e excelente gosto musical, que com toda a generosidade partilhou connosco :) !"
"Pessimos acessos para o alojamento. Estrada muito mal cuidada, zero iluminacao noturna."
"Gostei de tudo o resto! Pequeno almoco simples mas muito muito bom! O dono do alojamento extremamente simpatico e prestavel, orgulhoso por nos mostrar cada cantinho do seu espaco! A melhor noite que ja dormi nos ultimos anos!!!!! Super silencioso, colchao excelente, cama grande, quarto espacoso e com bom isolamento de luz  Alojamento isolado de tudo, por isso, excelente para descansar uns dias! A piscina esta a ser construida por isso acredito que va valer ainda mais a pena daqui a uns tempos!"
"Zona calma e tranquilidade"
"A agua nao estava muito quente"
"O pequeno almoco era otimo. A cama era muito confortavel. A decoracao era o que esperava!"
"Tv nas acomodacoes nao havia, pouca rede telemovel"
"Cama confortavel,os donos do espaco muito simpaticos,a area  envolvente onde se situa o hotel"
"Nao ter televisao no quarto ou sala, da casinha que ficamos."
"Ambiente familiar e muito hospitaleiros. Excelente compota de figo,  caseira. Quando entramos na casa, ficamos surpreendidos pela sua riqueza e depois de conhecer a sua historia, valorizamos muito mais. Sentir que estivemos em casa de pessoas tao importantes e certamente com muitas historias a partilhar.  Casa com potencial crescente futuramente."
"Cama"
"Sossego"
"Em fase de melhoramentos, por isso nao dou nota maxima, mas concerteza vai ficar :)"
"Local tranquilo, vista bonita, sossego, envolvencia, a casa, os anfitrioes a comida muito caseira com produtos da terra, uma boa garrafeira, local para voltarmos vezes."
"Falta-lhe o toque de personalidade dos donos e algum carinho"
"Uma casa com tradicao e historia"
"O quarto nao tinha ar condicionado nem televisao. O empreendimento parece ainda estar em obras. Sem cuidados relacionados com a pandemia. Os espacos comuns nao estavam convenientemente limpos."
"A cama e confortavel"
"Nao tenho qualquer pormenor negativo"
"Amabilidade dos proprietarios Quartos. Restaurante Futuramente ,dentro mais ou menos 15 dias piscina com um bonito design."
"Reservamos dois quartos. Aparentemente, parecia que nao estavam a nossa espera e chegamos pelas 20h30. Avisamos previamente pelo portal do Booking mas nao obtivemos resposta. A chegada, nao existiam a vista quaisquer medidas de higiene/desinfecao relacionadas com o COVID-19 (ex: alcool-gel). Inclusivamente, a funcionaria que nos recebeu insistia em se apresentar com a mascara fora do rosto (nariz e boca descobertas). O segundo quarto alugado estava com problemas de canalizacao (segundo a versao do alojamento, pois nao nos mostraram) e, a chegada, disseram que nos iam dar outro quarto, mas estavam a limpa-lo. Isto as 20h30, ou seja, ainda nada tinham feito. Esperamos pacientemente, e so pelas 22h00, apos reclamarmos e que nos deram o segundo quarto. Contudo, verificamos que era o quarto da funcionaria que nos recebeu, o qual tinha os armarios com roupas pessoais dela. Recusamos esse quarto e as nossas filhas acabaram por dormir no nosso quarto. Contudo, cobraram os dois quartos. Quanto ao quarto que nos deram, este era em frente a cozinha e ao lado do restaurante. O cheiro a comida entrava pelo quarto e ouviamos o barulho do restaurante ate depois das 24h00 e pela manha novamente.  Para esquecer. Para alem disso os armarios nao tinha local para pendurar cabides, tivemos de pedir caixotes de lixo, as duas camas individuais estavam juntas e so tinham um edredon sem lencol de cima e o teto tinha teias de aranha. Por baixo dos armarios e por baixo da cama havia sujidade. Sinceramente, acho que nem sabiam que vinhamos, mas nao se esqueceram de cobrar dois quartos quando so utilizamos um. Pessima experiencia, falta de simpatia da funcionaria, uma noite para esquecer."
"Sinceramente, nao gostamos de nada. Correu mesmo muito mal esta estadia."
"Todo o espaco e magico. A comida feita estava fantastica, autentica e saborosa.  A hospitalidade da senhora Clara e do senhor Antonio e maravilhosa, mostrando um orgulho enorme pelo local e uma tranquilidade no atendimento das pessoas. Foi sem duvida a melhor experiencia de alojamento que ja tive na vida. Muitissimo obrigado por tudo."
"Simpatia e hospitalidade excelente. Lugar tranquilo e prazeroso. Como estar em casa. Muitas historias para contar."
"Nao tenho nada a falar."
"Do otimo atendimento e gentileza do casal clara e Antonio. E o jantar  maravilhoso servido pelo casal. Eu"
"Nao tinha cabides, cortinados, TV, ar condicionado, cama de casal, tapetes de banho, janelas, tapetes de quarto."
"Quase nada."
