Avaliacoes
"O pequeno almoco e divinal. A casa e muito confortavel"
"Nada."
"Localizada no centro de Beja a Maria's Gesthouse e uma casa antiga restaurada e decorada com extremo bom gosto e onde nos sentimos como na nossa propria casa. Os proprietarios sao inexcediveis na simpatia e esforco em nos proporcionar uma estadia aprazivel. O pequeno almoco foi uma otima surpresa combinando os sabores locais com alternativas saudaveis e para as criancas, os ovos mexidos com bacon de peru estavam deliciosos."
"Toda a equipa muito simpatica e prestavel. As instalacoes muito limpas e de grande qualidade, bom gosto. O pequeno almoco e otimo, com produtos locais, bem confecionados. Parabens! Havemos de voltar."
"muito bom! Super limpo e acolhedor. Desde a simpatia e profissionalismo do Paulo e da funcionaria, ao pequeno almoco divinal, com iguarias feitas na hora e com doces caseiros! simplesmente maravilhoso! Quase que nos sentimos em casa. Aconselho vivamente. A repetir."
"O pequeno-almoco era excelente. Todo o staff era extremamente simpatico e prestavel."
"Excelente localizacao, no centro de Beja! Casa muito bem recuperada, ambiente acolhedor e confortavel. Anfitriao muito simpatico! Pequeno-almoco excecional! Para voltar sem duvida!"
"nada"
"Casa impecavelmente decorada com muito bom gosto e cuidado. O dono foi muito atencioso e prestavel. Soberbo pequeno Almoco. Recomendo e voltarei!"
"Alojamento fantastico, Staff incrivel, pequeno almoco maravilhoso"
"Da simpatia e carinho com que nos receberam, o local e maravilhoso e muito tranquilo. Obrigada Ao Sr . Paulo e as suas Marias vamos voltar sem duvida"
"Excelente pequeno almoco. Quarto amplo e muito limpo. Simpatia dos anfitrioes."
"Tudo 5* desde a rececao ate a partida. O maravilhoso pequeno almoco elaborado com muito gosto! Obrigada"
"O pequeno almoco foi excelente. As pessoas muitissimo simpaticas"
"Limpeza, simpatia e qualidade de todo o servico."
"Estava tudo perfeito e pensado ao pormenor. Absolutamente nada a apontar."
"Adoramos ficar no Marias Guesthouse, para alem de bem situado, o nosso anfitriao, o Paulo, teve todo o gosto em fazer-nos sentir em casa. Decoracao tematica dos quartos todos com referencias a historia de Beja, com atencao a cada detalhe. A paixao do Paulo pelas antiguidades revela-se a cada passo. Fomos acolhidos com muito carinho tambem pela mae do Paulo que ajuda na confecao dos saborosos e variados pequenos-almocos, com os quais nao vai deixar de se deliciar, servidos no patio exterior cheio de charme ou no interior nos dias mais frescos. Limpeza e logistica impecaveis. Uma estadia obrigatorio se passarem por Beja. Recomendo muito pois nos vamos voltar de certeza, queremos conhecer os outros quartos e usufruir novamente dum espaco belissimo, da simpatia do Paulo e da sua mae, sempre prontos para ajudar. Obrigada por nos receberem tao bem! Elisabeth"
"Limpeza, simpatia, frescura, decoracao, pequeno almoco. Tudo impecavel."
"Nada a apontar."
"O pequeno almoco tinha tudo, variedade, frescura, cuidado, uma apresentacao sublime e tudo isto embrulhado num tratamento de uma simpatia familiar. Frutas, sumos, cafe, produtos caseiros e muitos que variavam ou apareciam a pedido. Uma mistura de um cuidado 5 estrelas com o carinho e mimo de uma avo."
"Apenas da escada ingreme de acesso ao quarto."
"Excelente pequeno-almoco em qualidade e quantidade. A simpatia e disponibilidade do Sr. Paulo e da D. Maria. A localizacao nao podia ser melhor,  fica no centro."
"Decoracao (originalidade). Pequeno almoco. Colchoes da cama"
"Pequeno almoco excelente"
"Nada a referir."
"Um alojamento excecional - localizacao, acolhimento, simpatia, instalacoes, servicos, comodidades, familiaridade, bom gosto,... um doce, doce lar. Obrigada ao sr. Paulo e esposa. Assim, vale a pena!"
"A escada de acesso a mezzanine (quarto) na casa O Alentejano apesar de ser solida e bem construida /instalada nao e aconselhavel a pessoas com limitacao fisica (ingreme)."
"Tudo Excelente! O bom gosto da decoracao, o anfitriao e a sua equipa e a grande atencao ao detalhe. Pequeno almoco melhor que 5*...divinal!"
"Tudo otimo!"
"Adoramos tudo, sentimos-nos como em casa. O senhor Paulo foi muito disponivel e atencioso. O quarto estava super limpo. Adoramos a nossa varanda pequenina. A melhor parte e sem duvida o pequeno almoco! Preparado na hora com produtos frescos, 5 estrelas mesmo! Ficamos sem palavras! Muito obrigada pela atencao e pela forma como nos receberam!"
"Qualidade, bom gosto, simpatia e disponibilidade dos anfitrioes, limpeza, pequeno almoco  optimo. Altamente recomendavel!"
"Excelente estadia com simpaticos anfitriaos e soberbo pequeno almoco."
