Avaliacoes
"O caminho para la chegar"
"As refeicoes, o staff, o local calmo e lindissimo"
"Embora se trate de um espaco rural, poderia haver um maior cuidado com a limpeza dos quartos e dos apartamentos. Poderia haver uma maior generosidade com as amenities nos wc's. Presumimos que se tivessemos pedido mais, nos teria sido fornecido, mas o quarto apenas tinha  uma bolsa de gel duche e outra de shampoo e 2 sabonetes, o que nos  parece pouco para 2 pessoas, e nao tinha secador. Foi-nos dito posteriormente que teriamos que o solicitar."
"A simpatia dos funcionarios, com um ambiente familiar, O bom gosto e sentido pratico tanto dos quartos como dos espacos comuns. Bem decorado, acolhedor, com o aspecto rustico e nobre que se espera numa herdade alentejana bem cuidada, O conforto, com todas as comodidades necessarias, A politica de honesty bar, O pequeno almoco, com qualidade e generoso, do qual temos que destacar o sumo de laranja natural, A localizacao, no meio de campos de oliveiras e vinhas pertissimo do rio Guadiana."
"Gostei do peq.. almoco."
"Acessos um pouco complicados"
"Herdade muito bonita, com otimas condicoes e staff bastante acolhedor e disponivel"
"Herdade muito bonita e confortavel, de muito bom gosto, excelente para descansar. Funcionarios muito solicitos e simpaticos! A repetir, sem duvida!"
"O quarto, apesar de espacoso e limpo, era bastante mais simples e austero do que as fotos divulgadas no Booking. A agua da piscina parecia algo 'amarelada'. Estrada/caminho de acesso a propriedade muito dificil."
"Funcionarios muito simpaticos e prestaveis. Produtos locais e de qualidade servidos ao pequeno-almoco. Tranquilidade e sossego do espaco envolvente. Vista muito agradavel em redor da propriedade."
"nada a apontar"
"De salientar toda a atencao, disponibilidade e carinho que nos recebeu o Sr Luis Fialho, tornando o meu aniversario ainda mais especial, muito obrigada!"
"A parte menos boa e sem duvida as abelhas na piscina, de manha nao ha problema mas por volta das 10h/11h ja se torna um pouco incomodativo. Poucas espreguicadeiras para o numero de pessoas na herdade."
"Espaco super agradavel, a herdade e encantadora. Super bem decorada, cada cantinho tem o seu encanto."
"Um espaco um soberbo, muito bem decorado e com um excelente vinho."
"os acessos sao maus, mas infelizmente e da competencia da CM Beja arranja-los"
"Pequeno-almoco optimo. Localizacao excelente para descansar do stress do trabalho. Prova de vinho com o proprietario foi uma autentica aula de enologia. Excelente. Recomendo. Vinhos da herdade excelentes e jantares caseiros optimos !. Sem WIFI nos quartos e piscina. Para nos e uma vantagem. Tragam um livro e relaxem na natureza !"
"O caminho em muito mau estado de 3,5km ate ao local. Torna-se chato, sobretudo, porque nao existem muitas opcoes de alimentacao na Herdade durante o dia, por isso, e inevitavel termos que sair e fazer esse caminho duas vezes por dia .Falta de alguns pormenores no quarto e exterior que podiam tornar o local mais pratico e confortavel. Como sugestao de melhoria: sombras na zona da piscina, mesas de apoios no quarto para pousar objetos perto da cama, produtos de higiene de banho em embalagens mais praticas e eco friendly, copos para as escovas de dentes"
"Tranquilidade .Piscina .Simpatia e disponibilidade dos funcionarios .A Herdade fica numa zona muito bonita, perto do Guadiana"
"Local extremamente relaxante. Possibilidade de estar sempre acompanhada pela minha cadela"
"Pequeno almoco simples mas bom. Boa localizacao no meio do campo e do rio Guadiana, mas perto de Serpa e Beja que merecem uma visita. Simpatia do staff"
"Prova de vinhos, Vista, Tranquilidade, Espaco"
"De tudo! Muito particularmente do acolhimento, conforto e da satisfacao de todos os pedidos que realizei e que transformaram a estadia num fim-de-semana unico."
"O preco aplicavel para jantar (opcional) e elevado especialmente se a pessoa tiver restrincoes alimentares (por examplo, vegetariana). Super agradavel jantar na Herdade ao ar livre, talvez incluir uma outra outra opcao de jantar, talvez petiscos feitos com produtos regionais, algo mais flexivel, seria uma boa opcao. Como fiquei num quarto exterior nao tive acesso a internet disponivel no local."
"Otimo espaco para relaxar e levar animais de estimacao. Gostariamos de ter ficado mais tempo e iremos voltar se possivel. O frigorifico disponivel com bebidas (a serem pagas no final) e uma otima idea, e da muito jeito. Para se ficar off the grid e uma boa opcao pois a internet so esta disponivel na casa principal."
"Os acessos"
"As entradas do jantar, com tanta coisa boa no alentejo colocar cavala enlatada e chourico daquele de supermercado parece-me um ponto a melhorar."
"De tudo! Do espaco da quinta, do jantar (exceto as entradas) e do pequeno almoco. O vinho Riso tambem e muito bom! Voltarei com certeza"
"Local bastante isolado, bem integrado na paisagem. Bom para descansar."
"O facto de nao possuir televisao, a internet era muito fraca e o terreno de acesso a propriedade esta em muito mau estado e e perigoso a noite, dado que nao esta iluminado. Considero o preco excessivo para as condicoes apresentadas."
"Para quem procura um local para relaxar e uma optima opcao, a vista e excelente e tranquilizante. A piscina e fantastica e o pequeno almoco muito bom."
"A estrada de acesso"
"Staff muito atencioso e simpatico, vinho muito agradavel e um optimo pequeno almoco. A vista e desafogante e anti-stress. Bom local para relaxar sem televisao e com internet apenas no espaco comum."
"Cama pessima"
"Muito bom pequeno almoco"
"Local perfeito para descansar, herdade muito bem cuidada e com bom gosto, pequeno almoco simples com produtos de qualidade, diversos espacos de lazer."
"Marcamos por acaso numa viagem pelo Alentejo. Uma surpresa fantastica. Uma herdade antiga recuperada com imenso bom gosto, a dois metros do Guadiana (onde, a 10m a pe, conseguimos tomar banho). O Luis, licenciado em turismo e arqueologia, nao podia ser um anfitriao mais prestavel e interessante. O jantar no exterior, com vista para as vinhas e o vale, entre migas de alheira e provas dos vinhos da herdade, foi toda uma experiencia . Vamos voltar no inverno ."
