Avaliacoes
"Tudo perfeito!"
"Sitio calmo, boas condicoes, um espaco espetacular para passar um bom tempo, calmo e da anos de vida"
"havia um recipiente mal lavado"
"Optima relacao qualidade/ preco."
"Uma estadia muito acolhedora, dispoe de tudo des Wi-Fi, churrasqueira, area da bom lazer, ar condicionado, etc, muito bom para quem gosta de paz."
"Gostamos muito da aldeia, do sossego... E optimo para desligar de tudo. Aconselho vivamente para quem quer um sitio para descansar e relaxar"
"Nada"
"Optima estadia, o Jose e muito simpatico e recebeu nos muito bem."
"Casa bastante funcional, decorada de maneira simples com muito bom gosto."
"Nada a apontar. So uma sugestao aos senhorios: colocarem o nome da casa A casa do avo Ze na porta."
"E uma casa muito acolhedora e com tudo o que e necessario para passar uns dias para descansar. Adoramos o terraco, a tranquilidade do local e a simpatia das pessoas que nos receberam."
"A casa e espectacular, o terraco acolhedor. Aconselho vivamente."
