,Avaliações
0,"Excelente vale bem a pena  Recomendo vivamente o Sérgio é uma pessoa muito simples simpático e muito acessível  Mesmo bom para descansar    É bom para familias com crianças as senhoras que nos servem o pequeno  almoço são muito simpáticas é mesmo muito bom"
1,"Área da piscina excelente, regras Covid muito bem organizadas e definidas, bem como assim bem comunicadas e fiscalizadas durante a estadia. Limpeza do quarto a chegada excelente. Área comum da casa sempre limpa e bem cuidada. Decoração muito gira. Recomendo este espaço para descanso e tranquilidade."
2,"Junto a Monsaraz, na estrada para a praia fluvial de Monsaraz, este acolhedor espaço recebe confortavelmente os visitantes. Casa Tipica alentejana, quartos confortáveis e decorados a preceito, bom pequeno almoço alentejano, Inúmeras actividades ao ar livre. Serviço muito acolhedor, confortável! A repetir? Sem dúvida!"
3,"A estadia no Monte Alerta por todas as razões foi de um tempo de descanso perfeito. Simpatia, ter sempre disponibilidade e fazer sentir que há tempo para cada cliente, pequeno almoço muito bom, limpeza impecável, bom gosto em toda a decoração. Na piscina muito bem organizada a distribuição de espaço, muito verde por todo o lado e sempre bem cuidado. As 2 senhoras que nos recebiam, no pequeno almoço,  sempre simpáticas prestáveis para qualquer coisa que fosse precisa. Resumindo, obrigatório voltar!!! Muito obrigado"
4,"Que sítio fabuloso! Espaços muito agradáveis e diversificados. Recomendo vivamente. Excelente para passar uns dias de descanso longe da confusão. Ótimo para famílias! Donos extremamente acolhedores. Adorei! 💚"
5,"Adoramos o espaço, acolhedor, cuidado, assim como a forma de como fomos recebidos. Atendimento cinco estrelas. Um espaço que nos permite sentir em casa. Zonas cuidadas e com muita privacidade. Obrigado"
6,"Não podemos chamar ao Monte Alerta hotel nem alojamento. É sim uma grande casa onde somos recebidos pelo anfitrião Sérgio como se fôssemos da família. Ali temos a sensação de estar em nossa própria casa, onde podemos repousar e acalmar sem pressão de horários.  Na minha opinião, apenas um ponto menos positivo, em estadias longas os pequenos almoços não são muito variados."
7,"Quanto ao espaço em si é excelente, o anfitrião é excelente, a localização é excelente, a limpeza é excelente e as recomendações dadas foram excelentes. Vou voltar e já recomendei a todos os meus amigos! Obrigado Sérgio!"
8,"Muito bom e extremamente acolhedor! Muito bem localizado a menos de 5m de carro de Monsaraz tem um espaço exterior cheio de recantos para namorar ou conversar e a que não falta uma nela piscina e jackuzi! O interior e de muito bom gosto e os quartos muito bem decorados! O proprietário ( Sérgio) é s hospitalidade em pessoa! Recomendo vivamente !"
9,"Um local excelente para passar uns dias em perfeito relax.  Equipa muito simpática. O anfitrião, Sérgio, sempre simpático e disponível. Tudo perfeito. À noite, as estrelas não deixam espaço livre no céu!"
10,"Turismo excelente! Com um anfitrião fantástico, uma casa linda, muito bom pequeno almoço e uma localização fabulosa. Perto de Monsaraz, onde a paz e a tranquilidade adoçaram o fim de semana . À vista das estrelas neste local é maravilhosa"
11,"Casa muito bonita a escassos minutos da Freguesia de Monsaraz e da fabulosa Praia Fluvial, que adoptou o mesmo nome. O anfitrião Sr. Sérgio de uma simpatia e delicadeza extrema, deixou-me completamente à vontade, sentindo-me como se estivesse em casa. Quarto enorme, excelente colchão e muito boa almofada. Pequeno almoço divinal, com produtos caseiros, nomeadamente, bolinho feito na hora, diferentes sumos naturais e um excelente pão alentejano, entre muito outras coisas deliciosas,... Ao Sérgio, Um Forte Abraço e Muito Obrigado pela forma como me recebeu em sua casa. SEM DÚVIDA A REPETIR!!!"
12,"Foram uns dias de puro descanso. O Sérgio(dono) e a restante equipa são pessoas super prestáveis, atenciosas e simpáticas. O Monte e toda a área envolvente de Monsaraz é o sítio indicado para quem precisa realmente de repor energias, sem horas e sem pressas. Fugir ao ritmo da cidade. Só tenho de agradecer todo o cuidado e atenção que tiveram connosco.  O Monte Alerta é um espaço com cerca de 180anos de história, passados de geração em geração, assim como, as mobílias, peças decorativas e salas. A Camila manda um beijinho especial para o Sérgio."
13,"Atendimento 5*. Simpatia, limpeza , sítio fantástico para passar uns dias em família ou até mesmo sozinho !  A 1 minuto do Observatório do Alqueva, e a 3 Minutos de Monsaraz , onde o nascer e o por do sol, são especiais !"
14,"Adorámos todos a experiência de uma semana no Monte Alerta. Esta propriedade é um autêntico oásis no sopé de Monsaraz com espaços verdes de exuberância rara nestas paragens. É possível descansar verdadeiramente pelo espaço envolvente, mas também porque os quartos têm um excelente isolamento acústico. A piscina é o centro de um jardim maravilhoso convidativo ao descanso e a mergulhos revigorantes. A hospitalidade dos proprietários e do pessoal é assinalável, assim como o esforço no cumprimento das normas da DGS para o Covid-19, pela segurança de todos. Vamos fazer por regressar!"
15,"Completamente rendidos à beleza da quinta e à simpatia do dono, da D. Maria e da Patricia, que nos fizeram sentir em casa. Ficámos num quarto muito bonito com todas as condições para que desejenos voltar. Ficar nesta quinta permitiu-nos aliar o bom descanso ao passeio por algumas das emblemáticas terrinhas do Alentejo. Já para nao falar que trouxemos o nosso filho de 5 meses que adorou este ar puro que aqui se respira. Desejamos sem duvida voltar!"
16,"Hospedagem rural numa casa portuguesa secular, de decoração cuidadosa e hospitalidade ímpar. Ambiente bucólico e acolhedor que preza pelos detalhes. Para descansar em contato com a naturez a ou em frente à lareira ..."
17,"Um espaço lindo, respira tranquilidade e simpatia. Os quartos sempre limpos. Excelente cuidado de todo o staff, desde o pequeno almoço, à limpeza sempre atempada dos quartos. Recomendo é lugar a repetir. O Sergio e restante equipa são de uma generosidade extrema, sempre à procura do melhor. Da minha parte e restante familia, o meu muito obrigado."
18,"Um espaço super confortável com uma decoração clássica e muito típica. Local para desfrutar de tranquilidade em boa companhia. Pequeno almoço bom e quartos amplos. Mesmo no inverno a estadia foi 5 estrelas e fomos muito bem recebidos."
19,"A estadia no monte alerta, não poderia ter sido melhor. Adoramos todos os pormenores, desde o acolhimento, a decoração, os diversos espaços comuns, que nos fizeram sentir em casa. O pequeno almoço, igualmente, excelente. Uma experiência a repetir."
20,"Bem localizado, tranquilo, limpo, recomendo vivamente a quem queria descansar e desfrutar da região pois há várias iniciativas locais a descobrir. A simpatia de todos neste alojamento é fantástica. O pequeno almoço é bastante bom."
21,"Estadia excelente. Estadia com tudo o que esperávamos. Com uma higiene espectacular, Uma decoração fabulosa, um pequeno almoço com produtos regionais e de grande qualidade e um anfitrião que mostra sempre a sua disponibilidade e simpatia."
22,"Provavelmente das melhores casas de campo do país. Pequeno almoço fantástico simpatia do Stags Paz e tranquilidade perfeito para um fim de semana de sonho. Aconselho vivamente é um agradecimento especial ao Sergio que foi um grande anfitrião."
23,"Espaço mágico, confortável e acolhedor. Uma experiência única de verão e outra completamente diferente de inverno.  Instalações e serviços ótimos Sérgio, a Ana e restante pessoal da casa são 10 estrelas. RECOMENDO"
24,"A casa, na família do dono à 8 gerações, é maravilhosa. Linda, super bem decorada, com uma energia super calma e positiva. É o sítio perfeito para descansar da confusão da cidade. De referir a simpatia do Sérgio.  Um sítio, sem duvida, para repetir."
25,"Local muito bonito e bem cuidado, limpeza impecável.  Pequeno almoço simples mas com qualidade. Ideal para quem procura sossego e refúgio na natureza. Staff muito atencioso. Próximo da praia fluvial e do observatório lago Alqueva (recomendo)."
26,"Muito bem recebidos, tudo estava impecável, a repetir. Pequeno Almoço muito bem servido, as pessoas muito atenciosas. Os quartos e casa banho tudo muito bem apresentado. Espaço exterior jardim bonito . A Piscina limpa . Geograficamente o Castelo a 2 e a Praia 1 minuto de carro."
27,"Venho destas férias totalmente encantada! O Monte Alerta foi sem dúvida a melhor escolha, até tivemos de reservar mais uma noite! Só posso agradecer ao Sérgio e a toda a sua equipa por nos terem acolhido tão bem! Voltaremos concerteza!"
28,"Um local com muita calma, tranquilidade e hospitalidade! É optimo para quem vai de férias com crianças.  A sua localização é excelente para quem quer conhecer a região.  É sem dúvidas um local a repetir.   O Sérgio faz-nos sentir em  casa.  Recomendo sem dúvidas."
29,"Local de excelência para descansar e desfrutar da Natureza. Quartos muito confortáveis e com uma decoração aconchegante. A piscina é maravilhosa, em que o clima propicia uns maravilhosos mergulhos. O anfitrião é de uma simpatia sem igual. A Dona Maria é uma excelente funcionária, muito carinhosa e servem nos um pequeno almoço dos Deuses! Vamos voltar certamente!"
30,"Uma casa encantada, onde a paz vive!!! O Sérgio é fantástico faz da sua casa a nossa casa. Recomendo vivamente,não há palavras para descrever mais, mas sim só estando neste lugar único. Obrigada ao Monte Real.  Lígia"
31,"Já somos repetentes no Monte Alerta e voltaremos de certeza. No Monte sentimo-nos felizes e em paz  Somos sempre recebidos como se fôssemos da família. As obras realizadas este ano ainda o tornaram mais bonito e acolhedor. O Sérgio (nosso anfitrião) é maravilhoso, sempre com um sorriso e pronto a agradar a miúdos e graúdos. Obrigada Monte Alerta e até para o ano !!"
32,"Férias com a esposa e a cadela, tudo impecável. A simpatia do Sérgio (proprietário) que desenvolve todos os esforços para dar o máximo conforto. A proximidade da praia fluvial e do castelo é mais um dos pontos positivos. Muito satisfeito."
33,"Monsaraz, uma escapadinha a repetir!!! Monte muito bem tratado, pessoal fantástico, quarto grande, toda a decoração bem pensada, pequeno almoço simples e delicioso, a piscina otima. E um deck para apreciar a paisagem e relaxar. A praia Fluvial mesmo ali ao lado, e um passeio no Castelo ao por do sol. Só não consegui ir ao observatório das estrelas ali ao lado.  Aconselho."
34,"A experiência foi optima! O Monte é lindo de morrer, super cuidado e os empregados muito atenciosos e profissionais.  Os quartos são espaçosos e confortáveis, o pequeno-almoço delicioso. O monte tem à nossa espera o burro Juvenal que faz as delicias das crianças.  A situação geográfica do Monte é também excelente, pois está muito proximo da praia fluvial e de Monsaraz."
35,"2dias de perfeito encantamento! Quarto espetacular, recepção do Sérgio 5*, serviços da casa muito bons e um pequeno almoço maravilhoso! A piscina e muito boa! De salientar nos arredores o castelo, a praia fluvial e o OLA. Espero repetir brevemente.."
36,"Lugar incrível , agradável , acolhedor e com atendimento do Sérgio , o dono, espetacular ! Paisagem e hospedagem perfeitos ! Café da manhã delicioso e com instalações muito bonitas e super limpas ! Piscina deliciosa !"
37,"Ambiente familiar e acolhedor. Sem dúvida para repetir. Provavelmente a melhor vista sobre o Castelo de Monsaraz e um espaço digno de um livro de encantar... Desde o atendimento dos colaboradores à prontidão de satisfazer todos os nossos desejos por parte dos donos, este turismo merece 10/10 em qualquer ponto."
38,"Tudo perfeito o Sérgio perfeito anfitrião levámos uma cadela e foi uma recepção fantástica.Pequeno almoço extraordinário o sumo de morango e o bolo de canela celestiais. O céu noturno .... Só resta voltar"
39,"Espaço muito bonito tanto em construção como decoração, óptima simpatia de todos, calmo, arrumado e limpo. A piscina e o jardim são de encantar, tanto para passar o dia como para estar durante a noite observando as estrelas e a desfrutar de um bom gin. Não tenho nenhum ponto negativo, aconselho a todos. Obrigado à equipa. Abraço Sérgio e até breve."
40,"Para começar os Funcionários  são todas uma  maravilha, gente muito acolhedora, com muita  Simpatia. Um Monte Turismo Rural que nos transmite muita energia positiva. Tudo muito bonito.  Recomendas para todas as idade. Quem vai lá uma x, volta sempre !!!  We will be back soon. 🌺🌹🙏"
41,"Um hotel que encanta pela sua arquitetura,   bom gosto na decoração e muitos pormenores. É como uma viagem repleta de histórias espelhadas nos objectos que encontramos pela casa. Todo o espaço está muito bem cuidado e limpo. Os quartos são grandes e o colchão óptimo! A salientar a simpatia do proprietário Sérgio que nos pôs à vontade  na companhia da nossa 4 patas Pinki. Um sítio sem dúvida para voltar com mais tempo. Até breve!"
42,"O Monte Alerta para além de ser um ponto estratégico ao redor do qual há muito para conhecer, é também um lugar interessante com requinte e com história ou histórias. Passámos ali  4 noites para comemorar o aniversário da minha mãe. Só temos a agradecer ao Sérgio e aos seus funcionários pela simpatia, pelo profissionalismo e pela ótima hospitalidade. A casa é muito bonita, com piscina e jardins fantásticos que nos convidam à meditação. Um verdadeiro retiro ecológico em pleno Alentejo. O pequeno almoço é ótimo com produtos da região. Os quartos e salas são surpreendentes. Uma boa relação: qualidade/preço. Sim, vamos voltar e recomendamos! O Monte Alerta deixa saudades."
43,"Simplesmente fantástico, O Sérgio fez questão que nos sentíssemos verdadeiramente em casa.  Pequeno almoço soberbo de muita qualidade e diversidade.  Quartos todos de decoração distinta, tendo em comum uma decoração que nos transporta para um ambiente de relaxe e lembranças antigas.  Camas excelentes.  Envolvimento exterior com vários recantos em voltada piscina, proporcionando isolamento e permanência tranquila.  Por fim uma pequena barragem que proporcionou momentos de diversão que não esqueceremos.  MUITO OBRIGADO"
44,"Monte com espaços muito acolhedores,  decorado com bom gosto, com peças que nos transportam ao passado. Sentimo-nos em casa, não só pelo local mas também pela simpatia e disponibilidade do Sérgio, que nos tratou como amigos. A estadia de inverno com lareira acesa e ambiente propício, foi muito boa."
45,"O Monte é simplesmente fantástico, cada recanto pensado com extremo bom gosto, cada olhar revela mais um pormenor delicioso, um sensação de paz com a maravilhosa natureza alentejana. O calor que se faz sentir em agosto é equilibrado com mergulhos continuos na piscina, envolvida num jardim cheio de detalhes fantásticos, tudo muito bem cuidado. A casa é um descoberta continua de um sem número de objectos extraordinários e bem conservados. O quarto bastante confortável e com uma decoração simples, uma mescla entre o que é nosso e outras terras e outras culturas, entre o antigo e o novo, entre o tradicional e o moderno. O pequeno almoço, com vários produtos regionais, é delicioso e variado. Por fim de referir que as pessoas que trabalham no monte, e em particular o anfitrião, são de"
46,"O ambiente acolhedor, a beleza de cada recanto dentro e fora da casa, a vista para as paisagens alentejanas e para o ceu mais estrelado, os cheiros, o pequeno almoço, o jardim, os animais, tudo isto podia bastar para recordarmos a experiência no monte alerta como maravilhosa e inesquecível... mas faltam as pessoas, a forma como nos receberam e o bem como nos trataram ao longo da estadia... adoramos tudo e todos. Até o fantástico quarto das princesas =) sentimo-nos bem e pretendemos voltar. Obrigada pelas recomendações e obrigada pelo carinho. EXCELENTE"
47,"Lugar onde nos sentimos totalmente em casa. Casa decorada com excelente bom gosto, cada recanto uma doce descoberta. Jardim fantástico onde se pode desfrutar de uma piscina refrescante, ler um livro, dormir uma soneca ou então simplesmente fechar os olhos, ouvir os pássaros e apreciar o cheiro das flores. O Sérgio é um anfitrião 5 estrelas, sempre disponivel e atento. Parabens, iremos voltar concerteza. Salvador, Lucinda, Rafael, Filipa, Joana e Frankie"
48,"Para quem gosta de ser bem tratado sera dos melhores sitios na zona..tudo muito agradavel e familiar..pequeno almoco diversificado e muito fresco..toda a area e bem tratada e de uma grande beleza..voltaremos sem duvida..obrigado"
49,"Sublime espaço. Tempo destilado na perfeição. Atmosfera perfeita. Tudo nos deu a forma da felicidade. Voltar ou ir á terra que nos faz crescer. Os sons puros, o brilho da luz e da meia noite valem esta peregrinação. Obrigado."
50,"Éramos 28 familiares, de várias idades, e tivemos o belo Monte Alerta em exclusivo. Melhor seria impossível: estávamos como se fosse na nossa própria casa. Quartos óptimos, pequeno almoço maravilhoso... tudo, mas tudo muito bom. Muito obrigada por tudo. Ficarão sempre nas nossas recordações. E quando a saudade for muita nós voltamos, de certeza."
51,"A simpatia e a forma como fomos recebidos neste magnífico monte foi espetacular. Quartos muito bons, zona da piscina magnífica e todo o espaço envolvente. Agradecimento muito especial ao Sérgio que é um excelente anfitrião... sempre disponível para ajudar a que tivéssemos uma excelente estada aqui ... muito obrigado Sérgio. Agradecemos ainda a Patricia, a Dona Maria e a outra senhora, muito obrigado por tudo. Adoramos... voltaremos de certeza é o mais breve possível."
52,"Numa localização privilegiada, junto ao castelo de Monsaraz, observatório e praia. Um espaço muito acolhedor, bem decorado. Senti-me em casa. Fui muito bem recebida.  O pequeno almoço é maravilhoso. O sumo de framboesa é qualquer coisa.  Os quartos muito confortáveis. Todas as condições para uns dias de descanso. O Sérgio ( proprietário)e todos os restantes funcionários,  uma simpatia.  As dicas do Sérgio foram excelentes. Tudo correu muito bem. Espero regressar em breve para um mergulho na piscina e para o sumo de framboesa. 😀"
53,"Lindo o lugar,casa,cidade, uma experiência para voltar novamente ! Estive com os meus cães( fox terrier ) e foram muito bem tratado pelo staf do hotel,como sabem está raça precisa de muito espaço para descarregar as energias,e eles ficaram soltou no jardim,  sentimos  mesmo em casa !"
54,"O espaço é lindo, muito bem cuidado. Tem um grande jardim, com piscina. Os funcionários são muito simpáticos e sempre disponíveis. Há uma grande preocupação com o bem-estar dos clientes. O quarto era excelente. O pequeno-almoço é espetacular, muito variado, com bolo e sumos caseiros, queijos, fruta, vários tipos de pão.  Toda a zona envolvente e lindíssima,"
55,"Como o Sérgio (proprietário) bem o define, esse lugar é a sua, a nossa casa. Grande opção na charmosa Monsaraz. Realmente algo diferente de uma pousada-padrão. Lá vc se sentirá em casa, tomando um vinho na sala e se aquecendo na lareira. Sérgio e sua família lá moram e isso nos fez ter a oportunidade, por exemplo, de bater um papo com sua vozinha (dona Antonia) na sala, escutando suas histórias de vida. Onde mais isso poderia ocorrer? Sérgio é jovem, uma pessoa diferenciada, com uma visão de mundo (englobando aqui os negócios, claro) bem interessante, daquelas pessoas que precisamos conhecer e ouvir de vez em quando para ter melhor esperança na humanidade. Obrigado por nos receber tão bem e partilhar suas experiências conosco. Infelizmente quando saímos o amigo não estava e não"
56,"Não sendo o tipo de ""monte"" que mais me atrai, tem todas as condições para uns dias tranquilos, onde nos podemos alhear dos ""barulhos da civilização""! Muito soft, com decoração (nas zonas comuns) fantástica, mesmo a convidar para umas noitadas de conversa com os amigos. O quarto onde ficamos tinha pouca luz solar e não oferece as ""mordomias"" das unidades mais recentes ... não é por isso menos apetecível. A piscina é fantástica e só é pena que a ""albufeira"" esteja a sofrer a seca que se vive em todo o País. O Sérgio ... é super caloroso e hospitaleiro!!"
57,"Gostei muito. Acordar num ambiente rural rodeado de antiguidades, com uma decoração muito bonita, encheu-me a alma.O acolhimento pelo Sr. Sergio foi fantastico e isto muito contribuiu para quase nos sentirmos em nossa casa. O exterior é relaxante e rodeado de vegetação e foi um prazer tomar  lá o pequeno almoço ,num sitio tão repousante e silencioso. Bom pequeno almoço acompanhado por sumo de fambroesas. Obrigada Sr. Sergio pela maneira simpática como fomos tratados."
58,"Lugar encantador..tudo o que nos rodeia é fantástico. A herdade tem uma colecção sem fim de varias antiguidades, o exterior é lindíssimo. Gostamos muito do Juvenal, das ovelhas de tudo o que esta a volta da Quinta...lugar a voltar. O pessoal de Aveiro gostou e vai recomendar."
59,"Sítio verdadeiramente espectacular, staff muito simpático, bem disposto e acessível, decoração pitoresca e muito bonita, quarto agradável e confortável e casa de banho enorme. O pequeno almoço foi maravilhoso, a piscina é fantástica, assim como o jardim envolvente e os animais. Sem dúvida que recomendo e a localização também é muito boa. Um sítio para repetir."
60,"Fantásticas instalações de Turismo Rural, mas a maior valia com toda a certeza são as pessoas que nos recebem de braços abertos como membros da sua família. Obrigado a toda a equipa e até já. Saudades ..."
61,"Foi uma estadia extraordinária neste oásis alentejano.  Toda a envolvência deste monte, com vista para o Alqueva e para o Castelo de Monsaraz contribuem para uma excelente estadia! O quarto grande e confortável, bem iluminado e arejado, com uma decoração muito agradável e sóbria, permite-nos descansar plenamente. Os deliciosos pequenos-almoços com fruta fresca e sumos naturais, ovinhos mexidos e bolinhos caseiros, trazem-nos um bom início de dia. Os jardins bem cuidados, a piscina e o bar com aqueles magníficos aspersores que nos refrescam enquanto tomamos uma bebida, ou comemos uma belíssima refeição leve, sem termos de sair, complementam a nossa estadia. E depois os donos... Os donos são anfitriões exímios, disponibilizando-nos tudo o que precisamos para que a estadia seja"
62,"Muito confortável, ambiente familiar e acolhedor. A piscina optima e o jardim envolvente muito agradável. Os quartos são muito bons e confortáveis. A localização é excelente, vista desempedida para o castelo de Monsaraz e muito perto do lago da albufeira do Alqueva. Fácil acesso a Reguengos de Monsaraz e Mourão. Se está à procura de uns dias de completo relaxa e tranquilidade perto de Monsaraz, não hesite, vale bem a pena!"
63,"Ótimo local de descanso, muito sossegado e tranquilo. O ambiente foi sempre muito familiar e muito acessível. Local excelente para observação das estrelas. Interior da casa é indiscritível, um autentico museu. Exterior com uma grande piscina e um grande jardim envolvente. Espero lá voltar."
64,"O ambiente é muito familiar. O espaço é muito agradável e tranquilo. Excelente hospitalidade por parte dos proprietários. A comida é optima. Sentimo-nos completamente à vontade como se fosse a nossa casa. a repetir. Adorei. Excelente. Júlia Rodrigues"
65,"A estadia de quatro noites no Monte Alerta foi perfeita para um muito necessário descanso. O quarto era enorme, com pormenores antigos mas com todas as comodidades da vida moderna. A casa é muito bonita e nem decorada. O melhor foi mesmo a piscina, suficiente para uma casa cheia e com muito espaço à volta para relaxar. O pequeno almoço é muito bom, com produtos regionais e num raio de 2 km há pelo menos 4 bons restaurantes."
66,"O Monte alerta é um local unico de paz e tranquilidade com uma piscina espetacular. O interior da casa e algo unico...casa museu com muito conforto. Muita simpatia e belas tardes com gin sharish, referencia dos gins alentejanos."
67,"Regresso em 2017, para uns dias maravilhosos. Mais uma vez, parabéns ao incansável Sérgio e à sua familia pelos bons momentos. Assim que puder, é voltar novamente. P.S. - As caipirinhas estavam deliciosas!!"
68,"Ambiente calmo, acolhedor, muito familiar. Boas condições de alojamento. Espaço exterior excelente. Fomos recebidos com imensa simpatia e postos completamente a vontade. E um ótimo hotel para estar com crianças. Pequena almoço com um sumo de morango espetacular. A voltar."
69,"Óptimo atendimento, staff é muito simpático toda casa tem uma decoração rústica e elegante vive se um sentimento acolhedor e espetacular , com lareiras antigas situadas por toda a casa, a piscina não tem horário de fecho e tem uma óptima vista. Os quartos suite são grandes , contacto directo com animais e a natureza . Ideal para quem quer relaxar e desfrutar nas férias quer de verão ou Inverno. Ps: o céu a noite é dos mais lindos e estrelados que já vi !!!!  Gostei de tudo"
70,"O que poderia ser um fim de semana de descanso, foi isso e muito mais, que cantinho fantástico que descobrimos bem perto de Monsaraz. A casa e todo o seu envolvente estão muito bem tratados e nós somos convidados a fazermos daquela a nossa casa, todo o tempo que lá estivermos hospedados.   A casa que está na família há 8 gerações inclui dentro dela um não mais acabar de peças decorativas antigas, todas bem tratadas e que tornam a decoração da casa ainda mais acolhedora, assim como as fotos da família que vamos encontrando em vários espaços.  Os quartos são enormes e todos muito bem decorados, mas os espaços no exterior realmente captaram a minha atenção, existem vários espaços de descanso, vegetação de vários tipos, vários pontos com cadeiras/sofás/camas e claro, a minha"
71,"Sem grandes mordomias, fomos recebidos como se fossemos família. Conhecemos o espaço interior e exterior.  Muita simpatia e humildade.  A voltar.  Por vezes ""menos é mais"", e aqui isso aplica-se muito bem. 😊"
72,"Retiro ideal para um fim de semana ou mais dias. Sossego completo, piscina fabulosa, jardim fresco com relva e arbustos ideal para dias com 40-C ao sol! Bar com diversas bebidas, nomeadamente gin de origem local. Staff fantástico, sempre pronto a ajudar e com sorriso. Recebem-nos em casa deles como fosse nossa.  Obrigada! Vamos voltar!"
73,"Todas as instalacoes sao de muito bom gosto,sendo que o meu quarto ,alem de grande,estava muito bem mobilado e muito bem limpo.O mesmo a aplicar ao WC,anexo.O monte esta muito bem situado e bem cuidado,sendo que a area envolvente ao predio e a piscina ,alem de muito bem cuidados sao muito agradaveis,para quem queira descancarNo computo geral a nota de 0 a 10 sera de 9,5.Para visitar novamente"
74,"Nada a apontar, 5 estrelas, o Sérgio é extremamente simpático e fez-nos sentir em casa. A casa é muito acolhedora e tem ambiente fantástico. Os quartos são espaçosos, a decoração também é impecavel. Recomendo bastante!"
75,"O Monte Alerta é uma casa de campo onde não somos hospedes mas convidados da casa. Com um decoração rustica, mas soberba e extremamente acolhedora, faz nos sentir numa casa de um amigo que vive no campo. O Sergio, bem como a sua mãe (as pessoas que nos receberam) fizeram nos sentir como fossemos velhos amigos. É realmente um local para voltar e tornar a voltar. Não tendo a impessoalidade de um hotel, tem todas as comodidades acrescidas de um hospitalidade que um de 5 estrelas, não oferece. O único senão foi ser só um fim de semana. Para voltar com tempo e usufruir de tudo"
76,"Monte Alerta é um espaço de lazer muito bem conseguido. casa muito bem decorada, com uma envolvência fantástica, onde se pode realmente relaxar. Monsaraz muito perto. Quartos muito bons e óptimo wc. Pessoal muito simpático e pronto a satisfazer os desejos dos clientes. Pequeno almoço poderia incidir um pouco mais nos produtos exclusivamente da região., o que não quer dizer que fosse menos bom."
77,"Voltámos ao Monte Alerta após quase vinte anos desde a visita anterior. Estávamos bastante curiosos, pois guardávamos boas recordações, e também porque pretendíamos ver as mudanças entretanto registadas. A casa está mais ou menos como nos lembrávamos,quarto e wc amplos e bem equipados, o jardim, com a sua piscina,  está muito mais frondoso (pormenor muito importante naquele local bem no interior do Alentejo) e as pessoas extremamente simpáticas e acolhedoras (tal como da primeira vez). Agora já com a nova geração à frente do projecto, o Monte Alerta é uma casa muito agradável e que deve ser uma das apostas mais interessantes do Alentejo na vertente do turismo no espaço rural.  Já me esquecia, mas não posso deixar passar a simpatia da Maria que nos levou ao quarto umas fatias de"
78,"Propriedade cuidada, cheia de recantos, em que se pode ainda ""escutar o silêncio"" .Uma casa que se pode considerar um pequeno museu, com quartos espaçosos e confortáveis,cada um com as suas particularidades. Salas de estar confortáveis, com lareira, sempre bem vinda numa noite mais fria. Uma piscina suficiente para se desfrutar, inserida num espaço com muitas zonas de sombra.Pequeno almoço agradável.A completar, a simpatia dos donos, sempre atentos, (o Sérgio é omnipresente) ,completada pelo apoio do restante ""staff"" . Bons restaurantes perto, e o encanto do Alqueva. Sem dúvida um lugar ao qual se volta."
79,"Hospedagem agradável,cheia de pequenas decorações a condizer com o estilo da casa,com uma agradável lareira na sala.vista bonita para um pequeno lago .estava inverno não fomos à piscina que têm uma boa vista. Nesta altura do ano o jardim ainda não estava no seu melhor."
80,"Recepção impecável por parte das pessoas que exploram o Monte, espaço confortável, com óptimas condições, quarto e wc amplos, pequeno almoço muito bom. Tem lareira, salas de estar, bar, piscina, jardim envolvente e lago. Ambiente muito acolhedor."
81,"Quarto amplo, confortável. Excelente cama, casa de banho enorme, optimas condições. Pequeno almoço muito bom. Limpeza impecável. Simpatia e boa educação do pessoal, pequeno espaço de spa que faz frente a muito spa de luxo que por aí há. Mãos experientes e milagrosas da D. Vitória.  Recomendo vivamente para quem quiser relaxar e sentir-se entre amigos. O monte é lindo. Parabéns."
82,"Excelente espaço para relaxar, uma piscina espectacular, sala de refeições com um pequeno almoço muito bom e o pessoal muito simpático e acolhedor, como bónus ainda temos a vista para Monsaraz que é deslumbrante."
83,"Um autêntico paraíso em pleno Alqueva. Ideal para descansar, repôr energias e passar bons momentos.  Senti-me em casa com a forma tão carinhosa como fui tratada.  Jardim bem cuidado, pequeno-almoço delicioso e quartos confortáveis. Não há como não adorar."
84,"Quarto amplo com muita comodidade boa luminosidade e aquecimento e cama excelente.Os sofás são muito confortaveis o que nos proporciona umas boas horas de descanso e de leitura.Casa de banho ampla .À noite é super agradável estar com os amigos a conviver junto aquela bela lareira."
85,"O valor de 70.00 por noite não se justifica face à qualidade das instalações.  1º - O parque de estacionamento não tem iluminação, o que considero uma falha grave, pois de noite não se consegue ver nada e existe uns degraus para ir para as instalações.  2º - O espaço exterior está com um aspecto desleixado   3º - Talvez fruto de má execução, no quarto onde nos colocaram, o WC tem um cheiro a ""fossa"", provocado provavelmente pelo sifão que não está a bloquear o cheiro.  4º - O chuveiro não tem suporte para se tomar banho com o mesmo fixo, sendo necessário estar com ele na mão.  Por estes factos e relação qualidade/preço  é péssima."
86,"Uma pérola alentejana, cada espaço conta uma história e para quem é amante de antiguidades está no sitio certo, a simpatia do anfitrião faz-nos sentir em casa. Pequeno almoço divinal, com produtos locais e uma lareira acesa só para nós. Foi pena ter sido por pouco tempo, vamos recomendar aos nossos amigos."
87,"O Monte Alerta foi uma boa experiência ! As pessoas são muito acolhedoras, sentíamos em casa. Só podemos dizer coisas boas! Os quartos são espaçosos e com boas vistas, quer para o castelo quer para as paisagens alentejanas. Um sítio a ser visitado e revisitado!"
88,"Muito bom: bons quartos, decoração fantástica, bom local para descansar sem esquecer o ambiente familiar e acolhedor. Sem dúvida um dos locais a visitar novamente. Bons acessos à zona historica de Monsaraz."
89,"Esta unidade de turismo rural tem muito boa qualidade,quartos espaçosos e com todas as comodidades,uma piscina que vai até aos 3 metros de profundidade o que não é muito normal encontrar e com uma boa vista muito sossegado. Bom pequeno almoço com variedade e produtos frescos. O quarto em fiquei instalado tinha vista para Monsaraz,lindo."
90,"O Monte Alerta foi uma maravilhosa descoberta!  É o local perfeito para descansar (sossego absoluto), com uma envolvência fenomenal: piscina, jardim super bem cuidado com vários cantos de descanso (mesas, camas e ambiente zen), bar de gins acolhedor (Sarish Gin - lentamente destilado no Alentejo - é incrível), quarto espaçoso e confortável com um terraço com vista, refeições cuidadas e saborosas e um atendimento personalizado que fez desta estadia uma experiência inesquecível. A repetir. Aconselho vivamente!"
91,"Quero partilhar as grandes experiências que já passei no Monte Alerta em Monsaraz, já lá estive uma dezena de vezes e fui sempre muito bem tratado , lugar fantástico , muito calmo , muito bonito, cinco estrelas . Vou lá voltar."
92,"Segunda vez que visito Monsaraz e que fico neste turismo rural. É simplesmente o melhor dos melhores! Aconselho vivamente! Espaço muito agradável, zona exterior muito bonita e com vida. A piscina é muito boa!"
93,"Monte Alerta, turismo rural, onde podemos descansar, Quartos confortáveis com uma vista Boa, natureza rural e outras. Noites agradáveis com ambiente familiar. Excelentes gins da região. Muito importantes as pessoas que estão a frente desta unidade. Colocam ao nosso dispor tudo o que e possível para proporcionar um ambiente muito bom. Resumindo excelente."
94,"Uma experiência a repetir. Desde o primeiro dia fomos recebidos como se fossemos da família.  Uma piscina muito agradável onde passamos a maioria do tempo. Os quartos têm óptimas condições. Um Espaço 5 Estrelas!  Recomendo Vivamente"
95,"Foi uma agradável surpresa a estadia no Monte Alerta. Obrigado ao Sérgio e aos Pais pela simpatia e atenção com as crianças. O melhor elogio que posso fazer é dizer que me senti em casa num ambiente familiar! Os almoços junto à piscina são simples mas muito agradáveis e com muita qualidade! Experiência provavelmente a repetir no futuro!"
96,"Estive com a minha família neste local, que recomendo para passar uns dias relaxados, a ouvir a passarada, a olhar o céu estrelado do Alentejo. O ambiente é familiar e acolhedor.Nas proximidades está Monsaraz, de visita obrigatória, com excelentes restaurantes."
97,"Excelente refúgio para quem procura sossego e uns dias para descontrair. A propriedade é acolhedora e sente-se uma ótima atmosfera. O staff é incansável. Os quartos são ótimos e o descanso reina. Sem dúvida para regressar em breve."
98,"Tiramos estes 3 dias de fim de semana prolongado para ir até ao Alentejo profundo. Não obstante o calor que se fazia sentir, pudemos desfrutar de uns belos dias no Monte Alerta e contar com a simpatia do Sr. Sérgio e da Vitória. Excelentes instalações, piscinas ""fabulástica"" e a envolvência é de ficarmos pasmados com as águas do Alqueva. Experiencia que recomendo vivamente!!!!"
99,"Fim de semana prolongado com o objectivo de descansar. O local é fantástico com vários cantos e recantos que permitem a privacidade dos diferentes hóspedes. O pequeno almoço é agradável e variado e pode ser tomado na esplanada. O Sergio é muito simpático e disponível. Sem duvida um local a recomendar e a voltar!!!"
100,"Que delícia de espaço rural! Ideal para descanso, leitura, relax. .. A casa despretensiosa com decoração rústica, é muito acolhedora. A piscina convidativa apesar de não mto grande. Um bar de apoio onde o Sérgio serve por ex gin descrevendo como é feito com tal carinho que nos põe a desejá - lo... Os jardins muito bem cuidados com plantas todas misturadas como eu gosto. À noite fica iluminado ao som de música ambiente. A família, habita a casa e connosco convive e interage frequentemente, sendo do mais gentil e disponível que conheço.  Faz alguma falta o apoio da cozinha, a meu ver. O pequeno almoço é  caseiro e variado com sumo de fruta natural. Enfim... Não convém elogiar mais não vão perder a qualidade!  Esqueci-me de falar das gatinhas que vão ao jardim no momento da"
101,"Excelente espaço para relaxar e desfrutar da natureza! Atendimento excecional e personalizado!  Variadas opções de lazer! À noite,  nada como contemplar a perfeição de um céu estrelado, pincelado de estrelas cadentes!"
102,"Fomos recebidos de forma muito calorosa com um ""Queremos que se sinta em casa"" e, de facto, sentimos. A casa revela um ambiente familiar que nos acolhe por todo o lado, desde a decoração tradicional, com apontamentos modernos, testemunho do passado que os conduziu até este momento, até à simpatia do Sérgio e da sua mãe que, gentilmente, partilhou alguma da sua rotina em momentos de conversa muito agradável. O espaço envolvente é muito convidativo, adorámos os vários recantos dos jardins e a piscina, sempre frequentada, mas sem nos sentirmos ""apertados"". Uma nota ainda para os animais domésticos que nos rodearam sempre de forma carinhosa. Por último, o céu! A noite proporciona um visão maravilhosa do céu que a cidade nos nega. Fomos brindados com estrelas cadentes na noite de"
103,"Da simpatia de todos, sempre disponiveis em agradar. Das raridades que servem de decoração à casa. Da localização e do envolvimento...enfim de tudo. Não posso deixar de agradecer ao Sérgio ter-me ""apresentado"" o Gin Sharish... Sem dúvida a repetir..."
104,"Desde a simpatia e atenção do Sérgio, assim como os seus pais, passando pelo bom gosto dos quartos assim como de toda a casa, o asseio e higiene das instalações, revelou-se um conjunto de fatores que conjugados fazem com que passemos, sempre que possamos, a ter como destino de escapadelas, o Monte Alerta."
105,"Acolhedor, decoração de muito bom gosto, recantos no jardim para maior privacidade, boas sombras em toda a área, inclusivé à volta da piscina. Atendimento familiar, porém não invasivo. O local ideal para fugir à rotina."
106,"Quartos muito confortaveis e espaçosos e com vistas deslumbrantes. Belas salas para descanso e leitura. Optima piscina e uma bela area envolvente com boas sombrsa e uma relva muito bem tratada. Belissimo serviço de bar e sempre com boas bebidas."
107,"De realçar a abertura e simpatia do Sérgio, quem nos recebeu e sempre se mostrou preocupado e atento ao nosso bem-estar. O espaço é muito bonito, com muitos pequenos ""recantos"" pensados para proporcionar um bom ambiente e conforto ao hóspede. A noite permitiu-nos beber o melhor gin da nossa vida, conviver com alguém experiente e muito interessante num ambiente muito familiar. A localização é ótima e a disponibilidade do proprietário é 5*. A repetir!"
108,"A ideia de passarmos 2 noites em Monsaraz levou-nos à pesquisa na NET de um sitio onde ficar. As fotos e a proximidade das muralhas de Monsaraz levaram-nos até lá. A escolha foi excelente. Tranquilidade, conforto, beleza e simpatia não faltaram. Quem gosta de gatos vai deliciar-se com eles. O casal D. Vitória e Sr. Sérgio, assim como o seu filho Sérgio fizeram sentir-nos em casa.  Aliás não posso deixar de frisar a disponibilidade para nos levarem onde quisemos ir jantar, uma vez que o nosso carro resolveu avariar."
109,"Salas muito bem decoradas, ao estilo antigo, com muito bom gosto. As lareiras no Inverno deverão ser um ""must"". Sumo natural ao pequeno almoço de grande qualidade. Espaço exterior muito agradável e cuidado, e uma piscina que delicia qualquer um inserida na deslumbrante paisagem do Alqueva. Simpatia de todos. Obrigado Sérgio. Ah! e já agora não se esqueçam dum gin, produto nacional muito bom! A gastronomia da região é fabulosa, com destaque para o Sabores de Monsaraz...Imperdivel! Por certo um programa a repetir"
110,"Sem dúvida um retiro espiritual, com a sua paisagem natural e um museu a céu aberto que é Monsaraz. Staff 5 estrelas, e muito preocupado em todos os pormenores. Piscina fantástica. Quartos com condições soberbas e uma vista sobre a vila de Monsaraz fantástica! Irei voltar com certeza!"
111,"Muito boas instalaçoes, optima decoraçao variada e enquadrada no estilo alentejano tipico ambiente muito calmo , com piscina, optimo pequeno almoço. Na minha estadia encontrei turistas canadianos franceses que sera talvez o turista mais dificil de satisfazer e estavam encantados e espantados com o sossego e a simpatia sobretudo. recomendo vivamente a estadia."
112,"Ambiente familiar, bem decorado quer no quarto (opção moderno) quer nas salas. O Jardim exterior ficou àquem das expectativas. A piscina embora pequena , interessante, no entant, devido ao tempo frio não podemos aproveitar. Pequeno almoço aquem das expectativas e não gostamos da opção das mesas marcadas. Boa localização Com espaço para melhorar"
113,"Para descansar não há melhor. Sítio calmo e acolhedor onde a simpatia da Vitória e do Sérgio sénior fazem a diferença pela positiva. Recomendo vivamente a passagem por este pequeno paraíso em pleno coração Alentejano."
114,"Uma família adorável que sabe receber como ninguém. Salas e quartos confortáveis e acolhedores. O pequeno-almoço delicioso, com vista para a Natureza. O jardim bem cuidado, tudo pensado ao pormenor. Ideal para quem procura tranquilidade, silêncio, e ouvir a Natureza. Piscina exterior, com o horizonte a perder de vista. Excelente localização junto a Monsaraz e Barragem do Alqueva. Um fim-de-semana inesquecível, vamos voltar, já sentimos saudades. Andrew & Maria"
115,"Monte Alerta um local onde as expectativas são superadas. Familiar, ambiente descontraído e calma, entre os sons da terra e dos animais. Cuidado extremo ao nível da satisfação do cliente, preocupação pelo eu bem estar.  Um bom gosto em tudo os pormenores, desde a decoração interior quer exterior. Confortável e acolhedor, sem snobismo dispensáveis +ara quem se quer sentir em casa. Pequeno almoço 5 estrelas. saímos com a alma lavada e com vontade de voltar. Obrigada"
116,"Há anos que o Monte Alerta é o meu pouso de eleição no Alentejo. Acho Monsaraz um dos lugares mais lindos do Mundo e ter uma casa assim, tão próxima desta vila mediaval, é um privilégio.  Trata-se um alojamento em espaço rural confortável e acolhedor, ideal para quem procura tranquilidade e contato com a Natureza. Uma verdadeira casa de família, onde somos recebidos com todas as atenções. Os quartos são bonitos e amplos e as bonitas salas comuns convidam ao bem-estar e ao relax.. O jardim super bem tratado e perfumado é um dos principais atrativos, assim como a piscina exterior. Recomendo ainda os tratamentos de SPA, que ja experimentei várias vezes, sempre com agrado. A proximidade com o Grande Lago do Alqueva e os seus atrativos é outra mais valia. Saliento ainda a simpatia"
117,"Uma casa de campo com cara de sítio. Poucos quartos mas grandes e bem equipados, numa casa aconchegante. Os donos são excelentes e atenciosos. Fomos em Março e pegamos a pousada vazia. Tem uma linda vista para a cidade de Monsaraz no alto do morro que fica a 3 min de carro. Otimo café-da-manhã, com estacionamento, muito silêncio e tranquilidade."
118,"A pousada Monte Alerta fica entre o Centro Náutico de Monsaraz e o centro da cidade. Um local maravilhoso para descansar e apreciar as estrelas! O atendimento é muito bom, o quarto amplo e arejado. Fiquei hospedada no quarto 7, com varanda."
119,"Instalações muito boas e limpas, localização privilegiada, próxima ao centro náutico, cromeleque, do futuro observatório e da cidade de Monsaraz. Café da manhã bom, com o básico. Atendimento um pouco impessoal para um hotel pequeno, mas não compromete. Não há restaurante no hotel, porém há opções bem próximas.   Quartos espaçosos, arejados, bem iluminados, com água quente e pressão surpreendente no chuveiro. Há um quarto (7) que possui uma varanda com vista para as muralhas de Monsaraz, ao alto da colina. Em noites limpas é possível aproveitar o céu maravilhoso do Alentejo, com milhares de estrelas.  Como pontos a melhorar, o isolamento acústico dos quartos e a recepção (não há).  Um lugar ideal para descanso e tranquilidade."
120,"Escolhemos este local para comemorar o nosso aniversário de casamento e não poderíamos ter escolhido melhor. Muito bem localizado no sopé das muralhas de Monsaraz. Tranquilo, sossegado. Contacto com póneis e um simpático burro :) Quarto espaçoso e bem cuidado, com decoração rústica. Salas comuns com lareira acolhedoras. Donos atenciosos e bastante disponíveis. Foram 3 noites de alojamento muito relaxantes, longe do stress de Lisboa. A repetir."
121,"As fotografias apresentadas para promover este turismo rural não correspondem à realidade. Os quartos estão sujos e a precisar de remodelação. Tapete anti-derrapante da banheira estava cheio de fungos. O chuveiro partido. O quarto gelado. Pequeno almoço básico, sem produtos locais. O Wi-Fi só funciona numa sala. Escolhemos este alojamento por oferecerem serviços como a piscina e spa; contudo a piscina e envolvente estavam encerrados e o spa até hoje desconhecemos em que consistia! Não existe nenhum bar ou espaço que permita aos hóspedes pelo menos tomar uma água ou um chá! Não aconselhamos a ninguém; definitivamente a não repetir! Caríssimo face ao que efectivamente oferecem!"
122,"Localização excelente. Quarto no andar de baixo, com uma pequena varanda com vista para um poço rodeado de buganvílias, calmo e excelente para descansar. Ambiente familiar, simpatia da dona da casa que me fez um chá à noite, animal de estimação lindo e muito especial... Pequeno almoço excelente. Parque de estacionamento."
123,"O Monte Alerta é um autentico Oasis na paisagem Alentejana. Magnificamente bem localizado geograficamente, mesmo colado A Monsaraz e à barragem do Alqueva, proporciona um descanso magnifico quer em familia quer em casal. Os passeios em Kart pelas redondezas são uma forma magnifica e divertida para conhecermos locais fora das normais rotas de estradas. A proximidade do Alqueva e a possibilidade de se efectuar um passeio de barco é outra das atracções a ter em conta.  Aliado a isso, o excelente atendimento e o magnifico espaço de lazer com piscina permitem momentos de relax. Nas imediações, uma visita ao restaurante Sem Fim é uma obrigação. Cada visita ao Monte Alerta serve como vontade de lá voltar o mais rapidamente possivel."
124,"Decoração original, com casa rústica. Relativamente fácil de aceder, com vista para Monsaraz.  Permite realizar várias actividades envolventes de natureza, e também spa. Donos extremamente simpáticos e disponíveis.  Optimo local para fim de semana relaxante."
125,"Limpeza exemplar. Quarto e casa de banho espaçosa. Zona exterior muito acolhedora. Piscina e jardins perfeitos. O pequeno almoço  foi delicioso. Pequeno mimo à chegada. Maquina de café e cápsulas no quarto e uma garrafa de água."
126,"Casa de turismo de Habitação das mais encantadoras quer a nivel de mobiliário quer da sua envolvência, Oito gerações por ela passaram sendo agora casa de turismo. Recepção acolhedora de um dos membros mais novos da família ,que nos fez um tour de apresentação da casa. Quartos extremamente agradáveis e amplos .Pequeno almoço ótimo ,e muita simpatia de todos os funcionários. Perto da linda vila de Monsaraz ."
127,"Dos sítios mais agradáveis e acolhedores onde já estivemos. Jardins, esconderijos, piscina, livros, karts e jantares em monsaraz. Sentimo-nos em casa. O maior erro foi passar apenas duas noites. Caso não se consiga marcar, o Monte de Santa Catarina, mesmo ao lado, é da mesma família e irá com certeza possibilitar uma experiência tão boa quanto esta. Vamos de certeza voltar para para o ano!"
128,"Muito bom!   Ambiente familiar e atendimento atencioso. Paisagem fantástica e instalações muito acolhedoras. Ideal para relaxar. Bem localizado com bons restaurantes e o castelo de monsaraz. Os animais de estimação são um ponto extra!"
129,"óptimas instalações,quartos amplos,bom serviço de pequeno almoço.um vasto espaço exterior com uma boa piscina,e diversos animais lindíssimos,aliados á extrema simpatia da Susana e marido,a voltar sempre que puder"
130,"Paz, tranquilidade, sol, calor, belas paisagens, animais de quinta, lago, piscina com bar de apoio, céu estrelado á noite, pessoas excelentes, tudo isto pode ser encontrado aqui no Monte Alerta. O Monte é um paraíso paisagístico, a casa é bela a decoração bastante adequada á casa, os donos são simplesmente fabulosos, muito afáveis e prestativos, não se cansam de agradar. A localização é soberba, para um lado a cerca de 1.5km temos o grande Lago do Alqueva onde o Centro Náutico nos permite fazer um sem número de actividades de lazer, para o outro lado a cerca de 2km temos a belíssima vila de Monsaraz. A gastronomia é do melhor. Apenas me faltou fazer a observação do céu noturno mas ficará para uma próxima vez pois irei voltar certamente."
131,"Proprietários gentis e funcionários muito atenciosos. O monte onde a casa está inserida é particularmente bonito: tanto pela vegetação que o envolve como pelos animais que o monte alberga. Decoração convida ao relaxamento, sobretudo na zona da piscina (onde tem um bar onde podemos beber uns agradáveis gins). O pequeno almoço é fantástico (servem um bolo caseiro maravilhoso). O quarto é muito espaçoso e bem decorado. Além disto tudo, não podemos deixar de referir o spa, a sala de cinema (onde infelizmente não tivemos oportunidade de assistir a nenhum filme) e a espectacular maquete de comboios construída pelo proprietário. A voltar, sem dúvida nenhuma!!!!"
132,"Um local fantástico! Monte muito bem decorado, nomeadamente o espaço envolvente da piscina. Adorámos os animais da quinta! Gostei da decoração do quarto e a cama é extremamente confortável, comparável a hoteis de 5 estrelas. Limpeza excelente, ainda para mais que estamos no meio do campo. Nota negativa para o ar condicionado, algo ruidoso. Pequeno almoço abundante e adorei os bolinhos caseiros! Nota negativa, para as janelas da sala do pequeno almoço, abertas e sem redes mosquiteiras, havia abundância de moscas, algo desagradável quando se está a comer."
133,"Ir sem expectativas e ao final do primeiro dia sentir-mos em casa, não é fácil de encontrar. Para fugir do stress das cidades o Alentejo é sem duvida um local de eleição, mas sentirmo-nos confortaveis num espaço relaxante com paisagem deslumbrante nem sempre é atingível. No Monte Alerta encontramos tudo isso e ainda a disponibilidade e simpatia dos proprietários. A começar por não haver receção, em vez de nos sentirmos nas entidades hoteleiras tradicionais é como chegar a casa de ""família"". Não desfazendo dos restantes, procurem pelo Sergio e vão perceber que tudo se arranja ou pelo menos se tenta arranjar e sempre com um sorriso que nunca é forçado. Caso não consigam o Monte Alerta pensem no Monte de Santa Catarina é logo ao lado e o modo de funcionamento é o mesmo."
134,"Excelente opção para quem quer fugir da rotina citadina!!! Quartos soberbos com uma decoração exótica, muito amplos e de uma higiene irrepreensivel!!! O toque da maquina de café/chá no quarto é TOP ;) Os jardim estão muito bem cuidados e apreciar um fim de tarde junto há piscina a beber um Sharish com 2 dedos de conversa com os proprietários é obrigatório!!! Recomendo vivamente o passeio de Kartcross pelos percursos megalíticos da zona..."
135,"Adorei o espaço, a tranquilidade, o atendimento, a simpatia, o serviço no geral. Recomendo, e prometo voltar. O ambiente é muito familiar. Os quartos são muito simpáticos, coloridos, acolhedores. A experiencia de observar as estrelas foi excelente!"
136,"Três casais, veículo escolhido, mota, local Monsaraz. Foi nos aconselhado o Turismo Rural Monte Alerta por uns amigo e seguimos o conselho. É a vertente mais antiga de turismo rural: a casa particular dos proprietários serve de hotel e assim é á 20 anos. Não existe uma recepção e as primeiras impressões são ""complicadas"". A simpatia do proprietário é QB mais tarde conhecemos a proprietária e começamos a notar que não é antipatia mas sim forma de estar e de ser. Os quartos são simpáticos sem grandes luxos, só o básico. Wc com banheiros e sem grande conforto. Não existe serviço de restauração, bar ou outro e mesmo o pequeno almoço é servido muito básico. Serve para descansar se for essa a intenção e pouco mais. Tem a mais valia de estar perto de Monsaraz."
137,"Excelente fim de semana em Monsaraz onde tive o privilégio de ficar alojada no Monte Alerta. Do alojamento, à envolvência, ao jardim ao pequeno-almoço, à disponibilidade do staff e simpatia só tenho a dizer muito obrigado pelo excelente fim de semana que me proporcionaram"
138,"Um sitio com poucos quartos num local tranquilo, com muitas salas comuns confortáveis que nos fazem sentir em casa. No Verão uma piscina com uma vista maravilhosa, no Inverno uma sala de estar com uma lareira que convida a sentar e ler um bom livro."
139,"Vale a pena cada momento passado nesta casa, a simpatia com que somos acolhidos é o espelho da casa, a limpeza e o sossego andam de mãos dadas. O pequeno-almoço, simples mas com produtos caseiros e da época deixam-nos rendidos. Os minutos custam a passar e o descanso fazem com que este seja um local mágico. Aconselho!!"
140,"Excelente local para descansar. Muitissimo sossegado e pessoas com uma simpatia que já pouco se encontra por aí. O espaço é muito acolhedor, e as pessoas estão sempre dispostas a ajudar no que quer que seja.  Estivemos alojados numa altura em que já estava tempo de chuva, pelo que acabamos por não aproveitar o jardim e a piscina, mas no verão deve ser fantástico passar ali umas horas a relaxar :)  O único ""defeito"" é não ter um restaurante incluído, principalmente numa zona onde a oferta não é muita. Mas claro que isso é normal neste tipo de alojamento."
141,"Com as muralhas da pitoresca vila medieval de Monsaraz à vista, o Monte Alerta é um oásis de bem-receber e de sossego. As várias salas de estar, as lareiras alentejanas e uma muito confortável sala de leitura, também com lareira (recuperador), é o local ideal para uns dias de descanso, em grupo ou a dois. Com a possibilidade de organizar um jantar na sala de refeições ou saindo para uma das várias opções de gastronomia regional por perto, este turismo rural deixou saudades e vontade de regressar. O pequeno-almoço alentejano estava perfeitamente adequado ao que é expectável destes tipo de hotelaria, mais personalizada e com produtos típicos – destaco o pão e os doces e compotas!! Os quartos são todos diferentes e a decoração do Monte Alerta é toda ela muito interessante, do"
142,"Muito confortável e agradável. Sossegado e com a tranquilidade própria do Alentejo. Para descansar, relaxar, namorar e passear. Também deve ser muito agradável no inverno. A sala comum tem lareira. Belos pequenos almoços..."
143,"Alojamento 5 estrelas! Limpeza impecável, pequeno almoço ótimo com produtos regionais e um sumo de laranja acabadinho de fazer! A piscina é ótima e está bem tratada. Todo o monte está muito bem arranjado e com gosto. Os donos são muito simpáticos e o pessoal é educado. Monsaraz é um local lindíssimo cheio de História e boa gastronomia e vinho. Aconselho assistirem ao pôr do sol  que é lindíssimo com o Alqueva por baixo. As noites são mais estreladas aproveitem e olhem à noite para o céu."
144,"É um lugar calmo para descansar,  passei la uns dias e fiquei com sabor a pouco é tudo bom  as pessoas são de uma simpatia, sempre limpo o quarto. aconselho passar uns dias no meio deste paraíso Alentejano."
145,"Anadava há anos e anos a querer visitar o Alqueva. Finalmente decidimo-nos num fim de semana alargado de Maio a ir até Monsaraz e alojá-mo-nos no Monte Alerta. Eu, que sou um confesso apaixonado do Alentejop, deslumbrei com a magia de tanta agua, com Monsaraz de paredes caiadas e pedras justapostas, a brisa fresca das noites de primavera, os dias já quentes na piscina e depois de tudo o alojamento. Atendimento personalizado. Cuidadoso.  Atencioso a cada detalhe. Com um sorriso sincero e disponivel de quem não faz as coisas por obrigação mas sobretudo pelo prazer de partilhar e tentar transmitir aos demais a beleza não só da paisagem mas de toda uma outra vida feita com mais calma, harmonia e poesia.  Alqueva, Monsaraz, Monte Alerta não são apenas uma trilogia quase perfeita, são"
146,"A 2 horas da frenética Capital a paz de espírito em forma de Monte que de Alerta só mesmo o nome! Local onde prazerosamente se perde a noção de tempo e espaço.... Acolhimento familiar e requintado. Retiro como opção ao entretém cultural e paisagístico disponível em Monsaraz. Aconselho vivamente a quem valoriza a comunhão com a Natureza...voltarei em breve!"
147,"Um lugar fantástico para recuperar energias da forma mais natural. Espaço tranquilo, simples, confortável, charmoso e agradável. Tudo o que é preciso para respirar fundo, descansar, meditar ou tomar um banho de piscina. Um jardim cuidado e encantador. Pessoas agradáveis e encantadoras. Recomendo."
148,"O Monte Alerta é muito acolhedor, com uma excelente localização. A armonia com o espaço envolvente e a vista para o Castelo de Monsarz são fantásticas. É um ótimo local para relaxar e desfrutar do campo. A acrescentar a simpatia e profissionalismo dos anfitriões que marcaram a diferença. Recomendo vivamente e certamente voltarei."
149,"Fiquei agradavelmente surpreendido, as recomendações que me fizeram do Monte Alerta, pecaram foi escassas. Super atenciosas as pessoas do staff. Quarto muito acolhedor! Claramente um local que recomendarei!"
150,"A experiencia no Monte Alerta foi óptima! Os anfitriões, a casa, o jardim, a piscina, a comida e os arredores são todos pontos a favor. O Monte Alerta, além do conforto que oferece, disponibiliza inumeras atividades para entreter a familia toda! Foi um prazer e é certo que vamos voltar."
151,"A convite de amigos fui passar a dois dias fantasticos ao Monte alerta. Fui optimamente recebido pelos donos do espaço que tudo fizeram para que a minha estadia fosse perfeita. O Monte é perfeito para um equilibrio entre o repouso e algumas actividades, nomeadamente os KART´s e os passeios de BARCO no Alqueva. Vou com toda a certeza voltar em breve e irei recomendar com toda a certeza a todos os meus amigos."
152,"O monte Alerta é o sitio perfeito para descansar em família, ou com amigos ou mesmo sozinha! para além do descanso o Monte tem alguns serviços que fizeram da minha estadia perfeita: massagens, jacuzzi outdoor e karts.  recomendo vivamente."
153,"É um bom sitio para descontrair e relaxar. Onde podemos encontrar boas pessoas sempre dispostas a ajudar. Fica numa boa localização e com uma boa atmosfera. Recomendo vivamente a irem visitar o Monte Alerta"
154,"Não bastava o magnífico local onde se encontra, com vista para o Castelo de Monsaraz, o Monte Alerta é um verdadeiro paraíso...tanto os donos como os restantes empregados fazem-nos sentir imediatamente em casa recebendo-nos de forma calorosa, e estando atentos a todas as nossas necessidades...a casa é uma verdadeira obra de arte, tanto na estrutura, como em cada pormenor, quadro, móvel...tudo no sítio perfeito para compor um cenário de fantasia dos tempos passados...a piscina e todo o jardim envolvente convidam ao descanso e à diversão...o pequeno almoço, todas as refeições são confeccionadas com produtos locais e são verdadeiramente uma experiência gastronómica imperdível...desde o momento em que entramos que tudo se transforma em paz e serenidade...os nossos parabéns aos donos"
155,"Monte Alerta é dos locais mais aprazíveis neste nosso Alentejo. Um silêncio que se ouve, uma paisagem sem fim para o mais belo castelo de Portugal e para o maior lago artificial da Europa, um envolvimento único. O meu local de repouso absoluto. Experimentei a bela coleção de Gin´s e a não perder o fantástico pão Alentejano no pequeno almoço. Uma palavra para a ""gente"" que coloca aquela maravilha a trabalhar: ""fantásticos"". Para o ano, se Deus quiser, voltarei. All the Best. F. Magarreiro."
156,"O local onde se encontra o Monte é soberbo, pois estamos pertinho de vários locais a visitar. É sossegado, muito acolhedor e tanto eu como o meu marido nos sentimos literalmente em casa. O dono, Sr.Sérgio, apaixonado por modelismo, simpaticamente nos mostrou a sala onde está exposta a maquete dos seus comboios e que nos deixou deslumbrados. O quarto era muito bom, cama em dossel, com Tv plasma e a casa de banho grande. Toda a casa sempre muito limpa, as refeições são excelentes, confecionadas pelo Sérgio, que para além de ser bom cozinheiro, é especialista em gins tónicos e nos proporcionou uma aventura nos seus Kartcross's que recomendo a 100%. Fizemos também uma sessão de observação de estrelas, Dark Sky, que foi também muito interessante, num ambiente espetacular.  Todas as"
157,"Excelente para descontrair e relaxar. A piscina está inserida num local muito agradável, no meio de um jardim com relva à volta, permitindo desfrutar da mesma com tranquilidade e passar bons momentos. O ambiente do monte é agradável e o pessoal é simpático. Os quartos são espaçosos, bem decorados e bem equipados. Monte bem decorado e confortável. Pequeno almoço adequado. Recomendo."
158,"Tem um quarto para família muito bom, espaço bem decorado, confortável e um pequeno almoço bem recheado, uma piscina quanto baste para o final de tarde depois do passeio, bem perto do Alqueva e de Reguengos,."
159,"É o Monte por excelência! Descontrair e relaxar no seu ambiente zen, foi uma experiência que nunca mais irei esquecer. Os jardins que cheiram a alfazema, os espanta-espiritos com o seu tilintar relaxante, são dois dos muitos motivos para se visitar este monte. A casa está decorada com muito bom gosto, os pequenos almoços até horas tardias(para que se possa descansar), são abundantes e variados. Até sumos de tudo o que se possa imaginar feitos na hora. A piscina é óptima para quando o calor aperta, rodeada de sombras apetitosas. Á noite a vista para Monsaraz toda iluminada é soberba. Não se deve esquecer de fazer um dos tratamentos que a Vitória nos proporciona. Tudo isto(e muito mais), foi vivido por mim e pela minha familia, mais do que uma vez. Espero voltar em breve. Um Beijo"
160,"Ficámos encantados com a casa ,com o ambiente que se inspira nela e em toda a envolvente.As vistas são soberbas,a calma que o jardim zen nos transmite é muito relaxante e uma optima piscina,muito limpa e cuidada. Gostamos de tudo; a decoração de bom gosto, os optimos pequenos almoços com os produtos fresquinhos da região (pão quentinho ). Os quartos são limpos,grandes e bem decorados. Recomendamos aos nossos amigos porque tambem nós gostámos muito.Tivemos o previlégio de conhecer a Dona Vitória, Senhora de muitos saberes e optima conversadora,gosta-se dela facilmente( por acaso é a dona deste monte magnífico)"
161,"Para quem gosta de observar o céu nocturno, por curiosidade no recohecimento das constelações, por deslumbramento ou para observações astronómicas empenhadas, este é o paraíso a escolher.  A poluição luminosa é  praticamente insignificante, a tal ponto que M31, M44 e até mesmo M33 são objectos do céu profundo detectáveis a olho nu. A magnitude limite atinge 6,3. Um local muito bom, lado a lado com o repouso confortável e acolhedor. Não muito longe, no vizinho Monte de Santa Catarina, podemos ter um telescópio de 12 polegadas à disposição. O ambiente é acolhedor , repousante e muito agradável. Também recomendável para que lá vai escrever um livro ou pôr os seus pensamentos em dia.."
162,"Se você está procurando descanso de qualidade, este é o lugar.  Destacamos a comodidade e a beleza da decoração.  Recomendamos a todos os nossos amigos."
163,"O que uma surpresa adorável Monte Alerta tem sido. Ficamos aqui por 4 noites e queria ter ficado mais tempo como ainda havia coisas que queríamos ver e fazer. Os nossos quartos eram enormes, com muito bem equipadas casas de banho e camas muito confortáveis. A casa é delicioso, cheiros linda (um factor importante para mim) e está decorado de uma forma elegante rústico. A área da piscina é encantador e o delicioso café-da-manhã com grande variedade de frutas frescas, fiambre, queijo, pão, bolos e montanhas caseiras de café. Vitoria e Sergio são simpáticos e prestativos e Vitoria-nos preparado um jantar delicioso local em nossa primeira noite, o que nós lutamos para terminar! Não perca um passeio em torno Monsaraz nos Karts com seu filho Sergio - uma viagem emocionante!"
164,"Este é um belo lugar para ficar. Foram 4 de nós e nós tivemos dois quartos. Ambos eram muito espaçosos. Um tinha um amplo banheiro com pia dupla basin e o outro uma bonita varanda com vista para a frente da casa. Os anfitriões, Sergio e Vitoria, não poderia fazer o suficiente. Café da manhã era um buffet, uma grande variedade de frutas, muito saboroso pão e bolos, bom café etc. A cidade de Monsaraz é um par de Kms de distância e foi absolutamente impressionante. Nós ficamos 4 noites e curtimos explorar a área. Uma dica - pegue a viagem karting no pôr do sol com o filho de hosts (também chamado Sergio) - diversão garantida!"
165,"Excelente casa com uma só alma. Para qualquer opção é um local perfeito. Para ir com as crianças, com os amigos, a fim de um fim de semana romântico ou simplesmente para descansar, é sempre uma boa escolha. Os jardins são lindos e a piscina é muito bom tamanho. Monte Alerta localização é perfeita para aqueles que querem aproveitar a região e sei bem o que alqueva tem para oferecer. Sem dúvida recomendo."
166,"Home care e espaços verdes  Espaço bem decorado e aconchegante  bom piscina  familiar  possui espaço para refeições  Possilidade comer comida típica do Alentejo  Alentejo típica paisagem  Possibilidade de excursões em karts todo-o-terreno  Perto do Alqueva e para o Castelo de Monsaraz"
167,"Monte Alerta é um ""monte alentejano tradicional"", um estabelecimento agrícola antiga, típica desta região de Portugal. A entrada é fabuloso: estacione o carro e você ir através de um belo jardim, onde você pode sentir o cheiro das flores e ervas lá e você pode ver os gatos espalhados por seu cochilo. No interior, você imediatamente ver dois quartos muito acolhedores de estar, com uma grande lareira e pergunto-me como é que no inverno ... Passamos uma semana em Monte Alerta em Agosto e o Alentejo em Agosto é quente! No entanto Monte Alerta leva vantagem do edifício tradicional das técnicas e tecnologias modernas (também conhecido como ar condicionado) para proporcionar uma estadia muito agradável. Se você é corajoso o suficiente para enfrentar a 38 ºC, do lado de fora tem uma"
168,"Monsaraz é um mouro inesquecível vila fortificada no topo da colina, quase único em Portugal. O que O torna perfeito é as suas vistas panorâmicas sobre o lago de Alqueva, o maior reservatório artificial da Europa. Monte Alerta é uma quinta espaçosa tradicional do Alentejo, com edifícios atraentes e um jardim encantador com uma boa piscina, essencial durante o verão como essa é a parte mais quente de Portugal! O quarto era confortável e bem equipados com uma moderna casa de banho. Victoria e Sergio são anfitriões maravilhosos. Além de servir muito bons pequenos-almoços tradicionais e refeições à noite eles foram generosos com os licores depois do jantar produzidos localmente!"
169,"Monsaraz é um belo lugar para se visitar no Alentejo. Este hotel familiar está perfeitamente localizado numa relação privilegiada vista de Monsaraz. A piscina e a área envolvente é muito bom. E o céu é incrível para ver. O quarto era confortável, mas muito simples e ""vazio"". O café da manhã era bom."
