,Avaliações
0,"Ficamos 3 noites em agosto21 numa mezzanine com bom quarto e cama na parte superior e grande sofá-cama (para 2, à vontade) à entrada do quarto. Quartos simples mas bem equipados. O quarto-de-banho é grande com banheira e poliban (com jatos de hidromassagem) independentes. Como se trata de um Agro-Turismo, foi engraçado tocar um sino à entrada, assim como usar uma chave do quarto com...... um sininho. No exterior, a zona de piscina é acolhedora, com relvado e espreguiçadeiras mas algo pequena. A envolvência é muito bonita. Os pequenos-almoços foram muito bons, com um pouco de tudo e tudo muito bom, o que me surpreendeu. Zonas interiores muito bem decoradas e cheias de pormenores ligados ao trabalho agrícola e tradições alentejanas. O staff é muito acolhedor (muito simpáticas e"
1,"O que se vê nas fotos não retrata a 100% a realidade pois é muito melhor. Um espaço fantástico para relaxar, descansar o corpo e a mente. O lago que envolve a herdade é a cereja no topo do bolo. Todo o espaço está muito bem cuidado e fomos muito bem recebidos por todos. Um local que fica na memória e que deixará saudades."
2,"Foram muito prestáveis a dar informações e até fizeram a reserva do jantar que foi óptimo! A limpeza é imaculada e o pequeno almoço muito bom, com ovos mexidos e até um café expresso sem custo extra ,só é  pena termos que esperar para nos servirem por causa da Pandemia! Foi super tranquilo e a herdade é muito bonita e bem decorada, mas a piscina é um pouco pequena quando estiver mais gente,era uma 6ºf e estava super tranquilo,tem uma vista linda e reconfortante para uma lagoa.Esta fica perto de uma boa praia fluvial,ver foto"
3,"Deve se ter atenção que está a poucos km do centro da cidade, na estrada do aeródromo. É preciso estar atento à entrada para não despistar-se mas uma vez dentro tem lugar de sobras para estacionar e é um remanso de paz.  Calmo, localizado junto duma albufeirinha linda. Com jardim com piscina que convida a relaxar.  Quarto enorme e cuidado com vista ao jardim. bonito e agradável. Pequeno almoço bom com cuidados redobrados pela pandemia. Funcionários de grande simpatia, a fazer-te sentir em casa."
4,"Espetacular, simpatia do staff, pequeno almoço muito bom, espaço acolhedor, quarto amplo e limpo. Para quem deseja um fim de semana de relax, este é o lugar. Só faltou esperimentar a piscina que tem muito bom aspecto. Garantidamente, lugar a voltar. Obrigado ao Staff."
5,"Local muito giro! Ficamos numa suite espaçosa e bem decorada. A piscina é agradavel a vista do lago é espetacular! Fomos muito bem recebidos. Só houve um senão que não sendo uma critica é um ponto a melhorar, optamos por uma suite visto sermos 3 adultos (casal mais filha de 16 anos) e não esperavamos uma ""cama extra"" apropriada para crianças mais novas, como cama para um adulto. Tivemos de recorrer à cama king size para dormirmos os 3. A cama dava perfeitamente para 3 adultos dormirem com espaço com o senão de serem dois colchões sem o acessorio de ligação dos colchões. Não sendo a opção ideal acabou por ser a solução possivel para a noite que lá passamos.  No entanto passamos um fim de semana muito agradável e este será um local a visitar numa outra oportunidade."
6,"A Herdade está bem cuidada, tem uns ótimos quartos, tudo bem higienizado. A piscina é boa e o espaço envolvente também. Tem uma vista linda para um lago com patos. O pequeno almoço é bom. Todo o Staff são super simpáticos e atenciosos. Na Herdade tem um cão e quando ladra durante a noite é mais chato. Apesar do cão ser super tranquilo. Mas adorámos tudo! Voltaremos e Recomendo!"
7,"Fiquei apenas uma noite na herdade, mas superou todas as expectativas. O espaço é muito tranquilo rodeado por um lago e com uma piscina e zona de hidromassagem. O quarto é rústico com todas as comodidades e conforto.  O staff foi extremamente simpático e prestável, atendendo a todas as necessidades e oferecendo indicações. Houve um cuidado extra à higienizacao e limpeza do espaço, quer no quarto, quer nos espaços comuns.  O pequeno almoço também estava muito bom e com variedade.  Aconselho esta herdade a quem quer descansar e desfrutar da paz do Alentejo.  A 10min do espaço existe uma praia fluvial muito calma e também muito boa."
8,"Tipo rustico e tem todas as comodidades, os quartos sao optimos e muito asseados. tudo funciona correctamente. O Staff é espectacular, muito educado e afável, recomendo vivamente este local para umas férias ou até 1 estadia."
9,"O espaço é muito bonito. O serviço é 5 estrelas com os funcionários sempre muito prestáveis. A piscina é muito agradável só peca pela ausência de guardas-sol. Devido ao covid tivemos que fazer o check out as 11h o que não nos deixou margem de manobra para aproveitar mais a piscina. O pequeno almoço é simples mas saboroso e pela primeira vez encontrei um alojamento/hotel com leite sem lactose 💪🏻"
10,"O quarto grande e wc limpos. O acolhimento foi muito bom. O pequeno almoço foi bom com o essencial. Devido ao facto da Herdade estar vazia foi necessário andar à procura da senhora que estava nesse momento ao serviço para trazer um café."
11,"Um bom lugar para se passar uns bons dias de férias com família. Fui com minha esposa e filho pequeno e ficamos bastante agradados com espaço em si bem como todo a envolvente,  funcionários e bem-estar.  Aconselho vivamente a quem quer  descansar una dias e fugir da rotina."
12,"Quartos espacosos assim como wc. Eramos varios casais com crianças e tiveram a amabilidade de nos colocar na mesma ala, o que nos permitiu que as crianças circulassem entre os quartos, sala e cozinha, o que foi muito positivo. Zona de piscina agradável junto ao rio. A herdade tem várias infraestruturas, como campo de tenis, paintball, kayak, entre outros. É possivel fazer birdwatching.  Fizemos kayak com as criancas, que estavam encantados com os flamingos e os gansos. O staff é muito simpatico e prestável. O nosso especial agradecimento à D. Zezinha pela disponibilidade e simpatia para com as nossas 9 crianças e à também à  funcionária que fez a reserva (e que já nao trabalha na herdade)."
13,"Foram 4 dias de estadia excelentes, boa companhia, boas refeições e o mais importante saber receber. foi top O ambiente era tão familiar que surgiram naturalmente convívio com outros casais, dos quais nasceram novas amizades para o resto das nossas vidas"
14,"Espaço fantástico! O quarto onde ficamos é enorme (mesmo com uma cama extra ainda existia imenso espaço) com uma decoração fantastica, remota aos tempos antigos, a casa de banho também enorme. A zona da piscina é muito agradável e acolhedora com vista para o lago existente. O pessoal é todo muito amável e acolhedor. O pequeno almoço é bom. Pena mesmo ter ficado pouco tempo. O espaço envolvente e muito agradável. Certo que vou voltar. Excelente para descansar. 5*"
15,"Uma herdade muito agradável com vistas deslumbrantes. O pessoal muito atencioso, mantendo todos pormenores cuidados. Quarto grande e casa de banho gigante, cama confortável. A piscina tem uma vista linda!!!"
16,"Ambiente agradável, piscina simpática e quarto acolhedor. Muito tranquilo e repousado. A reserva correu muito mal, pois reservei uma ""suite júnior"" que teria dois quartos com duas camas individuais cada, o indicado para um casal e dois filhos. Na manhã do dia reservado, e quando ia a caminho, ligaram-me a informar que haveria um engano do Booking e que a suite estava ocupada, tendo como alternativa um quarto de casal onde colocariam duas camas para os miúdos, o que acabei por aceitar. Infelizmente, por este erro de 3ªs, cobraram-me as duas camas extras!"
17,"Paz e ver o tempo passar é o que nos aguarda em beja.  Queria agradecer as boas conversas e boas indicaçoes do sr. Filipe. (5 estrelas)  De bom no Hotel: Tranquilidade, humilde, wc gigante, tv bastante completa, wireless mt bom, boas areas. Simpatia do staff.  Menos bom. Falta de produtos locais no peq. Almoço Ausencia bar na piscina."
18,"Fiz a reserva de uma suite para 2 adultos e uma criança, através do Booking.com e uns dias depois enviaram-me um email a dizer que afinal a suite não estava disponível, pelo que iam converter a reserva num quarto duplo. Contactei telefonicamente e disseram-me simplesmente que teria havido um engano, pelo que teria que ser assim, mesmo depois de eu explicar que se tratava de 3 pessoas e que iríamos ficar acanhados no quarto duplo, que de resto decidi não escolher aquando da reserva. Só me resta classificar este comportamento como um mau serviço, visto que aparentemente a gestão das reservas é aleatória. Se fizerem a reserva através de plataformas como o Booking, por exemplo, assegurem-se que a reserva está aceite, para não terem surpresas mais tarde."
19,"Sitio ideal para relaxar em família, bastante sossegado e staff muito simpático. Local bastante bem aproveitado a nível de condições, limpo e cuidado. O pequeno almoço poderia ser melhor aproveitado com produtos regionais. Dependendo do dia, a zona da piscina é um pouco ventosa."
20,"Óptimo para parar e relaxar um fim de semana, o quarto com optimas areas com mobiliario rustico, de apontar o otimo WC com tamanho consideravel, Dispoe de espaços amplos em torno do monte para um passeio. A 7km de Beja,"
21,"Equipa fantástica! Lugar calmo e aprazível, quartos com decoração cuidada e limpos. Bom pequeno almoço. Fim da estadia com uma visita à herdade feita pelo Filipe(Sr. Arquitecto)que trouxe ainda mais encanto ao lugar!  A única falha...não há Wi-Fi nos quartos.  Voltarei!!!"
22,"Sítio muito agradável, com pessoas muito simpáticas. Ideal para um passeio relaxante em família. O pequeno-almoço é variado, com produtos de elevada qualidade, e todos estão sempre atentos às necessidades dos clientes. Vamos voltar!"
23,"Herdade muito bonita e bem conservada... Excelente atendimento... Piscina media, suficiente para os hospedes...o problema sao mesmo as abelhas, vespas e aranhas... Na piscina nao se consegue descansar com tanta abelha gigante de roda de nós... Sabemos que será um problema dificil ou impossivel de resolver mas que marca pela negativa... O quarto era muito bom amplo com wc tambem ampla e asseado...!"
24,"Local aprazível na planície alentejana junto a lago com ilhotas e várias espécies de aves. A casa bonita e bem preparada para funcionar para agro-turismo.  Os quartos amplos com bons quartos de banho, decoração sóbria e bonita. Sala de refeições luminosa com decoração muito agradável. As pessoas muito simpáticas que proporcionam um ambiente acolhedor e familiar."
25,"A herdade é grande e bonita, sem dúvida. A paisagem da zona da piscina é bastante bonita e o sítio é muito sossegado....se calhar até demais. Não há grandes atividades e basicamente tudo se resume a piscina e quarto. Optamos por ir jantar a Beja, mas mesmo assim, e em pleno agosto, os melhores restaurantes estavam fechados para férias. Reparamos que a maioria dos hóspedes acabou por jantar na herdade.  O quarto e o wc são espaçosos, mas revelam já bastantes sinais de deterioração,  principalmente a zona do duche que é de pedra. Tomei banho de chinelos.  O quarto era húmido e cheirava um pouco a mofo. Tentamos arejar, mas com atenção aos mosquitos que lá fora eram às centenas.  A piscina é pequena, mas suficiente para o número de hóspedes. Não aguentamos muito tempo nas"
26,"Fomos realmente muito bem atendidos. Serviço muito simpático e disponíveis para que nos sentíssemos em casa. A herdade é muito tranquila, os quartos são grandes de boa qualidade e tudo muito limpo. Pode-se ainda fazer refeições deliciosas. Obrigada pela ótima receção."
27,"Fácil acesso. Algumas actividades: campo de ténis, piscina. Piscina em área junto a barragem.  Higiene em toda a estrutura. Segurança 5 estrelas. Restaurante óptimo a 5km ""Raposo"". Aeroporto de Beja a 10min de carro. Staff muito afável e atencioso."
28,"Muito agradável, sossego, paisagens maravilhosas, pessoal simpático e atencioso, sempre com o sorriso para dar! Fizeram nos sentir em casa!  Sem duvida iremos regressar em breve... obrigado por tudo..."
29,"Espaço bonito, sossegado, talvez sossegado demais....poucas atividades ou mesmo nenhumas, não servem almoço nem jantar, não tem bar disponivel que é lamentável. Bom quarto, grande espaçoso, casa de banho muito grande com banheira e puliban."
30,"Acolhimento muito bom, pessoas atenciosas é sempre com sorriso na cara.  Atendem aos pedidos do cliente, realizaram jantar, o qual estava muito bom e acima de tudo era comida caseira. Pequeno almoço muito bom (fica a frente de muitos hotéis que já estive).  Sem duvida que recomendo e que quando estiver por estes lados, irei reservar cá.  Continuem, :))"
31,"Para quem procura um momento de pausa do bulício citadino, este alojamento oferece essa oportunidade. Uma boa localização com gente simpática a receber-nos. Quartos confortáveis com aquecimento central tão útil nesta altura do ano."
32,"Acolhimento fantástico! O Monte está muito bem cuidado e os quartos são espaçosos e muito acolhedores. A comida é excelente e os hóspedes são tratados com muita gentileza. Ainda tivemos direito a uma visita guiada pelo centro histórico de Beja, muito obrigado Filipe! Obrigado ainda à D. Ondina e ao Sr. Francisco pela vossa atenção e simpatia, que de tudo fizeram para que a nossa passagem de ano fosse 5 estrelas! Espero podermos voltar em 2016! Abraço."
33,"Local aprazível, com boas acomodações, e as pessoas são acessiveis e sempre disponiveis para o que for preciso. A limpeza do chão dos quartos deixa um pouco a desejar.  A psicina é optima, tem um espaço encantador e sossegado. E tem um lago nas trazeiras da Herdade onde podemos visualizar alguns animais que o habitam. é pena que atrás disso venham as moscas... e não conseguimos descansar a beira da piscina com as moscas a pousar. o serviço de pequeno almoço é bom e calmo, perfeito para quem não gosta de confusão. Já o serviço de jantar, como é ocasional e mediante reserva, é um serviço lento e com pouca qualidade."
34,"Funcionários simpáticos, quarto pré aquecido à chegada, bastante cómodo, casa de banho mto boa.  Observei noutros comentários o pequeno almoço como ponto negativo,  de fato a variedade não é muita,  mas estava tudo muito bom,  especialmente o bolo de laranja."
35,"O local é agradável e espaçoso. Fomos muito bem recebidos pelo pessoal, com uma variedade de entradas muito boa. Os aperitivos eram todos caseiros, de excelente qualidade e com sabores típicos do alentejo. A sangria de frutos vermelhos e o gin também estavam muito bons. A sopa e os pratos de carne e peixe também estavam muito bem conseguidos. Nas sobremesas, destacou-se a mousse de chocolate!"
36,"Escolhemos este alojamento de turismo rural com base nas informações recolhidas na internet incluindo no tripadvisor. As nossas expectativas foram superadas logo à chegada com o tamanho dos quartos e com a simpatia com que fomos recebidos. O alojamento é composto por pouco mais de 10 quartos todos eles com grande áreas, muito bem decorados, com ar condicionado, aquecimento central e espaço para uma segunda cama para uma ou duas crianças.  Existe também uma sala comum muita acolhedora com uma lareira, onde se estava muito bem dado o frio da época, e com TV. Esta sala dá para a sala de refeições que tem uma excelente vista para a piscina e para o lago. O pequeno almoço apesar de não ser muito variado é suficiente e inclui sumo de laranja natural, doces caseiros variados, queijo"
37,"Um local fantástico com uma envolvente muito natural. Os quartos são bastante grandes e com decoração adequada. Piscina e zona envolvente muito acolhedora! Não é uma piscina muito grande mas é suficiente para o refrescar do corpo! Jantar é uma experiência também muito boa...comida caseira e com umas entradas tradicionais e saborosas! Todos muito simpáticos e com disponibilidade para nos esclarecer todas as questões...e mostrar os diversos espaços da herdade."
38,"Muito bom! Um ambiente familiar muito recomendável para passar férias em família, e também com crianças. Fiquei num quarto fantástica... O ambiente envolvente é muito acolhedor. Tudo muito limpo e arrumado. A pequena barragem na herdade faz-nos queres dar um passeio pela Natureza.."
39,"O Monte da Diabrória é muito bonito e situa-se próximo de Beja. É conveniente ter um meio de transporte próprio para ficar neste alojamento, pois a pé a distância ainda é considerável e o caminho é via estrada nacional. O alojamento é excelente, com boa vista e óptimas instalações. Os quartos são espaçosos, com uma limpeza excepcional. As áreas comuns são também excelentes, com uma piscina e área de pequenos-almoços com vista para uma zona de albufeira. O pequeno-almoço é farto e com produtos regionais, muito agradável e variado. O que realmente faz a diferença neste alojamento é a simpatia do pessoal, com grande destaque para a D. Adriana, que nos fez sentir em casa e foi de uma amabilidade e hospitalidade extraordinárias. Recomendo vivamente este alojamento!"
40,"""Autoridade Superior"" estava tendo um aniversário significante assim nós decidimos em duas noites fora. Nós fomos principalmente para geocaching e encontramos 19 caches ao longo dos 3 dias. O hotel foi uma unidade de lugares para comer e eles não fizeram jantar à noite, apenas ser & ser. Nós comemos em Ferreira a primeira noite, mas quando nós perguntamos eles disseram que cozinhariam para nós a segunda noite se nós desejássemos para € 17 cada vinho de inc, assim nós dissemos sim e ordenamos peixe. Eu perguntei calmamente a recepcionista se ela poderia ter um pequeno bolo de aniversário.  Havia apenas nós em nossa mesa à luz de velas eo proprietário e sua família de 6 em outro. Eles serviram o peixe com batatas e cebolas, então voltaram com um curso adicional (um prato de carne"
41,"Eu queria visitar a área e de Beja este lugar era apenas a direita para mim. Eu estava batam uma cerca em um 'muito espaçosa Suite Júnior', que foi nítida, moderno e teve o melhor banho que eu já vi em um hotel. Eu tinha um ninho de engolir em um nicho fora do meu lado! O estabelecimento está situado ao lado de um lago, o que seria perfeito para ""observadores"", e dá um aspecto muito agradável. I foi um pouco surpreso ao descobrir que não há refeição da noite a menos que os proprietários decidir que o hotel está cheio o suficiente para justificar o problema, mas não é um restaurante muito simpático, em Sao Brissos, um casal de km de distância, que serve excelente cozinha local a preços ridiculamente baixos. Pequeno-almoço no H of D foi um pouco errática. É suposto para começar em"
42,"Ficamos aqui por 4 noites. O nosso quarto era um quarto recentemente renovado. Bom tamanho, grande casa de banho com rainshower_nus freestanding_nus e banheira. Aconchegante, típico deco ... Bom equilíbrio novo e antigo.  Para o pequeno-almoço recebemos selecção qualidade e produtos regionais. Até mesmo compotas caseiras. Não é um 5m buffet longo, mas tudo o que precisa e tudo é bom. Se você precisar de algo, pergunte e fará tudo para o ajudar. Tivemos jantar duas vezes. Muito bom e culinária regional! Você se sente parte da família.  Só posso comentar que eu poderia pensar. Seria útil se houver um "" recepção de sinal"" praça, porta principal para a direita em arco principal. Caso contrário perfeito.  Paz e tranquilidade são as palavras-chave. Estará de volta."
43,"Serviço: a equipe foi estelar. D Adriana realmente nos fizeram sentir em casa aqui. Comodidades: piscina era pequeno para a quantidade de quartos e acesso wi-fi não chegar ao nosso quarto. Outras que, a cama era confortável, o banheiro era enorme, com banheira e chuveiro, e tudo era limpo. O Ar condicionado foi uma dádiva. O pequeno-almoço de comida era muito bom, com regional, produtos frescos, bolos caseiros e compotas caseiras. O almoço ou jantar é fornecido, então você precisa de carro para a cidade mais próxima para alimentação (Beringel, 6kms de distância) Localização: a fazenda tem animais, um campo paintball, um pátio grande e uma piscina. Beringel, apesar de pequena, vale a pena visitar. Você tem uma represa próxima, e de Beja está também a uma curta distância de carro."
