,Avaliações
0,"Estive hospedado neste hotel de 1 a 3 de julho. As instalações são bastante razoáveis, o pessoal é impecável de simpatia, o problema é a famigerada central de reservas. Não transmite ao hotel os pedidos que lhes são feitos,  e gera sempre uma grande confusão na hora do chek-in. Os quartos não são o que pagámos, nem respeitam os pedidos que fizemos. Depois não há possibilidade de troca porque supostamente está tudo cheio! Mas Tripadvisor e Booking têm os quartos que pretendíamos disponíveis. Uma confusão!!!"
1,"O quarto tinha uma grande lomba no chão de madeira ... Por debaixo da cama e dos móveis o chão de madeira tinha uma cor esbranquiçada , não era sujidade , mas tinha um mau aspeto ... O quarto deve ter tido uma grande inundação , e não foi devidamente arranjado. A minha namorada por pouco não dava um grande trambolhão durante a noite , por ter tropeçado na grande lomba do chão .de madeira. Este é o ponto muito negativo . O pessoal que está no hotel é simpático , mas pouco interessado , porque  nunca teriam atribuído o quarto em que fiquei a um cliente . Uma falha muito grave . O turismo em Portugal , começa a ficar muito complicado ...."
2,"Hotel muito bem localizado, charmoso, atendimento irrepreensível, o jantar com excelentes entradas (queijos e enchidos), comida divinal e bem servida. O serviço é competente, atencioso e simpático. Recomendo e pretendo repetir ❤️"
3,"Estive entre os dias 5 a 7 de Setembro hospedado neste hotel, o qual deixou muito a desejar, tendo em conta a sua avaliação de 4 estrelas e o seu preço de casal por noite. O ponto mais positivo foi de fato a simpatia do funcionário da receção, os colchões são horríveis, uma pessoa acorda de manhã sem vontade de ir passear para ver a natureza tal são as dores nas costas quando se levanta, inadmissível para um hotel  com esta classificação. Os quartos deixam muito a desejar, precisam urgentemente de obras de modernização. Pedi 2 bebidas ( um mojito e uma caipirinha) a um funcionário numa das mesas onde esteva sentado junto á piscina por volta das 19:10, ao que o mesmo disse com uma certa arrogância que já não servia, pois iam começar a preparar a sala de jantar para a abertura ás"
4,"O hotel é acolhedor com bonitos jardins, estando a piscina ladeada por um sobreiro e alfarrobeiras. O chão dos quartos devia ser reparado pois apresenta algum desgaste. O quarto virado para a piscina e jardim tinha uma grande varanda. O hotel oferece uma boa esplanada para almoços e jantares e a comida servida é boa. O pequeno almoço também é bom e farto Os colaboradores do hotel são muito simpáticos e prestativos. Também pode ser feita observação das estrelas mediante marcação o que vale a pena. Recomendo"
5,"Edifício histórico com pormenores interessantes mas pouco cuidado, especialmente no mobiliário exterior e no pavimento em volta da piscina que está bastante danificado. O jardim é agradável. O quarto era bom, apesar da televisão não ser sequer um LCD. Muito estranho para um 4 estrelas. A comida é bastante boa, tanto o pequeno almoço como o buffet do jantar, com grande variedade de saladas e bem confeccionaras.  A localização é muito boa, é possível ir a pé facilmente para a praia da tapada grande e visitar as ruínas da mina, num espaço envolvente muito bonito. O staff é muito amável e disponível, apesar de se perceber alguma desorganização."
6,"Dirigi-me ao hotel numa segunda feira de Setembro para almoçar. Sou recebido com pouca simpatia. Perguntei se podiam almoçar 3 pessoas e disseram-me que não. Fiquei sem saber se têm restaurante ou não"
7,"NEGATIVO: Áreas comuns do hotel sem ar condicionado, numa altura de temperaturas acima dos 40 não se compreende. TVs dos quartos ridículas, dos anos 90. Não existe qualquer controlo do uso das espreguiçadeiras na piscina, existem hóspedes a marcá-las ás 10h quando só as utilizam depois das 17h. Ausência de sinal Wi-Fi nos quartos (pelo menos do edifico novo).   POSITIVO: Simpatia do Staff. Localização. Piscina e espaços exteriores bem cuidados.   A MELHORAR/SUGESTÕES: Colocar A/C nas áreas comuns. Substituir TVs dos quartos. Uma piscina interior abriria outras oportunidades de visita em época baixa até porque as imensas caminhadas possíveis seriam bem mais agradáveis em tempo mais ameno.  Se aconselho? Sem duvida. Uma localização magnífica, super tranquilo mesmo em pleno agosto."
8,"Tem uma óptima localização para quem pretende ir á praia Fluvial e passear as Minas de São Domingos. Pode se fazer tudo a pé. O Hotel tem aéreas grandes e tem um observatório de estrelas, mas apenas aberto em dias de céu limpo. A televisão do quarto era muito antiga, ainda das quadradas e estava dentro de um armário. Na era do Led , o hotel tem demasiadas lâmpadas de halogéneo."
9,"Hotel com um ambiente extremamente agradável  inserido num local aprazível. Os quartos são confortáveis e limpos. Talvez renovar as televisões. O pequeno almoço e o jantar  agradáveis (embora considere que se deva melhorar um pouco a qualidade das saladas). Staff sempre atencioso e simpático. Incluir no pequeno almoço e jantar produtos alimentares sem glútem O ambiente exterior com um bonito jardim e piscina apetecível."
10,"Muitíssimo agradável, localização estratégica para quem passeia por estas bandas, renovado, bom serviço, limpíssimo, gostámos imenso. Buffet para o jantar de grupo variado e excelente. Muito bom! Wifi gratuito nos quartos, nas zonas comuns não há e mesmo rede de telemóvel dependendo dos operadores."
11,"Hotel agradável, com excelente ambiente exterior tanto no hotel como na envolvente - vila, praia fluvial e complexo mineiro. Excelente para repousar na época baixa e fazer uns passeios culturais e ambientais."
12,"Excelente pequeno almoço; a necessitar de algumas remodelações nos quartos junto à recepção (roupa de cama e tv desactualizada); grande diferença térmica entre as diversas salas; as lareiras no Inverno deveriam estar todas acessas; Staff muito atencioso e simpático!"
13,"Hotel muito confortável, ambiente agradável, ideal para uns dias de repouso, fácil acesso e boas condições para estacionar, caso se desloque em viatura própria, apenas uma nota menos positiva, em caso de estadia em meia-pensão, o buffet é pouco variado!"
14,"Espaço muito bonito, afabilidade dos funcionários, bom quarto e uma excelente piscina. Para quem goste de tranquilidade. Pontos negativos ou a melhorar: falta de funcionários para um espaço com tantos pontos de interesse, Tv antiquada nos quartos,"
15,"Bom para descansar em família com várias atividades para os miúdos. Jardim e piscina muito agradável.  Excelente localização junto a Praia Fluvial Tapada Grande.  Bom restaurante. Óptimo para observação astronômica."
16,"O hotel tem como enquadramento o alentejo interior no seu melhor: natureza, pequenas localidades, povo modesto e acolhedor, mas principalmente uma gastronomia fantástica. Qualquer café vos serve sandes e petiscos com pão manífico, produtos fresquíssimos e locais, simpatia e simplicidade de qualidade. O hotel em si está um pouco envelhecido em algumas estruturas e comodidades, mas nada que estrague a estadia, sobram os interiores amplos, o pequeno almoço farto e regional, o espaço exterior verde, cuidado e cheio de arcadas com redes que convidam ao descanso junto à piscina. O calor abrasador do alentejo não tem igual e a sensação de refresco sabe ainda melhor naquela piscina com bar. A casa principal era o antigo palácio dos ingleses que exploravam as minas e os seus espaços"
17,"hotel simples mas perfeitamente enquadrado na classificação que tem, recomendo vivamente pelo espaço exterior, uma piscina e espaço envolvente muito agradavel e tranquilo, ainda para mais que o hotel é pequeno, pelo que das tres vezes que fui, nunca encontrei uma piscina lotada, pelo contrario, há sempre espreguiçadeiras disponiveis, redes no jardim etc. Uma coisa menos positiva, é que o serviço de bar da piscina é um pouco limitado."
18,"O hotel, embora de 4 estrelas, apresenta uns quartos com a qualidade de 3 estrelas. A mobília é bastante antiga, Cama, armários, uma TV de caixa grande..não faz muito sentido. Não há cama de casal?? O hotel devia investir numa remodelação de quartos,já que apresenta um restaurante lindo."
19,"Hotel de uma maneira geral desconfortável com decoração simplória e temperatura ambiente baixa. Quarto a condizer. Tábuas no chão, decoração desagradável e sem aquecimento. Ar condicionado avariado e sem outro aquecimento disponível. 4 estrelas? Não brinquem! Ao nível de pensão manhosa."
20,"Mais uma escapadinha em casal... mais uma agradável surpresa! Local amplo, limpo e com um óptimo staff. Os quartos são bons com varanda com bonitas vistas sejam para a piscina ou para a praia fluvial. Bem localizado para um turismo específico, como fui lá de inverno é bastante calmo para passear nas Minas de São Domingos e descobrir um pouco da história local."
21,"Calmo, pessoal simpático e atencioso, bem limpo. Pequeno almoço decente! Bem situado para um turismo algo especifico principalmente no outono!! Bom para descansar e dar umas voltinhas a pé!!! E claro, ir visitar o Pomarão!!"
22,"Agradável e limpo. Hotel amplo com excelentes vistas seja ela para a praia fluvial ou para a piscina. Quarto agradável, espaçoso, varanda simpática perfeita para um final de tarde se o calor do Alentejo assim o permitir.  O único senão foi a cama serem 2 de solteiro e não uma de casal e não dá para juntar pois fica um espaço enorme entre elas.  As almofadas achei muito rijas, mas a simpática senhora da limpeza arranjou uma almofada mais leve (este é um aspecto que o hotel está a prever melhorar).  Staff do hotel - excelentes profissionais e muito simpáticos. A zona da piscina e do jardim são fantásticas. O restaurante do hotel pratica uns preços um pouco elevados e a oferta na Mina de São Domingos é pouca. Alternativas são Mértola que fica a 17km ou Serpa que fica a cerca de"
23,"Um local ideal para descansar em casal ou em família e desfrutar da natureza, podendo aproveitar a piscina, caminhar até à praia fluvial da tapada e aproveitar para conhecer a gastronomia regional tao Boa! Os funcionários são simpáticos e prestaveis. Os quartos ficam um pouco aquém do restante hotel com uma decoração mais antiquada e televisão muito antiga com poucos canais, bem como o ginásio que tem máquinas muito antigas e em mas condições. Sem dúvida um local a revisitar! Ótima relação qualidade preço."
24,"Antes da chegada ao Algarve resolvi fazer uma parada neste simpático hotel, muito sossego, uma noite com um luar esplêndido somente houve um problema, os mosquitos teimavam em não dar sossego. As instalações são no geral boas somente uma televisão plana (lcd)  é  que esteve em falta já os crt's pertencem ao passado."
25,"Foi a segunda vez que estivemos neste hotel e encontramos a mesma envolvente de natureza e tranquilidade que é seguramente uma das suas maiores valias. Os quartos são confortáveis e bem dimensionados e o serviço equilibrado. Jantámos uma vez no restaurante: a comida estava bem confeccionada e o serviço foi cuidadoso. O único senão será alguma escassez de organização e de pessoal que se sentiu seja no check-in seja no pequeno almoço - incompreensível a existência do voucher. Constitui uma excelente base para explorar e conhecer os despojos das antigas minas."
26,"Por ordem: Colocaram-nos num quarto de deficientes sem informação prévia: Quarto cheira mal e a resposta é que de manhã não cheirava; Piscina carregada de folhas (mas a água estava limpa); Principal atracção do hotel um observatório astronómico está fechada; Banheira de hidromassagem do quarto não funciona; Melhor de tudo até agora, ao pequeno almoço não tem funcionários nem pratos nem talheres e se formos à recepção reclamar aparece a miúda que está na cozinha a preparar as refeições.  Fraquissimo, ainda dizem que à desemprego no interior. As pessoas fazem falta não as querem é contratar"
27,"Hotel muito limpo e com pessoal simpático, mas com coisas a desejar para o que seria expectável para um hotel de 4 estrelas. Televisao do quarto bastante antiga e sem todos os 4 canais portugueses. Não tinha candeeiro na minha mesa de cabeceira, e não tinha eletricidade na ficha que estava por perto. Pequeno almoço sem referências da região e um pouco incompleto."
28,"Hotel tranquilo, com staff simpático e atencioso. Quartos espaçosos e limpos- Pequeno almoço agradável. Piscina agradável, com manutenção cuidada. Certamente um hotel a revisitar para uma estadia mais prolongada."
29,"Hotel agradável para um fim de semana de descanso, por exemplo. Mas para 4 estrelas tem de melhorar bastante: no mobiliário de quarto, nos produtos de casa de banho, na luminosidade e conforto das zonas comuns...enfim, tem potencial para ser muito merlhor, e a zona onde se insere merece sem duvida um esforço nesse sentido"
30,"Um hotel em termos de localização muito boa senão fantástica, uma envolvente tranquila e bem próxima de locais possibilitam desportos náuticos e passeios bicicleta e caminhadas. No entanto o hotel apresenta um ar austero é pouco acolhedor. Os quartos são bons em dimensão mas pouco cómodos em termos de conforto necessitando de remodelacao a nível das camas e assim como a decoração. Tem um pequeno almoço sem grande variedade. O hotel não tem um bom serviço de acompanhamento ao pequeno almoço não existia um único empregado a assistir no pequeno almoço e na recepção a funcionária pouco gentil. Poderia ser um excelente hotel se houvesse um pouco mais de atenção ou personalização do serviço e algumas pequenas renovações."
31,"O Alentejo Star Hotel ( ex Hotel São Domingos ) é um verdadeiro tesouro de tranquilidade. A zona envolvente é optima para relaxar e passear em familia. O hotelconjuga perfeitamenta o moderno e o classico, notando-se claramente a mão do arquiteto. Os quartos muito confortaveis, sendo o unico repararo a televisoes algo antiquadas. Quanto ao restaurante nada a apontar. Comida bem confecionada, optimo serviço, e com preços justos! Recomendo e ireiregressar"
32,"O hotel já acusa o peso dos anos e a precisar de nítidas reparações. Denomina-se por Alentejo Star Hotel, que ninguém sabe onde é. Ficámos a saber que na localidade da Mina São Domingos é conhecido por Hotel São Domingos. Felizmente é o único, por isso o engano está limitado. O colchão é muito duro e os produtos de higiene muito escassos. Quem chega ao final do dia e toma um banho, fica sem produtos para o banho da manhã seguinte. Apesar de pedir na receção, não houve deposição. Os funcionários são simpáticos e esforçam-se por agradar. Contudo, nota-se que para alguns falta-lhes alguma formação na área do turismo e trabalham em regime de part-time. A rede Wi-Fi é uma lástima. Para quem precisar de aceder á internet para trabalhar, é melhor prevenir-se com um hotspot. Os quartos"
33,"O hotel bem localizado junto a uma paisagem lindíssima.  A fachada correspondente às fotos sendo muito agradável! Gostamos muito do jantar nomeadamente da simpatia do chefe de sala e restantes funcionários. A sala era muito bonita com uma lareira e com aspecto intimo e acolhedor.  A comida estava muito saborosa apesar que para quem não queira gastar muito não seja o sitio indicado (50 € no total ).   O pequeno almoço é servido numa divisão muito pitoresca com um forno antigo.. Em termos de variedade é um pequeno almoço simples mas agradável.   Em relação ao quarto,  este tem uma banheira excelente para um banho relaxante,  todo o quarto é espaçoso e muito limpo.   Relativamente às coisas menos agradáveis do hotel: o chão do quarto estava gasto, a internet é limitada (sendo que"
34,"Estadia muito calma e com a tranquilidade desejada. Os quartos são amplos e confortáveis. Espaço envolvente bastante acolhedor. Tem parque infantil para as crianças e bastante espaço para correr... O pequeno almoço é completo, no entanto, poderia ter mais algumas variedades - pão, bolo caseiro, compota, etc... Voltaremos certamente."
35,"Um hotel agradável e tranquilo. O pessoal bastante atencioso e simpático. Boas condições, quartos com boas dimensões e varanda com cadeiras e mesa. Tem wi-fi gratuito. A televisão encontra-se dentro de um armário sendo um modelo já antigo. Contudo tem vários canais á disposição. Tudo muito limpo. Dispõe de ar condicionado eficaz. Nada a dizer em relação à higiene.  O quarto de banho dispõe de produtos para banho, secador mas sem creme para corpo (não seria mal adicionar uma embalagem). O hotel comporta 2 piscinas, uma para adultos e outra para crianças. Tem bar junto à piscina. Perto do hotel dispõe de uma piscina fluvial muito agradável. O nosso quarto tinha vista para a zona das piscinas e praia fluvial. Não jantámos no hotel mas tomámos pequeno-almoço e posso dizer que muito"
36,"Á longos anos que sempre no inicio de Setembro vou para este Hotel. Tem imenso conforto e é o ideal para descansar, não esquecendo a praia fluvial ali ao pé que possui bandeira azul, tem nadadores salvadores e um snack bar de apoio. O pequeno almoço do hotel é bom. Nas redondezas tem alguns pequenos restaurantes tipicos alentejanos. Pode efectuar uma visita á antiga mina de São Domingos e ver o lago com agua ácida."
37,"Hotel super Tranquilo junto ao Gaudiana. Pequeno almoço com compotas deliciosas. Quartos super confortáveis. Staff Super atencioso. Excelentes Vistas. Dá para ver as estrelas e tudo! Atendendo às comodidades do hotel tem boa relação qualidade/preço."
38,"Hotel tranquilo numa zona muito agradável. Superou claramente a expectativas do que iria encontrar. Pessoal simpático.  O pequeno almoço poderia melhorar, apresentando maior oferta, condizente com as estrelas que ostenta. É pena a piscina ser algo diminuta, e com pouca área de cadeiras. Notámos algum excesso de cloro, talvez para compensar menos manutenção? Não experimentámos o restaurante, resolvemos tentar a gastronomia fora do hotel. Por ele e pelo sítio, certamente iremos repetir a experiência."
39,"Adoramos a estadia, é um local muito agradável com uma mistura entre campo e ""praia"". Excelente localização, o Hotel é simplesmente um amor, com um excelente serviço, adoramos o nosso quarto com vista para o rio, o sossego o conforto. Enfim é sem duvida uma estadia a repetir porque soube a pouco. Obrigada"
40,"O Hotel São Domingos é muito tranquilo. Todo o hotel está muito bem cuidado, seja em termos de limpeza, interiores e espaços exteriores. A piscina é boa, com apoio de bar. Também tem piscina para crianças. Bom para relaxar. Tem uma sala que se chama sala dos telefones com alguns jogos e brinquedos para crianças. O Staff é simpático e prestável. A ""dois passos"" da Praia fluvial da Tapada Grande."
41,"Ficamos 5 dias neste Hotel. Adoramos o profissionalismo e simpatia dos empregados, sempre prestáveis e atenciosos.  O Hotel tem muito boas instalações e condições, e quase diria que é melhor em alguns aspectos que outros de 5 estrelas em que estivemos.   O quarto é amplo e espaçoso, com boas condições e tinha um terraço enorme, excelente para passar noites quentes de verão estendido na espreguiçadeira a ver as estrelas.  A zona do jardim é bonita e a piscina é excelente. Tem salão de jogos, ginagio e uma sala para as crianças brincarem... Tudo muito limpinho e arranjadinho. O espaço envolvente é bonito e a praia fluvial é perto dá perfeitamente para ir a pé em caminhada...  Os únicos pormenores não tão importantes, mas que podiam melhorar: - O pequeno almoço era suficiente, mas"
42,"Hotel muito simpático, os funcionários são muito amáveis e prestáveis. A limpeza  do espaço é irrepreensível. A piscina muito bem tratada com um acesso a um bar. Os únicos pontos negativos que me fazem não dar a nossa máxima é a TV no quarto do século passado, com muitos poucos canais disponíveis. Apesar de querermos descansar seria útil um canal infantil para a pequenada. O pequeno almoço podia ter mais variedade."
43,"Hotel fantástico para descansar e aproveitar a piscina e a fantástica praia fluvial a poucos metros do hotel. Deck da piscina a precisar de ser mudado e as camas podiam ser mais confortáveis. Staff mt atencioso e simpático."
44,"Hotel com uma localização bastante agradável. Muito bom para descansar. Sem barulho ou confusão. Todo o hotel está muito limpo e cuidado. Rodeado de um jardim muito bem tratado onde as flores e as árvores tem uma placa com o nome, origem e nome cientifico.  Os quartos são simples mas limpos e muito confortáveis. Quase todos tem uma pequena varanda com mesa e cadeiras. Cama muito confortável, casas de banho limpas, espaçosas e funcionais. De negativo apenas o modelo antigo e só com 4 canais da televisão e os produtos de banhos de fraca qualidade. O hotel tem uma pequena, mas agradável piscina com serviço de bar.  O pequeno almoço é variado e pode ser tomado numa varanda exterior. O restaurante serve pratos típicos da região, bem confeccionados e a um preço simpático. O Hotel tem"
45,"Um bom hotel com excelente localização, e óptimas instalações. Os quartos são bons limpeza irrepreensível equipados com o necessário . Teem também varanda e mesa com cadeiras. Uns dão para a piscina outros para a praia fluvial. E o mas é porque lamentavelmente a televisão ,que pensava já não haver modelos daqueles, está escondida num armário e fica de lado quando se puxa. Para mais tem unicamente os quatro canais clássicos e mal. Recomendaram me ir para a sala do hotel se queria ver outros canais, e quando perguntei o que dizia aos outros hóspedes que já lá estavam encolheram os ombros."
46,"Hotel muito agradável, situado bem perto da margem da barragem. O pessoal muitíssimo simpático e prestável. Excelente pequeno almoço, o jantar é bom, não vá o ""chef"" trocar nomes aos nossos pratos típicos."
47,"Hotel inserido num local calmo, junto a uma belíssima praia fluvial. O edifício é antigo, muito bem restaurado com salas simples mas funcionais e com decoração adequada. Os espaços envolventes são bons com uma belíssima piscina. A simpatia do pessoal é de notar."
48,"Hotel muito agradável e tranquilo. Bastantes áreas verdes, o que não é tão habitual num Alentejo mais árido. Staff da recepção extremamente educado e prestável. Piscina exterior muito aprazível e quartos amplos com varandas privativas. Comida restaurante boa. Peq. almoço pode melhorar, nomeadamente com opções produtos locais e alternativas mais saudáveis como pão centeio e leites aveia/soja, uma vez que há já uma enorme percentagem de pessoas que não bebem leite origem animal."
49,"Hotel em zona tranquila de qualidade média.  Ficámos na parte ""nova"" do hotel. Os quartos estão a precisar de renovação. A cama fazia barulho por todo o lado. O colchão e as almofadas eram muito desconfortáveis. Existiam 4 almofadas no quarto e eram todas demasiado altas e duras. A televisão já está ultrapassada e com o inconveniente de estar de lado e dentro do roupeiro. No wc estavam 3 monodoses de gel de banho e 1 de champô (só um é que podia lavar o cabelo). Jantámos no restaurante do hotel e foi-nos servido um refrigerante que já tinha passado a validade há cerca de um ano (!). A funcionária pediu desculpa pelo sucedido. Deixámos isso escrito no questionário (tivemos a amabilidade de não escrever no livro de reclamações) e nem um pedido de desculpas por parte da gerência, o"
50,"Hotel bom mas não me parece que seja para 4 estrelas ou pelo menos eu estava à espera de mais, nomeadamente na decoração/conforto dos quartos. Pareceu-me precisar de algumas melhorias. Gostei do pequeno-almoço e do restaurante do Hotel."
51,"gostei bastante do hotel, corredores grandes e iluminados, quanto ao 4º é grande e acolhedor, só é pena não terem ainda LCD's é mais luz nas varandas.... Quanto ao pequeno almoço, penso que deviam apostar mais em qualidade e não tanto na variedade.... De resto adorei tanto o interior e o exterior do hotel."
52,"Um lugar muito agradável, um ambiente simpático, ideal para descansar, quarto espaçoso e confortável, um bom e variado pequeno almoço, funcionários simpáticos. Aconselho vivamente a quem pretenda sossego e contacto com a natureza."
53,"Um hotel ideal para namorar ou para passar uns dias em família. Funcionários simpáticos e um ambiente familiar. Serviço de qualidade. O serviço de restaurante é excelente. Os funcionários são como uma família, começando pelos gerentes ( o Gonçalo e o Bento ) e acabando em todos. Um bom espaço envolvente. A ANA E EU RECOMENDAMOS VIVAMENTE."
54,"Conforto aliado a tranquilidade. Ideal para uns dias em família! Isolado do mundo numa das mais belas vilas de Portugal! Terra de uma cultura imensa, excelente gastronomia e hospitalidade sem igual! Dias quentes e noites iluminadas pos milhares de estrelas!"
55,"Gostei: - Despretensioso; - Ambiente saudável e tranquilo; - Simpatia; - Espaço envolvente; - Pequeno almoço; - Carta de vinhos. Não gostei: - Nota-se algum desinvestimento na manutenção do edifício e equipamentos.  Das minas de São Domingos resta-nos este ""filão"" que me enriquece sempre que por lá passo!"
56,"O hotel é muito agradável. Com uma decoração moderna, mas bem integrada na casa (que era a casa dos ""donos"" da mina). Bom pequeno almoço, bom jantar. Quartos grandes e de qualidade razoável. Os empregados foram muito simpáticos e muito prestáveis, já que nos atrasámos e tivemos de fazer o checkout mais tarde que o ""permitido"". Nenhum problema levantado, muito bom! No geral foi uma experiência muito boa e a repetir."
57,"simpatia da recepção, o chão do quarto um pouco ""gasto"", já se justificava um LCD nos quartos para um hotel de 4 estrelas, jantar maravilhoso, serviço rápido e eficiente, simpatia do pessoal. Tirando estes pequenos senãos, lugar calmo e tranquilo para passar uns dias."
58,"Boa recepção, empregados prestáveis, saliento o Zé que nos atendeu em 2 jantares com um atendimento profissional. Recomendo a conhecerem não só o hotel como a história da Mina S. Domingos e o seu passado que pode ser conhecido em profundidade na exposição disponível no museu e a fazerem o percurso da exploração mineira."
59,"Num preço equilibrado, a estadia foi de uma noite de fim de semana. Boas instalações, talvez um pouco pequeno o segundo quarto, piscina adequada e serviço atencioso e também certeiro na dica do restaurante a paragem nos Corvos :)  Cobertura do wifi a melhorar :)"
60,"Hotel em espaço tipico Alentejano, com muita paz e tranquilidade ! Area de Praia Fluvial mesmo em frente ! Varios Restaurantes na região, alguns mesmo ao lado, assim como em localidades vizinhas...como por exemplo a bonita localidade de Pomarao, com o Rio Guadiana a seu lado !"
61,"Para lá chegar percorremos a monótona (mas bonita) paisagens alentejana que nesta altura do ano prevalecem os tons de castanho. Quando lá chegamos deparamos com um pequeno oásis constituído por uma bela praia fluvia (com pequenas ilhotas acessíveis a nado) e pelo Hotel Minas de São Domingos. Um hotel redesenhado a partir de uma estrutura antiga, mas que manteve os traços originais. Tem uma belíssima área exterior onde está situada a piscina. O único senão que encontrei é faltarem algumas espreguiçadeiras quando estão muitos hóspedes. Os quartos são amplos, bonitos e bem equipados. O restaurante é muito bom, recomendo claramente. O pequeno-almoço ficou algo a desejar."
62,"O hotel situa-se na antiga moradia dos administradores ingleses da Mina de São Domingos. É um hotel calmo com espaços muito agradáveis, especialmente na zona da antiga moradia e na zona envolvente. O serviço é esforçado e amável, embora um pouco inexperiente. O restaurante é simpático com uma zona aberta para o jardim e preços um pouco acima da média. Existem outros restaurantes na zona. O observatório celeste, é interessante, e  não só para as crianças. Junto ao hotel avista-se uma boa praia fluvial em contraste com a paisagem quase lunar das ruínas da antiga mina a algumas centenas de metros. Como pontos negativos, mas que para mim não foram significativos, aponta-se o aparelho de TV obsoleto com poucos canais, bem como o desgaste do soalho em alguns pontos da parte nova. Em"
63,"O hotel São Domingos, localizado nas Minas de São Domingos, entre as localidades de Serpa e Mértola, é um hotel de quatro estrelas, que fica localizado a antiga casa dos proprietários da Mina de S. Domingos. Restaurado, tem excelentes quartos, um dos quais para pessoas com mobilidade reduzida. Tem espaços ajardinados, piscina, e, um observatório lunar.para quem quiser observar as estrelas e claro a Lua. Os funcionários primam pela simpatia e gentileza. O Hotel São Domingos, é um optimo lugar para quem quer repousar e restabelecer energias.  Por todas estas qualidades e atrativos, voltei este ano, onde levei amigos para poderem desfrutar e apreciar aquilo que eu já sabia. Tive umas féria repousantes, e de certeza que voltarei. ,"
64,"Um Hotel muito calmo e sossegado, com instalações modernas e em excelente estado.  Muito bem localizado, com uma vista fantástica tem em época baixa preços muito bons. Nos quartos cabem facilmente camas extras para os mais pequenos se necessário.  Um fim de semana passado em família onde o atendimento e simpatia marcou em muito pela positiva a visita.  Sem dúvida um sítio a revisitar no futuro.  O restaurante peca por ter poucas opções para jantar mas existem por perto muitos sítios bons e baratos para se poder comer."
65,"Uma estadia muitissimo boa e agradavél. As instalações, exceptuando o soalho dos quartos, que mostravam em alguns pontos, sinais evidentes de desgaste, muito boas. Limpas, arejadas e cuidadas, com uma decoração muito condizente e eclética. O staff sempre a postos para qualquer solicitação. Ginásio, sala de convivio, bar, biblioteca, sala de brincadeiras para os miúdos, tudo impecável. O restaurante embora caro, tem uma oferta simpática, mas que deveria ser melhor acautelada. O único senão é mesmo a intermitência do sinal wireless, que deveria mesmo ser mesmo revisto. qualquer tipo de dispositivo movél era incapaz de se ligar. Os portateis com sorte algumas vezes. Qualidade-preço, dos melhores que já se viu. Recomenda-se!"
66,"O hotel é agradável e asseado, com um espaço envolvente campestre e relaxante. A zona da piscina é muito agradável. O pessoal é simpático e o serviço até nem é demorado. Contudo, nota-se que a equipa é reduzida, e que as pessoas precisam de formação. Tanto no serviço de bar da piscina como no restaurante, deixam a loiça por levantar nas mesas, o que dá mau aspecto. A carta do restaurante que está nos quartos não é exactamente igual àquela que nos é apresentada no restaurante. Mais uma vez, tanto no serviço de bar como no restaurante, havia alguns produtos em falta. E se estamos no Alentejo, não haver sericaia ou gaspacho é falha grave (ambos constam da ementa, mas não havia quando foram pedidos). O quarto era espaçoso, com wc com banheira e uma varanda agradável. O colchão é"
67,"Hotel localizado próximo das minas, muito agradável o espaço. O restaurante bastante calmo com pratos vejetarianos. Infelizmente fomos no inverno e não deu para desfrutar da piscina que parecia optima. A experimentar. A única questão a apontar é o serviço e a simpatia que pode melhorar."
68,"Ficamos num quarto duplo a caminho do Algarve depois de uma tarde a conhecer a margem esquerda do Guadiana e fomos para ali. Apesar de estarmos em Novembro e não podermos utilizar a piscina ou a praia fluvial foi óptimo para descansar um dia. Os quartos são espaçosos, o ambiente foi acolhedor e calmo. Foi possível visitarmos as minas de S. Domingos de bicicleta do Hotel. Com popias e aguardente de medronho à mistura, não podia ser melhor."
69,"O hotel São Domingos, localizado nas Minas de São Domingos, entre as localidades de Serpa e Mértola, é um hotel de quatro estrelas, que fica localizado a antiga casa dos proprietários da Mina de S. Domingos. Restaurado, tem excelentes quartos, um dos quais para pessoas com mobilidade reduzida. Tem espaços ajardinados, piscina, e, um observatório lunar.para quem quiser observar as estrelas e claro a Lua. Os funcionários primam  pela simpatia e gentileza. O Hotel São Domingos, é um optimo lugar para quem quer repousar e restabelecer energis."
70,"Os quartos, são muito bons. Se ficar num quarto antigo da casa do governador da mina, então vai ficar maravilhado. Jardins muito bonitos, sente-se o aroma das flores e ervas aromátricas. Piscina é muito simpática e relaxante. Serviço pode melhorar. Espero que sim agora que a gerência é nova. Experimentem sem exitar."
71,"Visitamos o Hotel sao domingos e ficamos muito decepcionados com o fraco serviço prestado-em pleno mês de ferias, há falta de ingredientes para confecionar simples snacks! Tb o observatório só esta aberto ao sábado....durante as ferias nao há sábados, domingos, há apenas dias com vontade de ver as estrelas!!! Muito decepcionante. As camas sao super desconfortaveis e o quarto muito impessoal e frio. Restaurante fraco e com um serviço muito amador. Má relação qualidade preco."
72,"Hotel calmo e relaxante. Bem enquadrado no espaço onde foi implementado.  Staff muito acolhedor e atencioso e sempre disponível para resolver qualquer situação. Pequeno-almoço deverá ser considerado bom apesar de pouca variedade. O restaurante possui um menu variado e a comida é boa. Nesta semana apanhamos uma onda de calor e a temperatura chegou aos 42,5º por isso só no quarto com o ar condicionado no máximo. Recomendo para quem quiser realmente descansar!! Perto do hotel há a praia da TAPADA com uma água quentinha!!"
73,"Óptimas Instalações, óptimo atendimento muito simpáticos e acessíveis. Passei três dias relaxantes, com a mina de são domingos a menos de 2km de distancia.. O pequeno almoço pequeno almoço era bastante bom, as refeições são um pouco caras, mas tirando isso são deliciosas..Recomendo.."
74,"Junta-se o util ao agradável, praia de agua doce e campo alentejano.... uma combinação perfeita!!  O descanso no jardim, a piscina tudo combina com o hotel.. Alem disso a comida tipica alentejana fas as delicias de qualquer pessoa."
75,"Instalações e atendimento simpático O restaurante do hotel será de evitar apesar do ambiente agradável"
76,"Eu queria falar só maravilhas deste hotel mas não consigo...A volta às Minas de São Domingos foi uma viagem há muito aguardada pela nostalgia de uns anos atrás.  O entorno por si parecia-me tão mágico na altura que achei que esta Estalagem seria a ""cereja em cima do bolo"" para um retorno de descanso com spa.  Pelo menos é uma parceria que têm com uma conhecida empresa de vouchers.  Tinha combinado com 3 semanas de antecedência a ida com o horario de tratamento spa (que não existe objectivamente).  Após a não recepção de e-mail confirmatório com os dados e horários, liguei pessoalmente onde fuí informada do horário disponível, não o que queria, mas o que havia.  Quando chegamos de noite, as luzes exteriores estavam apagadas o que dificultou a passagem do parque de estacionamento"
77,"Um projecto arquitectónico bastante coerente, onde se juntam dois edifícios com dois estilos bastante diferentes. O resultado é um espaço de charme, luminoso e amplo, onde reina a tranquilidade. O agradável enquadramento paisagístico reforça todo este ambiente. Os quartos são simples (poderiam ter mais elementos decorativos), no entanto, todos apresentam uma espaçosa varanda de onde se tem uma vista privilegiada sobre a praia fluvial. Ambiente muito calmo e tranquilo!"
78,"O hotel é muito acolhedor empregados muito simpáticos, Um hotel em que nos sentimos a vontade, uma paz absoluta, pequeno almoço muito bom com ingredientes de qualidade, é um hotel com muito bom ambiente."
79,"Antes de mais, este hotel não fica em Beja, embora apareça no TripAdvisor como o número um dos hotéis de ""melhor valor"" em Beja. Na verdade, está a cerca de 60 kms de distância e nem sequer fica no distrito de Beja. O Tripadvisor precisa resolver isso. O hotel é bastante remoto, em uma pequena vila e próximo a um belo lago com uma praia artificial. Era um convento, convertido há 20 anos e acho que nenhuma obra foi feita desde então. Ele precisa urgentemente de reforma. Tudo está um pouco ""cansado"". Os funcionários mínimos foram simpáticos e prestativos, especialmente a adorável senhora servindo café da manhã. Nosso quarto era grande, com duas camas de solteiro e colchões bastante duros. O banheiro era grande, mas com banheira e chuveiro sobre a banheira, o que não seria adequado"
80,"Cheguei aqui para um bom acolhimento, check-in rápido e amigável. Fomos levados até nosso quarto que era adorável. Escolhemos um quarto superior e ele veio completo com banheira de hidromassagem, roupões de banho, etc que foram todos excelentes. A cama era um pouco firme mas os travesseiros eram realmente horrível. Grumos e old. O quarto era mobiliado para um bom padrão e incluiu uma televisão que, embora um pouco antigos funcionou bem. Ele está escondido em um armário, juntamente com o mini-bar e cofre. A casa de banho com banheira de hidromassagem foi bem equipados com água quente, uma variedade de artigos de higiene e toalhas que poderia ter sido de qualidade e tamanho melhor, mas foram ok. Uma coisa boa foi que a sanita e bidé foram separados e com outra bacia de mão de"
81,"Durante uma viagem de bicicleta pelo Alentejo, fiquei 1 noites aqui e não podia ser melhor. As boas-vindas e o check-in os procedimentos eram bons e rápidos. Bicicletas foram Wellcome e qualquer inconveniente para o guardar no quarto, se você tiver uma bicicleta especial e deseja. Os Quartos são muito confortáveis e actualizada. O televisor está concluído fora de moda e precisa ser substituído urgentemente. A nossa última noite decidimos jantar no hotel. Estávamos um pouco preocupado se a comida estava boa, como todos os outros dias que chosed restaurantes que mostrou ser excelente. Não há motivo para definição concenr como tivemos uma grande refeição em um quadro surpreendente em uma agradável sala de jantar. provei alguns pratos típicos do Alentejo e pagou um preço muito"
82,"Muito bom, áreas, perfeitamente localizado junto ao rio e tão tranqüila, que é a deve. Bom para casais que querem fugir, e relaxar em um ambiente romântico. Boa gastronomia e vinhos locais. Também fomos para a praia local, que também é bom."
83,"Hotel São Domingos está maravilhosamente restaurada casa senhorial. A decoração é muito bom gosto, ele é moderno nos quartos, e o bar, mas a sala de jantar e o salão principal tem ainda os assoalhos de madeira originais e algumas peças de mobiliário mais velhas. É muito chique sem ser pretensioso. Existe um sentimento de paz para este hotel. Os corredores e os quartos são muito tranquilo e se refrescar e os funcionários são simpáticos e acolhedores. Andre nos cumprimentou com um sorriso e nos fez sentir muito bem-vindo. A área da piscina é adorável e muito limpo. O nosso quarto era lindo, tinha uma enorme banheira e varanda com vista para a piscina. Não havia mobília do pátio na nossa varanda. O hotel fica próximo de uma praia de lago que parecia bom mas não tivemos tempo para"
84,"É a minha terceira estadia neste hotel e eu manter divertir-se! Penso que é um bom lugar (bons quartos, bom café-da-manhã, boa piscina, bom ambiente), com uma muito boa localização e funcionários simpáticos. Eu realmente não concordo com as pessoas que consideram caro e eu penso que é Good value and free wifi. No entanto, o restaurante é um downpoint. A comida é apenas ok (e talvez eu esteja a ser agradável acerca disso) e o serviço também poderia ser melhorado. Este hotel (de quatro estrelas que vive até esse padrão) merece melhor. E isso pode ser feito!"
85,"I teve chance de ficar no hotel são domingos, para o conhecido Mértola ISLÂMICO Festival. O hotel foi oferecendo um pacote especial, que muito Interessada me.  Primeiro, DEVO esclarecer que esta não é a 5 estrelas estabelecimento alguns mencionados, mas, na verdade, uma 4 estrelas hotel. Ele fica em uma pequena Bonitinha e cidade histórica, mas que atualmente é claramente ""Abandonada"".  A estadia não começar bem, como havia um mal entendido na recepção, uma vez que foram declarando que a minha estadia começar um dia antes. Felizmente ESTOU organizadas e foi capaz de mostrar a e-mail conversa proving que a minha estadia deve iniciar o dia em curso.  Mas a sala foi nice, simples com um nice sacada. A piscina foi grande e próximo a ele, há um pequeno belos jardins. O único aspectos"
86,"de tudo, por lagos, campo, vilas pitorescas, um lindo cenário, você finalmente, siga até São Domingos, cerca de 15 minutos fora da cidade de Mértola. Este é o ""capital"" de paz e um silencioso. O prédio em si tem foi totalmente modernizada de alto padrão com todas as comodidades necessárias, incluindo, academia, etc. e não esqueça os grandes de casal terminou banho com os quartos standard! O restaurante do hotel é moderno e o menu é boa, mas se quiser real amostra para o alentejo, siga 5 minutos para o Little Village de Moreanes, e procure o restaurante chamado Alentejo. Great tradicional Alentejana ambiente, comida e serviço, todos em um resonable preço."
