,Avaliações
0,"A experiencia foi simplesmente incrível. O espaço é maravilhoso, uma vista deslumbrante para qualquer local onde se olhe: seja a vista para a barragem, que parece um oásis no meio de toda a paisagem alentejana, seja para os jardins com árvores e flores mil. A água é quente e calma, tem canoas e paddles à disposição para passear pela barragem ou apenas apanhar sol ao gosto do movimento da água. As refeições são super variadas e apenas deliciosas! Feitas com ingredientes locais ou até cultivados lá, e atendem às restrições dietéticas dos hospedes. Quando a comida está pronta para ser servida, somos chamados pelo som de um bongo que se ouve em qualquer local da quinta.  Por fim, as pessoas. O atendimento é incrível, todos são super simpáticos e atenciosos, senti-me em casa - sem"
1,"Fomos sem expetativa muito alta e acabámos deslumbrados.  Bem, não sei onde começar. É incrível!!! Tudo!!!! São árvores de todas as espécies para chamar todo o tipo de pássaros (paixão do Frank, o proprietário); são flores mil, quartos rústicos e especialmente pitorescos; é uma agua da barragem quentinha; é uma vista que só visto!!! E é uma simpatia de casal!!! Muito atenciosos, pacientes e ótima cozinheira!!! As refeições são feitas com muitos dos produtos que eles próprios cultivam. É giro que as refeições sejam feitas com todos os hóspedes que quiserem e tiverem marcado, ao mesmo tempo após o som do gongo. Isso mesmo, de um gongo.  Na barragem podemos utilizar uma SUP ou canoa e dar uma volta e mandar uns mergulhos e trambolhões.  Adorámos!!! É de voltar!!!"
2,"A Quinta é incrível.  A vista da barragem é maravilhosa. A água é quente e a disponibilidade de paddle e canoas torna a experiência muito divertida.  O serviço é excelente e a comida é a melhor parte. Todos os dias servem refeições orgânicas e bastante variadas,é impossível não gostar.  A possibilidade de ter cães é outro ponto muito positivo para quem não quer deixar os seus companheiros em casa.  Por último, as pessoas. Todos os funcionários eram muito simpáticos e atenciosos, definitivamente tornaram a estadia muito agradável.  Merecem 5 estrelas."
3,"Este sítio é muito bonito a comida é fantástica e o facto de podermos ir nadar na barragem torna-o ainda melhor a vista é incrível e é um lugar muito relaxante, mas os colchões dos beliche não são nada confortáveis."
4,"Fica no meio de nada e próxima das aguas da barragem de Santa Clara  Lugar onde impera a paz e a calma, nem poderia ser de outra forma pois neste local a TV não existe, o telemóvel nem sempre tem rede, mas não estamos fora do mundo pois a rede de WI-FI e boa. Não vejo que seja uma desvantagem mas sim uma vantagem pois permite o relacionamento pessoal. Tem um pequeno ancoradouro com canoas, stand up paddle e barcos e possibilita uns mergulhos no rio, com uma agua quentinha Fizemos as refeições la, porque para sair são 4km de terra batida.A Comida é boa mas o preço cobrado é excessivo. A higiene é cuidada quer nos quartos quer no espaço de alimentação. Á noite as estrelas têm um brilho que só ali podemos ver."
5,"Há já três anos que não passo sem visitar este pequeno e viciante paraíso,  normalmente passo 2/3 noites neste local mas saio sempre completamente revitalizada e com a sensação que estive muito mais tempo neste local mágico. Aqui  sentimos-nos muito perto da natureza, Não temos televisão nem frigo-bar no quarto, mas temos umas instalações muito confortáveis e acolhedoras , um grande ""saber receber"" e uma bela ""piscina"" isto é a Barragem de Sta. Clara onde a água é mais quente do que no mar. Termos ao nosso dispor kayaks, prancha de stand up paddle e barcos para uso sem qualquer custo adicional é um ponto a favor. Imperdíveis são os jantares ás 20 h em ponto, a comida deliciosa feita na hora pela mão da Daniela, o facto de sentarmos-nos todos na mesma mesa (quase sempre com"
6,"Um lugar maravilhoso com paisagem deslumbrante, o facto de não se ter rede de telefone torna-se um privilégio que permite um maior convívio entre os hospedes, com a natureza, óptimo para descansar e relaxar. A nível das refeições o preço/qualidade é mau, dado que não escolhe as refeições,o preço é caríssimo para o que servem, sendo que se quiser ir jantar fora o restaurante mais próximo fica a 20 km dos quais 4km em terra batida sem iluminação e com alguns pontos muito íngremes de estrada"
7,"Um local único e mágico, onde nos sentimos únicos e especiais, a envolvencia do local, de quem nos recebe, todo o requinte das refeições faz com que queiramos voltar e voltar e voltar.... Acabamos por sentir que fazemos parte daquele local!  Adoramos Obrigada Mark, Dª Fatima, e Dª Dulce e Daniela, mesmo não estando durante a nossa estadia, foi ela que nos acolheu no primeiro contacto.  Voltaremos em breve Cláudia & Nuno - Junho 2015"
8,"Ótimo espaço, vista deslumbrante, quartos acolhedores, hospitalidade de todos, incluindo dos animais, desportos aquáticos... Um verdadeiro paraíso! Perfeito para quem tem animais e gosta de andar à vela :)"
9,"A Quinta do Barranco da Estrada é realmente um Paraíso em Portugal.  O Frank e a Daniela oferecem aos seus hóspedes um ambiente familiar e acolhedor.  Os jantares em grupo são uma óptima maneira de termos um serão animado. A Quinta do Barranco da Estrada é o sitio ideal para relaxar fora da confusão da cidade e da praia. Esperamos voltar em breve! :o) Elisabete e André"
10,"Adorámos a nossa estadia, o Frank e a Daniela são muito simpáticos. Adorámos os jantares e almoços em conjunto, parece que estamos em familia, a comida é simplesmente maravilhosa, senti-me como um júri do concurso masterchef, os quartos são muito acolhedores também. Na barragem podemos usufruir de kayaks e gaivotas. Apesar de não haver televisão existe internet, mas não é muito rápida. O Frank e a Daniela disponibilizam vários livros, dos que vi nenhum em português, aconselho a levar algo para ler, seja livro ou revista, há vários sitios para os desfrutar, seja perto da água ou no jardim."
11,"Neste local de grande tranquilidade, somos esmagados pela beleza da paisagem e , em paralelo, nao existem momentos de aborrecimento .. O lago, os barcos, os anfitriões ..  Foi uma surpresa os jantares em conjunto, todos os hospedes e anfitriões a mesma mesa, numa troca de vivências, de nacionalidades, que se prolonga até aonde a nossa conversa o desejar. Um extra : massagem shiatsu da Daniela .. Um relaxe perfeito para um lugar perfeito. A regressar no inverno para ver a chuva cair no lago através da janela rasgada da sala"
12,"A partir de uma pesquisa de última hora na internet contactei a Daniela por telefone e desde esse breve contacto senti que a família estava a ser  bem-vinda na casa de Daniela e Frank. Estivemos lá um único dia...mas sentimos um calor e uma vontade de ficar hipnotizadora: seja pelo espaço, seja pela espectacular paisagem, a calma e sossego, seja pelas familias e pessoas que lá estavam hospedadas, seja pelo agradável periodo de refeições em ""família"" na fantástica sala/comedor... na mesma mesa hóspedes e staff!!! :-) , seja pelos caes, seja pelo charlatão de Harry ( o papagaio), pelo simpático e prestável staff, seja pela Daniela que mima a cada um dos hóspedes com uma atenção e olhar de amigo de veras que acolhedor e difícil de encontrar... Voltaremos?, sem dúvida. Recomendamos?"
13,"Lugar onde nos reencontramos na profundidade do que somos, do que pensamos ser ou do que gostaríamos de ser. Um recanto onde encontramos a paz interior. Quando lá chegamos, deixamos para trás tudo o que queremos deixar, sobretudo aquilo que perturba o nosso espírito e no reencontro com a Natureza, abraçamos a vida. Caminhar é apreciar a plenitude das redondezas, num sobe e desce, em que o verde, o castanho e o azul são o cenário num registo quase único. A paisagem sobre a barragem de Santa Clara domina o ambiente e a serenidade das suas águas envolve-nos os sentidos. As aves fazem-nos companhia e os seus voos fazem-nos pensar sobre a importância em traçar um rumo... O ambiente é muito acolhedor, uma família feliz que partilha connosco a sua rotina diária, sem esquecer Harry, o"
14,"A quinta do barranco da estrada(paradiseinportugal) é sem dúvida um sítio muito especial. Consegue aliar  conforto com protecção à natureza, simpatia dos proprietários com espaço livre, convivio com introspecção. Num local tão isolado como este, é fantástico ver o esforço feito pelo staf para que tudo funcione tão bem, o que me agradou bastante.  Um dos momentos que mais me marcou foram sem dúvida as tertúlias, que acontecem à hora de jantar.À interculturalidade à volta de uma mesa de jantar onde todos participam e onde podemos partilhar ideias e ideais, é a cereja no topo do bolo. Após um dia de descanso a contemplar todp O verde que nos rodeia e entre um mergulho e um bom livro o que mais desejamos, uma excelente refeição e dois dedos de uma boa conversa (acompanhado com um"
15,"De qualquer parte de Portugal se vai de carro, com estradas boas e paisagens de tirar o fôlego, tranquilas e com o sol a nos acompanhar por toda a viagem... e na chegada o melhor ainda nos espera!Ótima comida,boa disposição e uma vista esplendorosa e para os amantes dos animais a recepção é calorosa. Voltarei de certeza, vale a pena!"
16,"Sem dúvida um verdadeiro paraíso...dificil de descrever pela dimensão de bem estar que lá encontramos. Recomendamos a visita qualquer pessoa, lá encontramos familias de diferentes nacionalidades e até pessoas sozinhas em busca da paz e de energias positivas. Os proprietários são pessoas simples com o amor, a simplicidade e o respeito estampado no rosto. Estivemos apenas dois dias que deixaram enormes saudades...Um sitio encantador onde o verdadeiro sgnificado da vida é transmitido em cada canto da quinta. Aproveitamos para deixar um enorme beijinho para duas princesas que lá conhecemos e que recordamos diáriamente ( Flora e Carolina). Não deixem de visitar, não só pelo prazer de desfrutar da Natureza mas também pela lição de vida que de lá irão tirar...Frank, Daniela, Flora e"
17,"Que super localização para umas férias de outono. . . a Quinta fica no meio de sua paisagem natural e pacífica, com vista para as águas azuis de um enorme lago. Um verdadeiro jeito - de - tudo. . . mas mantendo todos os confortos de casa! Nascer do sol maravilhoso, super comida - obrigado Daniela, clima perfeito - 24, vinhos portugueses e vida selvagem. . . mesmo nesta época do ano - no final de outubro, grandes pássaros para avistar - obrigado Frank, borboletas e lontras! ! ! O lago é lindo para nadar ou pegar um dos caiaques para passear por esse trecho de 25 milhas. Eu certamente recomendaria este destino. . ."
18,"Esta foi a nossa terceira visita à Quinta e sempre foi um grande prazer. De qualquer forma, foi melhor desta vez, em parte porque também viemos com quatro amigos porque, pela primeira vez, nos envolvemos em uma das expedições de observação de pássaros de Frank - uma exploração durante todo o dia, a partir das 5. 00:00. Éramos bastante ingênuos nessas questões e ainda temos quase tudo a aprender - mas era óbvio o suficiente que a viagem foi excelente.   A Quinta é um lugar extraordinário: é seriamente bonita, tranquila e relaxante e, acima de tudo, um lugar contagiante para se estar. Também não há nada animador nesse contentamento: é uma reação natural a ambientes encantadores, quartos confortáveis, a excelente comida de Daniela, excelente companhia - e, não menos importante, uma"
19,"Ótima localização para relaxar. Minha terceira visita para uma ótima observação de pássaros e companhia com Frank. O jantar de Daniela foi maravilhoso e muito saboroso. Acorde cedo para receber ofertas excepcionais, incluindo Great Bustard, Golden e Bonelli's Eagles e muito mais."
20,"Meu parceiro Steve e eu acabamos de voltar de cinco dias incríveis neste lugar.  Voamos para Faro e foram 90 minutos de carro até o Paraíso em Portugal.  O ""resort"" (parece a palavra errada, pois não é de todo comercial) fica por uma longa estrada particular que se abre para uma bela vista do lago.  Tivemos um quarto Kingfisher e a vista era incrível. Imagem adicionada abaixo.  Daniela e Frank são tão acolhedores que parecem um incrível ""lar longe de casa"", com café da manhã, almoço e jantar em oferta. Eu recomendo que você pegue! A comida é tão lindamente caseira, e as refeições em comum tornam a noite divertida e interessante. A sala de jantar também tem uma grande janela com vista para o lago.  Os vinhos oferecidos são todos bons e com preços razoáveis.  Eu não recomendaria"
21,"Esta foi a minha primeira visita a Portugal e este foi um dos destaques. Frank e Daniela são anfitriões muito gentis; A comida de Daniela é excelente, os quartos são básicos, mas muito agradáveis e o cenário é espetacular.  Minha principal razão para vir aqui foram os pássaros, e não fiquei desapontado. Tanto Frank como Tony são muito instruídos e me deram muitos bons pássaros e também foram uma ótima companhia.  As refeições comuns são um prazer, pois são mais uma refeição em família oferecida por Frank e Daniel, com pessoas de todas as esferas da vida compartilhando suas experiências.  Só posso recomendar este lugar e espero sinceramente poder voltar."
22,"Tivemos uma semana brilhante na Quinta. Frank e Daniela nos fizeram sentir bem-vindos desde o início. O quarto era simples mas acolhedor. É tão bom que não há TV! Os jardins eram exuberantes com o cheiro de jasmim, e havia muitos lugares para se sentar e apreciar a vista e o sol. O espaço de ioga ao ar livre veio muito útil no período da manhã para uma prática rápida. Depois, um mergulho no lago. Nós amamos a comida - absolutamente tudo isso! Café-da-manhã, almoço e jantar foram todos delicioso. As refeições em uma mesa comunitária facilitaram conversas interessantes com outros hóspedes. Nós fomos em uma viagem de birdwatching de um-dia com Frank que estava pasmando. Para nós ""vagarosos"" observadores de pássaros era talvez um pouco demais - nós normalmente não sairíamos ""em uma"
23,". O maravilhoso lago é um ótimo ambiente, um oásis verde, ótimo lugar para relaxar, bela área e maravilhoso oferece. Explore a área e descubra como é a vida real de Portugal. a comida era muito boa"
24,"Este lugar é um oásis encantador no sul de Portugal, com belos jardins, deliciosa comida fresca e anfitriões deliciosos. Os quartos são confortáveis e limpos também. Fomos a dois passeios de observação de pássaros e está claro que Frank é um guia / fotógrafo experiente e sabe exatamente onde encontrar as espécies que você está procurando. O jantar de estilo familiar é uma ótima maneira de se conectar com viajantes de todo o mundo e contribui para a boa experiência neste alojamento."
25,"Posso encontrar uma pequena crítica à nossa semana aqui? Não pense assim. Great comida, grande empresa, excelente oferece, confortáveis, tranqüilidade, grande quantidade de pássaros, borboletas, flores, sem pressão (exceto para chegar a refeições no horário, ou estar pronto para o microônibus no tempo se indo em uma excursão). Você não tem que ser 'em' vida selvagem e natureza para desfrutar aqui - a tranquilidade é para todos (alguns dos outros convidados foram apenas aqui para relaxar). Mas nós estávamos aqui pela natureza. No final de março, eram principalmente pássaros. Na próxima vez, vamos um mês depois para ver mais borboletas e libélulas - assim como mais alguns pássaros.  Melhores coisas - tudo isso  Piores coisas - ter que ir para casa"
26,"Acabámos de ter duas noites fantásticas com o Frank e a Daniela, que foram muito acolhedores e garantiram que nos sentimos bem tratados e em casa no seu paraíso no meio do Alentejo. As fotos contam a história de como é um lugar adorável, mas o calor da conversa bem-vinda e interessante o torna ainda melhor. Muito obrigado"
27,"Meu marido e eu e nossos 2 filhas com idade entre 11 e 15 tiveram um tempo fantástico na Quinta. Você se sente bem-vindo a partir do momento que você chega e todo o lugar tem uma atmosfera descontraída e amigável que também se transfere para os convidados. Refeições onde todos desfrutam da deliciosa comida que Daniella e sua equipe evocam é uma ótima maneira de conhecer os outros hóspedes. Nós apreciamos uma boa mistura de nacionalidades. O cenário é deslumbrante e para os observadores de pássaros, Frank é o guia perfeito, feliz em compartilhar seu profundo conhecimento de pássaros com os observadores de pássaros menos interessados, como nossas filhas e os mais ávidos como seus pais e a dosagem da informação para se adequarem. Nós se hospedado por 3 noites e é difícil deixar -"
28,"A localização é remota, mas não deixe que isso o deixe ficar. A partir da 1 rua contato com o Paraíso para a nossa partida a experiência foi brilhante. Você é bem-vindo à ""experiência da família Frank"" e não é algo que você esquecerá. Atmosfera descontraída e amigável no jantar onde todos comem juntos em uma mesa lindamente definida. Frank & Danielle são os anfitriões perfeitos. Este é um lugar para relaxar e curtir a vida. Paraíso de fato."
29,"Esta foi a nossa terceira visita à Quinta e, como de costume, foi fantástico. A Quinta está situada à beira de um grande reservatório. Este é o destino ideal para aqueles que querem ficar longe de tudo. Nenhum ruído de trânsito e sem poluição luminosa.  Frank & Daniella são anfitriões fantásticos. A culinária de Daniella é excelente. Vale a pena ir para isso sozinho. Por um custo extra, Frank o levará para passeios de observação de pássaros. Seu conhecimento de onde e quando encontrar as aves nesta área é incomparável.  Este é o local perfeito para umas férias relaxantes longe de todas as pressões da vida moderna. Paraíso em Portugal resume perfeitamente"
30,"Minha esposa e eu passamos uma semana aqui em maio e eu concordo com os comentadores Mad H e Donna M que têm ambos descrito La Quinta perfeitamente. Na verdade, eu nunca fiquei em um lugar mais relaxante e Frank e Daniela foram anfitriões maravilhosos com pessoal de apoio amigável. Uma semana maravilhosa em um lugar lindo com ótima companhia."
31,"Frank, Daniela e equipe foram brilhantes! Eles garantiram que tivemos um grande momento e foram cuidadas. Foi exatamente o que estávamos procurando em termos de localização e qualidade de serviço. Eles foram muito atenciosos ea equipe da cozinha certamente sabia como fornecer uma festa para os nossos hóspedes; Todos em todos todos ficaram encantados! Se você está olhando para sair da cidade para uma pequena pausa, yoga retiro, birding, festa de casamento ou apenas para relaxar no lago Santa Clara, então este é o lugar para você. Eu não poderia recomendar mais!  Rebeca e Ramon Benavent"
32,"Acabei de passar uma semana mágica no Paradise em Portugal e foi um paraíso absoluto. Provavelmente o lugar mais relaxante que já fiquei na minha vida, este é um retiro verdadeiramente rural com vista para um belo lago no coração da encantadora região do Alentejo de Portugal. O proprietário Frank construiu o local praticamente do zero por mais de 30 anos. O jardim é uma alegria absoluta, em cascata pelas encostas da encosta até o lago e projetado para atrair o máximo de vida selvagem possível. As andorinhas entram e saem do edifício principal onde estão aninhadas e, do outro lado do parque de estacionamento, há um esconderijo para que você possa observar os Golden Orioles. Há borboletas por toda parte. Você pode pegar barcos ou pranchas de paddle no lago e desfrutar de um"
33,"Nós ficamos em La Quinta ""Paraíso em Portugal"" durante uma semana, com a finalidade de birding com Frank e Tony. Na chegada, percebemos o quão especial é este lugar. A propriedade está situada com vista para um belo lago azul, flores em toda parte e pássaros cantando constantemente. Frank e Daniela são os anfitriões perfeitos, com hospitalidade que faz com que uma pessoa se sinta completamente confortável. Os quartos são amplos, muito limpos, tranquilos à noite e têm vista para os jardins. Este não é um lugar de festa. Aqui você pode relaxar em uma cadeira confortável, fora de qualquer caminho nos jardins, e apenas estar com a natureza. Nós tivemos viagens de birding incríveis com o Frank, um verdadeiro profissional, e vimos muitos pássaros especiais e paisagem deslumbrante. Ele"
34,"A palavra básica foi usada em relatórios anteriores e eu gostaria de usar a palavra rústico. Você não vai encontrar todos os confortos modernos de hotéis convencionais aqui, sem TV, sem ar-condicionado, sem chá / café fazendo regalia nos quartos ou ""secadores de cabelo"" (como um residente fez comentar sobre a nossa visita) simplesmente porque todos o poder é solar e tão limitado. Os quartos são limpos e arrumados, chuveiros são agradáveis ​​e quente (que encontramos em todos os momentos do dia). Atividades aquáticas atendidas. As refeições são servidas comunitariamente em torno de uma grande mesa, mas sem um menu apenas uma saborosa refeição de 3 pratos. A posição é isolada apenas algumas residências dentro de muitas milhas quadradas. Eu achei que me senti mais como um hóspede"
35,"Nós originalmente reservado 'Paraíso em Portugal' para as viagens de observação de pássaros, mas há muito aqui para deliciar os observadores de aves e não-birders tanto. O cenário é impressionante: fica no alto da colina acima do lago, cercado por um jardim suntuoso com cantos sombreados e ensolarados para se espalhar e relaxar. Muitas vezes a canção do pássaro é a única coisa que quebra o silêncio.  Todos os quartos têm sua própria área de sit - out com belas vistas do lago que está disponível para natação (órtese antes de meados de maio) e passeios de barco. Não há indústria colocando nada no lago - a água fornece irrigação para uma grande área do sul de Portugal - e parecia incrivelmente convidativa mesmo nos ventos frios de março.  O serviço é eficiente e informal e as"
36,"Fomos até a Quinta, como parte de um grupo e devem ser voltar no próximo ano sem qualquer dúvida. Há muito que é bom, sobre este tesouro escondido - mas o cavalo é a mensagem que Frank & Daniela são um caloroso e acolhedor casal que trabalhar muito arduamente para oferecer uma relaxada e confortável, ótimo preço e localização deslumbrante onde você pode totalmente desligar ou passar o dia fazendo luz de intenso esforço físico. A paz é alucinante - não há aviões, carros, barcos a motor ou poluição luminosa muitas vezes é igual - céu de paz completa. Transportes: A viagem é fácil; no aeroporto, pegue um táxi ou carro para o resort, ou, como fizemos a 10 minutos táxi hop da estação de trem e depois a 7 euros, 1 hora viagem para a estação rural onde Frank irá encontrá-lo e o feriado"
37,"No final de uma a quatro km de estrada de terra, situado em um luxuriante jardim numa colina, com vista para um lago grande, é o lugar perfeito para os amantes da natureza.  Birding é a principal atração. Frank é o guia notáveis nesta parte de Portugal, e em dois dias e meio, vimos cerca de 90 espécies. Mas você não precisa ser um pássaros para desfrutar Quinta. Você pode relaxar, tomar um pequeno barco no lago, ou vagabunda sobre as colinas locais.  As acomodações se inclina em direção a mais básica em vez de lado luxuoso, mas estávamos completamente confortável. Quinta está fora da grade, mas tinha muita água quente e até mesmo uma ligação à Internet.  As refeições são um negócio de família, com pessoas entrando Frank, Daniela, e qualquer que seja o de seus seis filhos"
38,"Nós visitamos pela primeira vez a Quinta, Frank, sua família e equipe há 4 anos e me perguntava se tudo o que ao vivo até as nossas memórias. Não devemos ter dado a alguns minutos, pensei. Claro que ainda era maravilhoso. Excelente a observação, boa comida, excelente empresa e bonito, intocada paisagem fez as nossas semanas estadia perfeita. A única desvantagem foi a música ao vivo de um nightingale quando tivemos a 5 h início na manhã seguinte, é uma vida dura! Nós sempre visitar um lugar uma vez para umas férias mas uma vez que você tem sido para a Quinta tem de voltar e sem dúvida que voltaremos para uma terceira visita. Obrigado mais uma vez, Frank e Daniela. Judith & Tony"
39,"Idílico; isolado; ambiente descontraído; oasis: todos descrevem a incrível guest lodge que Frank e Daniela continuar a correr em Português do Alentejo. última vez que visitei há quase 20 anos. Vai voltar em algum lugar sempre corre o risco de que ele não será tão bom como você se lembrar mas é ainda melhor. É difícil para adicionar qualquer coisa para os comentários existentes. Todos Eles são totalmente exacto. Apenas vá!"
40,"Uma vez que você navegou o seu caminho ao longo do 4km pista pela primeira vez você é imediatamente impressionado com o isolamento perfeito da Quinta. Fomos recebidos por um Nightingale cantando no jardim e uma vista maravilhosa sobre o lago.  Este é realmente um paraíso e nós rapidamente fez bem-vindo por Daniela e Frank. O nosso quarto era agradável e confortável, mas se estiver à procura de luxo a costa do Algarve com todos os outros!  Os Excelentes refeições preparadas por Daniela foram tomadas ""en famille"" com a família, funcionários e outros hóspedes. Este foi um momento relaxante e muito agradável de se atualizar com os destaques das actividades de dias dos outros hóspedes.  Se você é um observador ou têm apenas um grande interesse em aves este é o lugar para vir. O"
41,"Por uma vez a publicidade prévia não é por a experiência real - este é um belo lugar para ficar, se você quiser apenas para descontrair ou, como nós, você está em uma organizada bird-watching viagem. Tudo faz top marcas - como se espera aqui, os quartos de estilo chalé não são 5 estrelas luxo, mas eles são muito confortáveis e bem equipados, e logo à direita para a localização. Se você estiver viajando de carro aqui, como a pista da estrada ventos para cima, para baixo e ao redor, melhor para que primeira viagem em plena luz (em especial como você vai imediatamente será recompensado com a linda vista)!"
42,"Muitos lugares promessa Paradise e desiludir. Esta é a verdadeira coisa. 4Km por uma estrada privada você passo do seu carro em terraços, jardins com paisagismo que conduzem a um lago. Os arbustos floridos te cercam e a canção de pássaros enche o ar. Daniela dá-lhe as boas-vindas com comida caseira que é absolutamente delicioso e muito deve aos abastecimento local de ingredientes. Aqui é um lugar para fugir da agitação do Algarve, tão perto mas tão longe. Paz e tranqüilidade são as tônicas deste lugar especial. Ele não é apenas um hotel. Você faz parte da comunidade enquanto você está lá, partilhar as refeições com a família e outros hóspedes e capaz de dar conselhos sobre o que você faz. Você pode apenas relaxar nos jardins, ler, escrever, pintar ou escrever. Para reservar"
43,"Nós catalãs iam para a Quinta do Barraco para descontrair depois de um tempo frenético. Perfeito em todos os sentidos. Acolhedor, descontraído, belas paisagens - realmente é o paraíso. Fomos no início de Maio, quando as flores foram, mas o claro, o lago sem mozzy foi muito era para nadar, embora os dias foram confortavelmente quentes, não quente. A comida e vinhos excelentes e atenciosos anfitriões Frank e Daniella. Apenas uma hora ou assim o carro do Aeroporto de Faro. Não posso culpá-lo"
44,"refúgio de Frank e Daniela de paz e tranquilidade não pode realmente ser descrito, você tem que estar lá!! O conhecimento do homem é estonteante, e os locais de várias espécies são todos bem pesquisado, esperamos que dando-lhe sucesso. Os quartos são perfeitos para a localização e se manter fresco para se voltar. A comida é variada e apreciado por todos os hóspedes. O que mais posso dizer, só que ele será um prazer retornar e renovar a amizade, e claro ver mais pássaros!!"
45,"Passei 2 semanas no Paraíso em Portugal e é um campo muito hotel, location. A vista para o lago e toda a área ao redor são incrível. A comida é fantástica. E Daniela e Frank é muito acolhedora. É um lugar magnificent Mile. Com em torno das loucuras, um lote de aves e um super lugar para nadar. Eu adoro ele. Obrigado, muito obrigado a todos vocês."
46,"Este lugar é maravilhoso e tranquilo e perfeito em todos os sentidos. Ele está anos luz de distância dos comerciais e um lixo partes do Algarve. Esta é realmente a ficar longe de tudo. É um oásis de calma e um paraíso no meio do campo. Para Além do ambiente, a atmosfera é calorosa e acolhedora e menos como estar longe e mais como ficar com bons amigos que você já conhecida por anos. Os anfitriões são genuínos e as boas-vindas em sua casa. Nada é demais e eles realmente querem que você tenha um bom tempo. É antídoto total para o estresse e tensão da vida quotidiana. Há passeios e canoagem se você sentir como ele, mas há também o perfeito relaxar em uma bela definição se você quer apenas a doss no sol e ler um bom livro. A observação de aves elemento é uma revelação e a alegria -"
47,"Tivemos a melhor semana sempre ficar na Quinta em Alentjo . Nós não vamos esquecer a experiência com pressa. A primeira coisa que notei foi o perfume das flores em todos os lugares e as vistas. A hospitalidade e amabilidade com modéstia e humor dos proprietários Frank e Danielle apenas fez o holiday. Suas filhas eram muito divertido também, e como para os seus animais de estimação para a família que conhecemos todos eles!.  Frank e Daniella sabe tanto sobre a vida selvagem e partilhar os seus conhecimentos com um leve toque. Eles tiveram tempo para nos mostrar tudo, a viagem de aves foi incrível, vimos inúmeras aves, incluindo pequenas corujas e uma águia Imperial, comemos comida deliciosa e ficamos em um quarto muito agradável. Estou em falta já e não pode esperar para voltar."
48,"Após as inundações e chuva interminável no Reino Unido que queríamos encontrar sol mas que tinha que ser sol com atitude - ou seja, não estar em uma praia. Quando encontramos a Quinta online fomos atraídos pela observação de aves em oferta e o majestoso afastamento da região.  Quando chegamos, foi imediatamente acolhido por Frank e Daniella, seus familiares e os quatro cães os quais foram para se tornar os nossos amigos. Jantamos juntos todos os dias -muitas vezes com outros hóspedes, e Daniella não poderia ter sido mais bem planejadas, suficientes para uma dieta restrita.  Sobre os dias em que ficamos ""em casa"" que apareceu ao longo de um caminho ao lado um riacho entre os carvalhos vindo em pássaros, lagartos, sapos e faixas de javalis selvagens, ou nós nos sentamos no terraço"
49,"Em Primeiro lugar ouvimos falar em ""paraíso em Portugal"", em Birdfair - depois de ler os comentários, e a nossa recente estadia foi muito curto. Esteja preparado para as 4km de carro para baixo uma faixa dura para chegar a Quinta, mas o nosso Fiat Punto contratado foi capaz de lidar! A hospitalidade soberba fornecidos por Frank, Daniella e família. Localização, no meio do nada, foi tranquilo e relaxante e uma boa base para pássaros, passeios a pé, etc. O nosso dia com Frank (em seu ""Depósito"") foi bem pena o início pré-amanhecer para obter as nossas primeiras vistas de abetarda na bruma para iniciar uma birding do dia memorável. Agora, é sobre o nosso ""deve rever a lista!"
50,"Tendo apenas sido solicitado por um artigo online sobre o Alentejo, eu de repente lembrou-se os 10 dias idílicos a minha esposa e eu passamos a este lugar em Maio de 1996!!  Estou muito satisfeito por ver que o 'Quinta' é pujante e é óbvio que continua a suscitar o louvor que certamente merece. A minha esposa estava se recuperando da cirurgia e o cuidado e atenção que recebemos dos proprietários (tenho a certeza que foi Frank e sua esposa) foi fantástica. Outros destaques: o repartee animada em torno da mesa de jantar comum, as histórias de Frank e sua família que chegam em Portugal por um ônibus London-ex ( ?? ), comedor de minha primeira incursão em uma abelha, a noite gloriosa aroma de jasmim, a visão do sapo maciços no gramado após uma chuva e minha primeira captura de um"
51,"Ela tinha sido 16 anos desde a última vez que nos passaram um tempo na Quinta do Barranco da Estrada e não decepcionou. Frank e Daniella foram anfitriões perfeitos. A comida, vistas e a companhia foram excelente e esperamos não deixar que tanto tempo para a nossa próxima visita."
52,"Sensação muito sorte de ter sido capaz de visitar a Quinta para um tempo 2nd, tendo Entes ele muito há 2 anos. Ótimo para estar de volta, fica melhor e melhor. Assim, Harry se pisam o papagaio é ainda entreter-nos! Tudo o mais maravilhoso como sempre - apenas o lugar para a paz e sossego com os belos jardins e deslumbrantes vistas do lago. Sempre divertido e interessante para conversar com outros hóspedes a refeição. Frank e Daniela, com a família e a equipe, a cuidar-nos tão gentilmente. Nós agradecemos todos, ver você em breve!"
53,"Despreocupado pacífica, mas as boas-vindas calorosas possível no final de 4km de trilha acidentada. Excelente localização, e absolutamente encantadora experiente (vida de pássaros e a primeira guerra mundial) do excêntrico anfitrião, Frank, que 26 anos na construção deste lugar e sua bem merecida reputação.  Daniella, a sua (austríaca, não como eu esperava, Português) esposa e a adorável, utilmente sane um da parceria é um bom cozinheiro, e vai bem fora de seu caminho para tornar confortável. Obrigado, Daniella.  O comer é en famille: todos os hóspedes durante uma longa mesa, dando origem a discussões multinacionais interessantes e agradáveis. Memorável, especial, muito diferente e já convidando-nos novamente."
54,"Ficamos aqui como parte de um tour aproximado e o lugar é um oásis maravilhoso - exuberantes jardins com vistas fabulosas do - e acesso a - o belo lago. Frank e Daniela e sua família são anfitriões maravilhosos e nada é demais. A comida é grande, também, que é tão bem porque o afastamento da localização significa que existem algumas outras opções. Nós dividimos o quarto de jantar com algumas vegetarianos e os visitantes de muitas nacionalidades que tudo parecia impressionado com tudo o que Daniela. Explorar a paisagem local, caiaque, telescópios, ou apenas relaxar em um lugar bonito - este foi um excelente feriado."
55,"Isto para nós foi uma viagem de volta para o Alentejo após 35 anos de ausência. O que um maravilhoso voltar. zona rural de intacta, acomodações únicas com vistas, aves fantásticas em todas as direcções e um cara que leva você para vê-las em 5h da manhã! Um lago de sua própria para mergulho e vela em alimentos frescos e caseira para morrer. Frank, Daniella e a família acolheu-nos à sua casa e não estragar-nos até nós à esquerda. O que mais você poderia pedir?"
56,"Totalmente Frank brilhante e Daniella são anfitriões fantásticos em um ambiente muito bonito. Este é um lugar especial longe da multidão enlouquecida. Comida e a companhia agradável. Não vá por favor como queremos manter isso para nós mesmos e para muitas pessoas que será difícil."
57,"Uma bela Quinta com apenas alguns quartos em um ambiente remoto deslumbrante com jardins e vistas deslumbrantes sobre o lago. Nós apreciamos os jantares e cafés da manhã encantadores, e se comer com o Frank, Danielle e sua família e os outros hóspedes todas as noites (uma nova experiência de férias para nós, mas muito) Meu marido é um amante pássaros, portanto, levou as opções de pássaros a dias com o Frank que foi fantástico. Ele foi extremamente qualificada e muito boa companhia, e saiu do seu caminho para dar-lhe uma birding do dia fantástico que incluiu pouco e Grande Bustards, Grande Pássaro malhado, Calandra Lark, e muitos outros. Ele também percebi que eu não estava tão interessado em aves-me, mas ainda assim saiu de seu caminho para se certificar de que eu gostei muito"
58,"Minha esposa e eu ficamos aqui por 5 dias para comemorar nosso primeiro aniversário de casamento. Sendo que já viveu no meio de Paris para os últimos 2 anos, estávamos procurando algo tranqüilo, em um belo cenário natural, que me senti ""off-the-grade."" A Quinta completamente entregue: O cenário natural é fantástico. Existem os pássaros do campo (para que Frank é um excelente guia), bosques de árvores de cortiça, ervas selvagens picantes, e um lago enorme que é surpreendentemente desprovida de embarcações motorizadas (exceto para o barco, fui pesca de robalo em um dia).  A Quinta também gera todo o seu próprio poder, principalmente do solar, portanto, é literalmente fora da grelha.  O que não esperava era a simpatia excepcional dos anfitriões e outros hóspedes. Normalmente A"
59,"Este é um lugar único. Surpreendentemente bela. Em um lago. Excelente para observar pássaros, passeios a pé ou apenas de salientar e relaxante. Bastante difícil de encontrar, mas vale bem o esforço. Se você para óculos ""paraíso em Portugal "" você terá muitas informações. Ele é lindo. Recomendo vivamente o separado mas as refeições são na casa principal com fabulosas vistas sobre o lago. Empresa sempre interessante. Altamente recomendado."
60,"Um grupo de 8 de nós recentemente devolvido de uma estadia de uma semana na Quinta. O bem-vindo era quente, o ambiente descontraído e Frank e Daniela não poderia ter feito mais para tornar a nossa visita mais agradável e confortável. Os observadores do grupo estavam muito grato aos excelentes indicações impressas do Frank para os melhores locais para observar pássaros. Nada era demais para eles - café-da-manhã mais cedo, mesmo lotado café-da-manhã para excursões muito cedo. A comida foi excelente e a vista espetacular. Um lugar muito especial gerido por pessoas muito especiais.."
61,"Este é um lugar único, em um local remoto onde pássaros é o único som. Os quartos são acolhedores, o - esses queijos maravilhosos excelente café-da-manhã e presunto, tantos pães, cereais, frutas e Daniela produz deliciosas refeições à noite que você comer uma mesa grande com a família e os outros hóspedes. Ela e Frank são simpáticos anfitriões e trabalhar duro para se certificar de que todos estão satisfeitos. Frank gentilmente nos deu uma birding do dia embora nós não tínhamos reservado com antecedência, e ele fez um esforço real para encontrar-nos como muitas aves como possível em difíceis condições de tempo. Seu conhecimento dos pássaros e toda a área é incrível, e o trabalho que têm feito para criar a Quinta é incrível. O nosso tempo poderia ter sido melhor, por isso, não"
62,"A situação da Quinta é fantástico, localizado em uma colina em meio exuberante, exuberantes jardins com vista para o lago. Este é um retiro rural tranquilo, para que não seja perturbado por tráfego. Os sons que você vai ouvir são o Golden Oriole & rouxinóis cantando.O alojamento complementa a bela paisagem, é impecavelmente limpo e confortável com uma excelente ducha. As rosas frescas e jasmine em nosso quarto acrescentou um toque delighful & naturalmente veio direto do jardim. Fomos recebidos por Frank & Daniella como parte da família & instantaneamente que se sinta em casa. As refeições são tomadas em torno de uma grande mesa de jantar; excelente comida da empresa & Daniella excelente feita à noite voar. Frank é um brilhante birdguide & nossos dois passeios de um dia com ele"
63,"Estamos destinados a ir a pé da Quinta para os nossos 3 dias lá. No entanto, uma vez que tinha encontrado Frank que apressadamente mudou nossos planos e pediu-lhe para nos levar no dia seguinte. Ele fez, possivelmente a melhor decisão, que precisam, nós teríamos imaginado um dia bem generalizado; off. No entanto ele introduziu-nos a uma emocionante viagem 12 horas pesquisar o nosso pássaro maravilhoso da área . Ele fez com entusiasmo e energia e conhecimentos sempre sentiu que não foi apenas um prazer para nós, mas uma inspiração em si. A sua paixão pelo o que ele faz, bem como a generosidade de espírito muito especial com que ele e Daniella executar a Quinta, para uma experiência verdadeiramente o aquecimento e vida formam. Estaremos de volta."
64,"As indicações do aeroporto até a Quinta pegue ao longo das estradas tranquilas de país com praticamente nenhum tráfego, você apenas a confiança as indicações do Frank e você vai chegar ao lodge. Fomos recebidos pelo aroma de Jasmim, um lago de reluzindo e cães amigáveis (Napoleon regras dominavam a aqui!). Passamos quatro dias observação de pássaros com o Frank suficientes para um pássaros menos experiente, bem como um experiente. Embora os dias começou cedo, eles estão relaxados e muito interessante - foi n't apenas Birding, foi Portugal. Tanto Frank e Daniela é apaixonado sobre o ambiente e que mostra com a forma como a Quinta foi criado e é executado. As refeições foram excelentes, uma refeição vegetariana diferente foi servido cada dia - nada era demais. Foi tão bom que vou"
65,"Acabamos de voltar de nossa segunda visita a este lugar fantástico, realmente é o Paraíso. Nós estávamos em um holiday birding, mas desde que você desfrute de boa comida, amor e ser bem recebido em um cenário mágico longe das multidões, você vai cair no amor com a Quinta do Barranco da Estrada. Frank é possivelmente o melhor guia de pássaros em casa deliciosa de Portugal e Daniella refeições deve classificar com alguns dos melhores cozinheiros. Os quartos bonitos são confortáveis e bem decorados, todos com vistas deslumbrantes sobre os jardins e o lago. Com certeza vamos visitar novamente."
66,"Acabamos de chegar em casa uma semana na Quinta do Barranco da Estrada que é também conhecida como Paraíso, em Portugal, e certamente ela correspondeu ao seu nome. A hospitalidade da Daniella e Frank é inigualável, comida e alojamento onde excelente e você se sentirá em casa, logo que você entra pela porta. O cenário é absolutamente fora deste mundo em que procuram um lago com exuberantes jardins cheio de pássaros. Nós fomos com o nosso filho Matt para fazer uma semana de observação de pássaros e passei 2 dias fora com o Frank cujo conhecimento local foi segundo não e ele também nos deu informações sobre a grande sites todo o sul de Portugal. Após uma dura de pássaros dias nós apreciamos fabulosa comida preparada por Daniella e uma grande empresa com outros visitantes em sua"
67,"A Nossa visita em meados de Abril-se agradável clima quente seco que fez um contraste gritante de que nós deixamos para trás no Reino Unido. Daniela, Frank e assistentes nos fez muito bem-vindo em sua casa adorável. Nós apreciamos várias viagens birding excelente com o Frank para uma variedade de habitats selvagens com o bónus de prados floridos nesta parte preservada de Portugal. Voltando à tarde nós apreciamos o lindo jardim e vista para o lago com uma chávena de chá ou uma cerveja refrescante de frio. A casa saborosas refeições caseiras foram apreciados em uma mesa comum com os nossos anfitriões e outros hóspedes. No geral um excelente feriado."
68,"Não é um lugar fácil de encontrar mas que foram dadas instruções detalhadas de Faro nos levar lá sem um engate. Uma localização deslumbrante, ao lado de um lago com jardins tranquilos apinhadas com aves. O nosso quarto era confortável com um pátio isolado. Daniella e Frank fez-nos sentir muito bem-vindo e nada era demais. Café da manhã era estilo continental e abundante. Jantares foram boa cozinha de casa comido em uma mesa grande com os outros hóspedes comum (e quando não completa o resto da família).  Existe uma boa selecção de vinhos locais com preços bastante razoáveis. Birding com o Frank é muito de educação. O seu conhecimento e habilidade de encontrar diferentes espécies é inigualável. Viagens entre os locais era uma oportunidade de educar-nos sobre tudo, desde a cultura"
69,"Paradise em Portugal é o que eles chamam & Paradise é ! Um belo cenário com vista para o lago, jardim cheio de flores e pássaros, boa comida caseira comido em conjunto com a família e outros residentes e confortáveis quartos com terraço próprio. A abundância de passeios da Quinta em si ou pode ser deixados e recolhidas a partir das áreas mais distantes. A observação de pássaros organiza viagens de Frank são soberbo - que vale a pena subir os primeiros! As unidades podem estar fora para as planícies para o Grande Bustards ou para a costa para cegonhas ninhos de mar - na verdade, você irá experimentar & nome & Frank encontrá-la para você. Seu conhecimento de aves, área local & Português vida fazer viagens interessantes e boa diversão. Nesta época do ano a paisagem é um tapete de"
70,"Este é realmente um refúgio remoto - não tente encontrar pela primeira vez no escuro! A pista não pavimentada da Quinta parece interminável mas proporciona uma vista fantástica. A atmosfera criada por Frank, Fabiano e a família é muito caloroso e acolhedor & nós apreciamos a roaring fire como o tempo estava um pouco decepcionante. Nós tivemos um fantástico dia a observação, que nos trouxe grandes vistas da localidade nele assim como emocionante ver pássaros e todos os tipos de informações interessantes sobre a paisagem de Frank. Meu único comentário é que não seria bom se houvesse alguns restaurantes locais - o local mais próximo que são quase uma hora de carro! Mas nós tivemos um par de adorável refeições na Quinta com interessantes vinhos portugueses. É apenas mais uma hora"
71,"Nós realmente apreciamos a paz e cordial hospitalidade da Quinta, e o excelente home-cooked refeições. O exuberante jardim, está bastante um verdadeiro oásis, e o junto ao lago é perfeita para um mergulho refrescante ou placa sobre a água quente no verão é dia. Os quartos são limpos e confortáveis, com muitos personagens. No jantar-tempo nós conversamos com pessoas interessantes de várias nacionalidades ao redor da mesa, e gostei do sempre mudar vista em frente ao lago. Frank é um excelente bird-guia e sabe onde encontrar a gripe aviária especialidades do sul de Portugal. Altamente recomendado."
72,"Nós reservamos este lugar na força de fotos. Parecia perfeito para uma escapadela de do-it-todos holiday, e foi! O cenário é incrível, e não até mesmo no seu melhor, como nós fomos em meados de Novembro quando pouco foi em bloom. Nós reservamos a muito curto prazo e somente as pessoas do lugar como foi a sua última semana. Trabalhando na indústria turística nós mesmos, damos pensamento Frank & Fabiano poderia ter-nos dado um pouco ""cool"" recepção sobre esta conta e ser desesperado por suas próprias férias. Nada disso! Eles não poderia ter sido mais acolhedor. A sua empresa, e que as crianças, foi maravilhoso, ambiente descontraído e conversável. Nada era demais, o quarto era limpo, com um woodburner tinha que desejávamos, da cama extremamente confortável e a comida excelente."
73,"Esta foi uma experiência incrível com uma paisagem deslumbrante e arredores tranquilos.Frank e Laura foram maravilhosos anfitriões.a culinária de Laura era grande, com jantar ser bastante uma ocasião. Fizemos uma observação de pássaros viagem com Frank e com o seu conhecimento de aves e a sua capacidade de identificar-los para um passeio muito interessante. Vamos voltar."
74,"A minha primeira visita a Portugal, e também a primeira vez que tenho dado feedback sobre TripAdvisor, e La Quinta foi o lugar perfeito para começar o nosso feriado. O local tem uma atmosfera incrivelmente relaxante e os anfitriões, Daniela e Frank, não poderia ter sido mais encantador. O nosso quarto era muito confortável e as refeições fornecidas todas as noites ""estilo da família"" foram delicioso - frescos ingredents simples e bem preparados. O lago foi ótima para natação e o cenário sobre os passeios locais deslumbrante. Nós amamos o lugar e recomendaria."
75,"Se você pode encontrar o seu caminho aqui é bem a pena. Os arredores são pacíficos e idílica. Frank e Daniela eram os nossos anfitriões adoráveis e que nos fizeram sentir como sempre temos sido uma parte das suas vidas. Jantares foram servidos em estilo família com toda a gente comer em uma grande mesa de jantar e normalmente a mesa toda estava envolvido em conversas animados com tópicos variando de osga-turca a política dos EUA e, em seguida, para as maravilhas de vinho português, todos a menos de 16 minutos.  Não há nada chique aqui, mas valeu bem a estadia. Ir para o campo, as pessoas, a culinária, o relaxamento. (E não se esqueça de falar com Frank sobre as aves!)"
76,"Este hotel (se pode chamar-lhe que, mais de uma casa realmente) é o lugar perfeito para o tipo de família que gosta do deserto rural. O lago é maravilhoso para piscina: quente e perfeitamente claro. De fato, não foram tempos quando eu tinha uma pequena bebida como eu estava nadando ao longo. Existem animais encantadores: os nossos filhos apaixonei com os cães. O barco de vela, canoas e gaivotas desde o meio ideal para explorar a grande lago. O calor dos anfitriões Frank e Daniela foi inigualável e nos sentimos quase como parte da sua família pelo tempo que tivemos foi um dia ou dois. Porque outros hóspedes parecia se sinta dessa maneira demasiado, que sentia você sabia-los bem. Não plano de ficar aqui se desejar luxo polido ou ser tratados como a realeza pela equipe do hotel"
77,"Eu nunca tinha escrito nada no Trip Advisor antes, mas La Quinta foi tão especial que decidi. É difícil descrever porque não é como nada tenho visto antes - um cruzamento entre ficar em casa de alguém e um hotel muito confortável.  Daniela e Frank que própria e execute o lugar são um casal fabulosa que que você se sinta em casa desde o início, como fazer as suas excelentes funcionários. Daniela e Frank e adicionar todos os tipos de coisas que você pode encontrar em qualquer outra nunca - como Frank tendo o café-da-manhã com a sua parrot ao seu ombro (o parrot é um tarte pelo caminho e não como outras mulheres), o aloe vera (a partir de uma planta nos seus extensos jardins) para o meu se bronzearem nariz, e Daniela capacidade para cozinhar o mesmo pratos diferentes para um"
78,"Apenas cheguei de minha viagem no ""Paradise em Portugal"" ! Posso voltar para lá agora ???  Palavras mal pode descrever a minha estadia neste lugar incrível!!! Mas eu tentará. .. ""Paradise em Portugal"" está localizado em um local remoto no Alentejo, duas horas e meia de Lisbonn mas é definitivamente vale a viagem e todos os esforços para encontrar, !!! Quando chegar, Daniela, Frank e os seus funcionários middel boas-vindas com as suas grandes corações e pode simplesmente relaxar e desfrutar da excelente ambiente : o lago e a natureza ao redor. Eu realmente gostei do ambiente calmo e relaxante do local, mas o que torna a viagem verdadeiramente único é a amabilidade dos funcionários e a fusão-pot de pessoas pode encontrar lá!  Passei 5 grandes dias no Quinta com o meu irmão (15) e"
79,"Olhando através das minhas fotografias eu percebi que eles só dizem metade da história sobre o Quinta - as vistas e o cenário. A outra metade é Frank, Daniela e sua família alargada e assistentes. A Quinta está bastante único. Não é um hotel, nem um B&B. convencional é um pouco como estar em casa alargada de alguém, onde todos se reunir para tempos de refeição. Em conjunto com o Frank's e Daniela é com bondade e isto é o que realmente o faz. Curiosamente, através de alguns sob forma de serendipidade, a mistura de pessoas e nacionalidades que obtenha lançado juntamente normalmente fazer por um tempo muito sociável - muito mais do que em um hotel de padrão.  Posso ver que o Quinta não é o copo de toda a gente de chá - é remoto para os padrões da maioria das pessoas e partilhando"
80,"Eu passei apenas uma semana aqui e você não vai encontrar qualquer outro lugar muito como esta. Frank, Fabiano, a família e toda a equipe faz o seu melhor para tornar a sua estadia confortável. Passei 4 dias Birding a área com Frank e tivemos um grande momento e vimos algumas aves maravilhosas. Frank e Laura têm uma grande paixão para as aves, a natureza e o seu ambiente. Agora estão a lutar para salvar a última área do pantanal no Algarve antes é perdido para sempre. A culinária de Paulo foi delicioso e foi feita a partir de ingredientes locais frescos. Estou admirado com a ela poderia fazer todas as refeições e servem todos, enquanto a comida era ainda quente. Tivemos em estilo família sessão que eu achei muito agradável porque todos nós Sáb e comemos na ""grande"" table. Isso"
81,"Mergulhe-vos a este lugar mágico. Frank e Laura têm uma construção envirorment inesquecível que atrai hóspedes verdadeiramente interessantes. Cozinheiros de Laura excelente comida que é criado a partir de ingredientes locais frescos, apreciado na sala de jantar com a sua maravilhosa Proscênio espetacular estilo arch janela aberta com vista sobre o lago. Frank é um anfitrião maravilhoso, ractonteur brilhante e builder extraordinário: tendo construído este hotel verdadeiramente rara próprio. Todo o soberbo espaço: pedra chalet rooms, lindos jardins, escadas para o lago e pontoon têm Cleary foi um trabalho de amor mais de vinte anos. Tudo sobre Quinta do Barranco of Estrada faz com que você se sinta aberta e livre, mas simultaeously incluído em uma família quente maravilhoso com os"
82,"Limpa profundamente apreciamos a nossa estadia aqui como parte de um feriado para caminhar com microbacias. O tempo estava demasiado quente para uma caminhada por isso não tomávamos um dos passeios e para um dia excelente de observação de pássaros com Frank. Nós apreciamos as refeições comuns conversando com a todos os hóspedes e a família. O lago foi ótimo para se refrescar após as nossas actividades de dias - natação, vela e caiaque"
83,"Como um grande e maravilhosa. Um verdadeiro paraíso cheia de hapinness. Em primeiro lugar o lugar é único - é perto da água e tem belo jardim. Segundo as pessoas (Daniela,Frank,família,a equipe) são tão doce que fazem-nos sentir-se em casa - eles cuidam de nós como família e fazer-nos ter um grande momento. A melhor parte das férias para mim foi no jantar - deliciouse de tempo comida e super-conversas agradáveis com os hóspedes do em qualquer parte do mundo. É por isso que gostaria de voltar novamente. Hoppefully vê-lo em breve."
84,"Esta é a parte dos sonhos ... total tranquilidade nas margens de um belo lago em meio uma paisagem natural. Tudo foi feito para assegurar que os visitantes se sentirem totalmente relaxado e mimados. A fórmula é perfeito do grande comunais mesa de jantar onde as famílias e a equipe socializar alegremente com os hóspedes, os diferentes pontos com espreguiçadeiras e vista para o lago para que todos possam ter um momento privado e tranquilo, a jardins lindamente mantida com o inebriante aromas de jasmim e de rosas, excelente cozinha magicamente evocado por Daniela, a maravilhosa orquestração de tudo pelo maestro Frank e o divertido companhia dos filhos ... não esquecendo Harry o papagaio do curso e as quatro pés caninos amigos que acompanham e guiá-lo em suas caminhadas. E se vinha"
85,"Nós estávamos em um período de férias para caminhar e tive a sorte de permanecer aqui por três noites. É um local maravilhoso, em particular se desfrutar da paisagem e da natureza. O cenário é lindo, o lugar é tão tranquila e ainda há tanta coisa acontecendo. Os passeios são bem planejados e cheio de variedade e a vida de pássaros é incrível. Frank e Danielle fez-nos bem-vindos a partir do momento em que chegamos. À noite todos comemos em conjunto e este foi muito divertido como todos os hóspedes estavam tendo um tempo tão bom, ajudou naturalmente pelas refeições soberbas. Um ótimo lugar."
86,"Nós recentemente ficamos aqui com os amigos enquanto de férias para caminhar e apreciamos cada momento. Nós nos sentimos parte de uma grande família, com Frank & Daniela, da sua família encantadora, funcionários e outros hóspedes sentados ronda uma grande mesa comer comida deliciosa e como para os rolos nas refeições pré-embaladas .... soberbo! A Quinta é bastante isolado mas não há muito para o manter ocupado, com o pé, observação de pássaros, o belo jardim, piscina no lago, caiaque, vela e até mesmo gaivota ou simplesmente relaxar e descontrair. O alojamento é atraente, limpo e confortável. Não sendo um amante de cães devo confessar que ser bastante ferido por as personalidades dos seus cães que foram muito divertido. Paradise em Portugal! Como é verdade!"
87,"Não há realmente muito a acrescentar aos outros comentários. Se você quer uma pausa pacífica, passar o seu tempo a relaxar, a uma curta caminhada, observação de pássaros, pesca, natação, etc, no lindo cenário então você vai apreciar este lugar.  A Quinta está situado em jardins fantásticos e os anfitriões Daniaella, Frank e o resto da família não poderia ser mais hospitaleira e simpática.  Excelente comida em uma grande mesa comum, onde os hóspedes e a família sente-se em conjunto. alguma forma funciona e as noites eram sempre interessante e agradável.  Tempo foi ótimo como seria de esperar em Portugal em Junho.  Os últimos 4 km levam até ao Quinta é um, ERM, interessante drive.  Um lugar especial ao contrário em qualquer outro lugar que eu fiquei e eu I would recommend to"
88,"Minha mãe e eu passamos duas noites no Quinta e desejava para mais. O momento em que entramos para fora do carro a fragrância espantosa de jasmim e citrinos Blossoms dá as boas-vindas. Foi muito bom e um pouco chuvoso, mas que nos forneceu encostas deslumbrantes coberto de flores silvestres. Este é um lugar verdadeiramente especial! Maravilhoso para relaxar ou sair e explorar as colinas e vales. Apreciamos Birding enquanto está sentado no pátio e na sequência das indicações do Frank para alguns bons pontos pássaros. Os jardins são exuberantes e carregados com lindas flores. Os quartos são espaçosos, limpos e adorável com flores frescas adicionando um belo toque. Frank, Daniela, da sua família, pessoal, e animais de estimação recebê-lo com calor premente. Se estiver a viajar para"
89,"Quinta rústico encantador. Família de charme. Belo cenário com vistas e jardins do lago desdobrável para baixo para o lakeside cheia de pássaros e outros animais selvagens. Vim para 4 dia pausa em Maio para descontrair e relaxar e fez exactamente isso. É um refúgio preferido de caminhantes e os observadores de pássaros por isso, se isso não é para você - você pode obter todo o lugar para-se alguns dias. Nós descansados, ler, swam no lago, saiu na gaivota. controle remoto e é acessível apenas através de uma trilha acidentada de sujidade - mas a afastamento é parte da atração e o último foi feita fácil para nós como o Quinta enviou o seu controlador local de táxi para recolher-nos a partir do Aeroporto de Faro. Cozinha caseira e jantar é comuns em torno de uma mesa grande com a"
90,"É interessante que a maioria dos comentários são o amigo de Frank, que é porque, quando você deixar este lugar maravilhoso que o amigo de Frank e Daniela. Essa é a diferença que este lugar, e um Hotel ordinário, que se tornaram parte da família em um curto período de tempo. As crianças e cães são todos parte de. O seu triste que Lateralmente o cão preta morreu, porque ele era como um animal amigável calorosa e vou perder ele quando eu ir novamente. A família não pode fazer o suficiente para agradar a culinária de você e Daniela, o estilo de buffet de almoço é particularmente bom porque você pode comer o quanto você quer e como uma variedade. Os quartos são muito limpo e encantador, os novos banheiros são uma mudança bem-vinda e novamente feito com tal bom gosto, Lateralmente"
91,"A minha família passou uma semana aqui e tivemos um tempo maravilhoso. A família são muito calorosa e acolhedora mesmo os cães que você se sinta em casa! Frank é um muito bom guia de pássaros e tomou o meu pai e eu em dois dia completo expedições ambos foram muito sucesso. Se você tiver sorte com o tempo, pode relaxar à beira do lago e tomar sol, sabendo que são de um punhado de pessoas na área. Ficar aqui tem a vantagem de não ter de se preocupar com cozinha/comer como Daniela é um cozinheiro maravilhosa que agita-se difunde finos no almoço e jantar. Se você está procurando uma location away from ocupado/turístico locais para relaxar, relaxar, ler um livro, aproveitar o sol, sair em alguns canoas ou gaivotas e fazer alguns excepcional observação de pássaros. Então eu recomendo"
92,"Para um único ""longe de tudo' férias relaxantes em um belo cenário, este é o lugar! Frank e Daniela e família são excelentes anfitriões, nada é um problema e você se sentir verdadeiramente bem-vindos a partir do momento em que chegar no final da pista para a Quinta. Fátima e Dulce compõem o feliz e muito eficiente 'da equipa da casa, tendo trabalhado com Frank durante muitos anos. Escolhemos comer o grande casa de Daniela alimentos cozinhados com a família e outros hóspedes à noite que foi uma grande experiência e muito apreciado. Eu recomendo o Quinta a todos os que amam uma pausa pacífica em um ambiente rural e pesonally adoraria voltar novamente um dia."
93,"Enquanto em hol em Portugal o meu marido tinha de ter uma pequena operação e viemos aqui para convalesce. O que é uma excelente escolha. Paz e beleza, boa comida e boas pessoas, e montes de adorável, amistosos cães. Banheiro grande com enorme banheira. O nosso quarto era atraente, com bonita roupa de cama, e acordou para o aroma do jasmine com jardins floridos que adornados nossa varanda e uma de morrer com vista para o reservatório lake. Eu não podia resistir um passeio matinal em torno dos belos jardins e foi intrigado com o canto dos pássaros variado e som plopping ocasional de peixes saltos no lago. Barcos e gaivotas estavam disponíveis para explorar o lago e as ilhas. Recomendo vivamente este lugar se quiser para se afastar de tudo."
94,"Uma verdadeira jóia escondida!  Frank e Daniela são excelentes anfitriões e eles fazem você se sentir imediatamente em casa. Não perca as refeições caseiras de Daniela e certifique-se de perguntar sobre paixão de Franks para as aves. Nós não fossem /não são observadores - mas poderá tornar-se um antes de sair La Quinta!  Certifique-se de imprimir as instruções - com aqueles que, a um passeio fácil ..."
95,"Se quiser relaxar este é o Place. É um oásis no meio de nenhum ....tivemos uma muito tempo e sentida em casa, graças ao Frank, Daniella e a família que muito bondade e realmente útil até o fim (até mesmo ajudou a alteração o carro la rueda).  Um lugar você dreaming para voltar...como fazemos"
96,"Nós se hospedaram no Barraco da estrada por 4 noites com nossa em vez crianças barulhentas. Frank e daniela foram muito aconchegantes, fazer us se sentir muito como parte da família.  Os quartos são muito aconchegante e possuem vista para o lago e para o jardim que são deliciosos.  No final do jardim há um píer com pedalinhos, canoas e barcos a vela.  Jantar no Quinta todos os hóspedes ,tornando este um grande família evento.  Gostaríamos pegue a este momento para agradeça Frank e daniela para uma estadia maravilhosa e a apenas para que ele saiba que vamos voltar.  Boa sorte com o restante da temporada,  philip, Margarina e os meninos."
97,"Este beautuful Place é um refúgio de paz e traquility. O Vista espetacular para o lago são inigualáveis .o cenário muda horas como o semáforo que trocar sobre a água.   O hotel auto é simples e confortáveis, cercado por belos jardins e tranqüila com sombra sopts no diferentes níveis, que levam à água.   Frank e daniela oferecem maravilhosas, suas divertidas noitadas até, comida fresca e criar o aconchego de uma semana house festa.  Frank tem uma conhecimento e entusiasmo para locais pássaros e a zona rural ao redor.  Enquanto pele Daniela oferece reaxing massagem para comlete um dia de descanso.   O entre as crianças foram happy de relaxar, ler, nadar, tomar sol e se de todas as pressões da vida moderna."
98,"Este foi o segundo visitar o Quinta e não táxis retornar. O jardim com vista para o lago é cheio de interessantes wildlife e a paz está a apenas incomodem com o coaxante dos sapos e singing pelos rouxinóis que vivem neles! O hotel tinha três longo dia explorar muitas variado habitats e muito tempo para a Back no Quinta para relaxar e explorar. Os quartos são confortáveis, com vista para o lago e a comida excelente. I muito apreciado atmosfera agradável."
99,"Se você procura um férias em uma localização deslumbrante, em um ambiente descontraído, com excelente comida e charmoso company - não procure mais - o Quinta do barranco de estrada proporciona e muito mais.  Como você siga pela via de acesso em direção a Quinta através de uma para brincadeiras de flores, divisar peixes como o Lake oferecem um excitante. Frank e daniela são ususally para se encontrar o novo desembarque, com seus encantador crianças e charmoso - não mencionar a mais amigável, mais bem-comportado cães de Portugal.  A comida, que foi excelente durante toda a estadia, foi servido na área de refeições com vista impressionante com vista para o lago .família e os hóspedes jantaram no local e interessante mistura de visitantes acrescentado ao descontraído agradável"
100,"O Hotel teve um Super estadia relaxante no Quinta. O hotel Frank e daniela são super-amigável e realmente fazer um esforço para fazer com que suas férias sejam um sucesso. Da atmosfera familiar no jantar permite fazer amigos rapidamente (de todas as idades) e conversas apenas paradas para saborear a comida, e saborear foi. Frank é um Super birding guia e tomámos vantagem de seu conhecimento da área. Nós será!"
101,"Não se pode requisitado um melhor lugar para iniciar o nosso Headwater uma curta holiday do Alentejo.   Se desejar localização deslumbrante, wildlife, ótima comida e uma atmosfera amigável, o Quinta é, sem dúvida merece uma conferida!   Frank sabe algumas coisas de aves também!"
102,"A principal Reclamação sobre a quinta é que seja feito a volta do agitado, cinza London ainda mais difícil de usuais a trabalhar azul. Este lugar é perfeito para uma pausa relaxante longe da agitação da cidade. O único sons você ouvir são os pássaros e sapos chirpping, e há linda vista para o lago de cada aspecto. Frank e daniela claramente Trabalhou muito difícil para criar um confortável aconchegantes refúgio em uma região rural.   Minha única Reclamação é que estava tal com Franks aconchegantes pacote de os amantes que queria para todos com me mas estas Londres apenas não corresponde a arborizado vales e creaks para explorar à direita na sua porta... um perfeito se!"
103,"Sitrting no jantar com a grande vista para o lago, aves agarre perto e muito longe, flores floridos, noite aromas, conversas nascente e falling, deep tranqüila, que gostaria de ser em qualquer outro lugar. De manhã natação em aconchegantes água fresca, peixe com altura e sempre os pássaros."
104,"Ótimo lugar para descansar. O hotel como uma família e você está convidado para participar cada evento. Realmente uma experiência única. O Place tem um view e é muito, com apenas 10 quartos. Muito, muito bem!"
105,"Este é imperdível para aqueles que desejam um tranqüilo e pausa relaxante. A vista do hotel foi espetacular. A localização não poderia ser mais privilegiada. Os quartos são limpos, simples e muito confortáveis com banheiro. A atmosfera é amigável. Vila local é charmoso e leva 20 minutos de carro.  O hotel tem vista para uma enorme reservoir que podem ser alcançados a pé por uma curta onde você encontrar uma área onde você pode relaxar e nadar, bem como uma canoa ou pequeno barco.  As refeições são servidas durante todo o dia em uma agradável área de refeições, onde você uma vista fantástica.  é o lugar perfeito para fugir para quem quer se afastar fromeverything e experimentar alguns paradise!"
106,"Frank mcclintock's Quinta do barranco da Estrada tem tudo: Dom, sombra, descobrirá que, apresenta comédias, deliciosa comida e uma seleção de vinhos que celebram sua Fascinação com ornitologia. Há mil lugares para se em sua paradisíaco jardim com terraço que leva a um lago que é mais um playground; com canoas, barcos à vela, pedalinho, e suave natação a ilhas próximas. Nós especialmente amei o cães: INCLINADAS molly, pesca, mike Cultivadora e mel. Quando você há - por quê?"
107,"Este é um bem organizadas, acolhedor operação um real interesse em que procuram após's clientes. As inúmeras equipe oferecem boa comida, accomodation e sugestões sobre os arredores. O proprietário criou o local mais de duas décadas e tem com sensibilidade adequados do prédio e jardins muito belas cercanias. Ele é um especialista orithologist proviiding práticas sobre, por exemplo, o melhor chances de turísticos great bustards. Enquanto a comida é bom há uma pousada para mais caros comer! Maravilhoso uma curta country."
108,"O mais isoladas & panorâmica localização que você pode desejar para estadia em. O Quinta chegou na via uma 4OK estrada de terra e fica em uma colina suave cheia no lago onde um pequeno plataforma com Dom espreguiçadeiras espera. A localização é como impressionante, isolado e romântica, como que pode desejar - este é um lugar para relaxar e tomar vista para o mais possível - o Andorinha suíte com seu próprio jardim é bem recomendado para dar ainda mais retiro"
109,"Nós catalãs iam em busca de wildlife (especialmente aves e dragonflies) e com Franks dica do especialista ajuda a muito. A estadia no Quinta foi verdadeiramente agradável e nós sempre se sinta bem-vindo como se parte da família. Não realmente na turístico trail (mas contribuem para a atmosfera de aventura) que ainda podem chegar à costa oeste e Plains sem muito dificuldade. Nós vamos voltar para ver nossos novos amigos no Quinta e provar novamente Daniella's Great culinária."
110,"Este é um maravilhoso, pequenas refúgio intimista - especial mundo criado por proprietários Frank e daniela. Os quartos e as áreas comuns são grandes e a comida (servido estilo familiar) é maravilhoso. Café-da-manhã inclui um maravilhoso variedade de queijos, suco de laranja fresco passadas minutos antes é servido. É um lugar para relaxar, mas também uma boa base para Great side viagens. O hotel fica no final de uma não pavimentada, mas bem-cuidados 4 km road. Se a idéia de uma viagem é ir para a Autoroute e queime o km, este lugar não é para você. Mas se quiser vista incrível de colinas, lagos e flores silvestres, você irá adorar esse entrance road e o interior em volta.    Pode east até a incrivelmente bela e sob preenchidas automaticamente plains, West até a costa e Great"
111,"Muito simpática equipe dada por US um maravilhoso alguns dias no Quinta. Uma grande ftme apenas relaxar o lago, sentido no canoas e o veleiro e saborear o clima de paz. Frank e Daniella, que partem a quinta foram realmente cordial e pronta a nos ajudar com qualquer coisa que queria. Um lugar muito especial para encontrar!"
112,"O hotel esteve para o Algarve para muitos anos e Decidiu tentar se hospedar mais ao norte. Gostaria se obter algumas informações na Quinta do barranco da estrada na Birdfair no Reino Unido e Observava bastante agradável.    Nós tontamente tentou acessar utilizando Satnav chegar e terminou discado stuck em alguns estradas de terra que necessário um 4X4. Uma vez DECIDIMOS trust as placas TEREMOS e ignore o computador que encontramos sem problemas.    Adornados met as expectativas. O hotel está às margens de uma grande lago com uma fantástica jardim grandes para a costa. Após a viagem a paz e a tranqüilidade foi exatamente o que é necessário.    Em nosso primeira manhã TEREMOS nos pediu Frank, o proprietário, pegue a US out birding. Nosso principal alvo foi Abetarda e, a menos de"
113,"O hotel fez o Easyjet vôo de Liverpool a Faro e depois se alugar um carro para Drive North para a Quinta. O hotel não sabe que ela no momento mas esse foi o aniversário da encarnação revolução. O hotel foi norte da Espanha antes mas não para Portugal ou até mesmo Algarve. que esperam serviço, assados zona rural I foi maravilhado com flores, verdejante grama e o cor verde. No entanto i desde aprendeu que este não última long :-  ( a quinta foi surpreendentemente fácil de encontrar, dado claro as orientações e foi diferentemente algo que eu tinha esperada.controle remoto, tranqüilo, tranqüilo são o fácil palavras para descrever.  O Quinta fica em uma encosta ... o que deve ser 100 ou tão m2 uma grande lago. As vistas são deslumbrantes e há um belo jardim corrida até o Lakeside."
114,"O cenário é um maravilhoso -- que cercam uma perfeita reservoir -- a comida é gourmet-em estilo de culinária (mais British de português) -- mas se você planeja ficar aqui para explorar Beja (pelo menos uma hora e meia de carro) ou explorar Portugal e sua população, você não que aqui. Os quartos são bastante rústico e, embora limpa, porque você está no meio de nenhum, cercado por uma bela vegetação, alguns lagartas e outras descoberta arrepiante crawlies talvez inevitável. (Os hóspedes do Cidades (estilo europeu e americano) foram mais surpreendido, que do rural ou suburbano-Bretanha.) é definitivamente um bom lugar para um dos amantes esconderijo quando você realmente deseja ""ocultar"" -- não boa para conhecer e explorar a região, desde o Road para a Quinta é longo e windy (e bar"
115,"Reservado através [--]e teve um maravilhoso. Frank é um excelente e divertido host. Este é um estabelecimento pequeno no meio de idílicas paisagem - tranqüila, não há estradas, a apenas uma grande tranqüilo lago, perfeito para natação, windsurfe e vela.    Alimentos orgânicos (principalmente) e casa feita. Os quartos são simples, mas se refrescar e confortáveis.    Eu altamente recomendar. Você atender interessantes pessoas aqui!"
116,"Temos apenas devolvido de uma semana viagem a este lugar muito especial. Ele foi especial porque não só foi meu aniversário enquanto nós, mas I também foi propostas para, e todos os funcionários no Quinta feitas que, uma mágica experiência memorável. O Quinta fica em meio a mais belos jardins e foi o amor construído e desenvolvido pela proprietário, Frank. O quarto possui vista impressionante em Santa Clara dam, e a atenção aos detalhes com flores frescas no quarto e maravilhoso pinturas, que nós descobertas foram obras pelos proprietários avó. A comida foi absolutamente esplêndida, bobby, é um excelente chef. O dam/Lake foi maravilhosamente impecáveis e claras e até mesmo apesar dos ventos frios do ano, muito refrescante para um mergulho após uma sessão na sauna! Há pouco ou"
117,"Quinta do barranco de estrada    o Quinta é maravilhoso B&B em um isolado e localização deslumbrante do sul de Portugal. A partir do momento de sua chegada você é recebido com o mais vista espetacular, e a mais calorosa das boas-bem-vindo. Cada quarto com vista sobre um jardim tropical encostas um belo lago com nada das montanhas. No conforto de sua terraço que podem assistir a vista e muitas aves em abundância incluindo o Red rumped andorinhas e bee cospe fogo.    Frank, o proprietário, é um profissional pássaros guia para o sul de Portugal e sintam divertidamente as muitos visitantes do jardim e região, ou recomendar onde ir para ver mais. Ou para quem prefere seu próprio guia, Frank vai passeios a pé ou 4X4.    Além disso uma variedade de atividades podem ser feitas do Quinta"
118,"Website - (---)  Este lugar é mágica. VISITEI recentemente com meu namorado, depois de passar uma semana se bronzeando ao Dom no Algarve praias. Ele leva cerca de uma hora para chegar de carro (ou uma hora e meia se, como nós, você inclined para ir um pouco lost!), e foi uma adorável Drive. Achei que quando chegou que já sensação relativamente descontraído, mas ACHEI errada - nós passado 3 dias no hotel e à esquerda sentir totalmente revigorado.    O quarto que se hospedaram no foi belo - Fotos no website não o faz justiça! Ele foi adorável para estadia, limpo, que também real personalidade e charme - todos freqüentemente um raro. O banheiro, foi amplos, arejados e maravilhosamente bem-eqipped com uma grande chuveiro e belo grande banheira. O restante do hotel é pequeno e"
119,"Meu Noivo e I passado três noites aqui e veio casa sensação tão descontraído ele poderia três meses. Este é um estabelecimento jóia de um hotel - totalmente tranqüilos, um lindo cenário, um deep azul-turquesa do lago para você, deliciosos caseiras e equipe maravilhosa. Você pode ser mais ativos se quiser, mas estarão restritas se estabeleceu para uma caminhada através do vale com a promessa de uma cerveja no final, e pássaros viagem com Frank, o proprietário, que foi fantástica e foi absolutamente encantador para ser guiada por alguém que foi tão obviamente aficionados por locais wildlife. Oh, e o andorinhas de Zócalo um passo do jantar mesa foi um real. Foram necessários us apenas algumas horas para chegar lá de Londres, mas um mundo do estresse da vida, e absolutamente"
120,"Paraíso em Portugal é seu website endereço e é exatamente o que ele é! tranqüila, tranqüila e relaxante, do Enlouquecidas multidão com a natureza e vista para deliciosos. Great hospitalidade, Great comida, grande empresa. O melhor lugar que encontramos enquanto viajam de Portugal e não podemos táxis que retornar há um dia. Altamente recomendado!"
121,"Este lugar é imperdível para quem quer ver o interior e seus habitantes - duas patas, quatro patas e Forrado tipo! Nós alugou um carro de Lisboa. Não acreditar que você ler etc pelo menos algumas de etc sobre tempo aproximado de Portugal. O Hotel teve um fantástico tempo tempo aproximado para a Quinta do barranco do estrada. Há algumas ótimas paisagens e observação de vida selvagem se ficar na toll Road e a pequena estradas. Este retiro um pouco fora do caminho, que foi exatamente o que queria. É tão tranqüila. As estrelas estão incrível. A comida é excelente. O lago é refrescante. Ele tem tudo! Pedimos também que Frank, o proprietário, nossos wildlife guia para um dia. Seu conhecimento da terra, sua história, e pássaros identificação com foto verdadeiramente impressionante. Ele"
