,Avaliações
0,"Excelente para uns dias de descanso em família. Adorámos o espaço e as pessoas, que nos acolheram com grande simpatia e sempre disponíveis para ajudar! Até a Bolota e a Giesta contribuiram para tornar a nossa estadia mais especial 😊"
1,"Staff muito simpático e sempre preocupado com o nosso bem estar, para quem aprecia um sitio sossegado é o lugar ideal, boas acomodações na casa onde tivemos, pequeno almoço muito bom e variado. A única observação menos positiva foi a questão da agua quente, que tendo em conta que a casa onde ficamos  tinha termoacumulador não conseguimos tomar banho os 3 seguidos."
2,"O Monte do Giestal é o sítio perfeito para ir com crianças. Fácil de chegar (1h30 de Lisboa), casas com cozinha, possibilidade de encomendar refeições prontas nos quartos (almoço e jantar), parque infantil, trilhos para fazer com as crianças, animais  na quinta, piscina aquecida. Boa relação qualidade-preço. Além de todas as comodidades, todos os funcionários são super disponíveis e de uma simpatia extrema. Recomendo fortemente."
3,"Vivamente recomendado. Todos muito simpaticos e atenciosos. Pequeno almoço muito bom. A casa muito acolhedora. Optimo Spa. Daria 6 estrelas se fosse possível.  Muito obrigado a todos Rui, Catia e as Marias"
4,"Espaço super agradável, ideal para uns dias de puro relaxamento e/ou convívio entre amigos e família. Funcionárias super atenciosas e preocupadas. Infelizmente o spa estava em manutenção devido ao tempo de encerramento motivado pela pandemia covid-19. Faltou apenas isso para ser uma experiência 5estrelas.   Mas sem dúvida que é para repetir!!"
5,"Fiquei 2 noites no Monte, na Casa da Azinheira e só tenho pena que tenha passado tão rápido. Um espaço super acolhedor e bem equipado, pequeno almoço ainda em buffet assistido muito saboroso com produtos de qualidade e sempre com um bolinho caseiro à nossa espera. Encomendamos os jantares num restaurante sugerido (por opção, pois a casa está bem equipada para quem quiser cozinhar) pela menina da receção e não podíamos estar mais satisfeitos quer com a qualidade quer com os valores. Em ambos os dias foi-nos entregue em casa à hora combinada. Tivemos muita sorte com o tempo o que nos permitiu ainda usufruir do espaço exterior e piscina. Spa pequenino mas bem cuidado e muito acolhedor.  Recomendo sem dúvida."
6,"Se procura lugar perto de tudo onde pode descansar, o Monte do Giestal é o sítio ideal... Acrescentamos um atendimento 5 estrelas e estamos no sítio perfeito. Ao final do dia, o por do sol é lindo... Esperamos poder voltar!"
7,"Uma óptima opção para uns dias de descanso em família, adequado para ir com crianças. Gostamos muito do pequeno almoço, simples mas de qualidade, e apreciamos a opção de podermos encomendar as refeições. O staff muito prestável e profissional."
8,"Equipa incrível, simpatia e serviço 5 estrelas. Serviços ótimos de refeições em casa, um jantar divinal e o pequeno almoço na cesta a lembrar um piquenique. Herdade com uma localização excelente a proporcionar o silêncio necessário para fazer uma pausa da correria do dia-a-dia."
9,"Adorámos e certamente vamos regressar! As instalações são excelentes, o Monte é lindo e todos os funcionários são sempre super prestáveis e simpáticos! Uma excelente escolha para relaxar e repôr energias! Com crianças, como foi o nosso caso, a proximidade com os animais ainda melhora mais a experiência!"
10,"Ficámos um fim-de-semana numa das villas à frente da piscina e foi uma experiência fantástica. A villa estava muito bem limpa e era muito agradável, as camas muito confortáveis. A herdade é linda e proporcionou uns passeios maravilhosos. O pequeno-almoço era muito completo. Tivemos também a oportunidade de experimentar a comida caseira que servem numa das noites, que adorámos. De realçar a simpatia dos funcionários que foram sempre muito prestáveis e atenciosos connosco, tornando a estadia ainda melhor.  Para quem procura uma estadia com disponibilidade para levar cães, recomendo vivamente. O meu adorou. Uma experiência sem nada de negativo a apontar e que pretendo repetir."
11,"Uma semana muito bem passada, o monte é fantástico, permite-nos sentir o ar alentejano, com serenidade e paz. Espaço de montado enorme para caminhar, conhecer e interagir com os vários amigos que se vao encontrando e descansar à sombra dos sobreiros:) As villas estão muito bem equipadas e a equipa do monte giestal é muito prestável e sempre com um sorriso. O pequeno almoço é bom e nós tambem usufruimos das refeições caseiras que têm disponíveis (ementa variada e com oferta de gastronomia local), comida muito bem confeccionada. A piscina estava muito bem tratada e o pool bar em funcionamento, com sugestões diárias de pratos e cocktails. O facto de acolherem tão bem os amigos de 4 patas é excelente!!!! Para repetir, sem dúvida."
12,"Um empreendimento muito bonito e agradável. Pessoal do mais simpático, prestável e profissional que se pode encontrar.  Um bar de apoio à piscina com bebidas e comida excelentes. Responsável do Bar muito simpático e prestável.  Um local muito agradável para passar um fim‑de‑semana com a família."
13,"Serviço muito bom com grande simpatia e hospitalidade. As casas são grandes e muito confortáveis bem decotadas e muito limpas. Os espaços exteriores muito bonitos com uma boa piscina, tem também uma piscina exterior. Serviços de refeição bons e eficientes, bem como servico de spa."
14,"Ambiente bastante relaxante, staff bastante atencioso. Se tiver de sugerir alguma melhoria seria na limpeza dos utensílios de cozinha  que poderiam estar mais limpos, mas nada de especial e o sofá da sala poderia ser de melhor qualidade, contudo tudo estava bem, a casa bastante bonita e decorada de acordo com o ambiente envolvente. A piscina interior é com certeza uma mais valia para os dias menos quentes. o staff do pool bar bastante simpático e serve uns Gins de frutos vermelhos, maravilhosos.  Foi o 8º aniversário do meu filho e o staff teve o cuidado de preparar um bolo caseiro, maravilhoso.  Para ir buscar comida, deve pesquisar pois não há muita escolha e o mais próximo que conseguimos ficava a cerca de 15 minutos de distancia, mas com comida bastante saborosa, como se"
15,"Localizado no Litoral Alentejano, no concelho de Santiago do Cacém na freguesia de Abela , o Monte do Giestal é um lugar mágico que nos proporciona verdadeiro descanso e nos enche o coração de momentos inesquecíveis e felizes. Somos desde logo recebidos calorosamente com toda a simpatia e sorrisos do staff espetacular, sempre disponível para ajudar-nos em qualquer coisa que necessitemos e que nos encaminham para as pitorescas casinhas do monte alentejana, muito bem equipadas, confortáveis, limpas e asseadas.  A parti daqui, é só desfrutar de todas as comodidades, do deslumbrante espaço envolvente, refrescarmo-nos na piscina  ( existe uma para os mais pequeninos), fazer caminhadas tranquilas pela natureza, a pé ou de bicicleta, cumprimentar  as amorosas burras Bolota e Giesta que"
16,"O empreendimento é constituído por casinhas individuais muito acolhedoras. Os T2 têm 2 WCs completos, o que é uma mais valia. Grande área exterior para desfrutar da natureza e animais. Pequeno almoço algo limitado, mas é compensado pela qualidade e simpatia."
17,"Tão bom que parece mentira. Staff espetacular, muito simpático e sempre disponível para ajudar. Tudo muito limpo e asseado. Um sítio ideal para relaxar e repor energias. Ambiente muito simpático e agradável. As refeições são muito boas e a preços acessíveis."
18,"A calma do monte alentejano, a simpatia de todo o staff, o espaço envolvente que deslumbra, são razões suficientes para trazer memórias de uns dias em família maravilhosos. Atividades variadas (piscina, ténis, caminhada, bilhar), do agrado de todos."
19,"A casa T2 onde ficamos alojados é muito acolhedora. O local é muito sossegado e o facto de ter animais é espetacular para experiencias que ficam para sempre na memória das crianças. Tem 2 piscinas fantásticas. Existe cuidado com a manutenção do espaço exterior. Fomos recebidos com muita simpatia e durante toda a estadia nunca nos faltou nada pois facilmente contactávamos por WhatsApp . Adoramos todas as refeições que nos entregaram numa cesta à porta. As crianças pedem para voltarmos e tenho a certeza que voltaremos. O Badoka Park, a Distilaria Black Pig Gin ficam a poucos km´s, o moinho da Quintinha, o Museu da Agricultura de Abela... Estes foram apenas 4 dos locais que visitamos... Foram umas das nossas melhores férias onde nos divertimos e descansamos tal como pretendíamos."
20,"Espaço espetacular, com uma envolvência muito agradável no montado alentejano, que podemos percorrer a pé. Casinhas muito bem equipadas, com uma limpeza irrepreensível. Ideal para famílias com crianças! Pequeno almoço saboroso. Espaço que permite uma estadia ""covid safe"". Mas o melhor, é a excelência do atendimento por parte do staff! Muito atenciosos, sentimo-nos em casa ☺️ altamente recomendável !"
21,"O Staff, o monte, a piscina, o pão do pequeno almoço, o bolo de aniversário, tudo 5 estrelas. Os miúdos adoraram e não se vão esquecer desta experiência. Vocês são incríveis em tudo o que fazem ❤️🌈 vamos voltar em breve. Obrigada 😊"
22,"A estadia foi maravilhosa. O staff é simplesmente 5estrelas, muito atencioso em todos os minutoa da estadia. Fizemos questão de pedir os jantares e almocos na casa que vêm num cestinho muito simpatico. O pequeno almoco e delicioso,especialmente aqueles croissants e o sumo de laranja natural. A piscina nao teve muita afluencia, houve sempre cuidado ate pelos outros hospedes a nao estar a ser muito tempo usada pelas criancas. O percursos pedestre de 1,5km e muito agradavel para ver a paisagem e as ovelhas num contacto mais proximo. Mesmo com uma crianca com apenas 2,5 anos foi bastante divertido. As burras sao animais muito doceis, adoraram estar perto do meu filho enquanto davamos a comida. Para voltar sem duvida. Muito obrigada."
23,"Em tempos de pandemia, procurávamos um local tranquilo, com todas as comodidades para receber uma pequena reunião de amigas que queriam fazer uma despedida de solteira. Escolhemos este espaço, ficámos numa casinha linda e foi incrível, especialmente o carinho com que fomos tratadas desde o primeiro momento. Recomendo vivamente, seja para um grupo de amigos, para casais ou para eventos. E aproveitem para fazer um piquenique!"
24,"Fomos passar de sexta a segunda feira com mais 3 casais, e foi tudo excelente. As casas tem tudo o que é necessário para as próprias pessoas não terem desculpas para não deixarem as coisas impecáveis, e mesmo o que não houver é só solicitar que de certeza que vão tentar solucionar. As piscinas bastantes agradáveis, o pequeno almoço com muita qualidade (hoje em dia com isto da pandemia, já não existe aquela coisa de comida exposta, mas é só pedir). Bicicletas disponíveis para passear, passear a pé também é possível e bastante agradável.  Quanto a equipa, é de dar os mais sinceros parabéns, uma equipa de pessoas bastante jovens, todas de uma simpatia espectacular, e sempre bastante discretas mas sempre com tudo a funcionar na perfeição...muitos parabéns   P.s. - gostamos tanto e"
25,"Equipa muito simpática e profissional.  Casas muitos confortáveis e acolhedoras, excelentes para famílias. Fomos com o nosso cão que foi muito bem recebido. Um dos aspetos que para nós é muito importante. Refeições entregues em casa para nossa comodidade e muito bem servidas. Recomendo!"
26,"Boa com muito profissionalismo e afecto .  Sempre atentos ao pedidos que solicitamos .  Bom espaço para animais de estimação.  Piscina interior muito agradável e limpa .  Espaços exteriores, como o relvado bem tratado ."
27,"Excelente! O sítio, o staff, a limpeza, o sossego, as condições, a comida, o espaço, os animais... Ideal para uma fuga a dois, em família ou com amigos. Sem dúvida a repetir! Nada como o Monte do Giestal para recarregar energias."
28,"Nada a apontar. Simpatia, sempre prestáveis. Otimo ambiente, acolhedor, familiar, disponiveis. Recomendo para todos, familias ou so casais. Higiene mada a apontar, circuito e comunicação potenciados minimizando contatos."
29,"Experiência excelente, ambiente muito calmo, funcionários muito acolhedores e prestáveis, p.almoço sempre à hora programda, refeição de bochecha de porco preto divinal. Recomendo para quem procura um local perto da natureza e calmo para passar tempo de qualidade com a familia"
30,"A estadia no monte do giestal foi maravilhosa. As vilas são muito confortáveis, o pequeno-almoço é bom, o espaço envolvente é muito bonito! As refeições podem ser entregues nas vilas o que é bastante cómodo para quem fica hospedado com crianças! Experiência a repetir!"
31,"Ficámos 5 noites numa casa de 2 quartos, que encontrámos espaçosa e confortável, sem luxos. Lençóis e toalhas de qualidade, boas janelas, cozinha bem equipada, casas de banho com algumas falhas - escoamento dos duches e dispensadores de sabonete deficientes. Dois dos três candeeiros das mesas de cabeceira não funcionavam e estavam em risco de curto-circuito.  A temperatura estava adequada apesar do frio lá fora, graças ao ar condicionado em todas as divisões excepto casas de banho, que estavam bastante frias. A possibilidade de acender a lareira foi uma surpresa agradável nesta estadia de Inverno!  Tem louça para fazermos as nossas refeições em casa com conforto, que foi a nossa opção ao jantar mediante a encomenda para entrega em casa sugerida pela gestão do Monte. Notámos a"
32,"Excelente combinação entre a natureza,serviços de hotelaria e Spa e a privacidade de uma casa com todo o conforto.  Obrigada a toda a equipa que tornaram esta estadia inesquecível :)  D. Esperança Obrigada pela partilha da receita do seu magnífico bolo de batata doce :)  Até breve..."
33,"Estive no Monte do Giestal um fim de semana em família (5 adultos e 5 crianças) para festejar os meus 40 anos. Foi perfeito, tudo! Casas óptimas, muito bem equipadas e confortáveis.  Espaço exterior amplo, cuidado e com bastante espaço para passear a pé ou de bicicleta. Piscina e jogos para as crianças ao ar livre. Pequeno almoço muito bom e almoço entregue por restaurante também bom e a preço acessível. O melhor de tudo: a simpatia das funcionárias, achei que já não havia disto. Sempre atentas às necessidades do grupo. Imensa paciência com as crianças ao pequeno almoço, disponíveis a qualquer hora para o que fosse preciso. Até me fizeram um bolo de anos surpresa. Recomendo 100% para passar uns dias longe da cidade."
34,"Espaço muito cuidado. Pessoal extremamente simpático e profissional. Casas muito bem equipadas (máquina de café e de louça, por exemplo). Hipótese de levar cães. Excelente pequeno almoço. Excelentes hipóteses para jantar entregue nas casas a preços muito aceitáveis. Hipótese de piscina interior, massagens, passeios pela herdade... voltava já"
35,"Viajamos em família, com filhos pequenos e sentimos muito conforto. Toda a equipa foi extremamente simpática e atendenciosa (muito acima da média). Muitas opções de entrega em casa e medidas de isolamento muito bem planeadas (importante nesta altura de pandemia). Sentimo-nos muito seguros sempre. Parabéns! Queremos voltar."
36,"É mesmo como o título indica; Um oásis de tranquilidade. Perdido no meio dos montes, rodeado de sobreiros e onde o único ruído existente é o das ovelhas a pastar, este local é o indicado para passar uns dias de puro descanso. As casas são acolhedoras, com dois quartos, cozinha equipada e a bela da lareira para ajudar nos fins de dias já mais frescos.  Tem igualmente piscina exterior e interior (era com hidromassagem), spa, serviço de massagens e campo de ténis. O pequeno almoço é servido no bar (que tem igualmente refeições ligeiras) ou então pode ser servido directamente na casa. Almoços e jantares podem ser encomendados e vêm ter directamente à habitação. Solução ideal, já que o Monte não tem restaurante, e que permite não ter que sair do local. Recomendo igualmente os"
37,"O Monte do Giestal fica numa zona de pleno sossego, ideal para quem pretende uma férias para descansar, acordar somente com o barulho dos pássaros ou com os  chocalhos das ovelhas. Pequeno almoço bom, sem grande variedade, mas o suficiente, sempre servidos pelos empregados, com todos os cuidados de higiene (somente duas a três habitações no máximo na sala). Fica perto (20/30m) de algumas zonas como Porto Covo, Aljustrel, Grândola. Jantar encomendado todas as noites, e entregue hora marcada na nossa habitação, comida muito boa e bem confecionada, e nada caro. Vinho Vidigueira ótimo.  Atendimento 5*. Equipa jovem, com todos os cuidados com os hospedes, SPA para relaxar."
38,"Magnifico para uma pausa relaxante.  Staff jovem, simpatiquissimo, dinâmico e eficiente. As habitações estão muito bem limpas, o material existente q.b. para uma pausa relaxante juntamente com a família e amigos ."
39,"Primeira saída em família pós COVID e o local não podia ser melhor. O silêncio, a tranquilidade e a sensação de segurança estiveram presentes desde o primeiro ao último dia. Local incrível para uma criança. Apenas os degraus presentes nas casas causam algum constrangimento mas nada que não se resolva. A piscina, o famoso sobreiro, os burros, a simpatia dos funcionários. Tudo faz com que a vontade de regressar seja enorme.  Apenas um senão...o pequeno almoço apenas começa ás 9 horas, o que para quem vai com bebes é francamente tardio. A regressar....."
40,"Um sítio maravilhoso, com pessoas muito disponíveis, simpáticas e atenciosas! As casas são confortáveis (colchão maravilhoso!), têm boas áreas, estão bem equipadas e a decoração é de muito bom gosto. Anseio pela oportunidade de voltar! Obrigada pelos dias maravilhosos que me proporcionaram!"
41,"5 estrelas Sítio lindo, pensado ao pormenor, casas rústicas com todas as comodidades e conforto.  Espaço exterior adequado a todas as estações  Com um sobreiro de 500anos, dois burros lindos entre outros animais Spa muito agradável a preços espetaculares"
42,"Primeira viagem da família a 4, e a escolha do local foi muito positiva. O pequeno adorou a piscina exterior, as casas (cujos quartos davam para separar por porta deslizante, o que facilitou a dinâmica com uma recem nascida), o miminho que é ver o por do sol em família em tão lindas paisagens, e as deliciosas refeições que, sob encomenda, entregam em casa em parceria com um restaurante da zona. O pequeno almoço é agradável, mas apanhámos pouca reposição face ao número de hóspedes. A repetir!"
43,"Experiência excelente e um staff muito disponível para tornar a experiência única. O Monte é terapêutico, com gastronomia local disponível. Recomendo o Spa, com tratamentos naturais. O pequeno-almoço incluí produtos regionais"
44,"Ótimo para férias em família, especialmente com crianças. A possibilidade de alimentar os animais (burros) ver ovelhas e estar no meio de campo é fantástica!  Ambiente muito tranquilo. Staff sempre simpático e prestável.  Alojamento limpo e equipado com tudo o que é essencial!  Piscina sempre limpa,porém com piso muito escorregadio (ponto mais negativo para mim, que com crianças pequenas ainda nos valeu alguns sustos. Seria imperativo mudar esse fator)  Pequeno almoço com variedade e qualidade. Apenas acrescentaria fruta fresca ao menu.  Possibilidade de encomendar refeições que vêm entregar nas casas. E são ótimas!  Canais tv internacionais pouco interessantes, mais valia nem ter...  O ares condicionados podiam funcionar melhor em alguns quartos, ainda assim foram uma mais"
45,"Alojamento típico do  Alentejo. Casas com boas condições mas no nosso caso, camas pouco confortáveis. No geral, ótimo para descansar em família. Para momentos de lazer tem Campo de ténis e piscina ( ponto negativo: piso da zona da piscina muito escorregadio)."
46,"Foi a segunda vez que ficamos no Monte do Giestal. Corre tudo lindamente. Simpatia TOP de todo o STAFF assim como a limpeza das casas.  Fica no entanto algums pontos a melhorar para levar a avalização excelente. - Melhorarem o serviço de Internet. (""Diria que até RDIS com 20 anos é mais rapido"") - Mais canais na TV. Temos 5 ou 6 e alguns deles de nada servem. - Facilitarem de alguma forma o transporte das malas para as casas. Quem fica 7 dias e com crianças leva sempre muita coisa. Sendo que andar a acartar de um lado para o outro dps de umas boas centenas de KM não sabe muito bem. De resto ... OBRIGADO POR TUDO ;) A voltar."
47,"Fomos passar uma noite em familia e o espaço envolvente é estrondoso, com o sobreiro centenário em destaque.  O monte em si é um espaço cuidado com a piscina imaculadamente limpa. As casas são limpas e tem o essencial (excepto o A/C) não imagino ali uma noite quente, nesse aspecto tivemos sorte.  O pequeno almoço é fraquinho, devia ter um PA mais composto e com produtos regionais por exemplo (em vez das salsichas de lata ????). O valor cobrado a mim pareceu-me sem duvida acima do oferecido... podiam amenizar isso com o freeacess ao SPA, cobrar pelo SPA não faz sentido, no meu caso pessoal não iria usufruir, mas acho que não fica bem na fotografia pedir um valor extra."
48,"Local ideal para uns dias de descanço e/ou convivio. As instalações estão impecavelmente cuidadas e limpas. O enquadramento é o típico desta zona do país e tem excelentes condições para uns passeios (ou corridas, como foi  o nosso caso) pelas zonas envolventes. As pessoas foram todas muito simpáticas e prestáveis tendo feito tudo para tornar o nosso convívio de amigos inesquecível. Nota: Tem um dos sobreiros mais bonitos e imponentes que alguma vez observei."
49,"4 noites no Monte do Giestal. Fomos recebidos com muita simpatia, ficámos na Casa da Bolota, casas funcionais e muito confortáveis. Pequeno-almoço bastante agradável, de destacar os bolos caseiros deliciosos e um sumo de laranja divinal. A área exterior é excelente para um passeio, respirar ar puro e encontrar animais no seu habitat. Uma delícia! O SPA é um extra maravilhoso, para relaxar e tornar a estadia ainda melhor. Todas as pessoas que trabalham no Monte são uma simpatia, gostam do que fazem e nota-se! Tivemos o privilégio de visitar o ex-líbris da herdade, um sobreiro com 300 anos de uma beleza estonteante. Somando tudo, foi uma estadia perfeita com muitos momentos para recordar. De realçar que a minha cadela adorou, foi muito bem recebida. Fica a dica para quem quer ir"
50,"Somos um grupo de 7 casais e passamos um fim de semana perfeito. Ficamos nas casas à volta da piscina o que deu para usufruir de belos mergulhos e por a conversa em dia.  As casas são excelentes, muito bem equipadas. O pessoal e extremamente atencioso e simpático deixando-nos sempre à vontade, como se estivéssemos em casas. O pequeno almoço é muito bom e aproveitamos o espaço comum para fazermos os jantares com o auxílio da D.Fernanda. Que mais dizer? Recomendo, recomendo!"
51,"Monte do Giestal Casa de Campo para relaxar e respirar um ar puro sem poluição esse é um ambiente agradável além de ter espaço para está com o seu animal de estimação, piscina interior e exterior ,Recomento !🥰❤️❤️❤️"
52,"Foram 3 dias de relax e contacto intenso com a natureza. Para além do SPA e da piscina exterior, experimente ir conhecer os fantásticos animais da quinta! Peça uma bicicleta ao Staff (todos super simpáticos e extremamente prestáveis) e viaje pelos 73 hectares de sobreiros e paisagens relaxantes. Se o clima não ajudar, tem snooker, damas, cartas, mikado, entre outros, para jogar no edifício principal ou até no quentinho da lareira da sua vila!  Recomendo a todos os que gostam de turismo rural e de serem recebidos e tratados com todo o respeito, carinho e atenção!"
53,"Fomos passar um fim de semana a dois e foi espectacular.  Nada a apontar! O staff é uma simpatia, o espaço é super aconchegante, o spa muito relaxante e todos os pormenores foram perfeitos.  Parabéns pelo ótimo trabalho."
54,"Excelente  local para relaxar e carregar baterias.  Instalações fantásticas com um óptimo SPA O jantar servido no quarto foi 5 estrelas, comidinha  de conforto , caseira, bem quentinha .. A repetir ! NOTA: Staff muito profissional  e sempre disponivel !"
55,"Adoramos este turismo não só pela localização ( muito próximo de Lisboa ) como pelo conforto das casinhas onde nos sentimos verdadeiramente em nossa casa ! A casinha é muito acolhedora com Lareira ou opção de ar condicionado ; virada para a natureza onde se respira paz e bem estar .   As refeições servidas em casa numa parceria com um restaurante que este turismo dispõe são maravilhosas !! Entregues numa cesta de picnic ... veem realmente quentinhas e são muito saborosas !!!   A melhorar fica só um apontamento ao SPA que para além de muito frio tem alguns serviços que não funcionam bem : sauna / alguns jactos da piscina  não funcionam ... e também o aquecimento nas casas de banho das casas que também não existe ... de resto tudo perfeito !!!!  Um elogio especial ao Staff que é"
56,"Excelente empreendimento para se passar uns dias em descanso. Piscina interior e SPA qb. Pequeno almoço tem tudo o que é preciso para começar bem o dia. Têm canil para quem queira levar o seu cão existindo também a possibilidade de o ter dentro de casa (necessário assinar termo de responsabilidade). A voltar numa próxima oportunidade."
57,"O lugar inserido na natureza é lindo e muito bem cuidado. Fizemos uma comemoração com um grupo grande de dois dias no Monte e ficamos muito satisfeitos. As casas (quartos) são muito confortáveis, bem equipadas e espaçosas. O serviço é excelente, são todos muito simpáticos e o ambiente é acolhedor. Tudo funcionou muito bem, a recepção, o jantar, a decoração do espaço, o atendimento e todo o serviço. Recomendamos!"
58,"Prezo bastanta o bom acolhimento e simpatia de quem sabe receber, e no Monte do Giestal isso foi perfeito.  Achamos a PISCINA sem sombra de dúvida uma das melhores onde já estivemos, sempre bem LIMPA e bem cuidada. Estao de Parabéns.  Agadecemos o queijinho Aletejano que nos foi oferecido no PA. Bem hajam.  Achamos que o PA deve ser melhorado, compreendemos o facto de estar incluído no preço da estadia, mas achamos que faz falta o queijo Altejano o presunto, mais produtos da região, nomeadamente fruta da época. Retirava os ovos e os seus acompanhantes pois não fazem do pequeno almoço uma maravilha.  Foi uma estadia muito boa!! Todas as colaboradoras estão de Paabéns.  Esperamos voltar um dia."
59,"Passámos 5 dias de férias deliciosos. Para nós uma paz e descanso, paisagens lindas..para os miudos o divertimento na piscina e a liberdade do espaço. As casas são adoráveis, com todas as comodidades e de limpeza impecável. Têm cozinha totalmente equipada mas se não quisermos cozinhar há a possibilidade de encomendar a refeição a bom preço que é entregue na casa numa cesta. Todo o staff foi simpático e prestável. Tem wifi mas muito fraca o que acabou por ser óptimo e nos afastou a nós e aos míudos dos telemóveis :)"
60,"Adoramos, muito tranquilo, pessoal muito atencioso e simpático, as instalações excelentes, desde o spa, piscina, quartos, jardim.... excelente e voltarei de certo.  Único contra foi a internet que era muito lenta mas como queríamos fugir dos dias complicados, barulhentos e mexidos foi bom."
61,"Os alojamentos são muito confortáveis e espaçosos e encontram-se equipados com todos os equipamentos necessários para cozinhar. O espaço exterior é muito agradável e a piscina interior é espectacular nos dias mais frescos. O pequeno almoço é muito completo e saboroso. É possível encomendar refeições que são entregues nos alojamentos."
62,"Por mais que escreve será difícil transmitir o prazer e a paz durante e após a estadia na Casa da Lande. Local tranquilo, alojamento top, pequeno almoço delicioso, instalações diversas, funcionários prestáveis... Bom demais. Recomendo e tenciono voltar mais vezes."
63,"Excelente sítio para relaxar e sair da nossa rotina citadina.  A paz e o sossego alentejano envolvem-nos. Muita simpatia e disponibilidade de todas as senhoras. Recomendo sem dúvida uma estadia em família, os miúdos gostaram imenso de passar pelo salão de jogos logo após tomar o pequeno-almoço. Continuem com o bom trabalho, Felicidades."
64,"Gostámos muito do conceito. O apartamento extremamente limpo e com muito bom gosto relativamente à decoração. Staff simpático e disponível. Só consideramos que o pequeno almoço poderia ser melhorado e com mais produtos regionais"
65,"Adoramos o local, já fomos passar fins de semana em família mais que uma vez.  As casas são muito simpáticas, confortáveis, com todas as comodidades mas ainda assim muitos rústicas, simples, muito muito bom O local envolvente é simpático, tranquilo, pouco que fazer mas a ideia é mesmo essa. Bom pequeno almoço, caseiro. Staff muito simpático"
66,"Excelente local para escape de fim-de-semana. A casa/quarto tem dimensoes expetaculares sendo ideal para familias com filhos. As condições do SPA são muito boas tal como a qualidade do serviço de massagens. Staff muito atencioso e simpático e possibilidade de pedir jantar para a casa/quarto é indiscutivelmente valor acrescentado, sobretudo pela qualidade da comida. Existe espaço para melhorias na oferta de pequeno almoço."
67,"A nossa passagem pelo Monte do Giestal foi, infelizmente, curta.  Gostámos de tudo, desde a casa que era enorme e estava super limpa e cheirosa, ao pequeno almoço que é maravilhoso, todos os funcionários super simpáticos e atenciosos, o espaço exterior super cuidado, as burras e o cavalo que eram amorosos.  Levamos os nossos dois cães, que tiveram imenso espaço onde brincar, o monte é bem grande e eles, em determinadas zonas, podiam andar totalmente à vontade.  Há um único pormenor a melhorar. Como a recepção fecha às 20h00 e só reabre no dia seguinte às 08h, sugiro que exista nas casas um mini bar com alguns snacks ou fruta, uma vez que o Monte se encontra distante de qualquer sítio onde se possa adquirir.  Esperamos voltar brevemente 😊"
68,"Espaço ideal para descansar com a família em pleno interior alentejano.  Retiro no meio das azinheiras com piscina e parque para as crianças. Pode levar o seu cão ou gato que é permitido. As crianças têm espaço, piscina, animais e jogos. Os adultos disfrutam da tranquilidade de as deixar andar à vontade sem problema. O jantar não faz parte do hotel mas é encomendado na receção. Trazem ao quarto numa cesta tradicional com comida típica da região, como tal bom, em grande quantidade e barato. Uma dose chegou para dois adultos e uma criança. Quartos amplos com cozinha totalmente equipada o que permite trazer comida se assim o desejar. O Staff é extrordinario. Sempre preocupado com o bem estar, super simpático e atencioso.  Experiência a repetir sem dúvida."
69,"Visitei o monte do giestal no passado mês de Maio, numa viagem espontânea a dois. Foi extremamente agradável, toda a disponibilidade e profissionalismo com que fomos recebidos. Ficamos hospedados numa moradia enorme, extremamente confortável e acolhedora, adorámos a piscina e espaços verdes e recomendamos vivamente a todos os amigos e familiares. No entanto, vivenciámos uma experiência menos agradável que inevitavelmente marcou a nossa estadia e, nem tanto o acontecimento em si, mas a forma como não foi resolvida a situação deixou-nos desagradados. Por lapso - e acontece inúmeras vezes - um dos biquínis ficou a secar pendurado no puxador da porta da casa de banho. Mesmo depois do check-out, e com muito gosto, continuámos a desfrutar do espaço e a usufruir da piscina e no momento"
70,"Comodidades excelentes num ambiente acolhedor com um pessoal muito atencioso e um serviço personalizado. As casas sao otimas, super bem equipadas, com todos os pormenores, para um programa em familia. As crianças adoraram e fizeram amigos ..."
71,"O paraíso é aqui. As casas são fantásticas. Decoração muito simpática e acolhedora. As funcionárias são extremamente simpáticas e super disponíveis. O Spa e a piscina são excelentes. Imperdível! Vale mesmo a pena visitar!"
72,"Não poderíamos ter escolhido melhor local para as nossas férias. Tanto o espaço como as pessoas que nele trabalham são do melhor. A casa que nos calhou estava muito bem equipada, ultrapassando inclusivamente as expectativas. Não demos por falta de nada. Até o WiFi é o suficiente para umas férias que se querem de descanso. Serviço excelente. Gostamos muito."
73,"Adoramos o alojamento,  os empregados muito simpáticos e atenciosos, a comida muito bem confeccionada. Local ideia para um fim-de-semana em familia. Iremos voltar a repetir. Recomendo este magnífico hotel."
74,"Ideal para paz e sossego, para namorar, family friendly, relativamente perto das praias. Espaço acolhedor, bonito e com boas condições, no meio do montado e com bela vista para ele. As casas são grandes, cozinha toda equipada (incluindo forno), tem secador de cabelo, ar condicionado e lareira. Staff muito simpático e atencioso. Tem um pequeno parque infantil e um espaço com livros infantis. Quando a nossa filha começou a falar no cavalo foram logo buscar uma cenoura para ela lhe dar e a mãe teve direito a prenda no dia da mãe. Como ponto menos bom temos apenas a água da piscina exterior que tinha bichos mortos a flutuar e o Sr da piscina viu e não limpou. Mas a piscina interior compensou. Decididamente, pretendemos regressar!"
75,"Para chegar ao monte temos que passar por um caminho de terra, que pode ser duro para os carros mais baixos, contudo para a criançada até é divertido. Ao chegar ao monte propriamente dito, é tal qual vemos nas fotos -lindas, confortáveis, tipicamente alentejanas, muito espaçosas e com uma decoração irrepreensível. A kitchenette está muito bem equipada, caso se pretenda fazer refeições em casa. Falemos de equipamentos: - piscina -  usamos e abusamos, o espaço em seu redor é bom, tem também uma pequena piscina para crianças  - spa - não usamos, mas visitamos e podemos verificar que tem óptimas instalações, bem completas com algumas salas de massagens, sauna e banhos turcos. - ginásio - pequeno , mas face ao número de casas parece-me ser o suficiente. Estes equipamentos são"
76,"Monte muito bom, calmo, para relaxar, para aliviar do stress, para ler um livro e para tomar um banho (fora ou dentro) na piscina. Excelente para estar em família, como eu estive. Casas com boas condições para passar uma boa temporada. O pessoal também é muito simpático e atencioso para com os hóspedes (não só no caso da minha família). Espero regressar mais uma vez."
77,"Dias muito bem passados, casas espaçosas, típicas, mas muito confortáveis e com privacidade! Decoração muito gira, com temas do Alentejo (sobreiros, cortiça...) Pessoal muito simpático, piscinas com boas áreas! Espaço envolvente muito calmo, ideal para fazer caminhadas, desfrutar da natureza e relaxar!"
78,"Para chegar à herdade é necessário percorrer um caminho de terra batida. O caminho não é longo mas o estado de conservação é mais recomendado para um todo-o-terreno e obriga um veículo utilitário a deslocar-se bastante devagar, transformando um percurso curto em algo que parece nunca mais acabar. Contudo, chegando à herdade tudo isto se esquece. As pessoas são do mais simpático que existe, sempre com um sorriso genuíno estampado no rosto que nos faz sentir que somos bem vindos. As casas são muito confortáveis e dispõem de ar condicionado muito eficiente e silencioso, com tubagens pelo interior das paredes e grelhas de saída de ar discretas que em nada prejudicam a arquitetura rústica das casas. A sala, com uma lareira bastante eficiente e um sofá à sua frente que nos permite"
79,"Passamos 2 noites em tempo frio e chuvoso mas a simpatia do staff aqueceu-nos a alma! Casinhas espaçosas é bem cuidadas, aquecidas ao ponto e lareira pronta para noites de conversa. Gostamos do pequeno almoço e de toda a informação q nos deram para tornar a estadia agradável. Tiramos pouco proveito do spa mas esperamos voltar com mais tempo. Preços razoáveis para a qualidade das instalações."
80,"O monte fica mesmo no meio da natureza, tem que se andar um pouco em terra batida para lá chegar. Toda a disposição do monte e a sua genuína arquitectura alentejana são uma beleza que dispõe bem. O serviço é de uma simpatia inexcedível. O pequeno almoço farto e reconfortante. O Spa é uma benção para os dias de inverno, tudo funciona bem. Os quartos são casas individuais T2, bem climatizados e com lareira que funciona muito bem. Imagino que seja perfeito na primavera ou outono."
81,"A 1h de Lisboa, a dois passos da A2, um monte reconstruído com muito bom gosto e com todas os requisitos para agradar a miúdos e a graúdos. O SPA não é só para adornar o ramalhete, funciona e recomenda-se. 5€ para acessos livre a água a rondar os 30graus numa agradável piscina interior. Moradias unifamiliares com cozinha, AC e lareira, tudo funcional. A lenha é reposta diariamente pela fada da lenha enquanto o apartamento é limpo e arrumado pela fada da limpeza, nunca as vi, mas existem mesmo. O pequeno almoço é qb, mas tudo muito saboroso. A herdade tem 70 ha com trilhos que facilmente se percorrem em agradáveis caminhadas no meio das ovelhas, mas cuidado com os dias de caça. Por fim a muita simpatia e eficiência de quem nos recebe e ajuda em tudo o que é necessário, 5*. Não"
82,"Foi fácil chegar ao Monte Giestal , existem várias placas de orientação em ambos os sentidos na estrada principal . Excelente recepção e orientação de todas as facilidades existentes tanto na Villa como no Monte. Equipamentos disponíveis na Villa muito bom e operacionais, assim como o serviço de limpezas espectacular tanto no interior como nas zonas circundantes. Disponibiliza o Serviço de refeição c/ marcação e entrega na Villa  que é um espectáculo e os pequenos almoços são suficiente. Ginásio e Spa com equipamentos suficientes para um bom treino e um bom relax. Piscinas Interior dinâmica e Exterior muitos boas . Podem contar com a excelente equipa : Andreia , Ana e a Lilia . Sugiro os seguintes itens: A) Disponibilizar máquina de café . B) Espaço por cima da piscina interior"
83,"Simpatia no atendimento e conforto a um bom nível. Para quem procura descansar é recomendável de preferência fora dos meses de muito calor que se faz sentir mesmo com uma piscina para nos refrescarmos e as comodidades do ar condicionado nas casas. O isolamento tem a vantagem do sossego e a desvantagem de ter de fazer alguns quilómetros  para encontrar um bom restaurante."
84,"Estivemos hospedados durante um fim de semana. Globalmente, a experiência foi boa mas o litoral alentejano já tem uma oferta concorrencial de (ainda) melhor qualidade. Pontos positivos: a simpatia do pessoal, a zona da piscina, a área, a limpeza e o equipamento das casas, o ramo de alfazema na mesa do pequeno-almoço. Pontos a melhorar: os artigos de higiene disponibilizados, mais produtos locais no pequeno-almoço, a qualidade do wi-fi."
85,"Segunda vez no Monte Giestal. Nada de negativo a apontar. Fica situado a alguns km de Santiago tendo a possibilidade de se fazer compras em Ermidas Do Sado ficando assim mais perto.  Lugar espectacular para descansar e relaxar por completo. Com excelente se vivo e simpatia de todo o staff. Recomendo a 300%"
86,"Excelente turismo rural, com casas muito boas e com a vantagem de aceitarem animais de estimação. O monte é muito bonito, tem piscina e spa. O pequeno almoço é muito bom e se quisermos almoço e jantar podemos encomendar num restaurante próximo e eles trazem. A comida é muito boa e tem bons preços. E depois as meninas são fabulosas, sentimo-nos em casa."
87,"A simpatia e alegria da Ana, Lília e Andreia pagam por si só a estadia...  O espaço em geral, o apartamento, tudo foi perfeito... A repetir sem dúvida... Gostaríamos que a zona comum do hotel permanecesse aberta até mais tarde para usufruirmos do bar, do salão de jogos, do convívio entre hóspedes..."
88,"Monte muitíssimo agradável. Dispõe de diversas casas bem equipadas. O sossego é total. Só se ouvem os pássaros ou o gado, ao longe. Dispõe de piscina ao ar livre e SPA. O pessoal é extremamente simpático e prestável. São uns dias calmos, muito bem passados."
89,"É fácil de chegar. O Monte é bonito, está bem arranjado. Os quartos são bons (recomendo o da bolota se for um T1 ou azinheira se for um T2) visto ficarem mesmo em frente da piscina. O SPA, piscina com jatos de água, ginásio, etc. são muito agradáveis (mas têm de se pagar, mesmo sendo um valor simbólico). Também existem bicicletas para andar no monte e campo de ténis. Recomendo um passeio pelo campo, vendo as ovelhas, cordeiros e o ""J´inha"", um simpático cavalo. Os pequenos almoços são bons e as refeições (almoço, jantar) podem ser encomendadas de fora, a preços acessíveis e com boa qualidade. Por fim, tenho de realçar a simpatia da Ana, Andreia e Lília que tudo fizeram para nos sentirmos em casa. Recomendo e penso voltar. Já agora, perto do Giestal têm o Badoca Park e o Museu"
90,"Este sítio é sem dúvida um dos melhores turismos rurais onde já estive! Começa logo pela simpatia das meninas que nos recebem! Fazem-nos sentir que estamos entre família e não num ""hotel""! As casas são grandes e acolhedoras, a sala tem uma lareira que em tempo frio faz as maravilhas de toda a gente (tive de pena de não estar frio suficiente para a acender!). A casa onde ficámos era a única que tem duas casas de banho (as duas com poliban). O pequeno-almoço é simples mas tem tudo o que é essencial para o tornar muito bom! A piscina interior podia ser um bocadinho mais quente mas é grande e tem uma quantidade de ""postos"" onde podemos desfrutar de uns belos jatos de água. Só é pena ter de se pagar para usar a banheira de hidromassagem! Quando estivemos lá, estava mau tempo e passou"
91,"Adorei!!!!! 5⭐️recomendo a toda a gente. Ambiente bastante agradável e familiar!!!! Atendimento fantástico. Obrigada pela vossa atenção e disponibilidade a toda a hora. Um beijinho Lília e Ana, são umas queridas!!! Parabéns ao Monte do Giestal."
92,"Um espaço muito bem conseguido, bonito, calmo, acolhedor, com todas as infraestruturas que se requerem para uns dias bem calmos no campo com a família. A simpatia, a disponibilidade, a limpeza e os recursos são, sem dúvida, os pontos a valorizar. Sem dúvida, para repetir."
93,"Bom alojamento com bom equipamento, o exterior é todo muito bem cuidado e tem duas boas piscinas, um para adultos e outra para crianças. Possui um pequeno parque infantil e corte de tenis, espaço de lazer com sala com snooker e pequeno bar. O pequeno almoço é bem servido, e as pessoas são super simpáticas. Parece-me que seria uma melhoria se tivessem um pequeno restaurante, pelo menos para jantar e sob encomenda, visto que de carro ainda é necessário deslocarmo-nos bastante em terra batida para chegar à estrada e a algum local para comer. Até porque num local destes muitas vezes nem sequer apetece ir para mais confusões e ficar por ali. Gostamos muito de tudo!"
94,"As casas estão muito bem conseguidas, muito funcionais com cozinha equipada para fazer algumas refeições rápidas, o único reparo pode ser para a televisão que podia ser um pouco maior. O espaço exterior está excelente, tem uma piscina com muito boas dimensões e outra logo ao lado para as crianças, o empreendimento fornece toalhas e tem muitas espreguiçadeiras também disponíveis no pátio superior perfeito para descansar e ler um bom livro. Tem um parque infantil razoável com uma cama de rede bem perto para quem quiser descansar enquanto os miúdos brincam, e também possui um campo de ténis, e um spa e uma sala com máquinas para fazer exercício. O sitio é excelente para fazer caminhadas ou mesmo Btt (têm bicicletas á disposição), e um cavalo muito afável que as crianças adoram."
95,"Já não é a primeira vez que escolhemos este espaço para uma fugida da cidade e não nos arrependemos. É sempre uma escolha acertada.  Muito agradável, calmo e com a simpatia sempre presente nas pessoas responsáveis pelo Monte.  Recomendo o SPA, as casas junto às piscinas, o óptimo pequeno almoço.   A cerca de 1 hora de Lisboa, certamente iremos regressar."
96,"Excelente espaço no Alentejo, a simpatia e o sossego imperam. O pequeno almoço é fantástico e com alguns produtos caseiros. Só não atribuo excelente porque não servem refeições, apesar das casas terem cozinha muito bem equipada à sempre alguém que não tem muita vontade de cozinhar!"
97,"Desde o atendimento, às casas, à piscina e à paisagem, foi tudo fantástico. Foram dois dias inesquecíveis onde pudemos desfrutar da tranquilidade do monte e toda a beleza que este tem para nos oferecer. Sem duvida, um sitio a conhecer."
98,"Fantastico local para relaxar e descontrair do stress do dia a dia. Fomos muito bem recebidos e muito bem tratados. Ambiente acolhedor aliado ao bom gosto de todos os espaços. Spa fantástico com direito a umas massagens mto boas. Local a voltar, rapidamente!"
99,"Um verdadeiro paraíso alentejano! Espaço muito cuidado, limpo e típico. Os alojamentos são excelentes e bem decorados. Muita simpatia de todos. Recomendo um passeio pelo montado (para lá da cancela) para visitarem o sobreiro histórico e o simpático cavalo, que não se cansava da nossa companhia!!! Tem um spa bem equipado com uma agradável piscina interior, banho turco, sauna, etc. Resumindo fantástico!"
100,"Um monte muito agradável, decoração muito bem conseguida, constituído por casas muito bem equipadas e confortáveis. Ficamos alojados na casa do Zambujeiro, T1 para 2 ou 4 pessoas: cozinha bem equipada, não falta nada, sala espaçosa e quarto(s) agradáveis. Tem piscina exterior, animais em redor da quinta , um spa maravilhoso. Apenas o pequeno almoço não correspondeu totalmente as expectativas. Recomendo vivamente para quem quer fugir a cidade e relaxar num ambiente verdadeiramente rural."
101,"No Monte do Giestal, sentimos que é dada atenção aos pormenores. As casas são limpas, pensadas, onde não falta nenhum pormenor. Já fui de Verão e de Inverno, onde podemos acender a lareira, e aproveitar as tardes em casa ou em alternativa no SPA. Recomendo e voltarei em breve!"
102,"O serviço , o hotel muito cuidado e o spa são os ex libris deste turismo rural  As casas está muito bem decoradas é muito funcionais  A piscina exterior e interior são fantásticas. Está tudo muito bem cuidado e são sempre simpáticos com todos os pedidos A única crítica é as águas dos banhos que é impossível tomarem banho 2 pessoas seguidas e mesmo com a distância de uma hora a água é morna"
103,"Casas muito giras, ideal para férias e fins-de-semana em família. cozinhas das casas muito funcionais, pequeno-almoço na casa principal pode ser tomado até tarde. Staff muito prestável. Muito simpático no Inverno com a lareira ligada."
104,"O espaço é idílico, o serviço excelente, muita simpatia, óptimos espaços e condições, pequeno-almoço muito completo. O meu filho adorou levar maçãs do pequeno-almoço para dar ao ""Jota"", o cavalo que vive no monte."
105,"Excelente local para fugir da rotina diária.  Tem spa, mas o banho turco tem um temporizador que, ou alguém vai lá fazer reset, ou então acabou :) A sauna tentámos colocar a funcionar mas não fazia calor nenhum...  Os acessos são os normais para o tipo de alojamento que é - buracos, valas, raizes...  O pequeno almoço é bom, e pode ser feito até ao meio dia - muito bom!  Para refeições, se quiser fazer no local do alojamento, tem que ir buscar ao supermercado. Existe um ao pé, mas tivemos que ir a Santiago pois os outros ao pé já se encontravam encerrados.  O Wi-Fi estava lá, mas não dava para usufruir - tal como a recepção de rede (era inexistente)."
106,"É possivelmente um dos melhores empreendimentos do género no Alentejo. Acima de tudo têm um staff extremamente dedicado (obrigado Ana pelo sumo de laranja delicioso e umas tostas brilhantes). As casas têm aquela traça alentejana única e estão muito bem equipadas e decoradas. Tudo feito com atenção no pormenor. Conseguirem sem dúvida tornar a minha estadia especial. Sem dúvida voltarei!"
107,"O Monte do Giestal é daqueles sítios que vamos com uma expetativa alta e que, mesmo assim consegue superar as nossas melhores expetativas. O staff é atencioso, disponível e amável, sempre preocupado com o nosso bem estar, mas com um trato de amigos e não de empregado que é para mim muito positivo. Para quem quer passar um fim de semana romântico ou em família tem sempre com o que se ocupar. Desde a magnífica piscina ao ar livre, ao campo de ténis, ao snooker ou ao SPA, bem como outras atividades de ar livre que se podem fazer no local ou nas redondezas, como passeios a pé ou de BTT, as atividades são inúmeras. O pequeno almoço sem uma imensidão de produtos, tem o que de melhor se faz rusticamente, como o maravilhoso pão alentejano, entre outras variedades, doces caseiros, bolo e"
108,"Dos melhores sítios onde estive nos últimos tempos (anos?). O Monte é excelente e o staff.... do Planeta da simpatia. O que qualquer unidade hoteleira sonha em ter, aqui é a 100%. Bom serviço, limpeza total, disponibilidade das pessoas acima de qualquer expetativa. Faltaram as caipirinhas e o Gin no bar.... fora isso não falta MESMO nada!  A dois, é um sossego;  Com miúdos é uma delicia. Fazem-se amigos todos os dias... Tive todas as condições para conjugar, numa semana, um bebe de 4 meses e uma menina de 9 anos!  Perto há restaurantes, centro de ciência viva do Lousal - muito bom e as excelentes ruínas de Miróbriga. Sines e Porto Covo a 50 km Um GRANDE, GRANDE, GRANDE obrigado à Guida, à Lilia, à Ana e à Élia (e a todos os que não consegui decorar o nome). A repetir, de verão"
109,"Foi uma agradável surpresa a todos os níveis. O staff é fabuloso e sempre disponíveis, fazem-nos sentir em casa. As casas são muito frescas, o que é importante com o calor do Alentejo. Os pequenos almoços são excelentes. A limpeza é diária e bem feita. A piscina é excelente, toda a envolvência está muito bem conseguida e dá-nos a alma do Alentejo. O SPA era óptimo... enfim gostamos de tudo menos de partir."
110,"Ficámos 5 noites e ficariamos mais. Local maravilhoso tudo é pensado ao mais pequeno pormenor!Equipa fantástica de uma simpatia extrema. As casas são um mimo dignas de revista, decoração de acordo com o ambiente vivido no campo, serenidade dentro e fora de casa. O spa é muito bom a água da piscina é muito quentinha e as condições ótimas!O pequeno almoço deixa saudades sempre com um miminho diferente todos os dias. Fizemos anos de casados e o staff ajudou a concretizar um dia maravilhoso cheio de surpresas! Dificil de para de felicitar o monte do Giestal pois quem vai certamente quer voltar!Obrigada e até á próxima!"
111,"Tivemos uma tarde a usufruir do SPA e foi fantástico. As massagens são super relaxantes e toda a atmosfera do Monte é impecável. Lugar óptimo para descansar e passar bons momentos em família.  O Alentejo em todo o seu esplendor."
112,"Perfeito para descansar. A minha estadia foi no inverno, portanto não usufrui da piscina exterior, mas ainda assim  a piscina interior aquecida é muito agradável. Têm canil, o que permite levar cães. O atendimento é muito simpático. Há imensa privacidade, já que as casas são separadas. Recomendo."
113,"Perfeito para descansar, excelentes instalações, pequeno almoço fabuloso.. Mas se ainda e possível, o ponto forte foi o acolhimento... Voltaremos certamente apesar do ligeiro preço elevado, apesar de termos aproveitado  uma excelente promoção de aniversário. Adoramos... Família com filho de 3 anos que adorou principalmente a piscina interior."
114,"Ficámos hospedados neste hotel apenas uma noite, mas foi o suficiente para perceber que fizemos uma excelente escolha. A localização do hotel é perfeita para quem quer ""fugir"" da confusão. A casa onde ficamos é maravilhosa, simples, espaçosa e muito confortável. O staff foi muito simpático, assim que chegámos mostraram-nos toda a herdade e deram-nos indicações sobre sítios onde comer ou programas para fazer durante o tempo que lá estivemos. O pequeno-almoço foi fantástico, apesar de não haver muita variedade, as compotas e os bolos são caseiros, o pão muito mole, os ovos, queijo e os sumos são fresquíssimos. Pedimos para fazer check-out tardio, o que não foi qualquer problema. A piscina é baixinha, não permite mergulhar, mas tem uma espécie de cascata que marca a diferença."
115,"Estive hospedado nesta pequena vila e adorei. Perfeito para fazer um retiro com a família ou amigos. O staff foi extremamente simpático e prestável, Espero voltar um novamente  aconselho vivamente. As casas estão equipadas, pequeno parque para crianças e ainda tem um cavalo para interagirem"
116,"Estivemos hospedados neste espaço durante 3 noites, com duas crianças pequenas. As casas sao muito confortaveis e acolhedoras, com cozinha equipada com o essencial. o spa e´ muito agradavel e todo o staff foi extremamente simpatico e prestavel. Apenas provamos o pequeno almoço, e era muito bom.  Fica situado literalmente no meio do nada, e o acesso ate ao hotel e´ por um caminho de terra batida. mas vale muito a pena, pois as condiçoes apresentadas pelo mesmo sao excelentes. Situa-se a +- 17 km a Este de Santiago do Cacem."
117,"Se quiser relaxar com a sua família é o local certo para ser. As casas são adequadas às necessidades das famílias e a piscina é excelente para brincar com as crianças. Os recepcionistas são muito simpáticos e muito prestativos."
118,"Nós (minha esposa, dois filhos (19 e 17) e eu fiquei aqui por uma noite como uma parada a caminho de Lisboa a nossa villa de férias. Depois de um longo dia de viagem chegamos por 8.30para uma recepção calorosa do recepcionista. Ela foi muito atenciosa e amigável e informativo (felizmente para nós ela tinha um bom inglês e eu entendo melhor com ela francês, espanhol e alemão). O alojamento era espaçoso o suficiente para os quatro de nós, limpos e confortáveis, com equipamento suficiente para nossas necessidades. Os apartamentos são agrupados em torno de uma agradável piscina com uma piscina infantil separada. No entanto, eles são suficientemente distante para permitir privacidade. As áreas comuns são bem proposto composto de caminhos, superfícies arrelvadas e canteiros de flores."
