,Avaliações
0,"Não tem recepção disponivel 24 h fiquei a dormir no carro. Não se deslocaram para fazer a minha entrada após reserva por telefone. Liguei para os responsaveis que me despacharam e não me deram nenhuma solução. Resposta "" fica para a próxima """
1,"No meio do Alentejo este local é ideal para descansar e recuperar energias. Local fantástico. Tudo excelente, bom pequeno almoço, boa comida ao jantar. A área da piscina tem várias espreguiçadeiras e camas, há sempre local para estender a toalha.  Quarto com tudo o que é necessário. Staff 5 estrelas. Fomos de bicicleta até à zona dos animais, muito bonito, a minha filha adorou. Não há cadeira para crianças para adaptar à bicicleta, já sabíamos disso e levamos a nossa. Passear de bicicleta ao final do dia no meio daquela calmaria é maravilhoso. Voltarei certamente. Recomendo!"
2,"Estivemos alojados por 5 dias nas sesmarias e posso dizer que é um local calmo, muito bem pensado e com muito bom gosto em termos de decoração. Só não acho que seja bom para descansar para quem não gosta de aranhas e insetos. Mas estamos no campo...  Pontos positivos: -Simpatia dos funcionários; -Comida bem confecionada; -Boa piscina comum: boa para crianças e adultos; -Local bom para descansar.  Pontos negativos: - O pequeno almoço poderia ter mais diversidade; - A manutenção do quarto é só a constituída pela troca de toalhas e por fazer as camas, e só acontece após pedido para que o façam (é-nos feita essa questão todas as manhãs ao pequeno almoço). Não houve limpeza absolutamente nenhuma no quarto, apesar do chão interior e exterior precisar muito, já para não falar das"
3,"Rodeado das mais belas planícies alentejanas, este alojamento prima pela simplicidade, conforto e comida maravilhosos. Cumprem em relação à limpeza e regras de higiene com muito rigor, tanto no quarto como nas áreas circundantes. A piscina é maravilhosa. Mas o que mais adoramos foi o excelente restaurante do alojamento. Comida regional alentejana, muito bem confeccionada. A repetir, esta experiência maravilhosa."
4,"Pontos positivos: Lugar genuinamente alentejano e calmo, constantemente a ouvir a natureza. Área circundante linda e pura, com possibilidade de lidar diretamente com animais (burros, vacas, ovelhas, cabras) e usufruir da beleza duma barragem magnífica, ouvindo as rãs e os pássaros. Terraço panorâmico com hipótese de visualizar o nascer/pôr do sol. Massagem de 4 mãos maravilhosa. Sala de convívio/lazer bem decorada e acolhedora, com wi-fi gratuito. Limpeza do quarto e áreas de em comum excelente. Simpatia e disponibilidade do staff 5 estrelas.  Pontos negativos: Cheiro desagradável a “esgoto” na casa de banho, uso do SPA não ser gratuito, café expresso ser pago."
5,"Gostámos do silêncio da herdade.  O pequeno almoço é variado e a fruta é excelente. Faltou só um sumo de laranja natural que nestes sítios é obrigatório na nossa opinião.   O café a 1 eur pago como extra ao pequeno almoço não faz muito sentido também.  O quarto 13 tem uma pequena piscina privada mas não tem muita privacidade porque fica encostado à zona de passagem dos hóspedes. O colchão era bom e a temperatura do quarto era excelente tendo em conta o calor que estava lá fora. A casa de banho é enorme.   Zona da piscina é muito agradável e as espreguiçadeira de apoio são muito confortáveis. Relativamente à água estava com muito sal/outros produtos porque a nossa filha mais nova após uns mergulhos esteve no dia seguinte sem ver nada e a nossa pele ficou muito seca. Deviam avisar"
6,"Excelente escolha. Lugar incrível 🙂 O atendimento é óptimo e os funcionários super acolhedores e simpáticos. O melhor sítio para relaxar. Adorei toda a experiência e aconselho vivamente!  Vou repetir sem dúvida 🙂"
7,"Um lugar de excelência. O ideal para descansar. O quarto 19 é uma maravilha. Parecia que tinha sido concebido para aqueles hóspedes. Na mouche. Uma piscina ótima e lugares suficientes para todos  sem necessidade de se levantarem às 6 da manhã para os marcarem !! Já agora,quer o pôr do sol quer o nascer são deslumbrantes. A simpatia  dos colaboradores faz-nos sentir em casa. Bom pequeno almoço sem deslumbrar. O restaurante muito acolhedor e com pratos muito bem escolhidos quer para almoço quer para jantar O SPA fechado com fundamento nas regras pandémicas. Aceita-se. Mas os caixotes do lixo ? Com a pandemia , desapareceram. Também com o mesmo fundamento não h´uma casa de banho que sirva a piscina. Ou se vai ao quarto ...ou sofre-se. AH, mas podia ir ao restaurante! Não porque"
8,"Passei um fim de semana em família e foi bastante agradável, o local é super relaxante, bastante pacato e um pouco isolado, que, não sendo um ponto negativo, permite ter um merecido descanso, sem o barulho da passagem dos carros. Existe a possibilidade de dar caminhadas por dois percursos diferentes, de extensão variável, seja a pé seja de bicicleta (uso gratuito). Podem ser avistados alguns animais como vacas, cabras e burros. Os quartos são espaçosos e modernos, alguns com uma pequena piscina privada. Staff muito simpático e atencioso.  Estando em plena pandemia o cuidado com as regras de segurança é bem aplicado: uso de máscara nas áreas comuns, máximo de 4 pessoas em pé no buffet de pequeno-almoço, higienização das mãos.  Pontos Fortes: Pequeno-almoço variado e muito"
9,"Gostámos, foi um fim de semana calmo mas, esperávamos mais. Em suma era tudo bastante descuidado, e com falhas em pormenores. O que não se espera num turismo de 4 estrelas e que pratica este nível de preços.   Pontos fortes: Área grande Animais por perto Muito calmo e silencioso Mesmo em março estava calor - zona quente  Pequeno almoço bom!! Porem na segunda noite éramos os 2 únicos hóspedes, e o pequeno almoço não foi buffet, foi o que quiseram escolher numa mesa já posta por isso as opções encurtaram bastante.  Quarto enorme. Cama muito confortável. Banho turco bom!! Funcionários simpáticos e prestáveis.  Pontos fracos: Limpeza limpeza e mais limpeza. Espaços comuns bastante descuidados (piscina, solário no spa, terraços). Muitas teias de aranha, mosquitos mortos e lixo tipo"
10,"O pequeno almoço foi muito completo, camas confortáveis, staff muito atencioso e disponível, quartos espaçosos mesmo no meio da calma do Alentejo. Perfeito para ir com a família e aproveitar as férias, seja verão ou inverno! Amei"
11,"Recomendo vivamente. Os passeios pela herdade onde vimos todos os animais, desde ovelhas cabras, burros, cavalos vacas.  Os pequenos almoços são deliciosos e os quartos têm todo o conforto.  Local que ao vou esquecer."
12,"Pontos positivos: A cama era confortável e a televisão tem canais por cabo. O pequeno almoço é bastante completo. E jantar tem buffet de sobremesas (as tartes são ótimas!). É também bastante agradável poder comer as refeições ao ar livre nas mesas no exterior. O atendimento, apesar de toda a parte negativa descrita no comentário, é simpático. — Pontos negativos: Ponto crucial para nunca mais voltar a este sítio: segundo o próprio funcionário da receção, alteram a tipologia dos quartos de vez em quando sem mudar absolutamente nada nos mesmos. O que hoje é um quarto duplo, amanhã pode ser um quarto familiar. Só muda o preço conforme lhes apetece. Após visualizar as fotografias dos quartos desta herdade, optámos por um quarto familiar porque não nos agradaram os quartos de"
13,"Um excelente espaço para descansar em família e com amigos; apesar de de sido só um fim de semana serviu para descansar. Todo o espaço é acolhedor e confortável. Foi pena ter estado muito frio mas todos os espaços estão climatizados. Tenho pena de não ter tirado mais fotografias do alojamento."
14,"Posso dizer que tudo aqui foi perfeito. O quarto, a piscina no quarto (!) a piscina exterior, a extrema simpatia e dedicação dos empregados... Tudo! É um lugar maravilhoso, excelente para descansar! Para o ano irei certamente de novo!"
15,"Quando se tem de andar 2km por terra batida para chegar a um hotel é de esperar que valha a pena pois, as expectativas são altas. Assim acontece com este hotel. Vale a pena o esforço para ficar absorto no cantar e chilrear dos passarinhos e acordar ao som da natureza. Os quartos são acolhedores e imaculados (atenção que estamos no meio do campo...é natural que um gafanhoto ou uma aranhinha entrem sorrateiramente...). As camas são altas por isso, cuidado se acordar e se levantar com as luzes apagadas... Casas de banho limpas e asseadas. Água quente, de imediato, no chuveiro, sem ter de esperar uma eternidade que aqueça e sem desperdício. Brilhante ideia de colocar a caldeira na casa de banho. O espaço circundante oferece um pôr do sol radiante e digno de ser contemplado. Pequeno"
16,"Adoramos tudo quarto com boa cama ,ótima piscina e bar acessível junto à mesma com várias opções de espreguiçadeiras e que apetece estar ali o dia todo e um passeio muito giro pela herdade que também tem vários animais.E o pessoal muito simpático e atenciosos .Tem tv à cabo .E um lugar privilegiado para ver o pôr do sol. Adoramos assim que puder voltaremos."
17,"Não se entende o nome com um SPA que não existe. Tirando esse aspecto trata-se de um santuário de repouso,com excelentes instalações no meio de nenhures. Estivemos em quartos com uma pequena piscina privativa. Pareceram-nos e foram a escolha certa em especial os que são voltados para nascente.os quartos são enormes,bem mobilados, com um quarto de banho também bom (este tem no entanto pouca luz. Fazer a barba ali...). Pessoal simpático e muito disponível para qualquer pedido que seja feito. Pequeno almoço muito dom com bons produtos e boa variedade. Para quem, como eu, é Alentejo dependente, este é um lugar onde só não voltarei se Deus não me deixar."
18,"Local ótimo para uma se desligar do stress do trabalho, do dia a dia da cidade. Boa infraestrutura, piscina top, espreguiçadeiras suficientes para todos os hóspedes com sobras, quartos grandes e confortáveis, pequeno almoço com uma variedade suficiente, o jantar foi muito bom. Toda a equipa do sesmarias nota máxima pela simpatia e profissionalismo. Relaxar, ler um livro, ouvir o silêncio do campo, uma pessoa fica como nova. Bom sítio para quem quer realmente desligar-se e recarregar energias. A repetir sem dúvida."
19,"Uma surpresa no interior Alentejano! Gostei bastante do quarto, amplo e virado para a piscina. A casa principal tem uma sala de estar muito bonita e acolhedora, único local com wi-fi. A piscina grande e muito limpa! Pequeno almoço muito bom.  Excelente relação preço qualidade."
20,"Em Dezembro de 2018 fiz uma reserva através da Booking de duas noites de dia 8 a 10 de Junho e 2019. Recebi de imediato por parte do alojamento Sesmarias um email a pedir uma transferência de 50% de modo a garantir a reserva. Assim fiz, senão quando no dia 4 de Maio (cerca de um mês antes da minha estadia) recebo um telefonema por parte do alojamento a informar que estão em Overbooking e não me podem alojar porque aceitaram um evento. Agora pergunto: em Dezembro não tinham este evento? Avisam o cliente um mês antes? Pior mesmo que a falta de ética profissional e serviço ao cliente é mesmo a ganância, pois ainda tiveram a indecência de me pedir para eu cancelar na Booking.com (para não pagarem taxa). Devo relembrar que quem cancelou a reserva foram eles. Ainda me foi sugerida uma"
21,"Este alojamento está inserido numa vasta herdade muito interessante. Quando chegamos após uma curta viagem em estrada de terra batida, normal por estas paragens, o que nos aparece tem ar limpo e  promete uma boa estadia. Simpatia e disponibilidade abundam por aqui, piscina em lugar muito agradável e tranquilo. Quarto com muito boas condições, cama enorme e confortável, silêncio e tranquilidade. Muitos animais na área envolvente, possibilidade de realizar caminhadas e observar a fauna e flora desta zona. Jantámos no restaurante existente e ficámos com uma impressão um pouco negativa, poderiam ser mais originais ou então apresentar pratos tipicamente Alentejanos, talvez se deva a pouca ocupação e o facto de ser época baixa, ponto positivo, as entradas e a simpatia da funcionária."
22,"Local maravilhoso em pleno alentejo para descansar. Alojamento fantástico pequeno e tranquilo. Atendimento fantastico Espaços exteriores muito bons limpos e conservados Pequenos almoço variado e com produtos regionais"
23,"Atendimento muito bom simpatia tudo bom .Comida pouca escolha para quem foi com meia pensão lazer piscina 5 * bicicletas para dar um passeio impossível andar tudo velho andamos 500 metros e voltamos para trás spa que mencionava no prospecto não existia enfim camas que para descansar era um pesadelo não consegui descansar que era o meu objetivo e da minha esposa internet que não dava não correu bem por isso só dou 2 *"
24,"Espaço bastante agradável para o repouso, limpo e cuidado, pessoal bastante disponível e simpático!! condições óptimas e sem duvida bastante interessante. localização 5 estrelas longe de tudo, boa disposição de todo o complexo!"
25,"Pequeno almoço fantástico, quartos muito cómodos, piscina em declive onde dá a possibilidade de ler um livro dentro de agua, as bicicletas disponíveis grátis ""sabem"" muito bem . Achei um sitio muito calmo e tranquilo onde o staff está sempre disponível.. Irei certamente repetir a estadia noutras férias"
26,"Já visitei alguns locais semelhantes no Alentejo e por isso esperava mais do Sesmarias. O espaço tem muito potencial, no entanto há pormenores que deixam a desejar para o preço que se pratica.  O restaurante é demasiado elementar, deixa muito a desejar para aquilo que qualquer pessoa espera do Alentejo.  Os proprietários não são pessoas propriamente acolhedoras. De uma forma geral a avaliação é satisfatória, acima de tudo pelo espaço."
27,"Não me canso de todos os anos, desde que abriu e faz 4 anos, passar por lá e ficar um fim de semana ou outras vezes mais. É como se estivesse em casa. Adoro o espaço, quartos amplos e com muito bom gosto, piscina fantástica, pessoal super simpático e a comida é ótima. Aconselho"
28,"Espaço agradável com muito potencial, mas muito mal aproveitado (as fotografias enganam). A  entrada para a herdade é feita por um caminho cheio de pedras (que é muito bom para os pneus! ). Preços de estadia elevados, para a qualidade que oferecem. Meia pensão não compensa, pois não traduz a típica comida alentejana (só as entradas é que ficam aprovadas). Infelizmente um sítio bonito, que não surpreende!"
29,"Estive neste hotel num casamento e achei que o espaço tem todo potencial para ser uma unidade de luxo devido à infraestrutura, no entanto, o serviço e qualidade de comida no restaurante fica abaixo de o que é espectável."
30,"Fim de Semana fantástico. pequeno almoço servido com requinte e muita simpatia dos empregados.  Quanto ao local, terra a perder de vista e muitos animais para descobrir, desde cavalos a burros, passando por ovelhas e vacas.   Momentos de descanço é coisa que não falta nas Sesmarias, para quem passar um fim de semana a relaxar.  Sem dúvida um local a repetir."
31,"Passei um fim de semana neste espaço, estava a contar com melhor profissionalismo e qualidade. Desde do quarto que cheirava super mal a esgoto, puxava o autoclismo da sanita a água saia pela base de duche cheia de lixo, chamamos o gerente o qual não soube ser PROFISSIONAL a resolver a situação (Quando o gerente não dá o exemplo, é normal que os restantes profissionais não se importem). O pequeno almoço que iniciava às 9:00h , às 9:30h quando fomos tomar o mesmo já não havia comida praticamente nenhuma, falamos com a empregada que nos disse que já não havia croissant, nem pão pois demorava 20 minutos no forno.Tivemos quase que implorar para nos trazerem comida. No ato do check out no nosso quarto estava uma bebida marcada a mais e nós dissemos que não tínhamos consumido, a"
32,"3 dias em que o alojamento tem espaço simpático e a zona da piscina é boa no entanto fica um pouco por aí o que pode disfrutar , poucos baldes de lixo disponíveis, Wi-Fi apenas  disponível na sala . É descrito como spa mas que serviços de spa realmente tem ?funcionarios simpáticos e prestáveis , já o dono bastante sisudo e sem intervenção com os hóspedes . A comida foi uma desilusão. O valor que se paga e o que se obtém não estão em sintonia."
33,"o alojamento de 3 noites correu bem, no entanto há pontos que deveriam ser vistos/revistos:  - berços para bebés péssimos no que respeita a conforto, o que nos foi colocado estava estragado e quase nao tinha colchão sobre a tábua de madeira;  - caixote do lixo do quarto com pouca capacidade, tendo em consideração que se tratava de um quarto familiar;  - edredons nas camas, quando se faziam sentir cerca de 40 graus, o que acaba por tornar a noite desconfortavel;  - a limpeza dos quartos não é cuidadosa, havia comida antiga no mini bar do quarto, assim como algum cotão e rolos de cabelos aos cantos do quarto;  - o regime de meia pensão é demasiado caro para a qualidade e quantidade de comida servida ao jantar. comida sem grande sabor, servida em doses pequenas.  Contudo há pontos"
34,"Fiz um reserva por telefone por volta as 11h da manhã. No dia seguinte, pelas 16h, sou contactada para me informarem que tiveram overbooking e a ""minha"" suite seria para outra pessoa, pois esta tinha marcado mais um dia! Como alternativa apresentaram um quarto inferior pelo seu preço de tabela! Falta de profissionalismo."
35,"A simpatia de alguns colaboradores é inexcedível. Em contrapartida os “gerentes” são pouco empáticos, pouco calorosos. Uma denominação de spa que não se percebe porquê. Não tem terapeutas, nem piscina interior. Para jantar temos de reservar com antecedência - o que é impossível de saber à chegada - caso não perguntemos também ninguém nos diz."
36,"Turismo rural muito aconchegante. Quartos amplos e confortáveis Cama grande com bom colchão Paisagem e silêncio maravilhoso para descansar Funcionarios simpáticos e muito disponíveis  Pequeno almoço óptimo com excelentes produtos caseiros Jantar possível se pedido com antecedência ( vale a pena experimentar uns petiscos alentejanas e a sopa de tomate). A repetir concerteza!"
37,"Este refúgio alentejano tem tudo para ser perfeito. Fiquei hospedada numa suite com piscina privativa, onde é possível descansar e usufruir de tudo na privacidade do quarto. Os quartos são muito espaçosos e bem decorados. Fiz todas as refeições no local, a comida era simples mas bem confeccionada. A propriedade é enorme, com muito espaço para passeios pedestres ou de bicicletas disponíveis no local. Perfeito para fugir ao rebuliço da cidade. Obrigada."
38,"Todo o espaço é muito agradavel e simpatico. Bom para descansar a dois . Suite muito espaçosa ,talvez demasiado minimalista mas confortavel. Pouco usamos as areas comuns. Chegamos tarde e saimos cedo após um rápido passeio pela herdade. Pedimos o jantar e pequeno almoço no quarto ambos saborosos sem serem memoraveis. Pessoal simpático e atento ás  solicitaçoes . Contras; a lareira do quarto não funciona bem e tivemos de dormir de janela aberta para conseguirmos respirar... com 5 graus não foi muito agradavel... mas o pior de tudo é a luz que entra ,vinda da piscina e patio,pois não pode ser desligada."
39,"Desde o cenário maravilhoso onde se encontra, até à decoração da suite, passando pela comida divinal e acima de tudo a simpatia da Ana, Cátia e restantes funcionárias foi tudo simplesmente maravilhoso. Obrigada pela experiência que nos proporcionaram."
40,"Lugar mágico no coração do Alentejo. Piscina excelente que tão bem sabe nos dias de calor. Quartos muito agradáveis. O pequeno-almoço é bastante variado cheio de coisas boas, incluído uns doces maravilhosos. O staff é impecável. Para descansar e sentir o Alentejo em toda a sua plenitude. Obrigado Sesmarias e ao seu simpático e amistoso staff."
41,"Um sitio esplêndido com todas as condições para um fim de semana perfeito...não fora o atendimento  indelicado e rude na recepção. Totalmente impreparados para o atendimento. Horário de saída estrito ao meio dia o que impede quem vem de longe para um fim de semana de aproveitar o resto de domingo. É uma pena, mas felizmente foi a nossa primeira má experiência no turismo rural, pelo que evitaremos futuras visitas a este local. Há muitos outros."
42,"Lugar tranquilo com vista para extenso olival no meio da planície alentejana onde se pode escutar o luar! Quartos confortáveis, limpos e luminosos. Pessoal atencioso e solicito. Boa e farta comida alentejana num ambiente descontraído e amigável. Piscina apropriada para crianças e adultos, com envolvência confortável e sombras generosas. Aguardamos o tempo frio para numa próxima escapadinha desfrutarmos da acolhedora sala comum com a sua vasta lareira!"
43,"O quarto onde ficamos era excelente, a piscina optima as refeições muito boas. Apenas um reparo o acesso para além de ser difícil acho que deveria ter uma sinalização mais visível, tirando isso é um paraíso"
44,"Uma surpresa muito agradável no meio de uma paisagem de cortar a respiração.  Quartos muito confortáveis e com uma decoração muito interessante.  A piscina é essencial devido às altas temperaturas que se fazem sentir na região.  Adoramos o terraço, principalmente à noite, com uma vista privilegiada sobre um céu cheio de estrelas.  Pequeno almoço, com bolo caseiro delicioso.  Aconselho a passar por este refúgio."
45,"Uma semana completa de passeios, sol e sombra na piscina... pequenos-almoços, almoços, lanches e jantares ...  Sempre no ambiente mais confortável que o local e a simpatia do pessoal poderia proporcionar. Tudo é calma, descontração e bom gosto!  Propostas de visitas a adegas e restaurantes nas redondezas, sempre acertadas!  Esperamos voltar, para bebermos o nosso rosé Guadalupe, servido com simpatia, num dos alojamentos rurais mais fantásticos do interior do Alentejo (e já conhecemos outros...)  Bem hajam por nos proporcionarem estes dias de relaxamento que tanto precisávamos."
46,"A família alugou o espaço para uma comemoração de 50 anos, e a escolha não podia ter sido a melhor. Este turismo rural parece que sempre pertenceu aquele pedaço de Alentejo. A construção está em harmonia com a região. A decoração é rústica e acolhedora. A piscina com 'praia' dá logo vontade de meter o pé. E o terraço com vista para um Alentejo a perder de vista? É daquelas imagens que perdura na memória. Pessoas muito simpáticas e uma tranquilidade impagável. Recomendo sem pestanejar!"
47,"Sítio ideal para fugir à azafama da cidade... Longe da confusão... lugar extremamente tranquilo. Tem atividades como andar de bicicleta e a cavalo (este sob marcação). Ideal para a família. Tem quartos com piscina privada, magníficos! Staff acolhedor e discreto. Pequeno almoço magnifico. Para almoço ou jantar só sob reserva."
48,"Um local soberbo para quem quer ter paz e descansar. Comida excelente e quartos excepcionais. Para quem possui filhos também é boa opção. Ler um livro a beira da piscina é a melhor escolha. E há quartos com piscinas individuais."
49,"A inigualável simpatia dos funcionários, os maravilhosos quartos espaçosos com uma piscina privada - ideal para dar um mergulho ao final do dia, as confortáveis instalações da piscina combinadas com a tranquilidade e o sossego do Alentejo, os saborosos pratos típicos servidos no restaurante, tornam este espaço um autêntico paraíso, que deixa saudades ainda antes de ir embora. Uma estadia perfeita, sem nada de negativo a apontar e sem dúvida alguma a repetir. É de realçar a simpatia e disponibilidade de todos os funcionários, que tornam o espaço ainda mais especial."
50,"O hotel fica mesmo no meio do nada, mesmo no meio do Alentejo! O quarto é agradável com as suas comodidades. O pequeno-almoço é relativamente composto. A piscina é magnífica, onde se pode passar um bom serão nela na tranquilidade. Possui de um miradouro por cima do restaurante que proporciona uma vista fabulosa sobre a herdade. Apesar de ser longe para nós (Aveiro), valeu a pena a viagem. Contudo, notámos que de SPA, o hotel não tem."
51,"Visitamos este Turismo Rural aquando do meu aniversario, atenciosos no atendimento, ficamos hospedados numa suite com piscina privada. Local limpo e tranquilo, ideal para descansar! Paguei a suíte em regime de pensão completa, fomos informados do lanche da tarde mas não o vimos.  O jantar foi estupendo, a comida espetacularmente confeccionada - a estadia valeu por isso! A noite relativamente bem dormida, atendendo a que a cama de casal nao era mais que duas camas juntas, e os cortinados pouco isolam a luz do exterior! Quando realizamos o check out e perguntamos pelo almoço, foi-nos informado que era uma modalidade já não existente pois não fazia sentido servir uma refeição a alguém que já não é hóspede por ter realizado o check-out! Por quase ""tentativa de gentileza"""
52,"Quarto fantástico, muito acolhedor e extremamente limpo, com vista para a piscina. O pequeno almoço muito fresco e abundante o suficiente. O sítio bastante isolado, mas facilmente acessível, ideal para descansar da azáfama da cidade, no coração do Alentejo!"
53,"Passámos um óptimo fim de semana, nesta magnifica unidade, onde fomos muito bem recebidos já na sexta feira a horas tardias para entrar, providenciaram logo sopas, tosta e saladas de frutas, tudo com muita qualidade e simpatia de todo o pessoal envolvido. Nos restantes dias sempre muito atenciosos."
54,"Sitio fantástico, O pessoal é muito simpático.A suite era maravilhosa. Sitio muito tranquilo para descansar, quando estamos na casa só ouvimos os passarinhos.  A minha única sugestão, é que poderia haver uma pequena kitchenette para casais que tenham filhos. As vezes apetece fazer a comidinha em casa e ficar a desfrutar a vista do pátio."
55,"Finalmente um espaço fabuloso, super cuidado e onde podemos passar uns dias em família, esquecendo tudo o resto!  Pequeno almoço de elevadíssima qualidade, bem como um lanche reconfortante servido à tarde, tudo para proporcionar aos hóspedes uma estadia tranquila e formidável! Vamos claramente regressar com a opção de pensão completa, pois ali o descanso é rei!  Fiquei cliente!!!"
56,"Excelente sitio , com muito bom gosto . A equipa é muito voluntariosa e simpatica , os hospedes ficam a vontade e com a sensacao de estar em casa . Bons acesso apesar do pisso de terra batida . Em suma , a voltar ."
57,"Este hotel é excelente para desfrutar do sossego alentejano! As instalações são limpas, confortáveis e bastante acolhedoras. O pessoal muito simpático e eficiente. O pormenor de servirem um lanche a meio da tarde com um bolinho caseiro, chá, iogurte e limonada faz-nos sentir em casa e bem recebidos. O espaço exterior cuidado permite desfrutar da piscina e todo o espaço envolvente de forma bastante aprazível. Um lugar a regressar certamente."
58,"Magnifico, extraordinario, único, maravilhoso,.... Local, Pessoas, Comida da Dª Alice, simplicidade, conforto, cuidado da Dª Ana que esteja tudo a correr pelo melhor,..... o melhor mesmo e ir para poder avaliar. O que tem que melhor: Nada. O que tem de Bom: Tudo. Parabéns e muito obrigado por terem feito de um fim de semana em Familia um fim de semana único. Sugestão (ir com tudo incluido, e aproveitar para estacionar o carro e descansar)"
59,"Muito agradável. Bom quarto (agradável e grande), num local muito tranquilo, rodeado de natureza e vistas deslumbrantes. Staff simpático, disponível e preocupado com o bem estar dos hóspedes. Os miminhos no quarto à chegada (uns biscoitos deliciosos) e o simpático lanche são agradáveis surpresas. Excelente pequeno almoço. Jantámos no restaurante e foi uma experiência fabulosa. Comida caseira e feita com muito carinho pela Dª Alice. Excelente cozinheira e muito simpática e atenciosa."
60,"Fim de semana muito agradável para descansar e conviver. O silêncio é uma mais valia. O acolhimento foi muito bom. O ritual do lanche ao fim da tarde... Quarto muito agradável e espaçoso com excelente vista de paisagem rural. Cama confortável. O pequeno almoço é excelente, com sumo de laranjas da propriedade. A equipa tudo fez para que nos sentisse-mos em casa. A lareira sempre acesa na sala de convivio convida. Recomendo vivamente."
61,"Lugar bastante calmo e sossegado em comunhão com a natureza, muito agradável com staff simpático e prestável. Quartos acolhedores, jantar e pequeno almoço de boa qualidade. Estadia com pacote romântico com direito a jantar no quarto :)"
62,"Fim de semana para descansar. Sítio muito tranquilo. O silêncio é uma mais valia. O acolhimento foi excelente. Como não queríamos jantar serviram um chá e torradas em pão alentejano com um queijo maravilhoso. O quarto tem um pequeno terraço todo branco com vista pata o campo que é muito relaxante. O acesso é por um recanto com lareira com velas a acesas e um perfume convidativo. Cama enorme e com todo o conforto. O pequeno almoço é excelente, com sumo de laranja da propriedade delicioso. A proprietária faz tudo para que nos sintamos em casa. A lareira acessa, o bolo caseiro de chorar por mais.  Podemos passear pelo campo em total silêncio. Para descansar não há melhor."
63,"Paramos nas sesmarias para descansar, ótima paisagem, sossego ótimo para descansar e desfrutar do espaços calmos.  Pessoas do bem e muita simpáticas. Adoramos tudo.  A repetir 10estrelasssssssss  Aconselhamos ..."
64,"Fomos no início do mês de setembro ainda estava imenso calor a ideia era descansar e apanhar sol e este é o sítio ideal. Ficámos em regime de pensão completa o pequeno-almoço tem tudo o que é essencial de qualidade e fresco. O jantar é também em regime de buffett  com sopa um prato de carne e peixe e várias entradas e petiscos as bebidas estão incluídas, estivemos hospedados durante cinco noites e os pratos foram sempre diferentes e bem confeccionados. Ao almoço é perguntado aos hospedes o que vão querer de uma seleção de saladas, rissóis, empadas, lasanha e algumas outras coisas, depois é só sentar e servem o que foi pedido previamente. Penso que este regime de refeições mais leves funciona bem para o verão não sei se será tão eficaz. O quarto era pequeno mas mais do que"
65,"São 5 min desde a estrada até à recepção, feitos numa estrada de terra batida, no meio de um descampado até que...encontrámos o paraíso, lindo, sossegado com um staff muito simpatico e eficiente...e a Dona Alice uma simpatia e uma cozinheira de mão cheia, incrivel..a repetir! Recomendo a toda a gente!"
66,"Que maravilha! Paz, sossego, tranquilidade. Excelente fim de semana, aconselho tudo incluido. Simpatia de todos e excelentes e modernos quartos e suites. A voltar brevemente para felicidade da mulher e filhos. Parabéns!!"
67,"O que tem de bom? A piscina, a sala de estar é muito confortável e acolhedora, o lanche oferecido sem qualquer custo a meio da tarde faz lembrar a casa da avó, o pequeno almoço é muito bom , o sossego e a paz é uma mais valia.  O que tem de mau? O acesso à herdade, é mau, não primam pela simpatia, tirando a proprietária, o quarto é fraco o colchão não é nada confortável, só chegarmos não sabíamos bem para onde nos dirigimos visto não ter identificação da recepção. O preço, Muito alto para o que é."
68,"O local, as refeições, o conforto do quarto, a limpeza e o atendimento. O atendimento das pessoas foi excecional, em especial a Andreia que estava sempre atenta a todos os pormenores. A piscina comum sempre muito limpa. Os quartos com piscina particular, dão um momento com os nossos filhos espetacular. O pormenor da fruta no quarto. As refeições ligeiras ao almoço são espetaculares. Os passeios pela herdade, a pé ou de bicicleta são fantásticos."
69,"muito boas condições comida caseira quartos óptimos bom espaço staff muito simpático da vontade de voltar passeios bicicleta óptimos para dar volta na herdade muita simpatia dos donos e ambiente bastante calmo"
70,"A piscina exterior tem uma forma diferente e interessante, a zona em redor da piscina é silenciosa e permite descansar. No dia em que lá estive havia crianças que respeitavam o silêncio geral, apenas as crianças da casa(!) faziam barulho... No restaurante a variedade é insuficiente (2 pratos para jantar...) mas a qualidade é aceitável. A chefe de sala é simpática e esforçada.  A chegada ao local é feita tendo de passar sobre um fosso com umas placas metálicas, ou apontamos bem as rodas do carro ou enfiamo-las no fosso! (foi-me dito que é provisório...) Depois temos um caminho de cabras com cerca de 2km em que se tivermos amor ao carro, não passamos de 1ª velocidade... a 10km/h!  Reservei uma suite com piscina privada. Ao chegar deparei-me com um pequeno tanque à entrada de um"
71,"Depois de 1 semana de praia, procuramos um sítio para descansar verdadeiramente. Em pleno Alentejo deparamo-nos com um oásis, pois tem poucos quartos, o que é sinónimo de tranquilidade, extremamente bem cuidado e decorado, mas é acima de tudo o calor humano que nos faz sentir em casa. Além do profissionalismo, toda a atenção, e carinho que os funcionários, em especial a D. Alice, e a Andreia colocam em tudo é fantástico. Faz-nos querer voltar. ( Isto para não dizer que foi difícil deixar um sítio tão especial)"
72,"Gostamos de acabar as nossas férias na paz e sossêgo do Alentejo. Desta vez estávamos capazes de voltar para o Algarve, de onde tínhamos acabado de sair.  A recepção não foi a melhor. Quem nos recebeu começou por nos perguntar se tínhamos a certeza de termos feito a reserva ... pois não encontrava a mesma. Foi necessário chamar o proprietário para verificar a situação. Passado uns instantes lá nos disse que tínhamos um quarto disponível. Ficou a faltar um ""Peço desculpa pelo sucedido ..."" e ""Espero que gostem da vossa estadia ..."".  O quarto onde ficámos dava para a piscina. Era pequeno (as fotos enganam) e não tinha espaço para arrumar a bagagem pelo que teve que ficar no chão junto à porta. Sentia-se um cheiro desagradável muito forte na WC, ficámos sem saber se seria dos"
73,"Pela segunda vez neste espaço e mais uma vez incrível a simpatia com que nos receberam. Tudo excelente, refeições, o espaço em geral, o quarto simples mas muito acolhedor. ficou a promessa de voltar pois ficamos com a sensação de que soube a pouco (queriamos ficar mais dias). mais uma vez nao podiamos deixar de agradecer a d. alice, a andreia, ao sr. luis, a d. bebe e restante equipa toda a simpatia e gentileza com que nos receberam. aconselhamos a 100%"
74,"Quarto decorado com todo o pormenor, com cama em doussel entre outros mimos dum verdadeiro  hotel de 5 estrelas. Apreciamos muito  o pequeno almoço  servido  no quarto  e o fantástico  jantar servido à  luz das velas. Experiência a repetir sem qualquer  dúvida."
75,"Quarto com decoração moderna e áreas generosas, boa casa de banho, espaços públicos e de lazer óptimos e sobretudo tranquilidade absoluta. Bom pequeno almoço, staff afável e cordialidade dos anfitriões. Tudo são razões para não deixarem de visitar este Turismo Rural"
76,"Pela segunda vez que regressamos e parece sempre que chegamos a casa de amigos que nos recebem com todo o carinho e muita hospitalidade. Local ideal para quem quer fugir da cidade e parar um pouco aproveitado o melhor que tem a natureza."
77,"Espaço acolhedor e muito apresentável, muito calmo e bem integrado no plano Alentejano, proprietários simpáticos e prestáveis. Refeições típicas da gastronomia local muito boas. Local ideal para descansar com o conforto necessário."
78,"Lugar idílico , que nos transporta para uma alternativa de vida fora da correria das cidades. Fomos recebidos como se fossemos convidados especiais , recomendo vivamente o pacote romântico que nos brindam com pormenores inesquecíveis. Voltar é uma certeza !!!"
79,"Excelente local para descançar Pacote Romântico fantástico com piquenique na Barragem a perder de vista. Decoração do quarto com todo o mimo e bom gosto. Pessoal 5 estrelas com cuidados. Local certamente a repetir"
80,"Muita confusão com miúdos, talvez por ser Agosto. Esperávamos encontrar mais calmaria. Talvez voltemos em ""época baixa"" para desfrutar do sossego que o lugar oferece. Tudo incluido é uma vantagem (quase obrigatória pela localização) no entanto a oferta não é muita. Faltou o pão alentejano.  Sítio fantástico para descansar uns dias à beira da piscina, longe de qualquer confusão.  Pessoal prestável para qualquer coisa que seja necessária."
81,"Recomendo este turismo rural, para quem quer descansar e fugir da confusão, quarto muito bom, bem decorado, um terraço para relax total, limpeza muito boa, a nível da comida, tem que melhorar, tem que apostar na comida alentejana, mais variedade. As áreas comuns tem que ser mais cuidadas. Mas volto com certeza a este lugar."
82,"Recomendo este espaço para quem procura um momento de verdadeiro sossego e desfrutar de paisagens lindíssimas. Situado num monte alentejano, este hotel oferece momentos de tranquilidade mas também de divertimento, pelas diversas actividades que oferece (piscina, ping pong, bicicletas...). O regime de tudo incluído é um must, embora tenhamos ficado com a sensação que podia ser mais variado, tendo alternativas para quem não pode ou não gosta de comer determinados pratos. O nosso quarto tinha um pateo muito catita que permite passar o fim de tarde a apanhar sol ou a ler, um pouco mais recatados. O que gostamos menos foi o conforto da cama que, apesar de ser king size, era uma junção de dois colchões, o que acabava por ser desconfortável pela costura a meio que magoava as costas. O"
83,"O lugar perfeito para quem quer descansar.  O espaço é maravilhoso, a simpatia de todos contagiante e a paz que se sente é indescritível.  Se forem namorar, não deixem de fazer o programa romântico! 5*, tudo preparado com muito mimo! Vamos voltar!"
84,"O tempo parou... apesar de ser um fim de semana em ambiente familiar (2+3 filhos) deu para descansar e sentir o tempo passar muito devagar. Em ambiente familiar, com filhos pequenos, aconselho o regime tudo incluído pois as deslocações para entrar e sair da herdade com o calor alentetejano não é aconselhável. O que é aconselhável é mesmo saborear a comida da D. Alice. O espaço está com muito bom gosto e dá uma grande liberdade às crianças, com várias actividades além da piscina. A não perder o pôr-do-sol alentejano(ver foto).... Por último, mas de realçar também, a simpatia e hospitalidade dos donos"
85,"Sendo a primeira incursão ao turismo rural, sou sincero que ia um pouco a medo. Com tudo tratado pela minha cara metade, ia na completa ignorância. E ainda bem...  Por muito que tente torna-se difícil criticar o que quer que seja. O ambiente muito caloroso mas que nunca chega sequer próximo de invadir a nossa privacidade, faz com que nos sintamos à vontade. O espaço tem tudo. Uma excelente piscina exterior, com ambiente que convida ao relaxe (enormes ""camas"" para deitar ao sol ou sombra), espaço de jogos com várias opções para entreter (foi óptimo jogar ping-pong ao fim de tantos anos), bicicletas para explorar os 400 hectares da propriedade. Relativamente à comida, excepcional. Um lanche bastante agradável incluído no preço, passando por refeições completas por valores"
86,"Atendimento muito bom e carinhoso. Quartos maravilhosos com espaço exterior. Muita privacidade mas ao mesmo tempo muito acolhedor. A área envolvente é simplesmente fantástica e natural. Refeições bem elaboradas com produtos típicos. Perfeito para uns dias de descanso."
87,"Espaço moderdo e fresco que tem como expoentes máximos a simpatia dos donos e os petiscos da D.a Alice. Adequado para famílias com crianças onde todas as solicitações são prontamente atendidas no mais puro Alentejo."
88,"Ficámos por 2 noites e foi fantástico!   Descanso total.  Excelente acolhimento e atenção por parte da Bebe. Uma boa opção jantar no hotel, comida caseira e tudo muito cuidado. Vamos voltar, mas desta vez levar o nosso filho, que vai adorar a piscina."
89,"Escolhemos este hotel para festejar com a família e amigos um importante acontecimento. Ficamos com todo o espaço só para nós, o que fez com que nos sentíssemos completamente em casa. Usamos a capela para a celebração religiosa, fizemos todas as refeições e tivemos ainda muitos outros mimos. Toda a equipa que nos recebeu e tratou de nós foi incansável. Foram dois dias perfeitos, que tanto os miúdos como os  graúdos adoraram. Mais simpatia e disponibilidade por parte dos proprietários seria impossível."
90,"Espaço excelente e ideal para quem procura um local calmo para descansar. A simpatia e disponibilidade dos donos e de todo o staff, torna a estadia muito agradável. Quarto muito acolhedor, e o serviço de restaurante impecável!  Sem duvida, para repetir!"
91,"Tudo óptimo!! Fomos no pacote Fim-de-semana Romântico e adoramos. Cada pormenor, a simpatia das pessoas, o sossego, a comida deliciosa. O quarto era super acolhedor, a cama muito confortável, já para não falar em todas as surpresas que nos prepararam com todo o carinho. Uma experiência a não esquecer e para repetir!"
92,"Estabelecimento novo, ainda com pormenores por finalizar nomeadamente toalheiros na casa de banho. Amabilidade e simpatia dos donos, sempre de sorriso nos lábios, serviço de lanche na sala da lareira, marcação de restaurante exterior. Alojamento espaçoso, cama grande e confortável, ar condicionado a funcionar bem. Pequeno almoço muito bom, com produtos naturais tais como leite, queijo e sumo de laranja; falta alguma charcutaria tradicional. Area exterior excelente para usufruir da primavera ao outono e com vista expetacular."
93,"Nós ficamos com a família 3 noites lá. O início da nossa viagem para as sesmarias foi um buraco enorme no pneu do carro, o pneu furou ao entrar na propriedade das sesmarias. A estrada é ruim e cheia de pedras pontiagudas. Quando chegamos, um carro antes de nós tinha a mesma coisa, estava sem pneu. . . Em seguida, fomos para o nosso quarto e não era como prometido por fotos e descrição. Nós pagamos por um quarto melhor, que é chamado de Deluxe, mas eles deram um dos menores, nenhum espaço, nenhum sofá, nada. . Cama do nosso filho perto da nossa cama grande e quase sem espaço. Como estávamos com parentes, poderíamos comparar seus quartos e o nosso era um padrão definilty. Então paguei mais por nada! Quando falamos com o gerente sobre isso, ela apenas nos disse que nosso quarto é"
94,"O quarto foi ok, no entanto não foi chaleira, não tábua de passar.  As instalações são agradáveis, mas você definitivamente precisa comprar sua própria comida ou ser prepeared para pagar um preço agitado para o jantar.  Café-da-manhã foi bom, café e sucos frescos, alguns pães, cereais e frutas frescas.  O serviço não foi incrível, talvez devido à falta de conhecimento de inglês.  A piscina estava muito suja, com pedaços já no fundo. O mobiliário exterior também estava sujo, eles definitivamente precisavam ser preshure lavado.  No lado positivo, a paisagem ao redor é linda com oliveiras ao redor. Você pode pegar algumas das bicicletas e explorar a área.  Definitivamente não ficaria mais do que apenas uma noite embora."
