,Avaliações
0,"Dificilmente se encontrarão locais sem mácula para nos alojarmos, seja em que circunstância for, mas garantidamente, este é um deles. Aqui tudo é bom, desde o espaço em si, que está extremamente bem cuidado e aprazível, com um conforto habitacional de realce, uma quietude que nos enche a alma e um acolhimento extremamente afável por parte de todos os que nos recebem, seja a D. Rita ou a sua mãe Joana, o Senhor Manuel ou a colaboradora Denise, sendo que todos são simpatiquíssimos e prestáveis. Por fim e não menos destacado, é o pequeno almoço continental onde não falta o bolo confeccionado diariamente, croissants estaladiços e gostosos,  pão diverso sempre fresco, queijos vários e o sumo de laranja natural, obtido a partir de laranjas acabadas de espremer. Para um conceito de"
1,"Alojamento simples de grande qualidade. Silencioso e tranquilo. Pequeno almoço variado com sabores da região. Paisagem alentejana magnifica. Hectares de Vinha a perder de vista. Fácil de encontrar. Muita simpatia e disponibilidade por parte da gerência. A repetir. Recomendo vivamente."
2,"Desde já a anfitriã, Rita é espectacular de tanto profissional quanto hospitaleira. Um pequeno almoço de qualidade e variado onde poderei destacar o sumo de laranja que considero divinal. Uma sala aprazível luminosa e uns tons de grande apelo à harmonização. O alojamento é muito acolhedor, um retiro de paz e relax.  A açoteia convida a umas noites ao luar. A localização é fantástica já que permite aceder quer ao Alqueva de vários pontos, quer experienciar uma panóplia degustativa alentejana e ainda viajar no tempo pelos inúmeros pontos de interesse cultural e histórico. Estamos muito próximo de Monsaraz e da sua bela praia fluvial que proporciona idílicos momentos de final de tarde de um sol caramelizado quanto poético. Pontos de interesse: Convento de Orada, Cromeleque, Ermida"
3,"Outeiro do Barro, uma agradável pousada nos arredores de Reguengos de Monsaraz. Localizada em um sítio rural, é ideal para descansar. No entorno da pousada, há várias quintas repletas de vinhedos e olivais, o que a torna ainda mais especial.  Além de agradável, o sítio é  estratégico  para visitar Monsaraz e as olarias de São Pedro do Corval. Da pousada é possível avistar Monsaraz, onde fica o castelo.  A pousada é muito charmosa, bonita e bem cuidada. Destaque para o café da manhã. Delicioso e repleto de produtos locais como queijos, fiambres e salames.  Também destacamos a simpatia e a atenção da proprietária Rita, que nos recebeu muito bem e nos deu excelentes dicas sobre o Alentejo.  Iremos voltar !"
4,"Instalações acolhedoras, simples mas confortáveis, extremamente limpas. A proprietária, Rita Murteira, é uma simpatia e merece que a visitemos de novo. Pequeno almoço excelente, localização óptima. Experiência a repetir e aconselhar."
5,"Numa quinta rodeada de árvores de fruta e vinhas. Local sossegado a menos de 500 metros do centro de Reguengos. Piscina razoável, quartos pequenos e sem frigorífico.  A simplicidade do local é suplantada pela simpatia da Rita e pela qualidade do pequeno-almoço, muito melhor do que seria de esperar para um estabelecimento desta categoria."
6,"Para ser uma escapadinha diferente e juntando-se à data comemorativa dos dia doa namorados fomos passar lá esse fim de semana. Só há maravilhas a dizer deste espaço: desde do cuidado da limpeza e manutenção do quarto, desde um miminho preparado para a nossa chegada com uma garrafa de licor. A simpatia e prontidão da Rita e Sua mãe Dona Joana é de se tirar o chapéu.  Um pequeno almoço soberbo com produtos da terra e com paladares que ainda os guardo. Para não falar das parcerias que conseguem para os seus hóspedes.  É um espaço que merece um fim-de-semana na tranquilidade do Alentejo.  Seguramente para repetir e recomendar.  Atenção: É tão soberbo que facilmente fica esgotado."
7,"Experiência maravilhosa!   O quarto estava super limpo, tudo muito organizado.  A Rita é de uma simpatia extrema, muito cuidadosa em todos os detalhes!  Café da manhã simples, mas delicioso!   Foram dias super agradáveis!"
8,"Ficamos alojados no Outeiro do Barro por quatro noites e não podíamos ter mais pena por irmos embora. É perfeito. Perfeito para descansar, perfeito para famílias, perfeito para aproveitar o que o Alentejo tem de melhor: a sua calma e as suas gentes. A Rita e a mãe, a D.Joana, foram formidáveis. Bem como todas as outras meninas que apoiavam na logística. Um obrigada a todas por toda a atenção.  Limpeza? Perfeita. O cheiro a lavado, a fresco, em todos os atoalhados e em todos os sítios da Quinta. Pequeno-almoço? Magnífico. Com bolo caseiro e sumo natural todos os dias. Os detalhes fazem a diferença e aqui, juntando isso ao sítio maravilhoso, não se pode pedir mais.  Enfim, só vivendo. Reservem, vale muito a pena!  E o sossego? Incrível. Baterias mais que carregadas. A repetir, sem"
9,"Tudo muito bem arranjado e cuidado para um alojamento do género. Os pequenos almoços têm produtos de qualidade e variados, sumo de laranja natural, bolo caseiro, bons pães, croossants, queijos, carne frias. Toalhas de pano e guardanapos de pano impecavelmente passados. Tudo limpo, impecável e o serviço muito simpatico. Parabéns."
10,"Espaco muito agradavel, muito perto de algumas das aldeias obrigatorias a visitar, com bonitas e únicas paisagens do Alqueva. Pequeno almoco com boa qualidade, e simpatias de todos os funcionarios. De salientar as informacoes prestadas pela Rita e a sua permanente disponibilidade. Gostamos muito. Voltaremos com toda a certeza. Obrigada"
11,"Excelente Recepção, Simpatia, Limpeza, Pequeno-Almoço, Quarto e Preço :) Melhor opção/preço perto do Alqueva Estacionamento Pequeno-Almoço variado com vista para o campo com alqueva no horizonte Quarto/Casa confortável  Piscina"
12,"Apenas uma noite o que soube a muito pouco... Só foi pena o tempo estar de chuva e não dar para apreciar muito melhor o espaço todo, quarto que parece uma mini casinha alentejana, muito agradável, a D. Rita foi feita para isto, muito acolhedora e atenciosa e disponível para dar informações sobre a zona, o pequeno almoço bastante variado e muito saboroso... A voltar um dia com toda a certeza. Aconselho"
13,"Já perdi a conta que repeti este espaço, sempre que venho para os lados de reguengos que é impossível não ficar a dormir neste espaço que é tão caloroso e acolhedor, espaço muito agradável, óptimos quartos e um pequeno almoço que começa num corredor com um cheirinho de tangeras e que ao entrar na sala nos deparamos com uma variedade de produtos da região, desde as compotas, pão, etc... Mas o que realmente torna todo isto especial é à atenção calorosa que a D. Rita e a sua mãe D. Joana que são 5 estrelas e nos acarinham. Um terraço óptimo para um nascer ou por do sol, um lugar que todos deveriam experimentar. Aconselho a 100%"
14,"Hotel de excelente qualidade! Todos os detalhes para um hotel charmoso e acolhedor foram pensados nesse hotel! A dona do estabelecimento é uma pessoa super receptiva e profissional!  O quarto estava impecável tanto na limpeza quanto nos detalhes!  O café da manhã e maravilhoso e as frutas todas muito frescas !  Reguengos de Monsaraz é um lugar lindo e o hotel Outeiro do Barro é um lugar excepcional para ficar e de excelente qualidade!!!"
15,"Dos melhores alojamentos onde estivemos até hoje! Quartos excelentes, muito bem decorados, super limpos e equipados com tudo o que é necessário. O pequeno-almoço bastante diversificado, com produtos regionais e caseiros. A D. Rita, a sua mãe e a D. Denise são de uma simpatia extrema, atenciosas e bastante profissionais. Fizeram-nos sentir em casa, pela atenção e solicitude com que nos receberam. Recomendo a 100%! Quando houver oportunidade, voltarei com toda a certeza."
16,"Alojamento bonito e calmo, em óptima localização perto do centro de Reguengos de Monsaraz e de outros locais lindos para visitar. Pequeno-almoço bastante completo e fomos recebidos com muita simpatia. Espero voltar!"
17,"Perfeito para uma paragem de 2 dias na região do Alqueva a caminho do Algarve! Fomos recebidos pela D.Rita incrivelmente simpática, prestável e atenciosa; Como éramos 6 pessoas alojaram-nos em 3 quartos contíguos que fizeram com que nos sentíssemos quase em casa, tendo-nos cruzado com outros hospedes apenas na piscina. Os quartos são muito limpos, bem decorados e incrivelmente sossegados. As camas são grandes e muito confortáveis e todos os quartos dispunham de TV, WI-FI e ar condicionado.  A piscina de água salgada a uma temperatura invejável, fez as delicias de quem chegou quase derretido de uma viagem onde o ar condicionado decidiu também tirar férias!  O espaço envolvente com vista para as vinhas, Reguengos e Monsaraz é encantador. O pequeno almoço é delicioso e muito bem"
18,"O cenário perfeito para uma escapadela de fim de semana.  Adorei os quartos, e o pequeno almoço é de produtos da mais alta qualidade. A vista para a cidade ao pequeno almoço vale a pena!  Espero la voltar em breve!"
19,"A simpatia e dedicação da D. Joana e Rita fazem do Outeiro do barro um local perfeito para descansar. Pequeno almoço 5 estrelas, limpeza 5 estrelas, e uma excelente base para visitar o Alqueva. Cama muito confortável, tv, wi fi e ar condicionado em perfeitas condições. Senti-mo nos em casa."
20,"Quarto bastante limpo, bem decorado, com privacidade. Pequeno-almoço fresco e tradicional, muito saboroso! Fomos muito bem recebidos pela Rita, e ao pequeno-almoço pela sua mãe. Piscina agradável, onde pudemos descansar e relaxar. Gostamos muito, recomendamos e esperamos voltar!"
21,"Quartos limpos, privados, com acesso a piscina partilhada e um excelente pequeno almoço. Bastante espaço para circular. Toda a simpatia por parte da família que acolhe. Recomendo muito, quer a casais de todas as idades, quer a famílias, A voltar quando possível."
22,"O quarto estava muito limpo, o pequeno almoço muito bom e uma grande simpatia de quem nos recebeu. Fomos em família com um bebé e correu muito bem. Recomendo para passar uns dias em família. Tive pouco tempo e fiquei com vontade de mais"
23,"Espaço com óptima localização para quem pretende estar perto Reguengos de Monsaraz visto ser a 1km da vila. A proprietária do espaço é fantástica, muito muito disponível para tudo, atenciosa e a saber receber muito bem mesmo!  Os quartos são muito bonitos, simples mas bem decorados, e estava impecável de limpeza e apresentação de tudo: toalhas, lençóis. Não desfrutamos do espaço exterior porque estava a chover, mas tem piscina e jardim não muito grandes, mas agradáveis. O pequeno almoço muito bom, muito caseiro, o pão é feito na hora, sumo natural, bolinhos e doces típicos. Adorámos a hospitalidade. Obrigada Rita pela simpatia connosco e com o T."
24,"... espaço lindo, gente muito simpática que sabe receber, uma higiene irrepreensível, pequeno almoço sem ser grande com tudo e delicioso, localização ótima! Não gostei de uma coisa! Ter que me vir embora... Obrigado Rita e até breve..."
25,"Local tranquilo, limpo, muito confortavel, quartos decorados com muito bom gosto, mas o pequeno almoço realmete superou todas as expectativas, o melhor sumo de laranja natural que bebi na minha vida, um bolo caseiro fresco todos os dias diferente, o cuidado da fruta fresca diariamente, o pão e os croissants fantasticos e frescos. Mas a melhor coisa é sem duvida o cuidado, carinho, simpatia da D. Rita e sua mãe, faz nos sentir especiais, não é em qualquer lugar que deixamos a nossa mala com a carteira e todos os objectos importartes e no dia a seguir está nos a bater a porta de casa. recomento vivamente e deixo a promessa de voltar em breve, ficaram no meu coração."
26,"Tudo esteve do nosso agrado. Desde a receção no dia de chegada, à despedida no dia em que nos voltámos a fazer à estrada, com promessas de voltar. A simpatia, paz e conforto estiveram sempre presentes ao longo das duas noites em que pernoitámos no Outeiro do Barro. Excelente serviço, pequenos-almoços deliciosos e ricos, quarto sempre limpo, um ambiente familiar e acolhedor. Excelente!"
27,"Enorme amabilidade e profissionalismo de quem nos recebe. Mais do que um simples quarto, encontrámos um espaço bonito, confortável com boas dimensões e de uma limpeza irrepreensível. Um pequeno almoço ao nível de hotel de 5 estrelas. Vamos voltar."
28,"Tudo aqui correu mais que bem, começando por atendimento muito eficiente, passando às boas instalações do quarto, toda a disponibilidade prestada, a vista maravilhosa que nos prende, uma boa limpeza, a localização é excelente, o pequeno almoço têm imensas opções... . É o sitio ideal para passar aqui uns dias com o objetivo de relaxar.  A Dona Rita e a sua mãe fazem de tudo para nos sentirmos à vontade, ambas têm uma simpatia que não há outra igual. Sem dúvida assim que tiver oportunidade irei voltar aqui!"
29,"Tudo é magnífico. Paraíso perdido. As instalações, o espaço exterior rural, o pequeno almoço dos deuses, a simpatia da Dª Rita e da sua mãe. Adorei. Vou voltar e recomendo,  Não aconselho o quarto nº4 :) dado barulho que provém das caixas de ar condicionado, mas a Dª Rita vai já tomar providências se é que não tomou já :)"
30,"Local óptimo para descansar e relaxar onde tudo é magnífico. O sítio, a proximidade, o pequeno almoço, o preço, a piscina. Consensual e obviamente a regressar. Pena é que não seja tantas vezes como gostaria. De realçar a simpatia da Rita que nos faz sentir «em casa». Com o pormenor de Reguengos e Monsaraz estarem perto onde se podem fazer óptimas refeições tipicamente alentejanas. Felicidades e longa vida para o Outeiro do Barro."
31,"Uma estadia que posso classificar de 5 estrelas. Tanto a localização (muito perto de Reguengos), como as acomodações bonitas e sempre bem limpas, como o pequeno almoço maravilhoso com produtos frescos e regionais, como as empadinhas de frango e o requeijão com doce de abóbora e canela...Fantástico. Também a piscina de água salgada é fantástica e apesar de não ser muito grande, é suficiente para refrescar em dias de muito calor. Por último e propositadamente, destaco a simpatia e dedicação do staff para com o cliente que é de longe o melhor de todos os sítios por onde tenho andado (e já são bastantes). Obrigado Rita e D. Joana, foram umas anfitriãs inexcedíveis. Parabéns e continuem assim. Beijinhos do Miguel que vos adorou... :-)"
32,"Uma unidade familiar com uma qualidade de serviço acima da média! Simpatia de todo o staff! Pequeno Almoço fabuloso ! Muito perto de Reguengos de Monsaraz e de fácil acesso! Relação qualidade/preço muito boa!"
33,"Em viagem pelo interior alentejano esta foi a paragem escolhida para visitar Monsaraz, Mourão e Alqueva. Um excelente escolha por sinal, atendimento super simpático, as acomodações com bom gosto na decoração assim como se nota o cuidado nos pormenores importantes em que nada falha. Parabéns por este espaço e obrigado pelo bom receber típico Alentejano."
34,"Bem localizado, proprietários muito simpáticos que proporcionam um excelente serviço. Belo pequeno-almoço, com valorização dos produtos regionais. Piscina pequena, mas muito acolhedora, mais do que suficiente para tornar a estadia muito relaxante. Quarto amplo, simples, mas muito confortável e acolhedor."
35,"Simplesmente fantástico! Férias em família, ideal para relaxar. Só aspectos positivos, desde: a simpatia dos funcionários, o pequeno almoço que é divinal, tudo. A piscina de água salgada que é óptima  Recomendo vivamente  Para repetir no próximo ano"
36,"Quem procura um local tranquilo para passar uns dias e recarregar baterias, na zona de Reguengos de Monsaraz, esta é uma opção a ter em conta. Outeiro do Barro é um alojamento mesmo à entrada de Reguengos, sentido norte-sul, com poucas habitações, o que o torna num local bastante sossegado. A higiene e simpatia são o ponto de ordem. Não se pode pedir mais... talvez um piscina um pouco maior."
37,"Local sossegado e muito agradável, quarto confortável e piscina impecável. O pequeno almoço é óptimo, muito completo e repleto de bons produtos da região. O atendimento é extremamente atencioso e simpático, sempre com boas sugestões de actividades e locais a visitar. Valeu mesmo a pena."
38,"Uma agradável surpresa em Reguengos,logo ao chegar somos surpreendidos pela simpatia da dona Rita,um amor,super simpática.o quarto  muito bem decorado,espaçoso e sempre limpo e fresco...a piscina uma maravilha com agua salgada , o pequeno almoço é divinal,tudo muito bom e fresco,ficamos 3 dias mas com vontade de ficar mais...vamos voltar certamente Recomendo"
39,"No outeiro do barro os funcionários são super atenciosos e simpáticos, local muito calmo, ideal para descansar, a piscina limpa, os quartos também impecáveis. Perto de Reguengos de Monsaraz. A regressar!"
40,"Hotel estilo rural a cerca de 1 km de Reguengos, situado numa quinta. Quarto agradável, não muito grande, cama confortável, com wc privada, muito bem decorado.os quartos são em pequenas casinhas que se dispõem ao redor dum pomar de laranjeiras e da piscina. é um Hotel pequeno e muito calmo o ambiente. com um estilo Romântico, virado para o descanso.  Pequeno almoço típico de um hotel 3 estrelas português no entanto com tudo muito fresco. os funcionários são os próprios donos que atendem a todas as necessidades e são muito simpáticas. Gostei muito."
41,"O atendimento excelente. O quarto minimalista, mas muito bem decorado, em tons de branco, com um colchão muito confortável e tudo muito limpo. O pequeno almoço muito bom, com muitos mimos, e produtos da região, onde se destaca o sumo de laranja acabado de fazer, e a tarde de maçã da Dª Joana. Não podemos deixar de referir o local do pequeno almoço, com uma vista privilegiada, que nos é dada a conhecer pelas grandes vidraças.  Sempre que formos a Reguengos, é um lugar a voltar."
42,"Fomos a Reguengos de Monsaraz passar duas noites. Queríamos algo calmo, pessoal, diferente. Descobrimos o Outeiro do Barro e não podíamos ter vindo mais satisfeitos! Desde a atenção da gerência no momento em que chegamos até a sua simpatia em cada conversa connosco. Adoramos o espaço. O quarto é muito bom e confortável. O pequeno almoço é simplesmente divinal. O sumo de laranja, os bolos e as compotas (ambos caseiros). Que delícia! Aconselho a visita!"
43,"O outeiro do barro é um turismo rural bastante acolhedor. A Rita que foi a pessoa que nos recebeu é muito simpática e prestável em tudo. O quarto e a casa de banho é igualzinho ao que aparece nas fotografias. Tudo bastante acolhedor, limpo e agradável! O pequeno almoço é ótimo com vários tipos de opções, e ainda, um ótimo sumo de laranja natural. Obrigada pela excelente estadia. Recomendo!!"
44,"Uma passagem por Reguengos sem conhecer nada fui as novas tecnologias e através delas dei com um turismo Rural Outeiro do Barro. Liguei e fui atendida por a dona Rita  que foi muito prestável disse-lhe que estava a chegar. Disponibilizou-se logo para nos mostrar o quarto.....O quarto bem decorado. Receção muito acolhedora e foi o melhor pequeno almoço que até agora tomei num turismo Rural. Fiquei cliente e recomendo vivamente."
45,"Fomos muito bem recebidos pela Rita, que nos fez rapidamente sentir em casa. A quinta é maravilhosa e tem uma vista incrível. O quarto era espaçoso, moderno e decorado com muito bom gosto. Estava impecavelmente limpo. A cama era muito confortável. O pequeno-almoço era óptimo. Aconselho a provarem o bolo podre...é uma delícia."
46,"O pequeno almoço é dos melhores que tive até hoje em turismo rural. A cama muito confortável (a melhor até à data). O quarto muito aconchegante. A simpatia e disponibilidade da D. Joana que nos fez sentir em casa. Nem toda a gente nos serve um café nem nos faz um roteiro pra passeio. Muito bom, mesmo. Não pude comprovar o isolamento acústico do quarto uma vez que ao lado não estava ninguém (penso eu). O banho não é uma experiência agradável porque a casa de banho é muito fria."
47,"Descobrimos o Outeiro do Barro por acaso, e marcamos quase que de um dia para o outro. Como queríamos visitar aquela zona de Portugal, escolhemos algo que fosse típico, que tivesse boas críticas e que fosse central sem ser mesmo no centro de nenhuma terra. A nossa escolhe revelou-se a mais acertada! Desde o momento em que fomos recebidos sentimo-nos como que em casa. Um ambiente familiar, de comunhão com a Natureza e a Cultura, com vistas estupendas e a calma que aprendemos da zona alentejana, propícias para descobrir a verdadeira essência portuguesa. As casinhas são simples mas confortáveis, com wi-fi e tv, camas largas e num ambiente a puxar o moderno. O pequeno almoço também foi um dos pontos altos, com comida deliciosa e farta, com variedade e qualidade. Adoramos a simpatia"
48,"Excelente localização e atendimento. A Rita a mãe foram super simpáticas e atenciosas. O meu marido fez anos e as senhoras tiveram o cuidado de lhe preparar um miminho. Local super calmo e excelente para relaxar. Sempre muito asseado. Pequeno almoço com produtos frescos e saborosos. Um local sem dúvida a voltar e a recomendar. Muito obrigada a toda a equipa pela excelente estadia que nos proporcionou."
49,"Espaço muito agradável, composto por diversas casinhas, piscina exterior e parque de estacionamento gratuito.  Pequeno almoço divinal e simpatia no atendimento, fazem deste Outeiro do Barro uma referência no alojamento rural. Para nós foi uma excelente base de partida e chegada para conhecermos os arredores do Alqueva, seguindo as sugestões da simpática Dª Rita e sua mãe. Quartos e sala do pequeno almoço agradavelmente decorada e limpeza irrepreensível. Parabéns!"
50,"Muito bom. Staff simpático, alojamento confortável e limpo. Muito bem localizado, o ideal para relaxar ou viajem de negócios. O pequeno almoço é muito bom, recheado de produtos regionais e/ou caseiros. Certamente irei voltar"
51,"Adorei tudo =) A chegada a Rita (deve ser do nome) muito acessível, simpática, atenciosa mostro nos tudo a sala de refeições o quarto, o quarto com uma decoração super moderna, tudo limpinho nada a dizer. Dormimos do melhor. O acordar uma vista fantástica, um pequeno almoço delicioso com produtos caseiros um sumo de laranja divinal, um bolo de limão maravilhoso e o queijinho da terra maravilhoso.  Resumindo tudo muito bom , excelente   . A voltar um dia mais tarde =)"
52,"Um local fantástico com localização excelente e simpatia top. Um local a voltar assim que puder, O melhor para descansar e visitar o Alentejo. muito bom. pequeno almoço variado e quartos muito bons, vista linda."
53,"Esse hotel reflete toda a hospitalidade alentejana. rita e joana são as pessoas mais simpaticas e prestativas que se possa imaginar. A pousada tem todo um charme, muito limpa e com tudo de muita qualidade.  Recomendo que experimentem o bolo caseiro servido no café da manhã!"
54,"Foi sem dúvida nenhuma uma excelente experiência as duas noites que ficámos no Outeiro do Barro. Está localizado muito perto de Reguengos de Monsaraz, num sítio bastante tranquilo, com vista para Monsaraz e os campos. O quarto é confortável, com um pequeno alpendre cá fora, a decoração é simples e de bom gosto, a limpeza é irrepreensível. Todos estes atributos não fazem sentido sem a simpatia e disponibilidade da família, principalmente da Rita que gere o espaço. Foi um enorme prazer conhecer a Rita e a partilha da sua história até chegar ao Outeiro do Barro. Todo o espaço é mantido pela família da Rita com dedicação e atenção aos pormenores. O pequeno almoço é muito bom para começar bem o dia, tem vários produtos regionais e outros caseiros. O bolo da D. Joana estava delicioso."
55,"Localização: Excelente escolha para quem quer conhecer esta zona do Alentejo.  A dois minutos do centro de Reguengos, se tanto, é o ponto de partida para inesquecíveis incursões pelo Alqueva, por Monsaraz, Évora e outras localidades vizinhas.  Instalações: Perfeitas. Pitorescas casinhas/quartos alentejanos, em tons de branco e azul, rodeiam um pequeno, mas muito agradável jardim e uma acolhedora e refrescante piscina. Como apoio, um outro edifício onde fica a cuidada receção e a maravilhosa sala de pequeno-almoço. O terraço convida a um nascer de dia inesquecível. O quarto em que ficamos era muito agradável. Boa cama, decoração com gosto, quarto-de-banho impecável, televisão com a melhor oferta de canais de que já dispus ao fim de tantos outros hotéis, sofá e um pequeno terraço"
56,"Estive lá em finais de Dezembro de 2014. Foi tudo perfeito, dos quartos, passando pelo pequeno-almoço, terminando no atendimento. Os quartos possuem ar condicionado e o local é calmo, ideal para descansar."
57,"Estadia e férias fantásticas.  Um lugar extraordinários. Desde o bom gosto da decoração, a limpeza de todos os espaços e acima de tudo a simpatia dos qur lá trabalham.  O pequeno almoço é extraordinário, de comer e chorar por mais.  Optimo para férias em família, em casal ou com amigos. Fiquei fã, irei voltar...."
58,"Escolhemos ficar no Outeiro do Barro ao acaso. Escolhemos a zona e só depois o alojamento e não ficamos nada arrependidos. Pelo contrario, muito satisfeitos. A Rita e a sua Mãe sao anfitriãs soberbas, de uma simpatia imensa. Explica toda a zona e da conselhos do que fazer e do que visitar nas áreas circundantes.  E' um sitio tranquilo, onde o tempo passa devagar. Os quartos sao espaçosos, tudo muito fresco e limpo. O pequeno-almoço e' óptimo, sabores tipicos e caseiros. E a zona da piscina convida a um mergulho e a um descanso extra. :)     Excelente para quem tem crianças pequenas, tem imenso espaço para elas brincarem."
59,"Passámos uma semana neste alojamento. Foi tudo perfeito. o atendimento é sem duvida o ponto forte desta unidade.  O pequeno-almoco é bom. A localização é perfeita. Não é no meio da cidade mas é muito muito perto.  Voltaremos, com certeza."
60,"Espaço privado agradável, boa receção e bastante simpáticos, quartos limpos e com requinte. A piscina podia ser um pouco maior dado o numero de casas para alugar. O pequeno almoço é servido num espaço encantador com comida deliciosa e de boa selecção! Recomendo"
61,"quartos limpíssimos com uma decoração linda local sossegado e com ótimas vistas turismo rural no seu melhor com um ótimo pequeno almoço confecionado com ótimos produtos típicos  Alentejo no seu melhor  sem esquecer a enorme simpatia com que fomos presenteados"
62,"Ambiente familiar, acolhedor, calmo, limpo, excelente pequeno almoço. Piscina de água salgada. Por momentos esquecemo-nos que estamos hospedados ""algures"". Para nos abstrair-mos do corre corre de todo o ano é óptimo."
63,"Espaço rural agradável e bem explorado. Quartos muito acolhedores, confortáveis e bem decorados (e com ar condicionado, o que é muito importante face ao calor que se faz sentir). Cada alojamento consiste numa pequena casinha, decorada ao típico estilo alentejano, e tem um pequeno terraço com guarda sol que permite relaxar e usufruir do sossego daquela zona. Piscina de água salgada que, embora pequena, permite refrescar do calor alentejano e tem muitas espreguiçadeiras em redor para se aproveitar o sol. Pequeno almoço com alguns sabores típicos da região e preparado com notado cuidado.  De realçar a atenção e simpatia no atendimento. A repetir!"
64,"De fácil localização, chegámos e fomos recebidos com um enorme sorriso e simpatia por parte da Rita, a proprietária, quem nos mima do primeiro ao último dia, garantindo que tudo corre pelo melhor e fazendo-nos sentir em casa. Ficámos num quarto espaçoso e confortável com ar condicionado é um pequeno alpendre que fez as delícias dos finais dos dias. Tiramos partido da piscina durante todo o dia, tendo como serventia um pequeno frigorífico com bebidas frescas (basta anotar o consumo num ""papel"" e entregar no check out). O que existe de melhor é o fantástico pequeno almoço que faz as delícias de qualquer um. Prometemos voltar em breve. Parabéns"
65,"Ficamos no Outeiro do Barro numa viagem de amigos... os quartos são muito agradáveis e espaçosos, mas não estão bem insonorizados! Todo o espaço do turismo rural é agradável...  A piscina é pequena e o espaço envolvente não está bem conseguido.  A sala de pequeno almoço é muito acolhedora."
66,"Excelente qualidade este alojamento, quartos confortáveis, bem decorados e tranquilidade garantida..pequeno almoço de maravilhosa qualidade!será o meu alojamento quando voltar a Reguengos! Utilizei este alojamento como ponto de partida para conhecer o Alqueva e toda a sua zona envolvente,as dicas da D. Rita foram preciosas e de grande utilidade...espero voltar rápido a esta grande casa!!!"
67,"Excelente relação qualidade/preço. Atendimento personalizado em ambiente familiar mas discreto. Limpeza excelente e quarto com requisitos de conforto para uma óptima estadia. Recomendo para quem quer conhecer o Alentejo interior!"
68,"Ótimas condições de todo o alojamento, uma excelente diversidade ao pequeno almoço, e de produto regionais. Lugar de refeição com uma linda paisagem Muita simpatia no atendimento, e em todo o apoio prestado."
69,"Excelente localização permissivo do centro de Reguengos onde encontramos tudo desde farmácia multibanco 3 supermercados postos de abastecimento de combustível! O hotel é maravilhoso desde a simpatia da anfitriã ao pequeno almoço com produtos regionais ,muito bom ! O quarto não é muito grande mas é bastante agradável como o ambiente que rodeia o alojamento ,casa de banho agradável com tudo ! Espaço para estacionar os carros! Aconselho vivamente a quem visitar a zona de Reguengos ou monsaraz a ficar hospedado no outeiro do barro !"
70,"Simpatia e disponibilidade da anfitriã, Bom pequeno-almoço, servido num espaço primoroso e de pormenores, quarto simples mas muito agradável, toda a estrutura bem cuidada salientando a asseio apresentado em geral, exterior com estacionamento. Boa localização para usar como base numa visita à região. Excelente a relação preço vs qualidade; facilmente e sem receios, somos tentados a promover este espaço junto de outras pessoas que queiram visitar a região do Grande lago."
71,"O ambiente familiar fez as delicias da minha família, aconselho vivamente!  Só com pequenos almoços disponíveis, permitindo que conheçamos a gastronomia local, aconselhamento na recepção com rotas turísticas dedicadas à disponibilidade dos clientes.Rodeado de  Oficinas de barro com museus , herdades vinícolas, Castelos e zonas fluviais a visitar"
72,"Perfeito em tudo! A decoração, o sossego, o cuidado e preocupação em que nada falte aos clientes, e o pequeno almoço....sem palavras! Desde bolo caseiro a empadinhas mornas, passando por doces caseiros e sumo de laranja natural... Voltaremos assim que pudermos!"
73,"Grande atendimento e preocupacao de bem estar por parte da D. Rita, monte muito acolhedor. Pequeno almoço com grande variedade e com produtos da região, queijos, enchidos, doces, etc... Sítio a voltar aquando de visita a reguengos! Recomendo"
74,"Sem dúvida iremos voltar. Gostámos muito de tudo. Casinhas/Quartos muito bonitos, bem decorados, limpeza impecável. Muita simpatia e excelente pequeno almoço com produtos regionais e caseiros. Recomendo."
75,"Está localizado num sítio bastante calmo, as instalações são óptimas, o quarto impecavelmente limpo. A Rita e a mãe são super simpáticas e sempre disponíveis. O pequeno almoço é óptimo. Foi dos melhores sítios que eu encontrei para descansar."
76,"Local muito bonito, quartos muito acolhedores e confortáveis. Excelente pequeno almoço. Sentimo-nos muito bem acolhidos. A senhora que nos recebeu é muito simpática e atenciosa. Adorámos.Queremos voltar"
77,"Excelente localização, simpatia e arte de bem receber. Recomenda-se a toda a gente, excelente gosto na decoração, limpeza e comodidade, espaços verdes, excelente pequeno almoço. Vamos voltar concerteza!"
78,"Um espaço muito bonito e agradável. Os quartos estão muito bem decorados e os jardins bem arranjados. Não cheguei a ir à piscina mas parecia muito boa. O pequeno almoço foi excelente, com muitas coisas caseiras e deliciosas. ****UTC"
79,"Adorei adorei adorei ... não me canso de dizer. Simpatia, simplicidade e qualidade. Ficamos so uma noite mas pelo que vimos sem duvida que vamos voltar. Decoração muito simples mas que nos faz sentir bem a poucos quilômetros de Monsaraz. Melhor sumo de laranja que ja provei ... muito bom pequeno-almoço com produtos da região. Voltaremos com certeza porque faltou aproveitar a piscina. Apesar do tempo nao ter ajudado foi muito bom ter aproveitado tudo o que conseguimos. Para sair da confusão da cidade 5* e o acordar com a natureza 5*"
80,"A destacar a simpatia com que fomos recebidos, o pequeno almoço delicioso, a decoração dos quartos, a limpeza e a envolvente do alojamento. Local muito propicio ao descanso, óptimo para relaxar e fugir da confusão da cidade. A voltar sem dúvida."
81,"Acima de tudo, fomos muito bem recebidos pelos proprietários, que se mostraram sempre muito simpáticos e disponíveis. Com o charme próprio de um turismo rural, o local é muito agradável e ideal para relaxar e descansar. Destaco ainda o pequeno almoço, com produtos regionais e caseiros de muita qualidade. Um local a voltar concerteza."
82,"A 2 km do centro de Reguengos de Monsaraz, encontra-se esta pequena maravilha. Um espaço de paz construído com muito gosto - a decoração é, provavelmente, uma das mais bem conseguidas que vi. Ideal para quem quer desligar e simplesmente aproveitar o melhor do Alentejo. Preço-qualidade muito bom. Pequeno-almoço muito agradável. Simpatia em todos os momentos. Para um programa de dois dias, não esquecer Adega Ervideira, Herdade do Esporão, São Pedro do Corval (Patalim) e Monsaraz."
83,"Turismo rural muito perto de Reguengos de Monsaraz o que o torna o ponto de partida ideal para partir em descoberta desta Região vinícola de excelência. Acolhimento simpático, quarto bonito, funcional e muito agradável com Tv cabo e wifi. Pequeno almoço com produtos regionais de qualidade. Boa atmosfera para sair de passeio ou usufruir da piscina."
84,"O Outeiro do Barro é um excelente local para viver momentos de paz e descanso em pleno Alentejo! Com vinhas a perder de vista o onde só se ouvem os passarinhos e o vento a bater nas árvores (quando o há!)! As responsáveis pelo espaço são muito simpáticas e atenciosas! Local excelente para aliviar o stress! O pormenor do frigorífico com bebidas frescas na piscina é perfeito!"
85,"Uma simples estadia de 1 noite bastou para darmos nota máxima a este recanto tranquilo do Alentejo.  Eu, a minha esposa e o meu filhote adorámos.  A 2 min do centro de Reguengos de Monsaraz, uma quinta familiar, que nos faz sentir em casa, com uma paisagem fantástica, rodeada de laranjais, vinhas, etc., e com uma recepção simpática e atenta da D. Rita. Local muito tranquilo, perfeito para descanso, para relaxe, para desanuviar. Quarto cómodo, confortável, minimalista mas mais que suficiente, ar condicionado indicado, wi-fi perfeito (do melhor que apanhámos em turismo rural). Zona da piscina muito agradável, com um frigobar disponível com bebidas frescas a preços baixos; piscina propriamente dita não muito grande, mas mais que suficiente para umas braçadas e umas boas"
86,"Gostámos de tudo. Os quartos são simples mas charmosos, bem decorados e bastante confortáveis. O nosso quarto (penso que os outros também), tinha wi-fi com um bom sinal. A piscina de água salgada é muito agradável. O pequeno almoço é muito bom, com produtos regionais e caseiros de boa qualidade. Contámos sempre com a atenção e simpatia da Rita. Voltaremos certamente."
87,"Gostei muito de revê-la D. Rita e D. Joana. Foi um fim de semana com o objetivo comprido...descanso e relax. Tudo fantástico,  como já esperava encontrar, o quarto, a limpeza,  a piscina e o famoso peq almoço!  Aconselho a reservar mesa para refeições a horas nos fantásticos restaurantes de Monsaraz, principalmente se for ao fim de semana!"
88,"Simpático é o adjetivo que melhor classifica uma experiência neste local. Os quartos são casitas de acesso direto para o exterior, equipadas com WC, TV satélite, WI-FI e ar condicionado .  Há uma piscina com água salgada, de dimensões bastante comedidas, mas muito agradável para atenuar os efeitos do calor Alentejano. Ao desfrutar desse local, pode ser surpreendido pela Proprietária com a oferta um jarro de limonada convenientemente gelada.  O pequeno almoço tem produtos excelentes: sumo de laranja natural  (e não feito de concentrados) muito bons enchidos e queijos.  Aspetos menos positivos para uma estadia mais repousante foram a altura das almofadas (demasiado altas) e o ladrar dos cães. Embora as habitações tenham uma boa insonorização, numa noite em que me apeteceu apreciar"
89,"Adorei a estadia :) é vou voltar desde o cuidado com a limpeza do quarto se estaríamos ou não para fazer a limpeza, o pequeno almoço caseiro, a optima piscina e a calma e a paisagem magnífica, optimo para descansar"
90,"Estivemos hospedados no Outeiro do Barro, durante 2 dias, e confesso que me apetecia fica mais tempo. Gostamos de tudo! A simpatia da Rita e da mãe são um trunfo muito grande. Tudo muito limpo e bem decorado. O pequeno almoço é maravilhoso. Havemos de voltar!"
91,"Um complexo de Turismo Rural novo, formado por diversas suites bem decoradas, totalmente independentes,  situadas ao redor de um terreno com arvores de fruto e uma piscina. Do equipamento das suites faz parte uma cama muito confortável, uma televisão por cabo e um aparelho de ar condicionado. O acesso Wi-Fi grátis funciona muito bem em todo o complexo. O acolhimento feito pela Srª Rita Murteira, foi excelente e o pequeno almoço é digno da melhor nota, repleto de iguarias regionais feitas na hora. Fica a promessa de repetir assim que possível."
92,"Hotel maravilhoso e acolhedor com um atendimento impecável. Rita e Dona Joana nos fazem sentir em casa.Quarto espaçoso e confortável. O café da manhã é muito gostoso com bolo caseiro e sucos naturais. Não vejo a hora de voltar."
93,"Monte típico, muito bem arranjado e enquadrado numa bela paisagem alentejana. Fomos recebidos com a maior simpatia, os quartos são bastante acolhedores, impecavelmente limpos e todos equipados. O pequeno almoço foi óptimo, com sumo de laranjas frescas e produtos típicos da região. Os donos foram sempre bastante atenciosos e fizeram-nos sentir ""em casa"". Uma experiência excelente que nos deixou com vontade de voltar."
94,"Excelente lugar para visitar o Alentejo. Tudo muito bonito e decorado com gosto. Local fica numa quinta com várias laranjeiras, piscina. Bom pequeno almoço, servido numa bonita sala com excelente vista. Local a voltar!"
95,"Boa localização, com uma vista lindíssima sobre Monsaraz (principalmente no terraço por cima da receção).  À chegada a simpatia da Rita e da sua mãe proporcionam um atendimento diferenciado, que nos fazem sentir como se estivessemos em nossa casa. Os alojamentos são confortáveis, com limpeza impecável e com uma decoração fantástica. O pequeno almoço é muito bom com bom pão, queijo e enchidos da região, compotas, bolos, etc.  A piscina é um local para descontrair e aproveitar as horas de sol de uma forma agradável no sossego, tranquilidade e paz que o local proporciona. Wifi em todo o lado. Recomendo vivamente."
96,"Recomendo firmemente uma estadia nessa pousada. O local é lindo, os quartos confortáveis e muito agradáveis. O café da manhã é bem especial, caseiro e saboroso. A proprietária Rita faz questão de dar aos hóspedes um atendimento diferenciado. Toda a pousada é muito bem decorada. Parabéns pelo cuidado e atenção!"
97,"Adoramos tudo. É um lugar lindo com um servico muito bom, pessoal e com toda a atenção da Rita. O pequeno almoço é simplesmente maravilhoso.    Vou voltar de certeza. Wifi em todo o lado e estacionamento. Facil de chegar."
98,"Excelente opção para ficar, em Reguengos! Muito bem situado, às portas da cidade, novo, ""fresco"", genuíno. Enorme simpatia, disponibilidade e profissionalismo da gerente do alojamento. Os quartos são ""pequenas casinhas"" distribuídas em redor de um laranjal, permitindo usufruir do prazer de estar no campo e simultaneamente dos serviços que a cidade oferece. Bonita decoração, limpeza impecável, camas muito confortáveis. Excelente pequeno almoço, com produtos regionais de qualidade, doces caseiros, bom café e um sumo de laranjas acabadas de colher na propriedade, absolutamente delicioso! De fazer ""inveja"" a muito bons hotéis!!  Zona de vilas históricas, paisagens lindíssimas e excelente gastronomia...muito para descobrir!...Voltaremos..."
99,"Adoramos tudo, a paisagem, o simpático e limpo quarto, a piscina que tivemos oportunidade de experimentar mesmo sendo Outubro, o pequeno almoço fantástico e caseiro e, claro, não podia faltar a simpatia da Dª Rita!!!"
100,"Não há palavras para descrever o quão bem fomos tratados neste pequeno paraíso! Por mais qualidades que possa descrever desta estadia, nenhuma fará jus a tamanha hospitalidade, simpatia e carinho que recebemos! Vamos voltar com toda a certeza! Fica aqui o nosso MUITO OBRIGADA D. Rita e D. Joana"
101,"Vou correr o risco de ser repetitivo algo que nao gosto mas o Outeiro do Barro é realmente excepcional, mais do que as palavras é preciso viver a experiência de estar hospedado neste alojamento que para mim e para a minha esposa foi gratificante."
102,"O que dizer quando tudo é perfeito? Desde a localização, ao serviço, ao fantástico pequeno almoço com uma vista lindíssima sobre Monsaraz, às iguarias da região (queijo, enchidos, pão, compotas, bolos, etc..). E por fim, o mais importante, a simpatia e profissionalismo da Rita e da sua mãe. Fizeram-me sentir em casa. Obrigado pela experiência!"
103,"A simpatia da família propietaria vale cada minuto de conversa jogada fora. Os chalés ficam no fundo da casa da família e são muito arrumados, tudo novo. O café da manhã é ótimo. Comentei que sou celíaca e eles prepararam uma refeição especial para mim sem glúten. A localização é ótima para quem vai a Monsaraz (cidade que recomendo fortemente a visita), herdade do esporão para prova de vinhos e azeites e olarias para comprar os pratos mais maravilhosos e com bom preços. O meu gps não encontrou a rua, por isso segue ai a coordenada: N 038 26.115, W 07 32.690."
104,"Adorei a estadia. A delicadeza da Rita, a higiene de todo o complexo, a decoração leve e jovem, os excelentes pequenos almoços não só em diversidade como também em quantidade e a simpatia com que fomos agraciados à chegada com um mimo, (um bolo e um licor), pela celebração dos nossos 25 anos de casados. Tudo mt bom. Mt obrigado e que continuem assim sempre."
105,"Excelente localização. Espaço muito simpático e acolhedor. Local calmo e muito limpo.  O Pequeno almoço é excelente. Pessoal muito simpático, atento e profissional. Aconselho vivamente a casais ou famílias com crianças."
106,"Quem procura passar uns dias agradáveis e descansados, o Outeiro do Barro é o local para ficar hospedado.  A decoração fantástica, limpeza e higiene, simpatia do pessoal, excelente pequeno almoço, agradável piscina e infraestruturas, localização e conforto. Tudo excelente!  Recomendo MESMO!"
107,"Extraordinário! Pernoitámos 3 noites e ficámos absolutamente maravilhados. As proprietárias, D. Rita e D. Joana, foram impecáveis. Nada a salientar.  Desde o quarto, tudo extremamente limpo, bem decorado, a WC super asseada, o pequeno-almoço foi a cereja no topo do bolo (pão de ló de laranja fantástico, café c/ leite, fruta da época doce e saborosa, compota de abóbora fantástica, pão alentejano um mimo, enfim... sem palavras), e, claro, o enquadramento e a localização completam-se. Éramos 4, 1 casal e 2as crianças, um bebé c/ 13 meses e uma menina de 5 anos, e foram fantásticas. A atenção em me auxiliar com os cuidados do meu pequenino, no que toca à higiene e comida do meu filhote foi uma atenção muito agradecida. Recomendamos sem dúvida. Muito sucesso e muita boa sorte ao"
108,"Fomos passar um dia em Reguengos de Monsaraz e a nossa primeira escolha foi um pequeno hotel com uma decoração requintada e ao mesmo tempo com um traço alentejano presente.  Fomos recebidos com um enorme sorriso da Rita que por sinal é a proprietária deste fantástico espaço ! Ela foi super atenciosa e deu nos uma explicação pormenorizada do hotel e quarto bem como nos sugeriu varias atracções próximas de Monsaraz.  O pequeno almoço estava fantástico mais uma vez com toda a genuína atenção da Rita. Desde um pequeno almoço continental com todos os produtos frescos juntando fantásticos produtos regionais. Queremos agradecer e dar os parabéns à Rita e à sua mãe pelo espaço lindo, por toda a alegria e excepcionalidade de serviço que oferecem. Até à próxima visita !"
109,"Acabados de sair do Outeiro do Barro, depois de uma estadia de 3 noites, estamos surpreendidos com a qualidade e hospitalidade da maravilhosa equipa que fazem a Rita e a D. Joana. Desde o momento em que chegámos mais tarde do que a hora de check-in, devido a motivos de trabalho, que fomos extremamente bem recebidos. Os quartos são do tamanho ideal para duas pessoas, simples e elegantemente decorados, notando um bom gosto contemporâneo, não descurando a autenticidade alentejana. A cama era muito confortável, tal como eram os lençóis e as toalhas de muita qualidade. Tinha uma TV com canais por cabo e wifi com sinal máximo e bastante rápida, o que por vezes é difícil de encontrar em hotéis. O serviço de quartos é efectuado todos os dias, incluindo a troca de toalhas, e para"
110,"Só ficámos uma noite no Outeiro do Barro, mas ficavámos lá dias a fio se  possível. Da simpatia da Rita ao conforto dos quartos passando pela tranquilidade do local, foi tudo maravilhoso. Senti-me como se estivesse em casa. Recomendo a todos os que por ali passem!"
111,"Fomos de fim de semana ate ao alentejo e ficamos alojados neste local,apenas poderemos dizer bem, a simpatia da Rita e os lindos quartos faz com que realmente nos sentimos em casa. Maravilhoso pequeno almoço, com produtos caseiros e do nosso Portugal! Sou um amante de tudo o que é nosso e temos que ajudar o nosso país, ferias são 90% em Portugal!  Excelente decoração.  Fica só a dica para colocarem 2 chapeus de grandes dimensões na piscina. :) Iremos voltar! Marvilhoso"
112,"Adorei este sitio, simpatia da Rita e da Sra sua mãe, um pequeno almoço muito bom, no terraço com uma vista maravilhosa, o bolo caseiro o pão alentejano, os queijos e as compotas caseiras, o sumo de laranja acabado de fazer, enfim gostei de tudo, a piscina, o quarto uma maravilha, ouvia-se o silêncio....Adorei e voltarei com certeza! Obrigada Rita por estar sempre prestável para dar dicas onde comprar o melhor dai do Alentejo, e por tudo, o meu muito obrigada...Recomendo vivamente o Outeiro do Barro."
113,"Gostei muito de ter estado uma noite neste turismo. Serviço óptimo e muito simpáticos. Não experimentei a piscina mas está tudo muito bem arranjado. Único problema é que a insonorização dos quartos não é perfeita.  Sitio muito bom para passar um fim de semana ou uma semana de férias para um descanso completo."
