,Avaliações
0,"Para quem procura um alojamento moderno, esta antiga residencial não servirá. Tem os mínimos exigíveis atendendo aos preços cobrados e às instalações que são antigas. Tem quartos com WC privativo, mas que fica no corredor e não dentro do quarto. O local, devido a ser antigo, deixa que se oiça o ruído de portas a abrir e a fechar. Ficaria bem melhor com uma remodelação. O melhor de tudo é a simpatia da pessoa que toma conta do local."
1,"Péssima experiência e atendimento! Preço da reserva pelo Booking não corresponde ao preço praticado pela Hospedaria no momento do check-in. Embora o proprietário tenha reconhecido que esta situação já aconteceu ""dezenas de vezes"", nada tem sido feito para alterar na plataforma... simplesmente cobram no ato do check-in um preço inflacionado em 50% e pedem ao cliente que ""vá reclamar com o Booking"", até porque o estabelecimento não possui Livro de Reclamações (ou recusa-se a apresentar)."
2,"Excelente localização. Boa limpeza e funcionários simpáticos. Wifi gratis. O pequeno é bom, para o nível de uma albergaria. Sitio a voltar a proxima vez que passar por Beja. Vários restaurantes nas redondezas e fáceis de encontrar."
3,"Hospedaria limpa e com funcionários simpáticos. Quarto confortável e com amenities no no WC do quarto, tem secador e WIFI grátis. O pequeno-almoço é continental e excelente para um dia de visita à cidade. Localização perfeita e junto à hospedaria encontra lugar para estacionar o carro facilmente."
4,"A Hospedaria é muito antiga e está pouco cuidada e desleixada. A limpeza deixa muito a desejar principalmente nos WC. Têm materiais com ferrugem e marcas de bolor. Alguns aspectos poderiam ser melhorados com poucos recursos."
