,Avaliações
0,"Casa bem organizada de forma a acomodar de forma eficiente e conforme as necessidades os diferentes hóspedes. Cozinha e sala de estar partilhada para uns tipos de quarto, privativa noutros. Uma piscina pequenina mas que chega para refrescar no duro calor alentejano. Perto tem vários cafés e supermercado e uma recepção como só os alentejanos sabem dar.  Pequeno almoço variado numa sala de decoração moderna mas acolhedora. Só o Wi-Fi impede de dar as 5 estrelas, fraca cobertura e péssima qualidade de sinal."
1,"Local muito tranquilo e óptimo para descansar, simpatia no acolhimento, instalações extremamente limpas e alojamento muito bem recuperado e bem equipado. Pequeno almoço simples mas muito agradável e com muita simpatia por parte da senhora que o preparou."
2,"A experiência neste alojamento não foi a melhor, dado que foi marcada uma estadia com 15 dias de antecedência, recebido o email de confirmação da reserva e, quando chegou o dia, a proprietária tinha esquecido de reservar e não tinha mais quartos disponíveis. É certo que resolveu a situação e arranjou outro local para ficarmos, mas a 25 km dali e num sitio que não tínhamos escolhido, apesar de agradável no final. Uma experiência a não repetir."
3,"Este alojamento faz parte do leque de opções do pack Fugas 2 Noites da Odisseias. Tive o cuidado de verificar no Booking se o mesmo estava esgotado ou não para as datas que pretendia, uma vez que é um fim-de-semana prolongado e constatei que o alojamento tinha (e tem ainda) dois quartos livres. Uma vez que nas restrições que apresenta no pack não refere fins-de-semana prolongados decidi contactar por telefone para fazer a reserva. Liguei sete vezes em dois dias e nunca atenderam. Procedi então à tentativa de reserva via site Odisseias e recebi como resposta do próprio alojamento ""só depois do dia (dia seguinte às datas pretendidas)"". Enviei um print screen do Booking que mostra a disponibilidade e obviamente não recebi mais nenhuma resposta. Inadmissível esta discriminação numa"
4,"Simpatia no acolhimento, apartamento muito agradável. Optimo para descansar. Bem equipado, cozinha e pátio para petiscar. Piscina qb para refrescar. Bom pequeno almoço.Boas acessibilidades, facil estacionamento.  Recomendo."
5,"Passámos uma noite no local. Quarto razoável face ao preço. Limpeza razoável. Acesso a wi.fi. Zona exterior muito bonita. Cozinha funcional. O pequeno almoço são os hospedes que o fazem. Há pao quente á disposição. De resto, somos nós que confecionamos. Alojamento um pouco ruidoso. Boa relação qualidade/preço."
6,"Várias casas e quartos no local. Uma piscina fantástica e um calor que ajuda! Alguns dos quartos partilham cozinha, mas todos tem WC privado. Os pequeno-almoços são bons, o pão é qualquer coisa do outro mundo! Vale muito a pena, tivemos lá 1 semana, mas ficávamos bem mais!"
7,"Ligamos com a proprietária e explicamos que procurávamos um sítio calmo para passar doze dias. Explicamos que precisávamos de descansar. Quando chegamos havia obras na casa ao lado o que a proprietária omitiu. Havia muito barulho de máquinas e martelos. Fizemos 200 km em vão. Quando falamos com ela apenas respondeu... Não posso fazer nada!  Lamentável."
8,"Local agradável para umas boas férias em família.  As funcionárias são bastante simpáticas, perguntando sempre se tudo estava de acordo as nossas expectativas.  Boas acessibilidades a Moura e a vários supermercados.  Sugiro que seja instalado wi-fi na casa.  Aconselho."
9,"Local muito agradável. Fomos muito bem atendidos à nossa chegada e o alojamento era muito bom. Os quartos e a sala bem decorados e com ar condicionado.A cozinha equipada com o essencial. O pequeno almoço muito bom O frigorífico tinha o essencial e todos os dias de manhã era-nos fornecido pão fresco e de boa qualidade. A piscina muito agradável. As funcionárias muito atenciosas, perguntando sempre se estava tudo bem e com tudo muito bem cuidado"
10,"Adorei tudo! Desde o espaço, decoração, cuidado e limpeza à simpatia com que fomos recebidos. Pequeno almoço perfeito! Local perfeito para descansar, namorar e relaxar. Boa localização. Aconselho vivamente a todos. O Alentejo é maravilhoso!"
11,"Terra de gente muito simpática e muito atenciosa. Ficamos no estúdio que é um apartamento muito bem decorado e com tudo o que se precisa. Com  acesso direto ao exterior onde se encontrava a piscina ...sitio muito limpo e muito bom para apanhar sol....  Todos os dias pela manhã era deixado o pão para o pequeno almoço muito bom e sempre quentinho. Sitio a voltar sem dúvida."
12,"No centro da aldeia de Pedrógão surge este turismo com mobiliário rústico e simples. Uma casa bem aproveitada com quartos com acesso a cozinha comunitária e apartamentos completos. Ficamos no piso inferior que apenas tem 3 quartos e a cozinha.  O nosso quarto era simples mas elegante contudo eram notórios sinais de humidade e tinta a estalar. O wc era grande e tinha banheira que pecava por não ter cortina. O quarto era bastante quente, problema resolvido com o ar condicionado. O pior era o isolamento face ao piso superior. É preciso sorte com os vizinhos. A cozinha era bonita mas apenas tinha uma mesa. Se todos os quartos quisessem tomar o peq. almoço à mesma hora, era complicado.  Faz falta reforçar os talheres. Quase não havia colheres pequenas. O espaço exterior é muito"
13,"Estupendo! Tranquilo, acolhedor, muito limpo, peq almoço muito bom, Ideal par quem quer fazer um retiro longe da azáfama das grandes cidades! O espaço exxterior é muito agradável, optimo para ficar á conversa depois do antar, a saborear um café. Adoramos!"
14,"Bom atendimento; casa bem equipada e confortável; piscina limpa e pronta a usar já em Abril; pequeno almoço suficiente feito por nós com as coisas disponíveis na cozinha/frigorífico (nota máxima para o pão fresco ainda quentinho, pior apontamento: falta de produtos regionais...queijinhos, enchidos...), limpeza da cozinha posterior fica a nosso cargo. Gostei muito :)"
15,"Quarto asseado e confortável. Espaço exterior com bom aspecto e piscina qb, apesar de ligeiramente suja mas ainda não era verão. Pequeno almoço muito fraco, sem elementos regionais, muito do que se pode ter em casa. Pelo valor já fiquei em turismo rural com produtos regionais e que os proprietários fazem questão de colocar à disposição. Excelente para descansar."
16,"Decoração, pormenores, espaços comuns, tudo muito bom, camas bastante confortáveis, internet gratuita, a senhora que nos recebeu também muito simpática. O pequeno almoço é razoavelmente bom mas podia ter mais produtos regionais."
17,"Os apartamentos são muito confortáveis e limpos. Estive nos apartamentos com acesso à piscina.  Os pormenores são o mais importante, toalhas lindas e  limpas bordadas.  A salamandra foi o melhor, visto ter ido em dezembro. Pequeno almoço simples mas bom. Perfeito para famílias."
18,"Enganaram-se na nossa reserva, o que nos fez adiar em 1 dia, o check in, para irmos para o apartamento estúdio. Apartamento aprazível, espaçoso e moderno, com acesso direto à piscina, ótimo para uns dias de descanso, sem agarrar no carro (desde que já tenhamos as compras feitas). No entanto, quando chegámos (quase 2h depois do horário do início do check in) o quarto não estava totalmente pronto (faltava secar) e não tivemos direito ao Mimo regional, nem foi referido. O pão do peq-almoço era delicioso, mas só tivemos capsula de café para o 1º dia, não tendo sido reposto para o dia seguinte. A água da piscina não era totalmente límpida. De manhã ouvia-se muito barulho, era impossível dormir depois das 8h. De qualquer das formas, a experiência foi positiva."
19,"Alojamento em duplex T1 com grande qualidade, super bem equipado e localizado. Piscina na parte detras, com agua salgada, e solario. Permite não mexer no carro durante a estadia. Todos os dias pão fresco para o pqueno almoço pendurado na porta."
20,"O pequeno-almoço é farto e variado. A limpeza da casa é bastante boa, mas a piscina necessitava de mais cuidados.  O miminho regional de boas vindas, previsto no voucher, não existiu, nem foi mencionado. Ouvia-se bastante barulho no quarto, tanto vindo da piscina, como da entrada da casa. Provavelmente os quartos do piso superior são mais tranquilos."
21,"Excelente para descanso, boa piscina, quartos bons com casa banho própria.  Como ponto negativo que não é da responsabilidade dos proprietários - Vizinhos barulhentos - as pessoas devem ter noção que este é um espaço comum e deviam tentar passar uns dias em harmonia e não como se toda a casa estivesse por conta deles."
22,"Queríamos conhecer o Alqueva o que acabou por ser uma desilusão. Felizmente a casa de Pedrógão revelou-se uma maravilha. Nunca pensei que dormir, comer, mergulhar e repetir tudo vezes sem conta fosse tão bom! Mas é! Ideal para um descanso mais que merecido. Recomendamos e vamos voltar."
23,"Localizado no coração do Alentejo, na recatada vila da Vidigueira, ideal para quem quer fugir da azáfama das grandes cidades; só fiquei uma noite, não consegui usufruir da piscina mas tive uma noite de sono absolutamente descansada e silenciosa. Fiquei com vontade de voltar, desta vez sem ser a trabalho e com tempo para usufruir da calmaria tipicamente alentejana."
24,"Simpatia da colaboradora que me atendeu é de destacar. As instalações são muito agradáveis, gostei muito do ambiente mais caseiro do local, de poder beber um café expresso ao pequeno almoço - coisa rara - e de, se antes de dormir apetecia qualquer coisa, a cozinha estava aberta com uma grande variedade de frutas e chás, para além de uns biscoitos."
25,"casa bem arranjada e agradavel,mas uma das coisas negativas foi o facto de estarmos numa regiao gastronomica espectacular e quandi temos um voucher de alojamenyo e peq almoço,seria de esperar um peq almoço caseiro com produtos da regiao o que nao aconteceu deixaram-nos no frigorifico coisas que encontramos todos os dias no supermercado apenas nos truseram pao mole ,tb deixaram coisas ja abertas ou mesmo vazias ;a caixa do cha .poderia havermais cuidado na roupa de cama e almofadas,penso que pelo preço teriamos ficado melhor noutra casa ou mesmo hotel da regiao"
26,"Excelente local para descanso em familia, num excelente e agradável T0. Apesar do frio a lareira dá um excelente ambiente e a piscina bem localizada também deverá ser muito bom no calor do verão. O pão fresco do pequeno almoço é muito bom!"
27,"Aconselho a estadia. No Alentejo perto de Moura e Serpa. Mesmo com calor intenso a casa é fresca e podem aproveitar a piscina. Tem cozinha que podem utilizar, com produtos da região. Gostei particularmente do pão alentejano."
