,Avaliações
0,"Guest house confortevole con un bizarro arredamento che vorebbe revocare l'antica Roma. A parte questo molto spaziosa con un terrazzino piacevole ed adatta ad ospitare più persone e con cucina dotata di tutto. Ambienti puliti e situata proprio in centro a Beja."
1,"Belle expérience par les lieux tout à fait particulier mais aussi par l’accueil chaleureux de Jorge. Un décor de film, confortable, fonctionnel et propre . Très bien placé, pour se promener ou bien se restaurer. Possibilité d’utiliser la cuisine. Nuria et Anibal"
2,"Super accueil, hôtes très sympathiques chambres et décoration agréable. Petit-déjeuner à la hauteur d'un bonne hôtel endroit vivement conseiller Bravo Eunice et Georges. Cuisine et frigo à disposition toute ja journée un mot un geste georges fait le reste ... a bientôt"
3,"Excelente alojamento, muito bem localizado no centro de Beja, dá para ir à pé conhecer todas as atrações turisticas e monumentos. A limpeza é 5 estrelas. O pequeno almoco diversificado, excelente. O casal anfitrião super atencioso, muito simpáticos, sempre disponiveis para ajudar, fizeram-nos sentir super à vontade, como se estivéssemos em casa. Atendimento 5 estrelas"
4,"Très bien placé, à quelques pas de la place de la republica et du superbe musée régional de Beja, la chambre ( et le bnb )est toute neuve. Jorge, le tout jeune fondateur de ce BNB est très prévenant, le petit déjeuner est top. Pouquoi ce décor romain? La réponse est dans l'histoire de la ville de Beja."
