Sentiment, Review
"Positive", "ficamos no hotel duas noites na primeira noite jantamos no restaurante do hotel como temos por habito fazer em cada estadia em hotel a comida estava ao nivel de uma diaria nao tinham carta de vinhos e o servico foi pessimo ao longo da nossa estadia cruzamo nos varias vezes com o staff de housekeeping nomeadamente uma senhora que aparentava ser a responsavel que nunca estava fardada e sempre sem mascara o que nao consideramos uma boa pratica nestes tempos de covid o pequeno almoco e bom mas basico no entanto o servico mais uma vez pessimo nomeadamente o funcionario de colete polo fardado de forma diferente dos outros e que aparenta ser o responsavel nao tem qualquer nocao de atendimento ao cliente estamos num estrelas e espera se um minimo de qualidade"
"Positive", "no geral ha uma imensa falta de atencao ao detalhe os quartos precisam ser reparados ha cortinas rasgadas e banheiras sem tampao por exemplo no que toca a piscina varios chapeus de sol estao em mau estado de conservacao assim como as espreguicadeiras ainda neste tema nao ha qualquer controlo da piscina entao as criancas e alguns adultos andam a mergulhar e molhar tudo em volta sem qualquer tipo de respeito pelas regras na entrada na primeira noite pedimos na recepcao um frape e copos o funcionario que foi levar disse que nao lhe tinham dito nada sobre copos comemos uma noite no restaurante e o servico foi fraco pouco atencioso nao tinham informacao de que tinhamos uma refeicao pre paga nao ha carta de vinhos escrita e tivemos que pedir mo vinho tres vezes porque"
"Positive", "recomendo este hotel acusticamente irrepreensivel e muito agradavel o pequeno almoco e regular mas bem servido e a piscina importante quando estao quarenta graus centigrados localizacao relativamente proxima do centro de beja"
"Positive", "num fim de semana com covid a solta optamos pela idade tranquila de beja a escolha do beja parque foi positiva localizacao e parqueamento faceis quarto satisfatorio pequeno almoco suficiente para um usufrui da piscina com satisfacao"
"Positive", "excelentes ferias em familia hotel acolhedor confortavel e longe de multidoes pequeno almoco bufet com boa variedade e funcionarios super atenciosos numa altura em que procuravamos fugir a grandes aglomerados a escolha deste hotel tornou se uma excelente escolha sentimos nos super seguros todos os presentes respeitam o espaco de cada um inclusive na piscina grandes espacos verdes e expreguicadeiras sempre disponiveis aconselho a quem queira umas ferias tranquilas em familia"
"Positive", "optamos por este hotel porque o local onde ficamos habitualmente hotel francis esta encerrado o local e agradavel amplas areas comuns e uma piscina com bastante espaco verde o quarto e confortavel embora muito barulhento pois o isolamento acustico da janela nao e o mais indicado para esta localizacao em cima de uma rua muito movimentada pequeno almoco muito variado em em regime de bufet"
"Positive", "anteontem ao contactar diretamente o hotel informaram me que o preco por noite para um casal com pequeno almoco incluido seria de noite para o fim de semana de a de maio que coincide com o evento ovibeja confirmei o interesse pedindo que me enviassem um mail com os dados de pagamento como ate hoje ainda nao tinham dito nada liguei e para minha surpresa indignacao pediram desculpa e informaram que o preco por noite seria uma vez que a reserva coincide com o evento ovibeja cancelei a reserva e informei que outro hotel com localizacao mais proxima do evento para o mesmo fim de semana com as mesmas condicoes e conscientes de que se trata do fim de semana do evento ovibeja apenas cobram noite espero que o gerente deste hotel saiba mesmo o"
"Positive", "chegando ao hotel deparei me com obras exteriores no mesmo sem ter sido avisado aquando da reserva resultado tive de deixar a minha viatura longe do mesmo fiz check in e quando chego a porta do quarto que me foi atribuido estava de porta aberta ainda todo sujo e desarrumado sendo que a pessoa da recepcao nem ao outro lado me mandou depois de tomar conhecimento do sucedido chamou a senhora das limpezas que fez o possivel por despachar a limpeza para esquecer horrivel experiencia"
"Positive", "hotel bem localizado e simples para entrar e sair e com estacionamento salas de reuniao e confortavel boa simpatia dos funcionarios e muito prestaveis hotel simpatico precisa melhorar a sua apresentacao e imagem exterior"
"Positive", "estive em trabalho neste hotel acolhedor limpo e simpatico quartos e wc s bons com lcd com canais por cabo varanda espacosa com cadeiras o hotel tem restaurante a funcional servico de bar bom tem piscina e jardim pequeno almoco muito variado com muita coisa para comer aconselho o hotel para qualquer tipo de situacao"
"Positive", "fomos um grupo muito grande quartos as refeicoes foram muito bem servidas atendimento muito simpatico o bufet de pequeno almoco variado e com qualidade zona davpiscina fantastica a voltar garantidamente"
"Positive", "fomos a procura de descansar e relaxar sem as nossas criancas e conseguimos o staff mto simpatico piscina e jardim ideal para relaxar jantamos no bar pk o rst do hotel tinha tido um casamento no dia anterior mas fomos mto bem servidos e atendidos o quarto impecavel e mto limpo com vista para o jardim e piscina e o colchao super confortavel peq almoco bom com variedade e bolo caseiro adorei as broas de gila apenas a apontar k o hotel ja precisava de algumas pequenas remodelacoes quanto ao resto td bom"
"Positive", "esta tudo otimo nos quartos mas de resto fica a desejar para estrelas sem parque coberto para carros sala dos pequenos almocos muito fraco pouca sombra no jardim da piscina nao voltaremos os precos estao otimos"
"Positive", "as instalacoes sao agradaveis e limpas o buffet de jantar foi muito mau a variedade muito reduzida e a qualidade bastante baixa tinha pratos principais um de carne e outro de peixe ambos muito fracos para as criancas tinha pizza com aspeto congelada isto levou a que nao repetissemos o pequeno almoco oferece variedade e qualidade razoavel exceto a fruta da epoca que nao correspondia da mesma forma por vezes estava azeda quanto ao servico de quartos as toalhas eram extremamente rijas inclusive uma delas estava rota este hotel nao corresponde a qualidade oferecida normalmente por um estrelas"
"Positive", "o hotel fica bem localizado logo a entrada de beja e oferece boas condicoes de estadia a destacar a higiene e os pequenos almocos muito variados a tranquilidade e excelente infelizmente falta como em quase todos os hoteis de estrelas um pouco mais de tipicidade de calor e personalizacao na decoracao mas e agradavel e recomendo"
"Positive", "hotel localizado a entrada de beja com estacionamento no local quarto confortavel com varanda boa wc check in e check out sem problemas e atendimento com simpatia pequeno almoco pouco variado mas de boa qualidade"
"Positive", "hotel localizado bem no coracao de beja que proporciona uma boa estadia quartos confortaveis bom pequeno almoco boa relacao preco qualidade boas infra estruturas com bons acessos proximo de tudo"
"Positive", "hotel agradavel bem situado quartos limpos e staff atencioso pequeno almoco variado a nossa estadia foi de domingo para segunda e quase todos os restaurantes em beja estavam fechados existe um restaurante no hotel que estava aberto ate as h a comida vem servida diretamente no prato"
"Positive", "adoramos tudo no hotel desde a limpeza a simpatia a qualidade e diversidade do pequeno almoco ao parque de lazer para as criancas com insuflavel piscina e baloicos adorei e irei voltar mais vezes parabens a toda a equipa do hotel"
"Positive", "ja fiquei neste hotel varias vezes mas em agosto tive pela primeira vez a sensacao de que o hotel nao tem meios humanos suficientes para ter lotacao esgotada piscina com imensa confusao pequeno almoco caotico e"
"Positive", "pequeno almoco muito bom pessoal simpatico precos acessiveis no bar espaco da piscina e bom agua um pouco fria de mais higienico e bem localizado poucos lugares de estacionamento mas vale a pena"
"Positive", "hotel localizado a poucos metros da estrada nacional os quartos sao bons sendo o pequeno alomoco fraco para um hotel de estrelas piscina tem poucas zonas de sombra tem parque pequeno para criancas perfeito se estiver de passagem ou se quiser conhecer a zona e passar uns dias"
"Positive", "desiludido para um hotel de estrelas fica a desejar nao ha bar aberto na piscina quero beber ou comer tenho q me deslocar ao interior ao buffet comida normal nada de especial nao comi na sobremesa nada de tipico do alentejo internet fraca televisao canais num hotel de estrelas cairam as prateleiras do meu guarda roupa tudo bem acontece avisei na recepcao foi la a manutencao e ficou igual no jantar os donos com amigos a jantar no meio dos clientes em festa e a passar com comidas diferentes pelo meio onde estao o clientes fica muito mal queria ir para a piscina por volta das h n podia estava a haver aula de hidroginastica da malta q frequenta o hum n volto paguei para ter qualidade e conforto n tive"
"Positive", "localizacao boa instalacoes boas pequeno almoco ok para a categoria do hotel mas sem surpreender limpeza area dos pequenos almocos carecem de limpeza mais profunda no movel ao fundo da sala sao visiveis teias de aranha e as prateleiras das garrafas de vinho da sala do restaurante apresenta po em redor das garrafas demonstra menor cuidado com limpeza pontos a melhorar precos muito elevados das bebidas no bar do hotel por uma cola e uma imperial foram pagos mais de para ser atendido no bar tive de ir a recepcao para pedir que chamassem o empregado actividades aulas de hidroginastica por exemplo nao estao disponiveis a fim de semana insuflaveis para criancas nao estao disponiveis ao fim de semana no segundo dia durante a limpeza do quarto nao"
"Positive", "piscina com poucas sombrinhas teto da casa de banho que levanta quando a porta abre e fecha colchao pessimo as molas aleijavam o corpo foi impossivel dormir literalmente ar condicionado que alterava a temperatura sozinho desiludida por completo a quem esta habituado a conforto nao recomendo"
"Positive", "situado na entrada da cidade num belo local ideal para quem estiver de passagem pela regiao otimos quartos ficamos numa suite jr devido ao hotel estar lotado com um bom desconto apesar de estar situado num cruzamento rodoviario bem movimentado o quarto e bem silencioso claro limpo e agradavel a internet e muito boa tem um bom restaurante para quem estiver com criancas oferece um belo parque aquatico"
"Positive", "hotel bem localizado para um estrelas parece me muito aquem em termos de servico pequeno almoco fraquinho restaurante trabalha razoavel o bar muito fraco em termos de atendimento e variedade para uma noite dorme se"
"Positive", "hotel com bastante variadade em termos de diversoes acho que o pequeno almoco fica um pouco a desejar por ser um hotel de quatro estrelas devia ter mais variadade nomeadamente com sumos naturais acho q falta um pouco de aconchego tambem na parte dos quartos nomeadamente nas varandas"
"Positive", "hotel calmo para passar uns dias de descanso em familia piscina para adultos e outra para criancas e com espaco relvado e com sombra onde as criancas podem brincar a vontade os quartos sao confortaveis e insonorizados"
"Positive", "hotel bom com bons quartos bom pequeno almoco staff atencioso e simpatico tem uma piscina agradavel com bom espaco exterior e muito facil de acessos e pouco barulhento apesar de estar perto de uma estrada e de uma bomba de gasolina"
"Positive", "estive em familia para desfrutar de um voucher concedido quarto com excelente aspecto mas quando entrava para wc fazia um barulho super estranho que os meus filhos meses gemeos se assustavam imenso tratava se que o tecto e de chapa e fazia condensacao de ar que achei super ridiculo fui almocar as restaurante onde estive cerca de a espera para comer carne porco alentejana sabor estava bom mas so trazia ameijoas pouca comida dado ao facto de nao haver um simples amouse bouche ou perguntar se queriamos pao ate a agua fui eu que tive de pedir e mais engracado e que so nos e que estavamos a almocar este restaurante tem um servico de pessima qualidade o empregado de mesa nem sabia qual a sujestao do dia nem as guarnicoes sabia dos pratos ainda bem que la so"
"Positive", "excelentes no atendimento quer na recepcao quer no restaurante o pequeno almoco poderia ter mais produtos regionais no entanto e considerado excelente ao final do dia mesmo em abril ja tem animacao pois teve uma aula de grupo danca onde foi fantastico o animador era excelente e a aula muito muito boa uma excelente escolha pois nao sao todos os dias onde conseguimos ter aulas de grupo fitness no exterior e a custo zero os meus sinceros parabens"
"Positive", "hotel confortavel onde fiquei algumas noites em trabalho o quarto virado a sul torna se um pouco quente mas e agradavel o pessoal e simpatico e disponivel o pequeno almoco tem qualidade e diversidade"
"Positive", "dentro do que existe em beja pode considerar se bom quando comparado com outros hoteis estrelas e mediano dos pontos negativos temos os colchoes e os canais de tv tdt parabolica parece que estamos no seculo passado que hotel e que hoje em dia nao tem canais por cabo pelo menos tem internet gratis de resto o pessoal podia ser mais atencioso o hotel e recente com decoracao moderna e bem limpo as amenities sao razoaveis nao gostei do facto de ter bolsinhas de champo e gel de banho nao e nada pratico tem mini bar o que e um ponto positivo o barulho e algum ja que fiquei num quarto virado para a estrada e sendo uma das entradas saidas de beja tem bastante movimento o pequeno almoco e continental bastante normal sendo que de regional tem apenas"
"Positive", "a hotel esta localizado numa zona muito sossegada e com facil acesso os quartos sao bem dimensionados e as casas de banho tambem sao muito agradaveis atendimento muito correto pequeno almoco abundante e variado estacionamento ao ar livre gratuito foi uma boa opcao a caminho do algarve"
"Positive", "agradavel surpresa a visitar beja gostamos bastante tanto dos quartos como de todo espaco envolvente simpatia pela parte dos empregados e precos muito convidativos em epoca alta recomendo a quem visitar a linda cidade de beja"
"Positive", "boa opcao em beja realcando se a optima localizacao do hotel ambiente muito limpo e staff afavel contudo nao posso deixar de referir alguns aspectos negativos esta a precisar de manutencao nomeadamente o teto das casas de banho em mais do que um quarto apesar da comida do pequeno almoco ser boa a reposicao fica muito aquem preco algo elevado para o hotel em causa de resto e uma boa opcao em beja"
"Positive", "para hotel de estrelas tem algumas falhas no fim do primeiro dia ao chegarmos nao tinhamos as camas feitas encontramos uma barata na casa de banho alguns colegas que ficaram noutros quartos tambem se queixaram de toalhas que nao foram mudadas mesmo tendo ficado enroladas no bide a internet funciona bem a recepcao foi boa o pequeno almoco tem alguma variedade"
"Positive", "localizado numa das entradas de beja e com facil acesso o hotel possui piscinas ao ar livre uma para criancas grande para o que costumam ser e uma para adultos pequena comparativamente a elevada qualidade do resto do servico e comodidades e a quantidade de hospedes que tem em agosto tem espreguicadeiras e chapeus de sol gratuitos e ainda algum espaco de relva com mesas e cadeiras tambem tinham um parque infantil junto a piscina e em agosto um insuflavel para as criancas achei isto fantastico se tivesse uma piscina interior e health center e ficava a ser um dos meus hoteis favoritos em portugal os quartos eram de tamanho aceitavel e agradaveis com vista para a piscina nao ouvi barulho nenhum e estavamos com o hotel cheio em agosto as camas eram confortaveis"
"Positive", "hotel com uma vista sobre a piscina apetitosa quartos e edificio bastante moderno bem situado na entrada de braga fica a faltar apenas uma garrafinha de agua de cortesia principalmente com o calor destes lados de resto mais nada a dizer"
"Positive", "muito agradavel calmo o que estraga um bocado e as pessoas que o frequentam restaurante com pouca gente e por vezes falta de comida mas comida boa para o que se paga recomendo mas continuo a achar que beja e so o castelo e que ha cidades muito melhores para visitar"
"Positive", "acho que falta muito pouco para o beja parque hotel passar de quatro a cinco estrelas localizado numa das entradas de beja no alentejo o hotel possui uma maravilhosa piscina ao ar livre com espreguicadeiras e chapeus de sol gratuitos um centro de fitness um restaurante o seara que serve cozinha regional e um bar com esplanada o hotel fica a metros do centro de beja mais ou menos minutos a pe e possui estacionamento privado gratuito os quartos sao espacosos e bastante confortaveis tem uma varanda e estao equipados com ar condicionado wi fi televisao por satelite mini bar frigorifico cofre e uma casa de banho privativa com banheira secador produtos de higiene e de banho o pequeno almoco e do melhor que ha com produtos regionais e outros alimentos"
"Positive", "hotel mais proximo de um estrelas mas com boas instalacoes principalmente para as criancas proximo da cidade mas com vista para o campo boas piscinas e bons quartos mas sem nada de luxos ideal para uma pausa de alguns dias"
"Positive", "ficamos os casal e criancas na suite com quartos o hotel revela se amplo nos espacos interiores mas a piscina e demasiado pequena para o tamanho do hotel e encontrava se sobrelotada e como tal um pouco suja o pequeno almoco era bastante completo e com qualidade o pessoal foi simpatico o hotel e uma boa solucao para ir com criancas"
"Positive", "hotel muito agradavel com imensas areas para criancas piscina muito agradavel para criancas e adultos com zonas ajardinadas parque infantil com insuflaveis e baloicos excelente servico de bar e restaurante"
"Positive", "hotel agradavel acolhedor a um preco muito convidativo uma escolha segura para quem visita beja funcionarios prestaveis e disponiveis quartos comodos e bem equipados nao desmerecem o tv lcd com canais livres aparentemente captados por parabolica sem tv por cabo o pequeno almoco e razoavelmente completo sem ser excepcional wifi gratuito mas com sinal fraco no meu quarto o estacionamento e gratuito no exterior do hotel mas dificil encontrar lugar para estacionar quando o hotel esta cheio a piscina e proporcional ao tamanho do hotel e com toldos e espreguicadelas suficientes para os clientes"
"Positive", "comodidade e servicos de excelencia destacando se a simpatia do staff localizacao junto ao ip e a minutos do centro da cidade e do parque de exposicoes da ovibeja aconselhado para viagens romanticas e sobretudo em familia"
"Positive", "considerando a minha estadia apenas de noite desconhecendo o hotel e localizacao fiquei muito satisfeito por estar em local muito acessivel dotado de excelentes condicoes o pequeno almoco e de grande variedade e muito bom recomendo"
"Positive", "fiquei hospedado neste hotel ao qual ja conhecia logo a entrada de beja preco super acessivel para a qualidade do hotel a meu ver quarto super limpo boas casas de banho excelente colchao grande sentido de compreensao por parte dos funcionarios do hotel pelo facto do meu check in ser mais tardio por motivos profissionais compensarem com o check out a humildade a simplicidade e a simpatia sao pontos muito fortes neste hotel sou cliente de verao e de inverno e pretendo sempre voltar sempre que tiver na zona de beja e necessitar um bem haja"
"Positive", "hotel bem localizado os chapeus de sol da piscina em pouco bom estado o senhor do bar da piscina horrivelmente profissional nao havia quase gelados nenhum nem mais outra oferta possivel no bar um hotel de estrelas no bar nao pode ter tipos de gelado e agua e imperial mas o pior foi mesmo que reparei que a saida de emergencia estava bloqueado por uma rede preta nao havia mesmo modo de passar la"
"Positive", "hotel bastante agradavel e tranquilo cumpre o que promete bem localizado a entrada de beja e a poucos minutos do centro historico parque de estacionamento gratuito o staff e eficiente e simpatico atenderam a todos os pedidos feitos sem qualquer entrave quarto limpo e de aspecto moderno boa qualidade de sono o wc deveria ter luzes mais fortes pelo menos do espelho o bufet do pequeno almoco e variado qb sem grandes exageros e com produtos de qualidade zona da piscina muito sossegada embora um pouco abandonada sem ter qualquer apoio de bar sem ter que entrar dentro do hotel tem um bar na piscina mas nao estava a funcionar free wi fi em todo o hotel quartos qualidade preco muito boa recomendo"
"Positive", "fim de semana no alentejo reserva efectuada e tudo conforme programado recepcao muito gentil pessoal afavel e disponivel quartos grandes com casa de banho bem consercada apesar da idade um competemte sem ser brilhante unico reparo algum barulho da estrada com a passagem dos carros facilmente solucionavel com melhor isolamento bom pequeno almoco em resumo boa relacao preco qualidade a voltar"
"Positive", "hotel muito bem localizado perto de um hipermercado os quartos sao muito confortaveis e o staff muito simpatico e atencioso o pequeno almoco bastante agradavel e um bom local para ficar em negocios ou para conhecer a cidade sem duvida para repetir"
"Positive", "hotel bem localizado e com estacionamento privativo espacoso e arejado quartos agradaveis com wi fi de boa qualidade mas com televisao a oferecer so os canais tdt algumas portas de quarto a fechar mal o que levou a ruido improprio na madrugada pequeno almoco variado em sala agradavel"
"Positive", "hotel de estrelas com piscina neste novo alentejo que tem apostado no turismo com sucesso o restaurante do hotel serve bons vinhos alentejanos quartos normais dentro da normalidade sem especial decoracao perto de beja bom para ferias tranquilas"
"Positive", "primeira impressao nao foi a melhor mas com o passar dos dias foi uma agradavel surpresa quartos espacosos a nivel de limpeza nada a apontar excelente pequeno almoco a melhorar as almofadas falta de tv cabo nos quartos ruido da rua no lado da estrada"
"Positive", "hotel agradavel situado na entrada da cidade com espacosas zonas comuns restaurante e bar muito bons quarto espacoso e moderno com uma optima varanda bem decorado e limpo boa relacao qualidade preco e localizacao"
"Positive", "hotel bem localizado numa das entradas da cidade instalacoes bastante aceitaveis face ao preco bar com bom atendimento ao contrario da recepcao que podiam ter mostrado mais simpatia tanto no chek in como no chek out"
"Positive", "preco acessivel decoracao pobre quartos mal estimados portas de varanda que nao fecham necessita de uma reformulacao profunda o pessoal deve ser mais atento pequeno almoco mais parece a sala de uma cantina com um espaco frio e sem personalidade um hotel em beja pode e deve fazer muito mais tendo em conta os produtos regionais disponiveis serve para passar uma noite em caso de necessidade dado o preco acessivel para turismo procurar outras opcoes"
"Positive", "hotel com todo o conforto para uma curta estadia em que a ideia nao seja passar o dia no hotel mas passear e dormir bem boa casa de banho boa cama boas instalacoes uma noite euros vale bem o preco do barbtambem e razoavel"
"Positive", "hotel bem localizado e pratico a classificacao estrelas esta bem mas necessita de que o staff esteja mais atento nao ter um sabonete na casa de banho e o dispensador de sabao liquido estar vazio e tao pouco aceitavel como as toalhas do pequeno almoco terem manchas realizadas por outros clientes o pequeno almoco tem alguma variedade mas tambem necessita de atencao os ovos mexidos estavam super secos e de cor escura"
"Positive", "recepcao adequada quarto espacoso e com varanda bastante limpo e apresentavel a casa de banho e um pouco pequena mas dentro da normaidade internet e tv funcionaram na normalidade sem nada a dizer da limpeza do quarto pequeno almoco estava e e de saientar que tinham variedade e produtos da regiao parabens por isso outro ponto bastante positivo e os espacos exteriores muito agradaveis e a piscina muito limpa nos estivemos a vontade os matrecos nao estavam em boa condicao para jogar perto de farmacia continente e da cidade tem que se subir um pouco um ponto a melhorar estacionamento tem estacionamento mas e dificil arranjar"
"Positive", "adoramos a acessibilidade pessoal muito atencioso e disponivel para todas as necessidades dos hospedes excelente piscina exterior quartos bem climatizados e arejados refeicoes bem confeccionadas e variadas dando bem a conhecer a tipica cozinha alentejana"
"Positive", "hotel novo e limpo mas deviam reconsiderar as almofadas que nao sao confortaveis deviam tambem ter algum cuidado com as contas pois no check out nao fosse estar atento nao tinhamincluido almoco da vespera"
"Positive", "o hotel simpatico boas areas comuns e quartos espacosos e confortaveis pessoal simpatico prestavel e pequeno almoco agradavel a area da piscina e envolvente e muito apetecivel com espacos relvados espreguicadeiras confortaveis e ate um insuflavel para os mais pequenos mas quando me preparo para relaxar na piscina de manha surpresa aula de hidroginastica com pessoas que nao estavam no hotel pelo que percebi a piscina e a area exterior sao frequentemente invadidas por pessoas externas ao hotel que vem frequentar aulas de fitness isto aconteceu praticamente todos os dias durante a nossa estadia e sem qualquer tipo de aviso previo nao acho aceitavel"
"Positive", "fiquei neste hotel durante dias devido a um torneio de inter associacoes de futebol espaco bem situado junto a estrada principal perto de super mercados quartos razoaveis comida agradavel e staff muito atencioso hotel com bom parqueamento tambem recomendo vivamente"
"Positive", "e um hotel relativamente recente a entrada de beja e que serve perfeitamente para quem vai em trabalho ou lazer as areas comuns sao amplas os quartos confortaveis a piscina pequena mas serve e os jardins muitos agradaveis o pequeno almoco e muito bom recomendo"
"Positive", "tipico hotel de cidade como tal com algum ruido de fundo das viaturas a passar uma piscina pequena mas que da para refrescar bom servico de pequeno almoco almoco e jantar com uma ementa limitada e pouco apetecivel talvez pelos programas de tudo incluido vendidos por este hotel um quarto bom e uns boa cama pena a varanda nao ter umas cadeiras um quatro estrelas simpatico e muito economico"
"Positive", "a localizacao e muito boa quarto muito confortavel ambiente cuidado excelente sitio para se ficar em beja mas a simpatia deixa um bocado a desejar atendimento no restaurante nao foi o melhor nos dias de maior aperto precisa de melhor servico no pequeno almoco"
"Positive", "bem localizado e de facil estacionamento quarto espacoso corredores enormes muito silencioso empregados simpaticos pequeno almoco normal e com uma enorme sala preco dentro da media piscina nas suas traseiras"
"Positive", "hotel moderno e simpatico com estacionamento bem localizado boa piscina exterior e espaco circundante quarto espacoso limpo com varanda boa qualidade de sono cama grande e comoda pequeno almoco variado e abundante com produtos tipicos do alentejo"
"Positive", "hotel pequeno mas muito agradavel tranquilo muito acessivel e facil de estacionar quarto muito espacoso cama enorme o pequeno almoco q b mas de boa qualidade a zona do bar e muito agradavel e serve refeicoes rapidas que nao experimentei mas vi servir outras pessoas a piscina e grande ladeada de um jardim muito simpatico e quando cheguei as h estava a decorrer uma aula de ginastica"
"Positive", "foi a segunda vez que fiquei neste hotel e se da primeira tinha ficado um bocado de pe atras por questoes de limpeza desta vez a estadia foi ate muito agradavel considero que e sempre bom criticarmos o que achamos que esta mal para poder ser melhorado e foi isso que aconteceu a conversa com outro hospede que tinha tido uma experiencia identica concluimos que as coisas tinham mesmo melhorado os quartos o staff o servico de pequeno almoco tudo impecavel no bar a oferta nao e grande mas os precos sao muito em conta a melhorar o servico de internet e gratuito mas e lento e o site de acesso nos quartos e feito de uma forma tao chata temos que estar sempre a escrever o login e a pass que acabei por ter desistido e tive de ir trabalhar para a zona do bar"
"Positive", "o hotel esta muito bem localizado com um parque de estacionamento gratuito o parque de estacionamento pode ficar um pouco lotado a partir das h h pois o ginasio do hotel e aberto ao publico do hotel e possivel chegar rapidamente ao centro da cidade ou aos espacos comerciais a recepcionista foi extremamente prestavel fornecendo nos todas as informacoes que necessitamos para circular por beja o interior do hotel e muito agradavel e acolhedor tanto o hall de entrada como o de acesso aos quartos e bastante amplo e com um ambiente muito moderno o quarto onde fiquei instalada estava muito bem arrumado e limpo bem como a respectiva casa de banho o quarto tem uma varanda muito agradavel que na altura do verao tempo quente se aconselha o seu uso com especial atencao por"
"Positive", "fui em trabalho e pude trabalhar sossegadamente no espaco do hotel para alem disso usufrui ainda dos espacos de lazer como a piscina por exemplo que e um lugar muito agradavel para passar um final de tarde"
"Positive", "foi uma agradavel estadia o quarto muito confortavel e limpo staff muito simpatico e disponivel e um pequeno almoco equilibrado a televisao no quarto e muito antiga e destoa do resto e a internet e um pouco lenta de resto nada a apontar bom local para ficar em beja"
"Positive", "o hotel e bom passa se bem umas noites la se e estrelas foi no limite minimo pois nao parece um estrelas de resto tudo bom atendimento bom empregados simpaticos boas condicoes exteriores com piscina e espaco verde para casamentos e batizados"
"Positive", "bem situado e equipado tranquilo servico profissional bom pequeno almoco refeicoes no restaurante a evitar tranquilo com um unico senao antes de marcar pergunte se durante a sua estadia vai haver algum casamento nas instalacoes do hotel eu so fui informado na vespera ja instalado a tranquilidade foi ao ar empurrada por musica pimba"
"Positive", "na entrada de brja de facil acesso um estrelas mais proximo das a presisar de alguma atencao na manutencao principalmente das casas de banho preco razoavel para a oferta a melhor oferta na cidade pedia uma ou duas cadeiras na varanda a apontar como negativo a insonorizacao dos quartos que e francamente fraca limpesa exemplar"
"Positive", "boa apresentacao dos funcionarios muito simpaticos os quartos estavam sempre limpinhos muito bem decorados todo o hotel muito lindo o espaco exterior muito bom com muita sombra tudo muito bom nas proximas ferias e um local a pensar novamente"
"Positive", "a ligacao wifi no quarto nao funcionava porque indicaram que era um dos ultimos a televisao para alem de ser antiga a imagem nao tinha qualidade chuva de resto nada de especial a apontar colchao muito bom"
"Positive", "estou hospedada neste hotel e em nada se compara com outros estrelas onde estive quarto minimo com rachas nas paredes televisao com pelo menos anos que nao permite uma visualizacao correta se estivermos deitados na cama existe um ginasio no hotel que aparentemente foi concessionado e o barulho das aulas e medonho um bar minimo onde uma das funcionarias estava a trabalhar de leggings e sapatilhas acho absurdo que isto aconteca pequeno almoco razoavel mas sem ser nada de extraordinario nao tem internet no quarto o que me parece sem explicacoes as funcionarias da recepcao sao simpaticas mas pouco mais a piscina estava em boas condicoes nao recomendo por nao ser o expectavel tendo em conta a categoria"
"Positive", "o alentejo e por natureza uma regiao de gente simpatica e acolhedora este hotel nao deixa ficar mal a fama da regiao tem instalacoes muito boas e a simpatia dos funcionarios idem apenas fiquei uma noite nao tive oportunidade de usufruir do hotel na totalidade o pequeno almoco era muito bom e a fazer valer as estrelas do hotel tem wi fi gratis em todo o hotel mas como em muito hoteis em algumas zonas do quarto nao funciona o a c devia ser melhorado faz barulho e no verao deve fazer muita falta a localizacao nao e muito boa"
"Positive", "e como se fosse uma segunda casa funcionarios super simpaticos amorosos e pacientes quarto enorme onde cabem camas individuais piscinas otimas com um jardim logo ao lado para apanhar sol ou sombra comida caseira boa e reconfortante foram umas ferias muito boas para os adultos e as criancas"
"Positive", "ninguem ajuda a carregar as malas ao quarto canteiros logo junto a entrada principal cheios de beatas e garrafas vazias ar condicionado demasiado ruidoso as empregadas da recepcao podem ser mais sorridentes"
"Positive", "hotel recente muito agradavel com quartos muitos razoaveis a alimentacao era bem confecionada mas em pouca quantidade e variedade o atendimento de uma forma geral era agradavel mas notava se a escassez de funcionarios que na sua maioria tentavam ser o mais profissionais possivel os funcionarios mais prestaveis eram os que possuiam uma relacao de contrato sazonal com o hotel o que e de lamentar os restantes evitavam ser incomodados"
"Positive", "para mim foi uma surpresa agradavel nunca imaginei que beja tivesse um hotel moderno restaurante com comida caseira e com bons precos funcionarios muito simpaticos no entanto o pequeno almoco era fraco com pouca variedade o colchao era de fraca qualidade mas recomendo"
"Positive", "nesta semana estou hospedado mais a minha familia no beja parque hotel e parece que os funcionarios afectos a restauracao fogem das suas funcoes as refeicoes e preciso andar atras deles pois refugiam se na cozinha quando finalmente os encontramos e lhes pedimos alguma coisa que esta em falta simplesmente esquecem se ao pequeno almoco faltam coisa basicas como colheres e tigelas ao almoco e ao jantar pedimos uma bebida que surge ja no fim da refeicao a comida quando termina ja nao e reposta as solucoes encontradas chegam tarde e isto a uma hora do restaurante fechar os snacks sao para esquecer basta ter pessoas a frente que o tempo de espera chega a ser de minutos todas estas demoras solucionavam se facilmente com dispensadores de bebidas incluido cafe e"
"Positive", "nao tem wi fi nos quartos o que e inadmissivel num hotel de estrelas o colchao e de fraca qualidade preco elevado para a qualidade do hotel pequeno almoco com servico rudimentar embora com produtos caseiros"
"Positive", "tive problemas com o ar condicionado e nada foi feito passei um final de semana e falaram que para arrumar so na segunda feira absurdo pequeno almoco razoavel super basico mas os garcaons super simpaticos"
"Positive", "relacao qualidade preco excelente o melhor que ja visitei na regiao restaurante com precos acessiveis e servico excelente pequeno almoco fenomenal hotel moderno o que e dificil de encontrar no alentejo recomendo"
"Positive", "o hotel esta cansado as toalhas sao finas e duras tapetes gastos moveis e moveis superaram seu melhor o buffet de cafe da manha estava bem a comida do restaurante era pobre o servico foi geralmente ok mas nao melhor com tantos hoteis encerrados por causa do covid foi provavelmente a melhor opcao em beja"
"Positive", "ficar aqui pela segunda vez para nos e conveniente como aqui para consultas hospitalares o hotel e bom mas esta no meio de reforma e ampliacao por isso nao e tranquilo ou pacifico tendo dito que os funcionarios sao muito prestativos e atenciosos classificou um hotel de estrelas mas eu pessoalmente o classificaria como mais os chuveiros sao antiquados as toalhas podem ser mais macias a area da piscina e os jardins sao agradaveis"
"Positive", "caiu sobre este hotel no caminho de volta para faro e muito feliz que fomos um estabelecimento muito profissional provavelmente usado para conferencias de negocios etc no entanto excelente quarto jardins encantadores com duas piscinas e sem duvida o cafe da manha mais delicioso que eu ja tive no pais tudo por aproximadamente na altura do verao vale a pena ver uma cidade de trabalho interior para"
"Positive", "convenientemente situado na extremidade do reboque este hotel desde uma paragem de uma noite bem vindo estavamos viajando com pessoas idosas com deficiencia membros de familia e este hotel nao poderia ter sido mais acolhedor e util nos apreciamos um jantar e servico excelente no bar foi amigavel mas discreta a unica desvantagem foi que no quarto bem adaptado para deficientes o wc nao lave muito eficiente e a pia nao tinha uma ficha caso contrario os quartos eram otimos gostaria definitivamente estadia novamente na area"
"Positive", "moderno hotel localizado a uma curta distancia do centro da cidade acesso a internet e oferecido no lobby a equipe e amistosa"
