Sentiment, Review
"Positive", "a experiencia foi simplesmente incrivel o espaco e maravilhoso uma vista deslumbrante para qualquer local onde se olhe seja a vista para a barragem que parece um oasis no meio de toda a paisagem alentejana seja para os jardins com arvores e flores mil a agua e quente e calma tem canoas e paddles a disposicao para passear pela barragem ou apenas apanhar sol ao gosto do movimento da agua as refeicoes sao super variadas e apenas deliciosas feitas com ingredientes locais ou ate cultivados la e atendem as restricoes dieteticas dos hospedes quando a comida esta pronta para ser servida somos chamados pelo som de um bongo que se ouve em qualquer local da quinta por fim as pessoas o atendimento e incrivel todos sao super simpaticos e atenciosos senti me em casa sem"
"Positive", "fomos sem expetativa muito alta e acabamos deslumbrados bem nao sei onde comecar e incrivel tudo sao arvores de todas as especies para chamar todo o tipo de passaros paixao do frank o proprietario sao flores mil quartos rusticos e especialmente pitorescos e uma agua da barragem quentinha e uma vista que so visto e e uma simpatia de casal muito atenciosos pacientes e otima cozinheira as refeicoes sao feitas com muitos dos produtos que eles proprios cultivam e giro que as refeicoes sejam feitas com todos os hospedes que quiserem e tiverem marcado ao mesmo tempo apos o som do gongo isso mesmo de um gongo na barragem podemos utilizar uma sup ou canoa e dar uma volta e mandar uns mergulhos e trambolhoes adoramos e de voltar"
"Positive", "a quinta e incrivel a vista da barragem e maravilhosa a agua e quente e a disponibilidade de paddle e canoas torna a experiencia muito divertida o servico e excelente e a comida e a melhor parte todos os dias servem refeicoes organicas e bastante variadas e impossivel nao gostar a possibilidade de ter caes e outro ponto muito positivo para quem nao quer deixar os seus companheiros em casa por ultimo as pessoas todos os funcionarios eram muito simpaticos e atenciosos definitivamente tornaram a estadia muito agradavel merecem estrelas"
"Positive", "este sitio e muito bonito a comida e fantastica e o facto de podermos ir nadar na barragem torna o ainda melhor a vista e incrivel e e um lugar muito relaxante mas os colchoes dos beliche nao sao nada confortaveis"
"Positive", "fica no meio de nada e proxima das aguas da barragem de santa clara lugar onde impera a paz e a calma nem poderia ser de outra forma pois neste local a tv nao existe o telemovel nem sempre tem rede mas nao estamos fora do mundo pois a rede de wi fi e boa nao vejo que seja uma desvantagem mas sim uma vantagem pois permite o relacionamento pessoal tem um pequeno ancoradouro com canoas stand up paddle e barcos e possibilita uns mergulhos no rio com uma agua quentinha fizemos as refeicoes la porque para sair sao km de terra batida a comida e boa mas o preco cobrado e excessivo a higiene e cuidada quer nos quartos quer no espaco de alimentacao a noite as estrelas tem um brilho que so ali podemos ver"
"Positive", "ha ja tres anos que nao passo sem visitar este pequeno e viciante paraiso normalmente passo noites neste local mas saio sempre completamente revitalizada e com a sensacao que estive muito mais tempo neste local magico aqui sentimos nos muito perto da natureza nao temos televisao nem frigo bar no quarto mas temos umas instalacoes muito confortaveis e acolhedoras um grande saber receber e uma bela piscina isto e a barragem de sta clara onde a agua e mais quente do que no mar termos ao nosso dispor kayaks prancha de stand up paddle e barcos para uso sem qualquer custo adicional e um ponto a favor imperdiveis sao os jantares as h em ponto a comida deliciosa feita na hora pela mao da daniela o facto de sentarmos nos todos na mesma mesa quase sempre com"
"Positive", "um lugar maravilhoso com paisagem deslumbrante o facto de nao se ter rede de telefone torna se um privilegio que permite um maior convivio entre os hospedes com a natureza optimo para descansar e relaxar a nivel das refeicoes o preco qualidade e mau dado que nao escolhe as refeicoes o preco e carissimo para o que servem sendo que se quiser ir jantar fora o restaurante mais proximo fica a km dos quais km em terra batida sem iluminacao e com alguns pontos muito ingremes de estrada"
"Positive", "um local unico e magico onde nos sentimos unicos e especiais a envolvencia do local de quem nos recebe todo o requinte das refeicoes faz com que queiramos voltar e voltar e voltar acabamos por sentir que fazemos parte daquele local adoramos obrigada mark da fatima e da dulce e daniela mesmo nao estando durante a nossa estadia foi ela que nos acolheu no primeiro contacto voltaremos em breve claudia nuno junho"
"Positive", "otimo espaco vista deslumbrante quartos acolhedores hospitalidade de todos incluindo dos animais desportos aquaticos um verdadeiro paraiso perfeito para quem tem animais e gosta de andar a vela"
"Positive", "a quinta do barranco da estrada e realmente um paraiso em portugal o frank e a daniela oferecem aos seus hospedes um ambiente familiar e acolhedor os jantares em grupo sao uma optima maneira de termos um serao animado a quinta do barranco da estrada e o sitio ideal para relaxar fora da confusao da cidade e da praia esperamos voltar em breve o elisabete e andre"
"Positive", "adoramos a nossa estadia o frank e a daniela sao muito simpaticos adoramos os jantares e almocos em conjunto parece que estamos em familia a comida e simplesmente maravilhosa senti me como um juri do concurso masterchef os quartos sao muito acolhedores tambem na barragem podemos usufruir de kayaks e gaivotas apesar de nao haver televisao existe internet mas nao e muito rapida o frank e a daniela disponibilizam varios livros dos que vi nenhum em portugues aconselho a levar algo para ler seja livro ou revista ha varios sitios para os desfrutar seja perto da agua ou no jardim"
"Positive", "neste local de grande tranquilidade somos esmagados pela beleza da paisagem e em paralelo nao existem momentos de aborrecimento o lago os barcos os anfitrioes foi uma surpresa os jantares em conjunto todos os hospedes e anfitrioes a mesma mesa numa troca de vivencias de nacionalidades que se prolonga ate aonde a nossa conversa o desejar um extra massagem shiatsu da daniela um relaxe perfeito para um lugar perfeito a regressar no inverno para ver a chuva cair no lago atraves da janela rasgada da sala"
"Positive", "a partir de uma pesquisa de ultima hora na internet contactei a daniela por telefone e desde esse breve contacto senti que a familia estava a ser bem vinda na casa de daniela e frank estivemos la um unico dia mas sentimos um calor e uma vontade de ficar hipnotizadora seja pelo espaco seja pela espectacular paisagem a calma e sossego seja pelas familias e pessoas que la estavam hospedadas seja pelo agradavel periodo de refeicoes em familia na fantastica sala comedor na mesma mesa hospedes e staff seja pelos caes seja pelo charlatao de harry o papagaio pelo simpatico e prestavel staff seja pela daniela que mima a cada um dos hospedes com uma atencao e olhar de amigo de veras que acolhedor e dificil de encontrar voltaremos sem duvida recomendamos"
"Positive", "lugar onde nos reencontramos na profundidade do que somos do que pensamos ser ou do que gostariamos de ser um recanto onde encontramos a paz interior quando la chegamos deixamos para tras tudo o que queremos deixar sobretudo aquilo que perturba o nosso espirito e no reencontro com a natureza abracamos a vida caminhar e apreciar a plenitude das redondezas num sobe e desce em que o verde o castanho e o azul sao o cenario num registo quase unico a paisagem sobre a barragem de santa clara domina o ambiente e a serenidade das suas aguas envolve nos os sentidos as aves fazem nos companhia e os seus voos fazem nos pensar sobre a importancia em tracar um rumo o ambiente e muito acolhedor uma familia feliz que partilha connosco a sua rotina diaria sem esquecer harry o"
"Positive", "a quinta do barranco da estrada paradiseinportugal e sem duvida um sitio muito especial consegue aliar conforto com proteccao a natureza simpatia dos proprietarios com espaco livre convivio com introspeccao num local tao isolado como este e fantastico ver o esforco feito pelo staf para que tudo funcione tao bem o que me agradou bastante um dos momentos que mais me marcou foram sem duvida as tertulias que acontecem a hora de jantar a interculturalidade a volta de uma mesa de jantar onde todos participam e onde podemos partilhar ideias e ideais e a cereja no topo do bolo apos um dia de descanso a contemplar todp o verde que nos rodeia e entre um mergulho e um bom livro o que mais desejamos uma excelente refeicao e dois dedos de uma boa conversa acompanhado com um"
"Positive", "de qualquer parte de portugal se vai de carro com estradas boas e paisagens de tirar o folego tranquilas e com o sol a nos acompanhar por toda a viagem e na chegada o melhor ainda nos espera otima comida boa disposicao e uma vista esplendorosa e para os amantes dos animais a recepcao e calorosa voltarei de certeza vale a pena"
"Positive", "sem duvida um verdadeiro paraiso dificil de descrever pela dimensao de bem estar que la encontramos recomendamos a visita qualquer pessoa la encontramos familias de diferentes nacionalidades e ate pessoas sozinhas em busca da paz e de energias positivas os proprietarios sao pessoas simples com o amor a simplicidade e o respeito estampado no rosto estivemos apenas dois dias que deixaram enormes saudades um sitio encantador onde o verdadeiro sgnificado da vida e transmitido em cada canto da quinta aproveitamos para deixar um enorme beijinho para duas princesas que la conhecemos e que recordamos diariamente flora e carolina nao deixem de visitar nao so pelo prazer de desfrutar da natureza mas tambem pela licao de vida que de la irao tirar frank daniela flora e"
"Positive", "que super localizacao para umas ferias de outono a quinta fica no meio de sua paisagem natural e pacifica com vista para as aguas azuis de um enorme lago um verdadeiro jeito de tudo mas mantendo todos os confortos de casa nascer do sol maravilhoso super comida obrigado daniela clima perfeito vinhos portugueses e vida selvagem mesmo nesta epoca do ano no final de outubro grandes passaros para avistar obrigado frank borboletas e lontras o lago e lindo para nadar ou pegar um dos caiaques para passear por esse trecho de milhas eu certamente recomendaria este destino"
"Positive", "esta foi a nossa terceira visita a quinta e sempre foi um grande prazer de qualquer forma foi melhor desta vez em parte porque tambem viemos com quatro amigos porque pela primeira vez nos envolvemos em uma das expedicoes de observacao de passaros de frank uma exploracao durante todo o dia a partir das eramos bastante ingenuos nessas questoes e ainda temos quase tudo a aprender mas era obvio o suficiente que a viagem foi excelente a quinta e um lugar extraordinario e seriamente bonita tranquila e relaxante e acima de tudo um lugar contagiante para se estar tambem nao ha nada animador nesse contentamento e uma reacao natural a ambientes encantadores quartos confortaveis a excelente comida de daniela excelente companhia e nao menos importante uma"
"Positive", "otima localizacao para relaxar minha terceira visita para uma otima observacao de passaros e companhia com frank o jantar de daniela foi maravilhoso e muito saboroso acorde cedo para receber ofertas excepcionais incluindo great bustard golden e bonelli s eagles e muito mais"
"Positive", "meu parceiro steve e eu acabamos de voltar de cinco dias incriveis neste lugar voamos para faro e foram minutos de carro ate o paraiso em portugal o resort parece a palavra errada pois nao e de todo comercial fica por uma longa estrada particular que se abre para uma bela vista do lago tivemos um quarto kingfisher e a vista era incrivel imagem adicionada abaixo daniela e frank sao tao acolhedores que parecem um incrivel lar longe de casa com cafe da manha almoco e jantar em oferta eu recomendo que voce pegue a comida e tao lindamente caseira e as refeicoes em comum tornam a noite divertida e interessante a sala de jantar tambem tem uma grande janela com vista para o lago os vinhos oferecidos sao todos bons e com precos razoaveis eu nao recomendaria"
"Positive", "esta foi a minha primeira visita a portugal e este foi um dos destaques frank e daniela sao anfitrioes muito gentis a comida de daniela e excelente os quartos sao basicos mas muito agradaveis e o cenario e espetacular minha principal razao para vir aqui foram os passaros e nao fiquei desapontado tanto frank como tony sao muito instruidos e me deram muitos bons passaros e tambem foram uma otima companhia as refeicoes comuns sao um prazer pois sao mais uma refeicao em familia oferecida por frank e daniel com pessoas de todas as esferas da vida compartilhando suas experiencias so posso recomendar este lugar e espero sinceramente poder voltar"
"Positive", "tivemos uma semana brilhante na quinta frank e daniela nos fizeram sentir bem vindos desde o inicio o quarto era simples mas acolhedor e tao bom que nao ha tv os jardins eram exuberantes com o cheiro de jasmim e havia muitos lugares para se sentar e apreciar a vista e o sol o espaco de ioga ao ar livre veio muito util no periodo da manha para uma pratica rapida depois um mergulho no lago nos amamos a comida absolutamente tudo isso cafe da manha almoco e jantar foram todos delicioso as refeicoes em uma mesa comunitaria facilitaram conversas interessantes com outros hospedes nos fomos em uma viagem de birdwatching de um dia com frank que estava pasmando para nos vagarosos observadores de passaros era talvez um pouco demais nos normalmente nao sairiamos em uma"
"Positive", "o maravilhoso lago e um otimo ambiente um oasis verde otimo lugar para relaxar bela area e maravilhoso oferece explore a area e descubra como e a vida real de portugal a comida era muito boa"
"Positive", "este lugar e um oasis encantador no sul de portugal com belos jardins deliciosa comida fresca e anfitrioes deliciosos os quartos sao confortaveis e limpos tambem fomos a dois passeios de observacao de passaros e esta claro que frank e um guia fotografo experiente e sabe exatamente onde encontrar as especies que voce esta procurando o jantar de estilo familiar e uma otima maneira de se conectar com viajantes de todo o mundo e contribui para a boa experiencia neste alojamento"
"Positive", "posso encontrar uma pequena critica a nossa semana aqui nao pense assim great comida grande empresa excelente oferece confortaveis tranquilidade grande quantidade de passaros borboletas flores sem pressao exceto para chegar a refeicoes no horario ou estar pronto para o microonibus no tempo se indo em uma excursao voce nao tem que ser em vida selvagem e natureza para desfrutar aqui a tranquilidade e para todos alguns dos outros convidados foram apenas aqui para relaxar mas nos estavamos aqui pela natureza no final de marco eram principalmente passaros na proxima vez vamos um mes depois para ver mais borboletas e libelulas assim como mais alguns passaros melhores coisas tudo isso piores coisas ter que ir para casa"
"Positive", "acabamos de ter duas noites fantasticas com o frank e a daniela que foram muito acolhedores e garantiram que nos sentimos bem tratados e em casa no seu paraiso no meio do alentejo as fotos contam a historia de como e um lugar adoravel mas o calor da conversa bem vinda e interessante o torna ainda melhor muito obrigado"
"Positive", "meu marido e eu e nossos filhas com idade entre e tiveram um tempo fantastico na quinta voce se sente bem vindo a partir do momento que voce chega e todo o lugar tem uma atmosfera descontraida e amigavel que tambem se transfere para os convidados refeicoes onde todos desfrutam da deliciosa comida que daniella e sua equipe evocam e uma otima maneira de conhecer os outros hospedes nos apreciamos uma boa mistura de nacionalidades o cenario e deslumbrante e para os observadores de passaros frank e o guia perfeito feliz em compartilhar seu profundo conhecimento de passaros com os observadores de passaros menos interessados como nossas filhas e os mais avidos como seus pais e a dosagem da informacao para se adequarem nos se hospedado por noites e e dificil deixar"
"Positive", "a localizacao e remota mas nao deixe que isso o deixe ficar a partir da rua contato com o paraiso para a nossa partida a experiencia foi brilhante voce e bem vindo a experiencia da familia frank e nao e algo que voce esquecera atmosfera descontraida e amigavel no jantar onde todos comem juntos em uma mesa lindamente definida frank danielle sao os anfitrioes perfeitos este e um lugar para relaxar e curtir a vida paraiso de fato"
"Positive", "esta foi a nossa terceira visita a quinta e como de costume foi fantastico a quinta esta situada a beira de um grande reservatorio este e o destino ideal para aqueles que querem ficar longe de tudo nenhum ruido de transito e sem poluicao luminosa frank daniella sao anfitrioes fantasticos a culinaria de daniella e excelente vale a pena ir para isso sozinho por um custo extra frank o levara para passeios de observacao de passaros seu conhecimento de onde e quando encontrar as aves nesta area e incomparavel este e o local perfeito para umas ferias relaxantes longe de todas as pressoes da vida moderna paraiso em portugal resume perfeitamente"
"Positive", "minha esposa e eu passamos uma semana aqui em maio e eu concordo com os comentadores mad h e donna m que tem ambos descrito la quinta perfeitamente na verdade eu nunca fiquei em um lugar mais relaxante e frank e daniela foram anfitrioes maravilhosos com pessoal de apoio amigavel uma semana maravilhosa em um lugar lindo com otima companhia"
"Positive", "frank daniela e equipe foram brilhantes eles garantiram que tivemos um grande momento e foram cuidadas foi exatamente o que estavamos procurando em termos de localizacao e qualidade de servico eles foram muito atenciosos ea equipe da cozinha certamente sabia como fornecer uma festa para os nossos hospedes todos em todos todos ficaram encantados se voce esta olhando para sair da cidade para uma pequena pausa yoga retiro birding festa de casamento ou apenas para relaxar no lago santa clara entao este e o lugar para voce eu nao poderia recomendar mais rebeca e ramon benavent"
"Positive", "acabei de passar uma semana magica no paradise em portugal e foi um paraiso absoluto provavelmente o lugar mais relaxante que ja fiquei na minha vida este e um retiro verdadeiramente rural com vista para um belo lago no coracao da encantadora regiao do alentejo de portugal o proprietario frank construiu o local praticamente do zero por mais de anos o jardim e uma alegria absoluta em cascata pelas encostas da encosta ate o lago e projetado para atrair o maximo de vida selvagem possivel as andorinhas entram e saem do edificio principal onde estao aninhadas e do outro lado do parque de estacionamento ha um esconderijo para que voce possa observar os golden orioles ha borboletas por toda parte voce pode pegar barcos ou pranchas de paddle no lago e desfrutar de um"
"Positive", "nos ficamos em la quinta paraiso em portugal durante uma semana com a finalidade de birding com frank e tony na chegada percebemos o quao especial e este lugar a propriedade esta situada com vista para um belo lago azul flores em toda parte e passaros cantando constantemente frank e daniela sao os anfitrioes perfeitos com hospitalidade que faz com que uma pessoa se sinta completamente confortavel os quartos sao amplos muito limpos tranquilos a noite e tem vista para os jardins este nao e um lugar de festa aqui voce pode relaxar em uma cadeira confortavel fora de qualquer caminho nos jardins e apenas estar com a natureza nos tivemos viagens de birding incriveis com o frank um verdadeiro profissional e vimos muitos passaros especiais e paisagem deslumbrante ele"
"Positive", "a palavra basica foi usada em relatorios anteriores e eu gostaria de usar a palavra rustico voce nao vai encontrar todos os confortos modernos de hoteis convencionais aqui sem tv sem ar condicionado sem cha cafe fazendo regalia nos quartos ou secadores de cabelo como um residente fez comentar sobre a nossa visita simplesmente porque todos o poder e solar e tao limitado os quartos sao limpos e arrumados chuveiros sao agradaveis e quente que encontramos em todos os momentos do dia atividades aquaticas atendidas as refeicoes sao servidas comunitariamente em torno de uma grande mesa mas sem um menu apenas uma saborosa refeicao de pratos a posicao e isolada apenas algumas residencias dentro de muitas milhas quadradas eu achei que me senti mais como um hospede"
"Positive", "nos originalmente reservado paraiso em portugal para as viagens de observacao de passaros mas ha muito aqui para deliciar os observadores de aves e nao birders tanto o cenario e impressionante fica no alto da colina acima do lago cercado por um jardim suntuoso com cantos sombreados e ensolarados para se espalhar e relaxar muitas vezes a cancao do passaro e a unica coisa que quebra o silencio todos os quartos tem sua propria area de sit out com belas vistas do lago que esta disponivel para natacao ortese antes de meados de maio e passeios de barco nao ha industria colocando nada no lago a agua fornece irrigacao para uma grande area do sul de portugal e parecia incrivelmente convidativa mesmo nos ventos frios de marco o servico e eficiente e informal e as"
"Positive", "fomos ate a quinta como parte de um grupo e devem ser voltar no proximo ano sem qualquer duvida ha muito que e bom sobre este tesouro escondido mas o cavalo e a mensagem que frank daniela sao um caloroso e acolhedor casal que trabalhar muito arduamente para oferecer uma relaxada e confortavel otimo preco e localizacao deslumbrante onde voce pode totalmente desligar ou passar o dia fazendo luz de intenso esforco fisico a paz e alucinante nao ha avioes carros barcos a motor ou poluicao luminosa muitas vezes e igual ceu de paz completa transportes a viagem e facil no aeroporto pegue um taxi ou carro para o resort ou como fizemos a minutos taxi hop da estacao de trem e depois a euros hora viagem para a estacao rural onde frank ira encontra lo e o feriado"
"Positive", "no final de uma a quatro km de estrada de terra situado em um luxuriante jardim numa colina com vista para um lago grande e o lugar perfeito para os amantes da natureza birding e a principal atracao frank e o guia notaveis nesta parte de portugal e em dois dias e meio vimos cerca de especies mas voce nao precisa ser um passaros para desfrutar quinta voce pode relaxar tomar um pequeno barco no lago ou vagabunda sobre as colinas locais as acomodacoes se inclina em direcao a mais basica em vez de lado luxuoso mas estavamos completamente confortavel quinta esta fora da grade mas tinha muita agua quente e ate mesmo uma ligacao a internet as refeicoes sao um negocio de familia com pessoas entrando frank daniela e qualquer que seja o de seus seis filhos"
"Positive", "nos visitamos pela primeira vez a quinta frank sua familia e equipe ha anos e me perguntava se tudo o que ao vivo ate as nossas memorias nao devemos ter dado a alguns minutos pensei claro que ainda era maravilhoso excelente a observacao boa comida excelente empresa e bonito intocada paisagem fez as nossas semanas estadia perfeita a unica desvantagem foi a musica ao vivo de um nightingale quando tivemos a h inicio na manha seguinte e uma vida dura nos sempre visitar um lugar uma vez para umas ferias mas uma vez que voce tem sido para a quinta tem de voltar e sem duvida que voltaremos para uma terceira visita obrigado mais uma vez frank e daniela judith tony"
"Positive", "idilico isolado ambiente descontraido oasis todos descrevem a incrivel guest lodge que frank e daniela continuar a correr em portugues do alentejo ultima vez que visitei ha quase anos vai voltar em algum lugar sempre corre o risco de que ele nao sera tao bom como voce se lembrar mas e ainda melhor e dificil para adicionar qualquer coisa para os comentarios existentes todos eles sao totalmente exacto apenas va"
"Positive", "uma vez que voce navegou o seu caminho ao longo do km pista pela primeira vez voce e imediatamente impressionado com o isolamento perfeito da quinta fomos recebidos por um nightingale cantando no jardim e uma vista maravilhosa sobre o lago este e realmente um paraiso e nos rapidamente fez bem vindo por daniela e frank o nosso quarto era agradavel e confortavel mas se estiver a procura de luxo a costa do algarve com todos os outros os excelentes refeicoes preparadas por daniela foram tomadas en famille com a familia funcionarios e outros hospedes este foi um momento relaxante e muito agradavel de se atualizar com os destaques das actividades de dias dos outros hospedes se voce e um observador ou tem apenas um grande interesse em aves este e o lugar para vir o"
"Positive", "por uma vez a publicidade previa nao e por a experiencia real este e um belo lugar para ficar se voce quiser apenas para descontrair ou como nos voce esta em uma organizada bird watching viagem tudo faz top marcas como se espera aqui os quartos de estilo chale nao sao estrelas luxo mas eles sao muito confortaveis e bem equipados e logo a direita para a localizacao se voce estiver viajando de carro aqui como a pista da estrada ventos para cima para baixo e ao redor melhor para que primeira viagem em plena luz em especial como voce vai imediatamente sera recompensado com a linda vista"
"Positive", "muitos lugares promessa paradise e desiludir esta e a verdadeira coisa km por uma estrada privada voce passo do seu carro em terracos jardins com paisagismo que conduzem a um lago os arbustos floridos te cercam e a cancao de passaros enche o ar daniela da lhe as boas vindas com comida caseira que e absolutamente delicioso e muito deve aos abastecimento local de ingredientes aqui e um lugar para fugir da agitacao do algarve tao perto mas tao longe paz e tranquilidade sao as tonicas deste lugar especial ele nao e apenas um hotel voce faz parte da comunidade enquanto voce esta la partilhar as refeicoes com a familia e outros hospedes e capaz de dar conselhos sobre o que voce faz voce pode apenas relaxar nos jardins ler escrever pintar ou escrever para reservar"
"Positive", "nos catalas iam para a quinta do barraco para descontrair depois de um tempo frenetico perfeito em todos os sentidos acolhedor descontraido belas paisagens realmente e o paraiso fomos no inicio de maio quando as flores foram mas o claro o lago sem mozzy foi muito era para nadar embora os dias foram confortavelmente quentes nao quente a comida e vinhos excelentes e atenciosos anfitrioes frank e daniella apenas uma hora ou assim o carro do aeroporto de faro nao posso culpa lo"
"Positive", "refugio de frank e daniela de paz e tranquilidade nao pode realmente ser descrito voce tem que estar la o conhecimento do homem e estonteante e os locais de varias especies sao todos bem pesquisado esperamos que dando lhe sucesso os quartos sao perfeitos para a localizacao e se manter fresco para se voltar a comida e variada e apreciado por todos os hospedes o que mais posso dizer so que ele sera um prazer retornar e renovar a amizade e claro ver mais passaros"
"Positive", "passei semanas no paraiso em portugal e e um campo muito hotel location a vista para o lago e toda a area ao redor sao incrivel a comida e fantastica e daniela e frank e muito acolhedora e um lugar magnificent mile com em torno das loucuras um lote de aves e um super lugar para nadar eu adoro ele obrigado muito obrigado a todos voces"
"Positive", "este lugar e maravilhoso e tranquilo e perfeito em todos os sentidos ele esta anos luz de distancia dos comerciais e um lixo partes do algarve esta e realmente a ficar longe de tudo e um oasis de calma e um paraiso no meio do campo para alem do ambiente a atmosfera e calorosa e acolhedora e menos como estar longe e mais como ficar com bons amigos que voce ja conhecida por anos os anfitrioes sao genuinos e as boas vindas em sua casa nada e demais e eles realmente querem que voce tenha um bom tempo e antidoto total para o estresse e tensao da vida quotidiana ha passeios e canoagem se voce sentir como ele mas ha tambem o perfeito relaxar em uma bela definicao se voce quer apenas a doss no sol e ler um bom livro a observacao de aves elemento e uma revelacao e a alegria"
"Positive", "tivemos a melhor semana sempre ficar na quinta em alentjo nos nao vamos esquecer a experiencia com pressa a primeira coisa que notei foi o perfume das flores em todos os lugares e as vistas a hospitalidade e amabilidade com modestia e humor dos proprietarios frank e danielle apenas fez o holiday suas filhas eram muito divertido tambem e como para os seus animais de estimacao para a familia que conhecemos todos eles frank e daniella sabe tanto sobre a vida selvagem e partilhar os seus conhecimentos com um leve toque eles tiveram tempo para nos mostrar tudo a viagem de aves foi incrivel vimos inumeras aves incluindo pequenas corujas e uma aguia imperial comemos comida deliciosa e ficamos em um quarto muito agradavel estou em falta ja e nao pode esperar para voltar"
"Positive", "apos as inundacoes e chuva interminavel no reino unido que queriamos encontrar sol mas que tinha que ser sol com atitude ou seja nao estar em uma praia quando encontramos a quinta online fomos atraidos pela observacao de aves em oferta e o majestoso afastamento da regiao quando chegamos foi imediatamente acolhido por frank e daniella seus familiares e os quatro caes os quais foram para se tornar os nossos amigos jantamos juntos todos os dias muitas vezes com outros hospedes e daniella nao poderia ter sido mais bem planejadas suficientes para uma dieta restrita sobre os dias em que ficamos em casa que apareceu ao longo de um caminho ao lado um riacho entre os carvalhos vindo em passaros lagartos sapos e faixas de javalis selvagens ou nos nos sentamos no terraco"
"Positive", "em primeiro lugar ouvimos falar em paraiso em portugal em birdfair depois de ler os comentarios e a nossa recente estadia foi muito curto esteja preparado para as km de carro para baixo uma faixa dura para chegar a quinta mas o nosso fiat punto contratado foi capaz de lidar a hospitalidade soberba fornecidos por frank daniella e familia localizacao no meio do nada foi tranquilo e relaxante e uma boa base para passaros passeios a pe etc o nosso dia com frank em seu deposito foi bem pena o inicio pre amanhecer para obter as nossas primeiras vistas de abetarda na bruma para iniciar uma birding do dia memoravel agora e sobre o nosso deve rever a lista"
"Positive", "tendo apenas sido solicitado por um artigo online sobre o alentejo eu de repente lembrou se os dias idilicos a minha esposa e eu passamos a este lugar em maio de estou muito satisfeito por ver que o quinta e pujante e e obvio que continua a suscitar o louvor que certamente merece a minha esposa estava se recuperando da cirurgia e o cuidado e atencao que recebemos dos proprietarios tenho a certeza que foi frank e sua esposa foi fantastica outros destaques o repartee animada em torno da mesa de jantar comum as historias de frank e sua familia que chegam em portugal por um onibus london ex comedor de minha primeira incursao em uma abelha a noite gloriosa aroma de jasmim a visao do sapo macicos no gramado apos uma chuva e minha primeira captura de um"
"Positive", "ela tinha sido anos desde a ultima vez que nos passaram um tempo na quinta do barranco da estrada e nao decepcionou frank e daniella foram anfitrioes perfeitos a comida vistas e a companhia foram excelente e esperamos nao deixar que tanto tempo para a nossa proxima visita"
"Positive", "sensacao muito sorte de ter sido capaz de visitar a quinta para um tempo nd tendo entes ele muito ha anos otimo para estar de volta fica melhor e melhor assim harry se pisam o papagaio e ainda entreter nos tudo o mais maravilhoso como sempre apenas o lugar para a paz e sossego com os belos jardins e deslumbrantes vistas do lago sempre divertido e interessante para conversar com outros hospedes a refeicao frank e daniela com a familia e a equipe a cuidar nos tao gentilmente nos agradecemos todos ver voce em breve"
"Positive", "despreocupado pacifica mas as boas vindas calorosas possivel no final de km de trilha acidentada excelente localizacao e absolutamente encantadora experiente vida de passaros e a primeira guerra mundial do excentrico anfitriao frank que anos na construcao deste lugar e sua bem merecida reputacao daniella a sua austriaca nao como eu esperava portugues esposa e a adoravel utilmente sane um da parceria e um bom cozinheiro e vai bem fora de seu caminho para tornar confortavel obrigado daniella o comer e en famille todos os hospedes durante uma longa mesa dando origem a discussoes multinacionais interessantes e agradaveis memoravel especial muito diferente e ja convidando nos novamente"
"Positive", "ficamos aqui como parte de um tour aproximado e o lugar e um oasis maravilhoso exuberantes jardins com vistas fabulosas do e acesso a o belo lago frank e daniela e sua familia sao anfitrioes maravilhosos e nada e demais a comida e grande tambem que e tao bem porque o afastamento da localizacao significa que existem algumas outras opcoes nos dividimos o quarto de jantar com algumas vegetarianos e os visitantes de muitas nacionalidades que tudo parecia impressionado com tudo o que daniela explorar a paisagem local caiaque telescopios ou apenas relaxar em um lugar bonito este foi um excelente feriado"
"Positive", "isto para nos foi uma viagem de volta para o alentejo apos anos de ausencia o que um maravilhoso voltar zona rural de intacta acomodacoes unicas com vistas aves fantasticas em todas as direccoes e um cara que leva voce para ve las em h da manha um lago de sua propria para mergulho e vela em alimentos frescos e caseira para morrer frank daniella e a familia acolheu nos a sua casa e nao estragar nos ate nos a esquerda o que mais voce poderia pedir"
"Positive", "totalmente frank brilhante e daniella sao anfitrioes fantasticos em um ambiente muito bonito este e um lugar especial longe da multidao enlouquecida comida e a companhia agradavel nao va por favor como queremos manter isso para nos mesmos e para muitas pessoas que sera dificil"
"Positive", "uma bela quinta com apenas alguns quartos em um ambiente remoto deslumbrante com jardins e vistas deslumbrantes sobre o lago nos apreciamos os jantares e cafes da manha encantadores e se comer com o frank danielle e sua familia e os outros hospedes todas as noites uma nova experiencia de ferias para nos mas muito meu marido e um amante passaros portanto levou as opcoes de passaros a dias com o frank que foi fantastico ele foi extremamente qualificada e muito boa companhia e saiu do seu caminho para dar lhe uma birding do dia fantastico que incluiu pouco e grande bustards grande passaro malhado calandra lark e muitos outros ele tambem percebi que eu nao estava tao interessado em aves me mas ainda assim saiu de seu caminho para se certificar de que eu gostei muito"
"Positive", "minha esposa e eu ficamos aqui por dias para comemorar nosso primeiro aniversario de casamento sendo que ja viveu no meio de paris para os ultimos anos estavamos procurando algo tranquilo em um belo cenario natural que me senti off the grade a quinta completamente entregue o cenario natural e fantastico existem os passaros do campo para que frank e um excelente guia bosques de arvores de cortica ervas selvagens picantes e um lago enorme que e surpreendentemente desprovida de embarcacoes motorizadas exceto para o barco fui pesca de robalo em um dia a quinta tambem gera todo o seu proprio poder principalmente do solar portanto e literalmente fora da grelha o que nao esperava era a simpatia excepcional dos anfitrioes e outros hospedes normalmente a"
"Positive", "este e um lugar unico surpreendentemente bela em um lago excelente para observar passaros passeios a pe ou apenas de salientar e relaxante bastante dificil de encontrar mas vale bem o esforco se voce para oculos paraiso em portugal voce tera muitas informacoes ele e lindo recomendo vivamente o separado mas as refeicoes sao na casa principal com fabulosas vistas sobre o lago empresa sempre interessante altamente recomendado"
"Positive", "um grupo de de nos recentemente devolvido de uma estadia de uma semana na quinta o bem vindo era quente o ambiente descontraido e frank e daniela nao poderia ter feito mais para tornar a nossa visita mais agradavel e confortavel os observadores do grupo estavam muito grato aos excelentes indicacoes impressas do frank para os melhores locais para observar passaros nada era demais para eles cafe da manha mais cedo mesmo lotado cafe da manha para excursoes muito cedo a comida foi excelente e a vista espetacular um lugar muito especial gerido por pessoas muito especiais"
"Positive", "este e um lugar unico em um local remoto onde passaros e o unico som os quartos sao acolhedores o esses queijos maravilhosos excelente cafe da manha e presunto tantos paes cereais frutas e daniela produz deliciosas refeicoes a noite que voce comer uma mesa grande com a familia e os outros hospedes ela e frank sao simpaticos anfitrioes e trabalhar duro para se certificar de que todos estao satisfeitos frank gentilmente nos deu uma birding do dia embora nos nao tinhamos reservado com antecedencia e ele fez um esforco real para encontrar nos como muitas aves como possivel em dificeis condicoes de tempo seu conhecimento dos passaros e toda a area e incrivel e o trabalho que tem feito para criar a quinta e incrivel o nosso tempo poderia ter sido melhor por isso nao"
"Positive", "a situacao da quinta e fantastico localizado em uma colina em meio exuberante exuberantes jardins com vista para o lago este e um retiro rural tranquilo para que nao seja perturbado por trafego os sons que voce vai ouvir sao o golden oriole rouxinois cantando o alojamento complementa a bela paisagem e impecavelmente limpo e confortavel com uma excelente ducha as rosas frescas e jasmine em nosso quarto acrescentou um toque delighful naturalmente veio direto do jardim fomos recebidos por frank daniella como parte da familia instantaneamente que se sinta em casa as refeicoes sao tomadas em torno de uma grande mesa de jantar excelente comida da empresa daniella excelente feita a noite voar frank e um brilhante birdguide nossos dois passeios de um dia com ele"
"Positive", "estamos destinados a ir a pe da quinta para os nossos dias la no entanto uma vez que tinha encontrado frank que apressadamente mudou nossos planos e pediu lhe para nos levar no dia seguinte ele fez possivelmente a melhor decisao que precisam nos teriamos imaginado um dia bem generalizado off no entanto ele introduziu nos a uma emocionante viagem horas pesquisar o nosso passaro maravilhoso da area ele fez com entusiasmo e energia e conhecimentos sempre sentiu que nao foi apenas um prazer para nos mas uma inspiracao em si a sua paixao pelo o que ele faz bem como a generosidade de espirito muito especial com que ele e daniella executar a quinta para uma experiencia verdadeiramente o aquecimento e vida formam estaremos de volta"
"Positive", "as indicacoes do aeroporto ate a quinta pegue ao longo das estradas tranquilas de pais com praticamente nenhum trafego voce apenas a confianca as indicacoes do frank e voce vai chegar ao lodge fomos recebidos pelo aroma de jasmim um lago de reluzindo e caes amigaveis napoleon regras dominavam a aqui passamos quatro dias observacao de passaros com o frank suficientes para um passaros menos experiente bem como um experiente embora os dias comecou cedo eles estao relaxados e muito interessante foi n t apenas birding foi portugal tanto frank e daniela e apaixonado sobre o ambiente e que mostra com a forma como a quinta foi criado e e executado as refeicoes foram excelentes uma refeicao vegetariana diferente foi servido cada dia nada era demais foi tao bom que vou"
"Positive", "acabamos de voltar de nossa segunda visita a este lugar fantastico realmente e o paraiso nos estavamos em um holiday birding mas desde que voce desfrute de boa comida amor e ser bem recebido em um cenario magico longe das multidoes voce vai cair no amor com a quinta do barranco da estrada frank e possivelmente o melhor guia de passaros em casa deliciosa de portugal e daniella refeicoes deve classificar com alguns dos melhores cozinheiros os quartos bonitos sao confortaveis e bem decorados todos com vistas deslumbrantes sobre os jardins e o lago com certeza vamos visitar novamente"
"Positive", "acabamos de chegar em casa uma semana na quinta do barranco da estrada que e tambem conhecida como paraiso em portugal e certamente ela correspondeu ao seu nome a hospitalidade da daniella e frank e inigualavel comida e alojamento onde excelente e voce se sentira em casa logo que voce entra pela porta o cenario e absolutamente fora deste mundo em que procuram um lago com exuberantes jardins cheio de passaros nos fomos com o nosso filho matt para fazer uma semana de observacao de passaros e passei dias fora com o frank cujo conhecimento local foi segundo nao e ele tambem nos deu informacoes sobre a grande sites todo o sul de portugal apos uma dura de passaros dias nos apreciamos fabulosa comida preparada por daniella e uma grande empresa com outros visitantes em sua"
"Positive", "a nossa visita em meados de abril se agradavel clima quente seco que fez um contraste gritante de que nos deixamos para tras no reino unido daniela frank e assistentes nos fez muito bem vindo em sua casa adoravel nos apreciamos varias viagens birding excelente com o frank para uma variedade de habitats selvagens com o bonus de prados floridos nesta parte preservada de portugal voltando a tarde nos apreciamos o lindo jardim e vista para o lago com uma chavena de cha ou uma cerveja refrescante de frio a casa saborosas refeicoes caseiras foram apreciados em uma mesa comum com os nossos anfitrioes e outros hospedes no geral um excelente feriado"
"Positive", "nao e um lugar facil de encontrar mas que foram dadas instrucoes detalhadas de faro nos levar la sem um engate uma localizacao deslumbrante ao lado de um lago com jardins tranquilos apinhadas com aves o nosso quarto era confortavel com um patio isolado daniella e frank fez nos sentir muito bem vindo e nada era demais cafe da manha era estilo continental e abundante jantares foram boa cozinha de casa comido em uma mesa grande com os outros hospedes comum e quando nao completa o resto da familia existe uma boa seleccao de vinhos locais com precos bastante razoaveis birding com o frank e muito de educacao o seu conhecimento e habilidade de encontrar diferentes especies e inigualavel viagens entre os locais era uma oportunidade de educar nos sobre tudo desde a cultura"
"Positive", "paradise em portugal e o que eles chamam paradise e um belo cenario com vista para o lago jardim cheio de flores e passaros boa comida caseira comido em conjunto com a familia e outros residentes e confortaveis quartos com terraco proprio a abundancia de passeios da quinta em si ou pode ser deixados e recolhidas a partir das areas mais distantes a observacao de passaros organiza viagens de frank sao soberbo que vale a pena subir os primeiros as unidades podem estar fora para as planicies para o grande bustards ou para a costa para cegonhas ninhos de mar na verdade voce ira experimentar nome frank encontra la para voce seu conhecimento de aves area local portugues vida fazer viagens interessantes e boa diversao nesta epoca do ano a paisagem e um tapete de"
"Positive", "este e realmente um refugio remoto nao tente encontrar pela primeira vez no escuro a pista nao pavimentada da quinta parece interminavel mas proporciona uma vista fantastica a atmosfera criada por frank fabiano e a familia e muito caloroso e acolhedor nos apreciamos a roaring fire como o tempo estava um pouco decepcionante nos tivemos um fantastico dia a observacao que nos trouxe grandes vistas da localidade nele assim como emocionante ver passaros e todos os tipos de informacoes interessantes sobre a paisagem de frank meu unico comentario e que nao seria bom se houvesse alguns restaurantes locais o local mais proximo que sao quase uma hora de carro mas nos tivemos um par de adoravel refeicoes na quinta com interessantes vinhos portugueses e apenas mais uma hora"
"Positive", "nos realmente apreciamos a paz e cordial hospitalidade da quinta e o excelente home cooked refeicoes o exuberante jardim esta bastante um verdadeiro oasis e o junto ao lago e perfeita para um mergulho refrescante ou placa sobre a agua quente no verao e dia os quartos sao limpos e confortaveis com muitos personagens no jantar tempo nos conversamos com pessoas interessantes de varias nacionalidades ao redor da mesa e gostei do sempre mudar vista em frente ao lago frank e um excelente bird guia e sabe onde encontrar a gripe aviaria especialidades do sul de portugal altamente recomendado"
"Positive", "nos reservamos este lugar na forca de fotos parecia perfeito para uma escapadela de do it todos holiday e foi o cenario e incrivel e nao ate mesmo no seu melhor como nos fomos em meados de novembro quando pouco foi em bloom nos reservamos a muito curto prazo e somente as pessoas do lugar como foi a sua ultima semana trabalhando na industria turistica nos mesmos damos pensamento frank fabiano poderia ter nos dado um pouco cool recepcao sobre esta conta e ser desesperado por suas proprias ferias nada disso eles nao poderia ter sido mais acolhedor a sua empresa e que as criancas foi maravilhoso ambiente descontraido e conversavel nada era demais o quarto era limpo com um woodburner tinha que desejavamos da cama extremamente confortavel e a comida excelente"
"Positive", "esta foi uma experiencia incrivel com uma paisagem deslumbrante e arredores tranquilos frank e laura foram maravilhosos anfitrioes a culinaria de laura era grande com jantar ser bastante uma ocasiao fizemos uma observacao de passaros viagem com frank e com o seu conhecimento de aves e a sua capacidade de identificar los para um passeio muito interessante vamos voltar"
"Positive", "a minha primeira visita a portugal e tambem a primeira vez que tenho dado feedback sobre tripadvisor e la quinta foi o lugar perfeito para comecar o nosso feriado o local tem uma atmosfera incrivelmente relaxante e os anfitrioes daniela e frank nao poderia ter sido mais encantador o nosso quarto era muito confortavel e as refeicoes fornecidas todas as noites estilo da familia foram delicioso frescos ingredents simples e bem preparados o lago foi otima para natacao e o cenario sobre os passeios locais deslumbrante nos amamos o lugar e recomendaria"
"Positive", "se voce pode encontrar o seu caminho aqui e bem a pena os arredores sao pacificos e idilica frank e daniela eram os nossos anfitrioes adoraveis e que nos fizeram sentir como sempre temos sido uma parte das suas vidas jantares foram servidos em estilo familia com toda a gente comer em uma grande mesa de jantar e normalmente a mesa toda estava envolvido em conversas animados com topicos variando de osga turca a politica dos eua e em seguida para as maravilhas de vinho portugues todos a menos de minutos nao ha nada chique aqui mas valeu bem a estadia ir para o campo as pessoas a culinaria o relaxamento e nao se esqueca de falar com frank sobre as aves"
"Positive", "este hotel se pode chamar lhe que mais de uma casa realmente e o lugar perfeito para o tipo de familia que gosta do deserto rural o lago e maravilhoso para piscina quente e perfeitamente claro de fato nao foram tempos quando eu tinha uma pequena bebida como eu estava nadando ao longo existem animais encantadores os nossos filhos apaixonei com os caes o barco de vela canoas e gaivotas desde o meio ideal para explorar a grande lago o calor dos anfitrioes frank e daniela foi inigualavel e nos sentimos quase como parte da sua familia pelo tempo que tivemos foi um dia ou dois porque outros hospedes parecia se sinta dessa maneira demasiado que sentia voce sabia los bem nao plano de ficar aqui se desejar luxo polido ou ser tratados como a realeza pela equipe do hotel"
"Positive", "eu nunca tinha escrito nada no trip advisor antes mas la quinta foi tao especial que decidi e dificil descrever porque nao e como nada tenho visto antes um cruzamento entre ficar em casa de alguem e um hotel muito confortavel daniela e frank que propria e execute o lugar sao um casal fabulosa que que voce se sinta em casa desde o inicio como fazer as suas excelentes funcionarios daniela e frank e adicionar todos os tipos de coisas que voce pode encontrar em qualquer outra nunca como frank tendo o cafe da manha com a sua parrot ao seu ombro o parrot e um tarte pelo caminho e nao como outras mulheres o aloe vera a partir de uma planta nos seus extensos jardins para o meu se bronzearem nariz e daniela capacidade para cozinhar o mesmo pratos diferentes para um"
"Positive", "apenas cheguei de minha viagem no paradise em portugal posso voltar para la agora palavras mal pode descrever a minha estadia neste lugar incrivel mas eu tentara paradise em portugal esta localizado em um local remoto no alentejo duas horas e meia de lisbonn mas e definitivamente vale a viagem e todos os esforcos para encontrar quando chegar daniela frank e os seus funcionarios middel boas vindas com as suas grandes coracoes e pode simplesmente relaxar e desfrutar da excelente ambiente o lago e a natureza ao redor eu realmente gostei do ambiente calmo e relaxante do local mas o que torna a viagem verdadeiramente unico e a amabilidade dos funcionarios e a fusao pot de pessoas pode encontrar la passei grandes dias no quinta com o meu irmao e"
"Positive", "olhando atraves das minhas fotografias eu percebi que eles so dizem metade da historia sobre o quinta as vistas e o cenario a outra metade e frank daniela e sua familia alargada e assistentes a quinta esta bastante unico nao e um hotel nem um b b convencional e um pouco como estar em casa alargada de alguem onde todos se reunir para tempos de refeicao em conjunto com o frank s e daniela e com bondade e isto e o que realmente o faz curiosamente atraves de alguns sob forma de serendipidade a mistura de pessoas e nacionalidades que obtenha lancado juntamente normalmente fazer por um tempo muito sociavel muito mais do que em um hotel de padrao posso ver que o quinta nao e o copo de toda a gente de cha e remoto para os padroes da maioria das pessoas e partilhando"
"Positive", "eu passei apenas uma semana aqui e voce nao vai encontrar qualquer outro lugar muito como esta frank fabiano a familia e toda a equipe faz o seu melhor para tornar a sua estadia confortavel passei dias birding a area com frank e tivemos um grande momento e vimos algumas aves maravilhosas frank e laura tem uma grande paixao para as aves a natureza e o seu ambiente agora estao a lutar para salvar a ultima area do pantanal no algarve antes e perdido para sempre a culinaria de paulo foi delicioso e foi feita a partir de ingredientes locais frescos estou admirado com a ela poderia fazer todas as refeicoes e servem todos enquanto a comida era ainda quente tivemos em estilo familia sessao que eu achei muito agradavel porque todos nos sab e comemos na grande table isso"
"Positive", "mergulhe vos a este lugar magico frank e laura tem uma construcao envirorment inesquecivel que atrai hospedes verdadeiramente interessantes cozinheiros de laura excelente comida que e criado a partir de ingredientes locais frescos apreciado na sala de jantar com a sua maravilhosa proscenio espetacular estilo arch janela aberta com vista sobre o lago frank e um anfitriao maravilhoso ractonteur brilhante e builder extraordinario tendo construido este hotel verdadeiramente rara proprio todo o soberbo espaco pedra chalet rooms lindos jardins escadas para o lago e pontoon tem cleary foi um trabalho de amor mais de vinte anos tudo sobre quinta do barranco of estrada faz com que voce se sinta aberta e livre mas simultaeously incluido em uma familia quente maravilhoso com os"
"Positive", "limpa profundamente apreciamos a nossa estadia aqui como parte de um feriado para caminhar com microbacias o tempo estava demasiado quente para uma caminhada por isso nao tomavamos um dos passeios e para um dia excelente de observacao de passaros com frank nos apreciamos as refeicoes comuns conversando com a todos os hospedes e a familia o lago foi otimo para se refrescar apos as nossas actividades de dias natacao vela e caiaque"
"Positive", "como um grande e maravilhosa um verdadeiro paraiso cheia de hapinness em primeiro lugar o lugar e unico e perto da agua e tem belo jardim segundo as pessoas daniela frank familia a equipe sao tao doce que fazem nos sentir se em casa eles cuidam de nos como familia e fazer nos ter um grande momento a melhor parte das ferias para mim foi no jantar deliciouse de tempo comida e super conversas agradaveis com os hospedes do em qualquer parte do mundo e por isso que gostaria de voltar novamente hoppefully ve lo em breve"
"Positive", "esta e a parte dos sonhos total tranquilidade nas margens de um belo lago em meio uma paisagem natural tudo foi feito para assegurar que os visitantes se sentirem totalmente relaxado e mimados a formula e perfeito do grande comunais mesa de jantar onde as familias e a equipe socializar alegremente com os hospedes os diferentes pontos com espreguicadeiras e vista para o lago para que todos possam ter um momento privado e tranquilo a jardins lindamente mantida com o inebriante aromas de jasmim e de rosas excelente cozinha magicamente evocado por daniela a maravilhosa orquestracao de tudo pelo maestro frank e o divertido companhia dos filhos nao esquecendo harry o papagaio do curso e as quatro pes caninos amigos que acompanham e guia lo em suas caminhadas e se vinha"
"Positive", "nos estavamos em um periodo de ferias para caminhar e tive a sorte de permanecer aqui por tres noites e um local maravilhoso em particular se desfrutar da paisagem e da natureza o cenario e lindo o lugar e tao tranquila e ainda ha tanta coisa acontecendo os passeios sao bem planejados e cheio de variedade e a vida de passaros e incrivel frank e danielle fez nos bem vindos a partir do momento em que chegamos a noite todos comemos em conjunto e este foi muito divertido como todos os hospedes estavam tendo um tempo tao bom ajudou naturalmente pelas refeicoes soberbas um otimo lugar"
"Positive", "nos recentemente ficamos aqui com os amigos enquanto de ferias para caminhar e apreciamos cada momento nos nos sentimos parte de uma grande familia com frank daniela da sua familia encantadora funcionarios e outros hospedes sentados ronda uma grande mesa comer comida deliciosa e como para os rolos nas refeicoes pre embaladas soberbo a quinta e bastante isolado mas nao ha muito para o manter ocupado com o pe observacao de passaros o belo jardim piscina no lago caiaque vela e ate mesmo gaivota ou simplesmente relaxar e descontrair o alojamento e atraente limpo e confortavel nao sendo um amante de caes devo confessar que ser bastante ferido por as personalidades dos seus caes que foram muito divertido paradise em portugal como e verdade"
"Positive", "nao ha realmente muito a acrescentar aos outros comentarios se voce quer uma pausa pacifica passar o seu tempo a relaxar a uma curta caminhada observacao de passaros pesca natacao etc no lindo cenario entao voce vai apreciar este lugar a quinta esta situado em jardins fantasticos e os anfitrioes daniaella frank e o resto da familia nao poderia ser mais hospitaleira e simpatica excelente comida em uma grande mesa comum onde os hospedes e a familia sente se em conjunto alguma forma funciona e as noites eram sempre interessante e agradavel tempo foi otimo como seria de esperar em portugal em junho os ultimos km levam ate ao quinta e um erm interessante drive um lugar especial ao contrario em qualquer outro lugar que eu fiquei e eu i would recommend to"
"Positive", "minha mae e eu passamos duas noites no quinta e desejava para mais o momento em que entramos para fora do carro a fragrancia espantosa de jasmim e citrinos blossoms da as boas vindas foi muito bom e um pouco chuvoso mas que nos forneceu encostas deslumbrantes coberto de flores silvestres este e um lugar verdadeiramente especial maravilhoso para relaxar ou sair e explorar as colinas e vales apreciamos birding enquanto esta sentado no patio e na sequencia das indicacoes do frank para alguns bons pontos passaros os jardins sao exuberantes e carregados com lindas flores os quartos sao espacosos limpos e adoravel com flores frescas adicionando um belo toque frank daniela da sua familia pessoal e animais de estimacao recebe lo com calor premente se estiver a viajar para"
"Positive", "quinta rustico encantador familia de charme belo cenario com vistas e jardins do lago desdobravel para baixo para o lakeside cheia de passaros e outros animais selvagens vim para dia pausa em maio para descontrair e relaxar e fez exactamente isso e um refugio preferido de caminhantes e os observadores de passaros por isso se isso nao e para voce voce pode obter todo o lugar para se alguns dias nos descansados ler swam no lago saiu na gaivota controle remoto e e acessivel apenas atraves de uma trilha acidentada de sujidade mas a afastamento e parte da atracao e o ultimo foi feita facil para nos como o quinta enviou o seu controlador local de taxi para recolher nos a partir do aeroporto de faro cozinha caseira e jantar e comuns em torno de uma mesa grande com a"
"Positive", "e interessante que a maioria dos comentarios sao o amigo de frank que e porque quando voce deixar este lugar maravilhoso que o amigo de frank e daniela essa e a diferenca que este lugar e um hotel ordinario que se tornaram parte da familia em um curto periodo de tempo as criancas e caes sao todos parte de o seu triste que lateralmente o cao preta morreu porque ele era como um animal amigavel calorosa e vou perder ele quando eu ir novamente a familia nao pode fazer o suficiente para agradar a culinaria de voce e daniela o estilo de buffet de almoco e particularmente bom porque voce pode comer o quanto voce quer e como uma variedade os quartos sao muito limpo e encantador os novos banheiros sao uma mudanca bem vinda e novamente feito com tal bom gosto lateralmente"
"Positive", "a minha familia passou uma semana aqui e tivemos um tempo maravilhoso a familia sao muito calorosa e acolhedora mesmo os caes que voce se sinta em casa frank e um muito bom guia de passaros e tomou o meu pai e eu em dois dia completo expedicoes ambos foram muito sucesso se voce tiver sorte com o tempo pode relaxar a beira do lago e tomar sol sabendo que sao de um punhado de pessoas na area ficar aqui tem a vantagem de nao ter de se preocupar com cozinha comer como daniela e um cozinheiro maravilhosa que agita se difunde finos no almoco e jantar se voce esta procurando uma location away from ocupado turistico locais para relaxar relaxar ler um livro aproveitar o sol sair em alguns canoas ou gaivotas e fazer alguns excepcional observacao de passaros entao eu recomendo"
"Positive", "para um unico longe de tudo ferias relaxantes em um belo cenario este e o lugar frank e daniela e familia sao excelentes anfitrioes nada e um problema e voce se sentir verdadeiramente bem vindos a partir do momento em que chegar no final da pista para a quinta fatima e dulce compoem o feliz e muito eficiente da equipa da casa tendo trabalhado com frank durante muitos anos escolhemos comer o grande casa de daniela alimentos cozinhados com a familia e outros hospedes a noite que foi uma grande experiencia e muito apreciado eu recomendo o quinta a todos os que amam uma pausa pacifica em um ambiente rural e pesonally adoraria voltar novamente um dia"
"Positive", "enquanto em hol em portugal o meu marido tinha de ter uma pequena operacao e viemos aqui para convalesce o que e uma excelente escolha paz e beleza boa comida e boas pessoas e montes de adoravel amistosos caes banheiro grande com enorme banheira o nosso quarto era atraente com bonita roupa de cama e acordou para o aroma do jasmine com jardins floridos que adornados nossa varanda e uma de morrer com vista para o reservatorio lake eu nao podia resistir um passeio matinal em torno dos belos jardins e foi intrigado com o canto dos passaros variado e som plopping ocasional de peixes saltos no lago barcos e gaivotas estavam disponiveis para explorar o lago e as ilhas recomendo vivamente este lugar se quiser para se afastar de tudo"
"Positive", "uma verdadeira joia escondida frank e daniela sao excelentes anfitrioes e eles fazem voce se sentir imediatamente em casa nao perca as refeicoes caseiras de daniela e certifique se de perguntar sobre paixao de franks para as aves nos nao fossem nao sao observadores mas podera tornar se um antes de sair la quinta certifique se de imprimir as instrucoes com aqueles que a um passeio facil"
"Positive", "se quiser relaxar este e o place e um oasis no meio de nenhum tivemos uma muito tempo e sentida em casa gracas ao frank daniella e a familia que muito bondade e realmente util ate o fim ate mesmo ajudou a alteracao o carro la rueda um lugar voce dreaming para voltar como fazemos"
"Positive", "nos se hospedaram no barraco da estrada por noites com nossa em vez criancas barulhentas frank e daniela foram muito aconchegantes fazer us se sentir muito como parte da familia os quartos sao muito aconchegante e possuem vista para o lago e para o jardim que sao deliciosos no final do jardim ha um pier com pedalinhos canoas e barcos a vela jantar no quinta todos os hospedes tornando este um grande familia evento gostariamos pegue a este momento para agradeca frank e daniela para uma estadia maravilhosa e a apenas para que ele saiba que vamos voltar boa sorte com o restante da temporada philip margarina e os meninos"
"Positive", "este beautuful place e um refugio de paz e traquility o vista espetacular para o lago sao inigualaveis o cenario muda horas como o semaforo que trocar sobre a agua o hotel auto e simples e confortaveis cercado por belos jardins e tranquila com sombra sopts no diferentes niveis que levam a agua frank e daniela oferecem maravilhosas suas divertidas noitadas ate comida fresca e criar o aconchego de uma semana house festa frank tem uma conhecimento e entusiasmo para locais passaros e a zona rural ao redor enquanto pele daniela oferece reaxing massagem para comlete um dia de descanso o entre as criancas foram happy de relaxar ler nadar tomar sol e se de todas as pressoes da vida moderna"
"Positive", "este foi o segundo visitar o quinta e nao taxis retornar o jardim com vista para o lago e cheio de interessantes wildlife e a paz esta a apenas incomodem com o coaxante dos sapos e singing pelos rouxinois que vivem neles o hotel tinha tres longo dia explorar muitas variado habitats e muito tempo para a back no quinta para relaxar e explorar os quartos sao confortaveis com vista para o lago e a comida excelente i muito apreciado atmosfera agradavel"
"Positive", "se voce procura um ferias em uma localizacao deslumbrante em um ambiente descontraido com excelente comida e charmoso company nao procure mais o quinta do barranco de estrada proporciona e muito mais como voce siga pela via de acesso em direcao a quinta atraves de uma para brincadeiras de flores divisar peixes como o lake oferecem um excitante frank e daniela sao ususally para se encontrar o novo desembarque com seus encantador criancas e charmoso nao mencionar a mais amigavel mais bem comportado caes de portugal a comida que foi excelente durante toda a estadia foi servido na area de refeicoes com vista impressionante com vista para o lago familia e os hospedes jantaram no local e interessante mistura de visitantes acrescentado ao descontraido agradavel"
"Positive", "o hotel teve um super estadia relaxante no quinta o hotel frank e daniela sao super amigavel e realmente fazer um esforco para fazer com que suas ferias sejam um sucesso da atmosfera familiar no jantar permite fazer amigos rapidamente de todas as idades e conversas apenas paradas para saborear a comida e saborear foi frank e um super birding guia e tomamos vantagem de seu conhecimento da area nos sera"
"Positive", "nao se pode requisitado um melhor lugar para iniciar o nosso headwater uma curta holiday do alentejo se desejar localizacao deslumbrante wildlife otima comida e uma atmosfera amigavel o quinta e sem duvida merece uma conferida frank sabe algumas coisas de aves tambem"
"Positive", "a principal reclamacao sobre a quinta e que seja feito a volta do agitado cinza london ainda mais dificil de usuais a trabalhar azul este lugar e perfeito para uma pausa relaxante longe da agitacao da cidade o unico sons voce ouvir sao os passaros e sapos chirpping e ha linda vista para o lago de cada aspecto frank e daniela claramente trabalhou muito dificil para criar um confortavel aconchegantes refugio em uma regiao rural minha unica reclamacao e que estava tal com franks aconchegantes pacote de os amantes que queria para todos com me mas estas londres apenas nao corresponde a arborizado vales e creaks para explorar a direita na sua porta um perfeito se"
"Positive", "sitrting no jantar com a grande vista para o lago aves agarre perto e muito longe flores floridos noite aromas conversas nascente e falling deep tranquila que gostaria de ser em qualquer outro lugar de manha natacao em aconchegantes agua fresca peixe com altura e sempre os passaros"
"Positive", "otimo lugar para descansar o hotel como uma familia e voce esta convidado para participar cada evento realmente uma experiencia unica o place tem um view e e muito com apenas quartos muito muito bem"
"Positive", "este e imperdivel para aqueles que desejam um tranquilo e pausa relaxante a vista do hotel foi espetacular a localizacao nao poderia ser mais privilegiada os quartos sao limpos simples e muito confortaveis com banheiro a atmosfera e amigavel vila local e charmoso e leva minutos de carro o hotel tem vista para uma enorme reservoir que podem ser alcancados a pe por uma curta onde voce encontrar uma area onde voce pode relaxar e nadar bem como uma canoa ou pequeno barco as refeicoes sao servidas durante todo o dia em uma agradavel area de refeicoes onde voce uma vista fantastica e o lugar perfeito para fugir para quem quer se afastar fromeverything e experimentar alguns paradise"
"Positive", "frank mcclintock s quinta do barranco da estrada tem tudo dom sombra descobrira que apresenta comedias deliciosa comida e uma selecao de vinhos que celebram sua fascinacao com ornitologia ha mil lugares para se em sua paradisiaco jardim com terraco que leva a um lago que e mais um playground com canoas barcos a vela pedalinho e suave natacao a ilhas proximas nos especialmente amei o caes inclinadas molly pesca mike cultivadora e mel quando voce ha por que"
"Positive", "este e um bem organizadas acolhedor operacao um real interesse em que procuram apos s clientes as inumeras equipe oferecem boa comida accomodation e sugestoes sobre os arredores o proprietario criou o local mais de duas decadas e tem com sensibilidade adequados do predio e jardins muito belas cercanias ele e um especialista orithologist proviiding praticas sobre por exemplo o melhor chances de turisticos great bustards enquanto a comida e bom ha uma pousada para mais caros comer maravilhoso uma curta country"
"Positive", "o mais isoladas panoramica localizacao que voce pode desejar para estadia em o quinta chegou na via uma ok estrada de terra e fica em uma colina suave cheia no lago onde um pequeno plataforma com dom espreguicadeiras espera a localizacao e como impressionante isolado e romantica como que pode desejar este e um lugar para relaxar e tomar vista para o mais possivel o andorinha suite com seu proprio jardim e bem recomendado para dar ainda mais retiro"
"Positive", "nos catalas iam em busca de wildlife especialmente aves e dragonflies e com franks dica do especialista ajuda a muito a estadia no quinta foi verdadeiramente agradavel e nos sempre se sinta bem vindo como se parte da familia nao realmente na turistico trail mas contribuem para a atmosfera de aventura que ainda podem chegar a costa oeste e plains sem muito dificuldade nos vamos voltar para ver nossos novos amigos no quinta e provar novamente daniella s great culinaria"
"Positive", "este e um maravilhoso pequenas refugio intimista especial mundo criado por proprietarios frank e daniela os quartos e as areas comuns sao grandes e a comida servido estilo familiar e maravilhoso cafe da manha inclui um maravilhoso variedade de queijos suco de laranja fresco passadas minutos antes e servido e um lugar para relaxar mas tambem uma boa base para great side viagens o hotel fica no final de uma nao pavimentada mas bem cuidados km road se a ideia de uma viagem e ir para a autoroute e queime o km este lugar nao e para voce mas se quiser vista incrivel de colinas lagos e flores silvestres voce ira adorar esse entrance road e o interior em volta pode east ate a incrivelmente bela e sob preenchidas automaticamente plains west ate a costa e great"
"Positive", "muito simpatica equipe dada por us um maravilhoso alguns dias no quinta uma grande ftme apenas relaxar o lago sentido no canoas e o veleiro e saborear o clima de paz frank e daniella que partem a quinta foram realmente cordial e pronta a nos ajudar com qualquer coisa que queria um lugar muito especial para encontrar"
"Positive", "o hotel esteve para o algarve para muitos anos e decidiu tentar se hospedar mais ao norte gostaria se obter algumas informacoes na quinta do barranco da estrada na birdfair no reino unido e observava bastante agradavel nos tontamente tentou acessar utilizando satnav chegar e terminou discado stuck em alguns estradas de terra que necessario um x uma vez decidimos trust as placas teremos e ignore o computador que encontramos sem problemas adornados met as expectativas o hotel esta as margens de uma grande lago com uma fantastica jardim grandes para a costa apos a viagem a paz e a tranquilidade foi exatamente o que e necessario em nosso primeira manha teremos nos pediu frank o proprietario pegue a us out birding nosso principal alvo foi abetarda e a menos de"
"Positive", "o hotel fez o easyjet voo de liverpool a faro e depois se alugar um carro para drive north para a quinta o hotel nao sabe que ela no momento mas esse foi o aniversario da encarnacao revolucao o hotel foi norte da espanha antes mas nao para portugal ou ate mesmo algarve que esperam servico assados zona rural i foi maravilhado com flores verdejante grama e o cor verde no entanto i desde aprendeu que este nao ultima long a quinta foi surpreendentemente facil de encontrar dado claro as orientacoes e foi diferentemente algo que eu tinha esperada controle remoto tranquilo tranquilo sao o facil palavras para descrever o quinta fica em uma encosta o que deve ser ou tao m uma grande lago as vistas sao deslumbrantes e ha um belo jardim corrida ate o lakeside"
"Positive", "o cenario e um maravilhoso que cercam uma perfeita reservoir a comida e gourmet em estilo de culinaria mais british de portugues mas se voce planeja ficar aqui para explorar beja pelo menos uma hora e meia de carro ou explorar portugal e sua populacao voce nao que aqui os quartos sao bastante rustico e embora limpa porque voce esta no meio de nenhum cercado por uma bela vegetacao alguns lagartas e outras descoberta arrepiante crawlies talvez inevitavel os hospedes do cidades estilo europeu e americano foram mais surpreendido que do rural ou suburbano bretanha e definitivamente um bom lugar para um dos amantes esconderijo quando voce realmente deseja ocultar nao boa para conhecer e explorar a regiao desde o road para a quinta e longo e windy e bar"
"Positive", "reservado atraves e teve um maravilhoso frank e um excelente e divertido host este e um estabelecimento pequeno no meio de idilicas paisagem tranquila nao ha estradas a apenas uma grande tranquilo lago perfeito para natacao windsurfe e vela alimentos organicos principalmente e casa feita os quartos sao simples mas se refrescar e confortaveis eu altamente recomendar voce atender interessantes pessoas aqui"
"Positive", "temos apenas devolvido de uma semana viagem a este lugar muito especial ele foi especial porque nao so foi meu aniversario enquanto nos mas i tambem foi propostas para e todos os funcionarios no quinta feitas que uma magica experiencia memoravel o quinta fica em meio a mais belos jardins e foi o amor construido e desenvolvido pela proprietario frank o quarto possui vista impressionante em santa clara dam e a atencao aos detalhes com flores frescas no quarto e maravilhoso pinturas que nos descobertas foram obras pelos proprietarios avo a comida foi absolutamente esplendida bobby e um excelente chef o dam lake foi maravilhosamente impecaveis e claras e ate mesmo apesar dos ventos frios do ano muito refrescante para um mergulho apos uma sessao na sauna ha pouco ou"
"Positive", "quinta do barranco de estrada o quinta e maravilhoso b b em um isolado e localizacao deslumbrante do sul de portugal a partir do momento de sua chegada voce e recebido com o mais vista espetacular e a mais calorosa das boas bem vindo cada quarto com vista sobre um jardim tropical encostas um belo lago com nada das montanhas no conforto de sua terraco que podem assistir a vista e muitas aves em abundancia incluindo o red rumped andorinhas e bee cospe fogo frank o proprietario e um profissional passaros guia para o sul de portugal e sintam divertidamente as muitos visitantes do jardim e regiao ou recomendar onde ir para ver mais ou para quem prefere seu proprio guia frank vai passeios a pe ou x alem disso uma variedade de atividades podem ser feitas do quinta"
"Positive", "website este lugar e magica visitei recentemente com meu namorado depois de passar uma semana se bronzeando ao dom no algarve praias ele leva cerca de uma hora para chegar de carro ou uma hora e meia se como nos voce inclined para ir um pouco lost e foi uma adoravel drive achei que quando chegou que ja sensacao relativamente descontraido mas achei errada nos passado dias no hotel e a esquerda sentir totalmente revigorado o quarto que se hospedaram no foi belo fotos no website nao o faz justica ele foi adoravel para estadia limpo que tambem real personalidade e charme todos frequentemente um raro o banheiro foi amplos arejados e maravilhosamente bem eqipped com uma grande chuveiro e belo grande banheira o restante do hotel e pequeno e"
"Positive", "meu noivo e i passado tres noites aqui e veio casa sensacao tao descontraido ele poderia tres meses este e um estabelecimento joia de um hotel totalmente tranquilos um lindo cenario um deep azul turquesa do lago para voce deliciosos caseiras e equipe maravilhosa voce pode ser mais ativos se quiser mas estarao restritas se estabeleceu para uma caminhada atraves do vale com a promessa de uma cerveja no final e passaros viagem com frank o proprietario que foi fantastica e foi absolutamente encantador para ser guiada por alguem que foi tao obviamente aficionados por locais wildlife oh e o andorinhas de zocalo um passo do jantar mesa foi um real foram necessarios us apenas algumas horas para chegar la de londres mas um mundo do estresse da vida e absolutamente"
"Positive", "paraiso em portugal e seu website endereco e e exatamente o que ele e tranquila tranquila e relaxante do enlouquecidas multidao com a natureza e vista para deliciosos great hospitalidade great comida grande empresa o melhor lugar que encontramos enquanto viajam de portugal e nao podemos taxis que retornar ha um dia altamente recomendado"
"Positive", "este lugar e imperdivel para quem quer ver o interior e seus habitantes duas patas quatro patas e forrado tipo nos alugou um carro de lisboa nao acreditar que voce ler etc pelo menos algumas de etc sobre tempo aproximado de portugal o hotel teve um fantastico tempo tempo aproximado para a quinta do barranco do estrada ha algumas otimas paisagens e observacao de vida selvagem se ficar na toll road e a pequena estradas este retiro um pouco fora do caminho que foi exatamente o que queria e tao tranquila as estrelas estao incrivel a comida e excelente o lago e refrescante ele tem tudo pedimos tambem que frank o proprietario nossos wildlife guia para um dia seu conhecimento da terra sua historia e passaros identificacao com foto verdadeiramente impressionante ele"
