Sentiment, Review
"Positive", "excelente para uns dias de descanso em familia adoramos o espaco e as pessoas que nos acolheram com grande simpatia e sempre disponiveis para ajudar ate a bolota e a giesta contribuiram para tornar a nossa estadia mais especial"
"Positive", "staff muito simpatico e sempre preocupado com o nosso bem estar para quem aprecia um sitio sossegado e o lugar ideal boas acomodacoes na casa onde tivemos pequeno almoco muito bom e variado a unica observacao menos positiva foi a questao da agua quente que tendo em conta que a casa onde ficamos tinha termoacumulador nao conseguimos tomar banho os seguidos"
"Positive", "o monte do giestal e o sitio perfeito para ir com criancas facil de chegar h de lisboa casas com cozinha possibilidade de encomendar refeicoes prontas nos quartos almoco e jantar parque infantil trilhos para fazer com as criancas animais na quinta piscina aquecida boa relacao qualidade preco alem de todas as comodidades todos os funcionarios sao super disponiveis e de uma simpatia extrema recomendo fortemente"
"Positive", "vivamente recomendado todos muito simpaticos e atenciosos pequeno almoco muito bom a casa muito acolhedora optimo spa daria estrelas se fosse possivel muito obrigado a todos rui catia e as marias"
"Positive", "espaco super agradavel ideal para uns dias de puro relaxamento e ou convivio entre amigos e familia funcionarias super atenciosas e preocupadas infelizmente o spa estava em manutencao devido ao tempo de encerramento motivado pela pandemia covid faltou apenas isso para ser uma experiencia estrelas mas sem duvida que e para repetir"
"Positive", "fiquei noites no monte na casa da azinheira e so tenho pena que tenha passado tao rapido um espaco super acolhedor e bem equipado pequeno almoco ainda em buffet assistido muito saboroso com produtos de qualidade e sempre com um bolinho caseiro a nossa espera encomendamos os jantares num restaurante sugerido por opcao pois a casa esta bem equipada para quem quiser cozinhar pela menina da rececao e nao podiamos estar mais satisfeitos quer com a qualidade quer com os valores em ambos os dias foi nos entregue em casa a hora combinada tivemos muita sorte com o tempo o que nos permitiu ainda usufruir do espaco exterior e piscina spa pequenino mas bem cuidado e muito acolhedor recomendo sem duvida"
"Positive", "se procura lugar perto de tudo onde pode descansar o monte do giestal e o sitio ideal acrescentamos um atendimento estrelas e estamos no sitio perfeito ao final do dia o por do sol e lindo esperamos poder voltar"
"Positive", "uma optima opcao para uns dias de descanso em familia adequado para ir com criancas gostamos muito do pequeno almoco simples mas de qualidade e apreciamos a opcao de podermos encomendar as refeicoes o staff muito prestavel e profissional"
"Positive", "equipa incrivel simpatia e servico estrelas servicos otimos de refeicoes em casa um jantar divinal e o pequeno almoco na cesta a lembrar um piquenique herdade com uma localizacao excelente a proporcionar o silencio necessario para fazer uma pausa da correria do dia a dia"
"Positive", "adoramos e certamente vamos regressar as instalacoes sao excelentes o monte e lindo e todos os funcionarios sao sempre super prestaveis e simpaticos uma excelente escolha para relaxar e repor energias com criancas como foi o nosso caso a proximidade com os animais ainda melhora mais a experiencia"
"Positive", "ficamos um fim de semana numa das villas a frente da piscina e foi uma experiencia fantastica a villa estava muito bem limpa e era muito agradavel as camas muito confortaveis a herdade e linda e proporcionou uns passeios maravilhosos o pequeno almoco era muito completo tivemos tambem a oportunidade de experimentar a comida caseira que servem numa das noites que adoramos de realcar a simpatia dos funcionarios que foram sempre muito prestaveis e atenciosos connosco tornando a estadia ainda melhor para quem procura uma estadia com disponibilidade para levar caes recomendo vivamente o meu adorou uma experiencia sem nada de negativo a apontar e que pretendo repetir"
"Positive", "uma semana muito bem passada o monte e fantastico permite nos sentir o ar alentejano com serenidade e paz espaco de montado enorme para caminhar conhecer e interagir com os varios amigos que se vao encontrando e descansar a sombra dos sobreiros as villas estao muito bem equipadas e a equipa do monte giestal e muito prestavel e sempre com um sorriso o pequeno almoco e bom e nos tambem usufruimos das refeicoes caseiras que tem disponiveis ementa variada e com oferta de gastronomia local comida muito bem confeccionada a piscina estava muito bem tratada e o pool bar em funcionamento com sugestoes diarias de pratos e cocktails o facto de acolherem tao bem os amigos de patas e excelente para repetir sem duvida"
"Positive", "um empreendimento muito bonito e agradavel pessoal do mais simpatico prestavel e profissional que se pode encontrar um bar de apoio a piscina com bebidas e comida excelentes responsavel do bar muito simpatico e prestavel um local muito agradavel para passar um fimdesemana com a familia"
"Positive", "servico muito bom com grande simpatia e hospitalidade as casas sao grandes e muito confortaveis bem decotadas e muito limpas os espacos exteriores muito bonitos com uma boa piscina tem tambem uma piscina exterior servicos de refeicao bons e eficientes bem como servico de spa"
"Positive", "ambiente bastante relaxante staff bastante atencioso se tiver de sugerir alguma melhoria seria na limpeza dos utensilios de cozinha que poderiam estar mais limpos mas nada de especial e o sofa da sala poderia ser de melhor qualidade contudo tudo estava bem a casa bastante bonita e decorada de acordo com o ambiente envolvente a piscina interior e com certeza uma mais valia para os dias menos quentes o staff do pool bar bastante simpatico e serve uns gins de frutos vermelhos maravilhosos foi o o aniversario do meu filho e o staff teve o cuidado de preparar um bolo caseiro maravilhoso para ir buscar comida deve pesquisar pois nao ha muita escolha e o mais proximo que conseguimos ficava a cerca de minutos de distancia mas com comida bastante saborosa como se"
"Positive", "localizado no litoral alentejano no concelho de santiago do cacem na freguesia de abela o monte do giestal e um lugar magico que nos proporciona verdadeiro descanso e nos enche o coracao de momentos inesqueciveis e felizes somos desde logo recebidos calorosamente com toda a simpatia e sorrisos do staff espetacular sempre disponivel para ajudar nos em qualquer coisa que necessitemos e que nos encaminham para as pitorescas casinhas do monte alentejana muito bem equipadas confortaveis limpas e asseadas a parti daqui e so desfrutar de todas as comodidades do deslumbrante espaco envolvente refrescarmo nos na piscina existe uma para os mais pequeninos fazer caminhadas tranquilas pela natureza a pe ou de bicicleta cumprimentar as amorosas burras bolota e giesta que"
"Positive", "o empreendimento e constituido por casinhas individuais muito acolhedoras os t tem wcs completos o que e uma mais valia grande area exterior para desfrutar da natureza e animais pequeno almoco algo limitado mas e compensado pela qualidade e simpatia"
"Positive", "tao bom que parece mentira staff espetacular muito simpatico e sempre disponivel para ajudar tudo muito limpo e asseado um sitio ideal para relaxar e repor energias ambiente muito simpatico e agradavel as refeicoes sao muito boas e a precos acessiveis"
"Positive", "a calma do monte alentejano a simpatia de todo o staff o espaco envolvente que deslumbra sao razoes suficientes para trazer memorias de uns dias em familia maravilhosos atividades variadas piscina tenis caminhada bilhar do agrado de todos"
"Positive", "a casa t onde ficamos alojados e muito acolhedora o local e muito sossegado e o facto de ter animais e espetacular para experiencias que ficam para sempre na memoria das criancas tem piscinas fantasticas existe cuidado com a manutencao do espaco exterior fomos recebidos com muita simpatia e durante toda a estadia nunca nos faltou nada pois facilmente contactavamos por whatsapp adoramos todas as refeicoes que nos entregaram numa cesta a porta as criancas pedem para voltarmos e tenho a certeza que voltaremos o badoka park a distilaria black pig gin ficam a poucos km s o moinho da quintinha o museu da agricultura de abela estes foram apenas dos locais que visitamos foram umas das nossas melhores ferias onde nos divertimos e descansamos tal como pretendiamos"
"Positive", "espaco espetacular com uma envolvencia muito agradavel no montado alentejano que podemos percorrer a pe casinhas muito bem equipadas com uma limpeza irrepreensivel ideal para familias com criancas pequeno almoco saboroso espaco que permite uma estadia covid safe mas o melhor e a excelencia do atendimento por parte do staff muito atenciosos sentimo nos em casa altamente recomendavel"
"Positive", "o staff o monte a piscina o pao do pequeno almoco o bolo de aniversario tudo estrelas os miudos adoraram e nao se vao esquecer desta experiencia voces sao incriveis em tudo o que fazem vamos voltar em breve obrigada"
"Positive", "a estadia foi maravilhosa o staff e simplesmente estrelas muito atencioso em todos os minutoa da estadia fizemos questao de pedir os jantares e almocos na casa que vem num cestinho muito simpatico o pequeno almoco e delicioso especialmente aqueles croissants e o sumo de laranja natural a piscina nao teve muita afluencia houve sempre cuidado ate pelos outros hospedes a nao estar a ser muito tempo usada pelas criancas o percursos pedestre de km e muito agradavel para ver a paisagem e as ovelhas num contacto mais proximo mesmo com uma crianca com apenas anos foi bastante divertido as burras sao animais muito doceis adoraram estar perto do meu filho enquanto davamos a comida para voltar sem duvida muito obrigada"
"Positive", "em tempos de pandemia procuravamos um local tranquilo com todas as comodidades para receber uma pequena reuniao de amigas que queriam fazer uma despedida de solteira escolhemos este espaco ficamos numa casinha linda e foi incrivel especialmente o carinho com que fomos tratadas desde o primeiro momento recomendo vivamente seja para um grupo de amigos para casais ou para eventos e aproveitem para fazer um piquenique"
"Positive", "fomos passar de sexta a segunda feira com mais casais e foi tudo excelente as casas tem tudo o que e necessario para as proprias pessoas nao terem desculpas para nao deixarem as coisas impecaveis e mesmo o que nao houver e so solicitar que de certeza que vao tentar solucionar as piscinas bastantes agradaveis o pequeno almoco com muita qualidade hoje em dia com isto da pandemia ja nao existe aquela coisa de comida exposta mas e so pedir bicicletas disponiveis para passear passear a pe tambem e possivel e bastante agradavel quanto a equipa e de dar os mais sinceros parabens uma equipa de pessoas bastante jovens todas de uma simpatia espectacular e sempre bastante discretas mas sempre com tudo a funcionar na perfeicao muitos parabens p s gostamos tanto e"
"Positive", "equipa muito simpatica e profissional casas muitos confortaveis e acolhedoras excelentes para familias fomos com o nosso cao que foi muito bem recebido um dos aspetos que para nos e muito importante refeicoes entregues em casa para nossa comodidade e muito bem servidas recomendo"
"Positive", "boa com muito profissionalismo e afecto sempre atentos ao pedidos que solicitamos bom espaco para animais de estimacao piscina interior muito agradavel e limpa espacos exteriores como o relvado bem tratado"
"Positive", "excelente o sitio o staff a limpeza o sossego as condicoes a comida o espaco os animais ideal para uma fuga a dois em familia ou com amigos sem duvida a repetir nada como o monte do giestal para recarregar energias"
"Positive", "nada a apontar simpatia sempre prestaveis otimo ambiente acolhedor familiar disponiveis recomendo para todos familias ou so casais higiene mada a apontar circuito e comunicacao potenciados minimizando contatos"
"Positive", "experiencia excelente ambiente muito calmo funcionarios muito acolhedores e prestaveis p almoco sempre a hora programda refeicao de bochecha de porco preto divinal recomendo para quem procura um local perto da natureza e calmo para passar tempo de qualidade com a familia"
"Positive", "a estadia no monte do giestal foi maravilhosa as vilas sao muito confortaveis o pequeno almoco e bom o espaco envolvente e muito bonito as refeicoes podem ser entregues nas vilas o que e bastante comodo para quem fica hospedado com criancas experiencia a repetir"
"Positive", "ficamos noites numa casa de quartos que encontramos espacosa e confortavel sem luxos lencois e toalhas de qualidade boas janelas cozinha bem equipada casas de banho com algumas falhas escoamento dos duches e dispensadores de sabonete deficientes dois dos tres candeeiros das mesas de cabeceira nao funcionavam e estavam em risco de curto circuito a temperatura estava adequada apesar do frio la fora gracas ao ar condicionado em todas as divisoes excepto casas de banho que estavam bastante frias a possibilidade de acender a lareira foi uma surpresa agradavel nesta estadia de inverno tem louca para fazermos as nossas refeicoes em casa com conforto que foi a nossa opcao ao jantar mediante a encomenda para entrega em casa sugerida pela gestao do monte notamos a"
"Positive", "excelente combinacao entre a natureza servicos de hotelaria e spa e a privacidade de uma casa com todo o conforto obrigada a toda a equipa que tornaram esta estadia inesquecivel d esperanca obrigada pela partilha da receita do seu magnifico bolo de batata doce ate breve"
"Positive", "estive no monte do giestal um fim de semana em familia adultos e criancas para festejar os meus anos foi perfeito tudo casas optimas muito bem equipadas e confortaveis espaco exterior amplo cuidado e com bastante espaco para passear a pe ou de bicicleta piscina e jogos para as criancas ao ar livre pequeno almoco muito bom e almoco entregue por restaurante tambem bom e a preco acessivel o melhor de tudo a simpatia das funcionarias achei que ja nao havia disto sempre atentas as necessidades do grupo imensa paciencia com as criancas ao pequeno almoco disponiveis a qualquer hora para o que fosse preciso ate me fizeram um bolo de anos surpresa recomendo para passar uns dias longe da cidade"
"Positive", "espaco muito cuidado pessoal extremamente simpatico e profissional casas muito bem equipadas maquina de cafe e de louca por exemplo hipotese de levar caes excelente pequeno almoco excelentes hipoteses para jantar entregue nas casas a precos muito aceitaveis hipotese de piscina interior massagens passeios pela herdade voltava ja"
"Positive", "viajamos em familia com filhos pequenos e sentimos muito conforto toda a equipa foi extremamente simpatica e atendenciosa muito acima da media muitas opcoes de entrega em casa e medidas de isolamento muito bem planeadas importante nesta altura de pandemia sentimo nos muito seguros sempre parabens queremos voltar"
"Positive", "e mesmo como o titulo indica um oasis de tranquilidade perdido no meio dos montes rodeado de sobreiros e onde o unico ruido existente e o das ovelhas a pastar este local e o indicado para passar uns dias de puro descanso as casas sao acolhedoras com dois quartos cozinha equipada e a bela da lareira para ajudar nos fins de dias ja mais frescos tem igualmente piscina exterior e interior era com hidromassagem spa servico de massagens e campo de tenis o pequeno almoco e servido no bar que tem igualmente refeicoes ligeiras ou entao pode ser servido directamente na casa almocos e jantares podem ser encomendados e vem ter directamente a habitacao solucao ideal ja que o monte nao tem restaurante e que permite nao ter que sair do local recomendo igualmente os"
"Positive", "o monte do giestal fica numa zona de pleno sossego ideal para quem pretende uma ferias para descansar acordar somente com o barulho dos passaros ou com os chocalhos das ovelhas pequeno almoco bom sem grande variedade mas o suficiente sempre servidos pelos empregados com todos os cuidados de higiene somente duas a tres habitacoes no maximo na sala fica perto m de algumas zonas como porto covo aljustrel grandola jantar encomendado todas as noites e entregue hora marcada na nossa habitacao comida muito boa e bem confecionada e nada caro vinho vidigueira otimo atendimento equipa jovem com todos os cuidados com os hospedes spa para relaxar"
"Positive", "magnifico para uma pausa relaxante staff jovem simpatiquissimo dinamico e eficiente as habitacoes estao muito bem limpas o material existente q b para uma pausa relaxante juntamente com a familia e amigos"
"Positive", "primeira saida em familia pos covid e o local nao podia ser melhor o silencio a tranquilidade e a sensacao de seguranca estiveram presentes desde o primeiro ao ultimo dia local incrivel para uma crianca apenas os degraus presentes nas casas causam algum constrangimento mas nada que nao se resolva a piscina o famoso sobreiro os burros a simpatia dos funcionarios tudo faz com que a vontade de regressar seja enorme apenas um senao o pequeno almoco apenas comeca as horas o que para quem vai com bebes e francamente tardio a regressar"
"Positive", "um sitio maravilhoso com pessoas muito disponiveis simpaticas e atenciosas as casas sao confortaveis colchao maravilhoso tem boas areas estao bem equipadas e a decoracao e de muito bom gosto anseio pela oportunidade de voltar obrigada pelos dias maravilhosos que me proporcionaram"
"Positive", "estrelas sitio lindo pensado ao pormenor casas rusticas com todas as comodidades e conforto espaco exterior adequado a todas as estacoes com um sobreiro de anos dois burros lindos entre outros animais spa muito agradavel a precos espetaculares"
"Positive", "primeira viagem da familia a e a escolha do local foi muito positiva o pequeno adorou a piscina exterior as casas cujos quartos davam para separar por porta deslizante o que facilitou a dinamica com uma recem nascida o miminho que e ver o por do sol em familia em tao lindas paisagens e as deliciosas refeicoes que sob encomenda entregam em casa em parceria com um restaurante da zona o pequeno almoco e agradavel mas apanhamos pouca reposicao face ao numero de hospedes a repetir"
"Positive", "experiencia excelente e um staff muito disponivel para tornar a experiencia unica o monte e terapeutico com gastronomia local disponivel recomendo o spa com tratamentos naturais o pequeno almoco inclui produtos regionais"
"Positive", "otimo para ferias em familia especialmente com criancas a possibilidade de alimentar os animais burros ver ovelhas e estar no meio de campo e fantastica ambiente muito tranquilo staff sempre simpatico e prestavel alojamento limpo e equipado com tudo o que e essencial piscina sempre limpa porem com piso muito escorregadio ponto mais negativo para mim que com criancas pequenas ainda nos valeu alguns sustos seria imperativo mudar esse fator pequeno almoco com variedade e qualidade apenas acrescentaria fruta fresca ao menu possibilidade de encomendar refeicoes que vem entregar nas casas e sao otimas canais tv internacionais pouco interessantes mais valia nem ter o ares condicionados podiam funcionar melhor em alguns quartos ainda assim foram uma mais"
"Positive", "alojamento tipico do alentejo casas com boas condicoes mas no nosso caso camas pouco confortaveis no geral otimo para descansar em familia para momentos de lazer tem campo de tenis e piscina ponto negativo piso da zona da piscina muito escorregadio"
"Positive", "foi a segunda vez que ficamos no monte do giestal corre tudo lindamente simpatia top de todo o staff assim como a limpeza das casas fica no entanto algums pontos a melhorar para levar a avalizacao excelente melhorarem o servico de internet diria que ate rdis com anos e mais rapido mais canais na tv temos ou e alguns deles de nada servem facilitarem de alguma forma o transporte das malas para as casas quem fica dias e com criancas leva sempre muita coisa sendo que andar a acartar de um lado para o outro dps de umas boas centenas de km nao sabe muito bem de resto obrigado por tudo a voltar"
"Positive", "fomos passar uma noite em familia e o espaco envolvente e estrondoso com o sobreiro centenario em destaque o monte em si e um espaco cuidado com a piscina imaculadamente limpa as casas sao limpas e tem o essencial excepto o a c nao imagino ali uma noite quente nesse aspecto tivemos sorte o pequeno almoco e fraquinho devia ter um pa mais composto e com produtos regionais por exemplo em vez das salsichas de lata o valor cobrado a mim pareceu me sem duvida acima do oferecido podiam amenizar isso com o freeacess ao spa cobrar pelo spa nao faz sentido no meu caso pessoal nao iria usufruir mas acho que nao fica bem na fotografia pedir um valor extra"
"Positive", "local ideal para uns dias de descanco e ou convivio as instalacoes estao impecavelmente cuidadas e limpas o enquadramento e o tipico desta zona do pais e tem excelentes condicoes para uns passeios ou corridas como foi o nosso caso pelas zonas envolventes as pessoas foram todas muito simpaticas e prestaveis tendo feito tudo para tornar o nosso convivio de amigos inesquecivel nota tem um dos sobreiros mais bonitos e imponentes que alguma vez observei"
"Positive", "noites no monte do giestal fomos recebidos com muita simpatia ficamos na casa da bolota casas funcionais e muito confortaveis pequeno almoco bastante agradavel de destacar os bolos caseiros deliciosos e um sumo de laranja divinal a area exterior e excelente para um passeio respirar ar puro e encontrar animais no seu habitat uma delicia o spa e um extra maravilhoso para relaxar e tornar a estadia ainda melhor todas as pessoas que trabalham no monte sao uma simpatia gostam do que fazem e nota se tivemos o privilegio de visitar o ex libris da herdade um sobreiro com anos de uma beleza estonteante somando tudo foi uma estadia perfeita com muitos momentos para recordar de realcar que a minha cadela adorou foi muito bem recebida fica a dica para quem quer ir"
"Positive", "somos um grupo de casais e passamos um fim de semana perfeito ficamos nas casas a volta da piscina o que deu para usufruir de belos mergulhos e por a conversa em dia as casas sao excelentes muito bem equipadas o pessoal e extremamente atencioso e simpatico deixando nos sempre a vontade como se estivessemos em casas o pequeno almoco e muito bom e aproveitamos o espaco comum para fazermos os jantares com o auxilio da d fernanda que mais dizer recomendo recomendo"
"Positive", "monte do giestal casa de campo para relaxar e respirar um ar puro sem poluicao esse e um ambiente agradavel alem de ter espaco para esta com o seu animal de estimacao piscina interior e exterior recomento"
"Positive", "foram dias de relax e contacto intenso com a natureza para alem do spa e da piscina exterior experimente ir conhecer os fantasticos animais da quinta peca uma bicicleta ao staff todos super simpaticos e extremamente prestaveis e viaje pelos hectares de sobreiros e paisagens relaxantes se o clima nao ajudar tem snooker damas cartas mikado entre outros para jogar no edificio principal ou ate no quentinho da lareira da sua vila recomendo a todos os que gostam de turismo rural e de serem recebidos e tratados com todo o respeito carinho e atencao"
"Positive", "fomos passar um fim de semana a dois e foi espectacular nada a apontar o staff e uma simpatia o espaco e super aconchegante o spa muito relaxante e todos os pormenores foram perfeitos parabens pelo otimo trabalho"
"Positive", "excelente local para relaxar e carregar baterias instalacoes fantasticas com um optimo spa o jantar servido no quarto foi estrelas comidinha de conforto caseira bem quentinha a repetir nota staff muito profissional e sempre disponivel"
"Positive", "adoramos este turismo nao so pela localizacao muito proximo de lisboa como pelo conforto das casinhas onde nos sentimos verdadeiramente em nossa casa a casinha e muito acolhedora com lareira ou opcao de ar condicionado virada para a natureza onde se respira paz e bem estar as refeicoes servidas em casa numa parceria com um restaurante que este turismo dispoe sao maravilhosas entregues numa cesta de picnic veem realmente quentinhas e sao muito saborosas a melhorar fica so um apontamento ao spa que para alem de muito frio tem alguns servicos que nao funcionam bem sauna alguns jactos da piscina nao funcionam e tambem o aquecimento nas casas de banho das casas que tambem nao existe de resto tudo perfeito um elogio especial ao staff que e"
"Positive", "excelente empreendimento para se passar uns dias em descanso piscina interior e spa qb pequeno almoco tem tudo o que e preciso para comecar bem o dia tem canil para quem queira levar o seu cao existindo tambem a possibilidade de o ter dentro de casa necessario assinar termo de responsabilidade a voltar numa proxima oportunidade"
"Positive", "o lugar inserido na natureza e lindo e muito bem cuidado fizemos uma comemoracao com um grupo grande de dois dias no monte e ficamos muito satisfeitos as casas quartos sao muito confortaveis bem equipadas e espacosas o servico e excelente sao todos muito simpaticos e o ambiente e acolhedor tudo funcionou muito bem a recepcao o jantar a decoracao do espaco o atendimento e todo o servico recomendamos"
"Positive", "prezo bastanta o bom acolhimento e simpatia de quem sabe receber e no monte do giestal isso foi perfeito achamos a piscina sem sombra de duvida uma das melhores onde ja estivemos sempre bem limpa e bem cuidada estao de parabens agadecemos o queijinho aletejano que nos foi oferecido no pa bem hajam achamos que o pa deve ser melhorado compreendemos o facto de estar incluido no preco da estadia mas achamos que faz falta o queijo altejano o presunto mais produtos da regiao nomeadamente fruta da epoca retirava os ovos e os seus acompanhantes pois nao fazem do pequeno almoco uma maravilha foi uma estadia muito boa todas as colaboradoras estao de paabens esperamos voltar um dia"
"Positive", "passamos dias de ferias deliciosos para nos uma paz e descanso paisagens lindas para os miudos o divertimento na piscina e a liberdade do espaco as casas sao adoraveis com todas as comodidades e de limpeza impecavel tem cozinha totalmente equipada mas se nao quisermos cozinhar ha a possibilidade de encomendar a refeicao a bom preco que e entregue na casa numa cesta todo o staff foi simpatico e prestavel tem wifi mas muito fraca o que acabou por ser optimo e nos afastou a nos e aos miudos dos telemoveis"
"Positive", "adoramos muito tranquilo pessoal muito atencioso e simpatico as instalacoes excelentes desde o spa piscina quartos jardim excelente e voltarei de certo unico contra foi a internet que era muito lenta mas como queriamos fugir dos dias complicados barulhentos e mexidos foi bom"
"Positive", "os alojamentos sao muito confortaveis e espacosos e encontram se equipados com todos os equipamentos necessarios para cozinhar o espaco exterior e muito agradavel e a piscina interior e espectacular nos dias mais frescos o pequeno almoco e muito completo e saboroso e possivel encomendar refeicoes que sao entregues nos alojamentos"
"Positive", "por mais que escreve sera dificil transmitir o prazer e a paz durante e apos a estadia na casa da lande local tranquilo alojamento top pequeno almoco delicioso instalacoes diversas funcionarios prestaveis bom demais recomendo e tenciono voltar mais vezes"
"Positive", "excelente sitio para relaxar e sair da nossa rotina citadina a paz e o sossego alentejano envolvem nos muita simpatia e disponibilidade de todas as senhoras recomendo sem duvida uma estadia em familia os miudos gostaram imenso de passar pelo salao de jogos logo apos tomar o pequeno almoco continuem com o bom trabalho felicidades"
"Positive", "gostamos muito do conceito o apartamento extremamente limpo e com muito bom gosto relativamente a decoracao staff simpatico e disponivel so consideramos que o pequeno almoco poderia ser melhorado e com mais produtos regionais"
"Positive", "adoramos o local ja fomos passar fins de semana em familia mais que uma vez as casas sao muito simpaticas confortaveis com todas as comodidades mas ainda assim muitos rusticas simples muito muito bom o local envolvente e simpatico tranquilo pouco que fazer mas a ideia e mesmo essa bom pequeno almoco caseiro staff muito simpatico"
"Positive", "excelente local para escape de fim de semana a casa quarto tem dimensoes expetaculares sendo ideal para familias com filhos as condicoes do spa sao muito boas tal como a qualidade do servico de massagens staff muito atencioso e simpatico e possibilidade de pedir jantar para a casa quarto e indiscutivelmente valor acrescentado sobretudo pela qualidade da comida existe espaco para melhorias na oferta de pequeno almoco"
"Positive", "a nossa passagem pelo monte do giestal foi infelizmente curta gostamos de tudo desde a casa que era enorme e estava super limpa e cheirosa ao pequeno almoco que e maravilhoso todos os funcionarios super simpaticos e atenciosos o espaco exterior super cuidado as burras e o cavalo que eram amorosos levamos os nossos dois caes que tiveram imenso espaco onde brincar o monte e bem grande e eles em determinadas zonas podiam andar totalmente a vontade ha um unico pormenor a melhorar como a recepcao fecha as h e so reabre no dia seguinte as h sugiro que exista nas casas um mini bar com alguns snacks ou fruta uma vez que o monte se encontra distante de qualquer sitio onde se possa adquirir esperamos voltar brevemente"
"Positive", "espaco ideal para descansar com a familia em pleno interior alentejano retiro no meio das azinheiras com piscina e parque para as criancas pode levar o seu cao ou gato que e permitido as criancas tem espaco piscina animais e jogos os adultos disfrutam da tranquilidade de as deixar andar a vontade sem problema o jantar nao faz parte do hotel mas e encomendado na rececao trazem ao quarto numa cesta tradicional com comida tipica da regiao como tal bom em grande quantidade e barato uma dose chegou para dois adultos e uma crianca quartos amplos com cozinha totalmente equipada o que permite trazer comida se assim o desejar o staff e extrordinario sempre preocupado com o bem estar super simpatico e atencioso experiencia a repetir sem duvida"
"Positive", "visitei o monte do giestal no passado mes de maio numa viagem espontanea a dois foi extremamente agradavel toda a disponibilidade e profissionalismo com que fomos recebidos ficamos hospedados numa moradia enorme extremamente confortavel e acolhedora adoramos a piscina e espacos verdes e recomendamos vivamente a todos os amigos e familiares no entanto vivenciamos uma experiencia menos agradavel que inevitavelmente marcou a nossa estadia e nem tanto o acontecimento em si mas a forma como nao foi resolvida a situacao deixou nos desagradados por lapso e acontece inumeras vezes um dos biquinis ficou a secar pendurado no puxador da porta da casa de banho mesmo depois do check out e com muito gosto continuamos a desfrutar do espaco e a usufruir da piscina e no momento"
"Positive", "comodidades excelentes num ambiente acolhedor com um pessoal muito atencioso e um servico personalizado as casas sao otimas super bem equipadas com todos os pormenores para um programa em familia as criancas adoraram e fizeram amigos"
"Positive", "o paraiso e aqui as casas sao fantasticas decoracao muito simpatica e acolhedora as funcionarias sao extremamente simpaticas e super disponiveis o spa e a piscina sao excelentes imperdivel vale mesmo a pena visitar"
"Positive", "nao poderiamos ter escolhido melhor local para as nossas ferias tanto o espaco como as pessoas que nele trabalham sao do melhor a casa que nos calhou estava muito bem equipada ultrapassando inclusivamente as expectativas nao demos por falta de nada ate o wifi e o suficiente para umas ferias que se querem de descanso servico excelente gostamos muito"
"Positive", "adoramos o alojamento os empregados muito simpaticos e atenciosos a comida muito bem confeccionada local ideia para um fim de semana em familia iremos voltar a repetir recomendo este magnifico hotel"
"Positive", "ideal para paz e sossego para namorar family friendly relativamente perto das praias espaco acolhedor bonito e com boas condicoes no meio do montado e com bela vista para ele as casas sao grandes cozinha toda equipada incluindo forno tem secador de cabelo ar condicionado e lareira staff muito simpatico e atencioso tem um pequeno parque infantil e um espaco com livros infantis quando a nossa filha comecou a falar no cavalo foram logo buscar uma cenoura para ela lhe dar e a mae teve direito a prenda no dia da mae como ponto menos bom temos apenas a agua da piscina exterior que tinha bichos mortos a flutuar e o sr da piscina viu e nao limpou mas a piscina interior compensou decididamente pretendemos regressar"
"Positive", "para chegar ao monte temos que passar por um caminho de terra que pode ser duro para os carros mais baixos contudo para a criancada ate e divertido ao chegar ao monte propriamente dito e tal qual vemos nas fotos lindas confortaveis tipicamente alentejanas muito espacosas e com uma decoracao irrepreensivel a kitchenette esta muito bem equipada caso se pretenda fazer refeicoes em casa falemos de equipamentos piscina usamos e abusamos o espaco em seu redor e bom tem tambem uma pequena piscina para criancas spa nao usamos mas visitamos e podemos verificar que tem optimas instalacoes bem completas com algumas salas de massagens sauna e banhos turcos ginasio pequeno mas face ao numero de casas parece me ser o suficiente estes equipamentos sao"
"Positive", "monte muito bom calmo para relaxar para aliviar do stress para ler um livro e para tomar um banho fora ou dentro na piscina excelente para estar em familia como eu estive casas com boas condicoes para passar uma boa temporada o pessoal tambem e muito simpatico e atencioso para com os hospedes nao so no caso da minha familia espero regressar mais uma vez"
"Positive", "dias muito bem passados casas espacosas tipicas mas muito confortaveis e com privacidade decoracao muito gira com temas do alentejo sobreiros cortica pessoal muito simpatico piscinas com boas areas espaco envolvente muito calmo ideal para fazer caminhadas desfrutar da natureza e relaxar"
"Positive", "para chegar a herdade e necessario percorrer um caminho de terra batida o caminho nao e longo mas o estado de conservacao e mais recomendado para um todo o terreno e obriga um veiculo utilitario a deslocar se bastante devagar transformando um percurso curto em algo que parece nunca mais acabar contudo chegando a herdade tudo isto se esquece as pessoas sao do mais simpatico que existe sempre com um sorriso genuino estampado no rosto que nos faz sentir que somos bem vindos as casas sao muito confortaveis e dispoem de ar condicionado muito eficiente e silencioso com tubagens pelo interior das paredes e grelhas de saida de ar discretas que em nada prejudicam a arquitetura rustica das casas a sala com uma lareira bastante eficiente e um sofa a sua frente que nos permite"
"Positive", "passamos noites em tempo frio e chuvoso mas a simpatia do staff aqueceu nos a alma casinhas espacosas e bem cuidadas aquecidas ao ponto e lareira pronta para noites de conversa gostamos do pequeno almoco e de toda a informacao q nos deram para tornar a estadia agradavel tiramos pouco proveito do spa mas esperamos voltar com mais tempo precos razoaveis para a qualidade das instalacoes"
"Positive", "o monte fica mesmo no meio da natureza tem que se andar um pouco em terra batida para la chegar toda a disposicao do monte e a sua genuina arquitectura alentejana sao uma beleza que dispoe bem o servico e de uma simpatia inexcedivel o pequeno almoco farto e reconfortante o spa e uma bencao para os dias de inverno tudo funciona bem os quartos sao casas individuais t bem climatizados e com lareira que funciona muito bem imagino que seja perfeito na primavera ou outono"
"Positive", "a h de lisboa a dois passos da a um monte reconstruido com muito bom gosto e com todas os requisitos para agradar a miudos e a graudos o spa nao e so para adornar o ramalhete funciona e recomenda se para acessos livre a agua a rondar os graus numa agradavel piscina interior moradias unifamiliares com cozinha ac e lareira tudo funcional a lenha e reposta diariamente pela fada da lenha enquanto o apartamento e limpo e arrumado pela fada da limpeza nunca as vi mas existem mesmo o pequeno almoco e qb mas tudo muito saboroso a herdade tem ha com trilhos que facilmente se percorrem em agradaveis caminhadas no meio das ovelhas mas cuidado com os dias de caca por fim a muita simpatia e eficiencia de quem nos recebe e ajuda em tudo o que e necessario nao"
"Positive", "foi facil chegar ao monte giestal existem varias placas de orientacao em ambos os sentidos na estrada principal excelente recepcao e orientacao de todas as facilidades existentes tanto na villa como no monte equipamentos disponiveis na villa muito bom e operacionais assim como o servico de limpezas espectacular tanto no interior como nas zonas circundantes disponibiliza o servico de refeicao c marcacao e entrega na villa que e um espectaculo e os pequenos almocos sao suficiente ginasio e spa com equipamentos suficientes para um bom treino e um bom relax piscinas interior dinamica e exterior muitos boas podem contar com a excelente equipa andreia ana e a lilia sugiro os seguintes itens a disponibilizar maquina de cafe b espaco por cima da piscina interior"
"Positive", "simpatia no atendimento e conforto a um bom nivel para quem procura descansar e recomendavel de preferencia fora dos meses de muito calor que se faz sentir mesmo com uma piscina para nos refrescarmos e as comodidades do ar condicionado nas casas o isolamento tem a vantagem do sossego e a desvantagem de ter de fazer alguns quilometros para encontrar um bom restaurante"
"Positive", "estivemos hospedados durante um fim de semana globalmente a experiencia foi boa mas o litoral alentejano ja tem uma oferta concorrencial de ainda melhor qualidade pontos positivos a simpatia do pessoal a zona da piscina a area a limpeza e o equipamento das casas o ramo de alfazema na mesa do pequeno almoco pontos a melhorar os artigos de higiene disponibilizados mais produtos locais no pequeno almoco a qualidade do wi fi"
"Positive", "segunda vez no monte giestal nada de negativo a apontar fica situado a alguns km de santiago tendo a possibilidade de se fazer compras em ermidas do sado ficando assim mais perto lugar espectacular para descansar e relaxar por completo com excelente se vivo e simpatia de todo o staff recomendo a"
"Positive", "excelente turismo rural com casas muito boas e com a vantagem de aceitarem animais de estimacao o monte e muito bonito tem piscina e spa o pequeno almoco e muito bom e se quisermos almoco e jantar podemos encomendar num restaurante proximo e eles trazem a comida e muito boa e tem bons precos e depois as meninas sao fabulosas sentimo nos em casa"
"Positive", "a simpatia e alegria da ana lilia e andreia pagam por si so a estadia o espaco em geral o apartamento tudo foi perfeito a repetir sem duvida gostariamos que a zona comum do hotel permanecesse aberta ate mais tarde para usufruirmos do bar do salao de jogos do convivio entre hospedes"
"Positive", "monte muitissimo agradavel dispoe de diversas casas bem equipadas o sossego e total so se ouvem os passaros ou o gado ao longe dispoe de piscina ao ar livre e spa o pessoal e extremamente simpatico e prestavel sao uns dias calmos muito bem passados"
"Positive", "e facil de chegar o monte e bonito esta bem arranjado os quartos sao bons recomendo o da bolota se for um t ou azinheira se for um t visto ficarem mesmo em frente da piscina o spa piscina com jatos de agua ginasio etc sao muito agradaveis mas tem de se pagar mesmo sendo um valor simbolico tambem existem bicicletas para andar no monte e campo de tenis recomendo um passeio pelo campo vendo as ovelhas cordeiros e o j inha um simpatico cavalo os pequenos almocos sao bons e as refeicoes almoco jantar podem ser encomendadas de fora a precos acessiveis e com boa qualidade por fim tenho de realcar a simpatia da ana andreia e lilia que tudo fizeram para nos sentirmos em casa recomendo e penso voltar ja agora perto do giestal tem o badoca park e o museu"
"Positive", "este sitio e sem duvida um dos melhores turismos rurais onde ja estive comeca logo pela simpatia das meninas que nos recebem fazem nos sentir que estamos entre familia e nao num hotel as casas sao grandes e acolhedoras a sala tem uma lareira que em tempo frio faz as maravilhas de toda a gente tive de pena de nao estar frio suficiente para a acender a casa onde ficamos era a unica que tem duas casas de banho as duas com poliban o pequeno almoco e simples mas tem tudo o que e essencial para o tornar muito bom a piscina interior podia ser um bocadinho mais quente mas e grande e tem uma quantidade de postos onde podemos desfrutar de uns belos jatos de agua so e pena ter de se pagar para usar a banheira de hidromassagem quando estivemos la estava mau tempo e passou"
"Positive", "adorei recomendo a toda a gente ambiente bastante agradavel e familiar atendimento fantastico obrigada pela vossa atencao e disponibilidade a toda a hora um beijinho lilia e ana sao umas queridas parabens ao monte do giestal"
"Positive", "um espaco muito bem conseguido bonito calmo acolhedor com todas as infraestruturas que se requerem para uns dias bem calmos no campo com a familia a simpatia a disponibilidade a limpeza e os recursos sao sem duvida os pontos a valorizar sem duvida para repetir"
"Positive", "bom alojamento com bom equipamento o exterior e todo muito bem cuidado e tem duas boas piscinas um para adultos e outra para criancas possui um pequeno parque infantil e corte de tenis espaco de lazer com sala com snooker e pequeno bar o pequeno almoco e bem servido e as pessoas sao super simpaticas parece me que seria uma melhoria se tivessem um pequeno restaurante pelo menos para jantar e sob encomenda visto que de carro ainda e necessario deslocarmo nos bastante em terra batida para chegar a estrada e a algum local para comer ate porque num local destes muitas vezes nem sequer apetece ir para mais confusoes e ficar por ali gostamos muito de tudo"
"Positive", "as casas estao muito bem conseguidas muito funcionais com cozinha equipada para fazer algumas refeicoes rapidas o unico reparo pode ser para a televisao que podia ser um pouco maior o espaco exterior esta excelente tem uma piscina com muito boas dimensoes e outra logo ao lado para as criancas o empreendimento fornece toalhas e tem muitas espreguicadeiras tambem disponiveis no patio superior perfeito para descansar e ler um bom livro tem um parque infantil razoavel com uma cama de rede bem perto para quem quiser descansar enquanto os miudos brincam e tambem possui um campo de tenis e um spa e uma sala com maquinas para fazer exercicio o sitio e excelente para fazer caminhadas ou mesmo btt tem bicicletas a disposicao e um cavalo muito afavel que as criancas adoram"
"Positive", "ja nao e a primeira vez que escolhemos este espaco para uma fugida da cidade e nao nos arrependemos e sempre uma escolha acertada muito agradavel calmo e com a simpatia sempre presente nas pessoas responsaveis pelo monte recomendo o spa as casas junto as piscinas o optimo pequeno almoco a cerca de hora de lisboa certamente iremos regressar"
"Positive", "excelente espaco no alentejo a simpatia e o sossego imperam o pequeno almoco e fantastico e com alguns produtos caseiros so nao atribuo excelente porque nao servem refeicoes apesar das casas terem cozinha muito bem equipada a sempre alguem que nao tem muita vontade de cozinhar"
"Positive", "desde o atendimento as casas a piscina e a paisagem foi tudo fantastico foram dois dias inesqueciveis onde pudemos desfrutar da tranquilidade do monte e toda a beleza que este tem para nos oferecer sem duvida um sitio a conhecer"
"Positive", "fantastico local para relaxar e descontrair do stress do dia a dia fomos muito bem recebidos e muito bem tratados ambiente acolhedor aliado ao bom gosto de todos os espacos spa fantastico com direito a umas massagens mto boas local a voltar rapidamente"
"Positive", "um verdadeiro paraiso alentejano espaco muito cuidado limpo e tipico os alojamentos sao excelentes e bem decorados muita simpatia de todos recomendo um passeio pelo montado para la da cancela para visitarem o sobreiro historico e o simpatico cavalo que nao se cansava da nossa companhia tem um spa bem equipado com uma agradavel piscina interior banho turco sauna etc resumindo fantastico"
"Positive", "um monte muito agradavel decoracao muito bem conseguida constituido por casas muito bem equipadas e confortaveis ficamos alojados na casa do zambujeiro t para ou pessoas cozinha bem equipada nao falta nada sala espacosa e quarto s agradaveis tem piscina exterior animais em redor da quinta um spa maravilhoso apenas o pequeno almoco nao correspondeu totalmente as expectativas recomendo vivamente para quem quer fugir a cidade e relaxar num ambiente verdadeiramente rural"
"Positive", "no monte do giestal sentimos que e dada atencao aos pormenores as casas sao limpas pensadas onde nao falta nenhum pormenor ja fui de verao e de inverno onde podemos acender a lareira e aproveitar as tardes em casa ou em alternativa no spa recomendo e voltarei em breve"
"Positive", "o servico o hotel muito cuidado e o spa sao os ex libris deste turismo rural as casas esta muito bem decoradas e muito funcionais a piscina exterior e interior sao fantasticas esta tudo muito bem cuidado e sao sempre simpaticos com todos os pedidos a unica critica e as aguas dos banhos que e impossivel tomarem banho pessoas seguidas e mesmo com a distancia de uma hora a agua e morna"
"Positive", "casas muito giras ideal para ferias e fins de semana em familia cozinhas das casas muito funcionais pequeno almoco na casa principal pode ser tomado ate tarde staff muito prestavel muito simpatico no inverno com a lareira ligada"
"Positive", "o espaco e idilico o servico excelente muita simpatia optimos espacos e condicoes pequeno almoco muito completo o meu filho adorou levar macas do pequeno almoco para dar ao jota o cavalo que vive no monte"
"Positive", "excelente local para fugir da rotina diaria tem spa mas o banho turco tem um temporizador que ou alguem vai la fazer reset ou entao acabou a sauna tentamos colocar a funcionar mas nao fazia calor nenhum os acessos sao os normais para o tipo de alojamento que e buracos valas raizes o pequeno almoco e bom e pode ser feito ate ao meio dia muito bom para refeicoes se quiser fazer no local do alojamento tem que ir buscar ao supermercado existe um ao pe mas tivemos que ir a santiago pois os outros ao pe ja se encontravam encerrados o wi fi estava la mas nao dava para usufruir tal como a recepcao de rede era inexistente"
"Positive", "e possivelmente um dos melhores empreendimentos do genero no alentejo acima de tudo tem um staff extremamente dedicado obrigado ana pelo sumo de laranja delicioso e umas tostas brilhantes as casas tem aquela traca alentejana unica e estao muito bem equipadas e decoradas tudo feito com atencao no pormenor conseguirem sem duvida tornar a minha estadia especial sem duvida voltarei"
"Positive", "o monte do giestal e daqueles sitios que vamos com uma expetativa alta e que mesmo assim consegue superar as nossas melhores expetativas o staff e atencioso disponivel e amavel sempre preocupado com o nosso bem estar mas com um trato de amigos e nao de empregado que e para mim muito positivo para quem quer passar um fim de semana romantico ou em familia tem sempre com o que se ocupar desde a magnifica piscina ao ar livre ao campo de tenis ao snooker ou ao spa bem como outras atividades de ar livre que se podem fazer no local ou nas redondezas como passeios a pe ou de btt as atividades sao inumeras o pequeno almoco sem uma imensidao de produtos tem o que de melhor se faz rusticamente como o maravilhoso pao alentejano entre outras variedades doces caseiros bolo e"
"Positive", "dos melhores sitios onde estive nos ultimos tempos anos o monte e excelente e o staff do planeta da simpatia o que qualquer unidade hoteleira sonha em ter aqui e a bom servico limpeza total disponibilidade das pessoas acima de qualquer expetativa faltaram as caipirinhas e o gin no bar fora isso nao falta mesmo nada a dois e um sossego com miudos e uma delicia fazem se amigos todos os dias tive todas as condicoes para conjugar numa semana um bebe de meses e uma menina de anos perto ha restaurantes centro de ciencia viva do lousal muito bom e as excelentes ruinas de mirobriga sines e porto covo a km um grande grande grande obrigado a guida a lilia a ana e a elia e a todos os que nao consegui decorar o nome a repetir de verao"
"Positive", "foi uma agradavel surpresa a todos os niveis o staff e fabuloso e sempre disponiveis fazem nos sentir em casa as casas sao muito frescas o que e importante com o calor do alentejo os pequenos almocos sao excelentes a limpeza e diaria e bem feita a piscina e excelente toda a envolvencia esta muito bem conseguida e da nos a alma do alentejo o spa era optimo enfim gostamos de tudo menos de partir"
"Positive", "ficamos noites e ficariamos mais local maravilhoso tudo e pensado ao mais pequeno pormenor equipa fantastica de uma simpatia extrema as casas sao um mimo dignas de revista decoracao de acordo com o ambiente vivido no campo serenidade dentro e fora de casa o spa e muito bom a agua da piscina e muito quentinha e as condicoes otimas o pequeno almoco deixa saudades sempre com um miminho diferente todos os dias fizemos anos de casados e o staff ajudou a concretizar um dia maravilhoso cheio de surpresas dificil de para de felicitar o monte do giestal pois quem vai certamente quer voltar obrigada e ate a proxima"
"Positive", "tivemos uma tarde a usufruir do spa e foi fantastico as massagens sao super relaxantes e toda a atmosfera do monte e impecavel lugar optimo para descansar e passar bons momentos em familia o alentejo em todo o seu esplendor"
"Positive", "perfeito para descansar a minha estadia foi no inverno portanto nao usufrui da piscina exterior mas ainda assim a piscina interior aquecida e muito agradavel tem canil o que permite levar caes o atendimento e muito simpatico ha imensa privacidade ja que as casas sao separadas recomendo"
"Positive", "perfeito para descansar excelentes instalacoes pequeno almoco fabuloso mas se ainda e possivel o ponto forte foi o acolhimento voltaremos certamente apesar do ligeiro preco elevado apesar de termos aproveitado uma excelente promocao de aniversario adoramos familia com filho de anos que adorou principalmente a piscina interior"
"Positive", "ficamos hospedados neste hotel apenas uma noite mas foi o suficiente para perceber que fizemos uma excelente escolha a localizacao do hotel e perfeita para quem quer fugir da confusao a casa onde ficamos e maravilhosa simples espacosa e muito confortavel o staff foi muito simpatico assim que chegamos mostraram nos toda a herdade e deram nos indicacoes sobre sitios onde comer ou programas para fazer durante o tempo que la estivemos o pequeno almoco foi fantastico apesar de nao haver muita variedade as compotas e os bolos sao caseiros o pao muito mole os ovos queijo e os sumos sao fresquissimos pedimos para fazer check out tardio o que nao foi qualquer problema a piscina e baixinha nao permite mergulhar mas tem uma especie de cascata que marca a diferenca"
"Positive", "estive hospedado nesta pequena vila e adorei perfeito para fazer um retiro com a familia ou amigos o staff foi extremamente simpatico e prestavel espero voltar um novamente aconselho vivamente as casas estao equipadas pequeno parque para criancas e ainda tem um cavalo para interagirem"
"Positive", "estivemos hospedados neste espaco durante noites com duas criancas pequenas as casas sao muito confortaveis e acolhedoras com cozinha equipada com o essencial o spa e muito agradavel e todo o staff foi extremamente simpatico e prestavel apenas provamos o pequeno almoco e era muito bom fica situado literalmente no meio do nada e o acesso ate ao hotel e por um caminho de terra batida mas vale muito a pena pois as condicoes apresentadas pelo mesmo sao excelentes situa se a km a este de santiago do cacem"
"Positive", "se quiser relaxar com a sua familia e o local certo para ser as casas sao adequadas as necessidades das familias e a piscina e excelente para brincar com as criancas os recepcionistas sao muito simpaticos e muito prestativos"
"Positive", "nos minha esposa dois filhos e e eu fiquei aqui por uma noite como uma parada a caminho de lisboa a nossa villa de ferias depois de um longo dia de viagem chegamos por para uma recepcao calorosa do recepcionista ela foi muito atenciosa e amigavel e informativo felizmente para nos ela tinha um bom ingles e eu entendo melhor com ela frances espanhol e alemao o alojamento era espacoso o suficiente para os quatro de nos limpos e confortaveis com equipamento suficiente para nossas necessidades os apartamentos sao agrupados em torno de uma agradavel piscina com uma piscina infantil separada no entanto eles sao suficientemente distante para permitir privacidade as areas comuns sao bem proposto composto de caminhos superficies arrelvadas e canteiros de flores"
