Sentiment, Review
"Positive", "o hotel e muito acolhedor o pequeno almoco tem muita variedade e adoramos o bolo caseiro feito pela dona do hotel esta localizado no centro da cidade perto de pastelarias com doces regionais e a min do castelo fim de semana muito bem passado e vamos voltar"
"Positive", "hotel muito familiar bastante tranquilo a equipa e super atenciosa e disponivel a limpeza e arrumacao impera o pequeno almoco e muito agradavel o hotel esta muito bem localizado se necessitarem de alguma recomendacao ou opiniao nao existem pois eles sabem bem o que indicar recomendo vivamente"
"Positive", "excelente hotel para a relacao preco qualidade staff muito atenciosa e sempre pronta a ajudar quartos muito limpos e numa zona central da cidade beja com restaurantes e bares circundantes bom pequeno almoco um lugar a regressar"
"Positive", "pessoas muito cordiais na recepcao localizado no cento em uma rua que nao entra carro mas a esquina e proxima e la param excelente cafe da manha elevador aos andares e quarto bom alem de tudo cobra pouco"
"Positive", "nao e um quarto gigante mas e muito confortavel o colchao e fantastico gostei de ter ficado num quarto com varanda pois deu para relaxar e apanhar sol a senhora da recepcao foi muito simpatica e deixou nos guardar comida na cozinha do hotel a localizacao e mesmo no meio da cidade e ha um parque de estacionamento a minutos do hotel sempre com lugares vagos recomendo a quem procura um local agradavel para passar uns dias fomos muito bem tratados por todos os empregados do hotel pequeno almoco delicioso com destaque para os croissants com doce de melao"
"Positive", "um excelente hotel localizado numa rua com pouco movimento e toda engalanada com as decoracoes de natal rececionistas e funcionarias simpaticas os quartos muito acolhedores e bonitos com umas pequenas colchas"
"Positive", "hotel muito simples nada a apontar a limpeza e muito bem localizado pequeno almoco tem pouca variedade mas dentro do normal para a categoria wi fi free servico de tv muito bom existem hoteis com o dobro das estrelas que nao tem metade dos canais nem qualidade de imagem a c bastante funcional as instalacoes sao bem tratadas em termos de manutencao tudo muito apresentavel mas sem luxos como e esperavel na categoria"
"Positive", "check in muito atabalhuado mesmo com reserva a simpatia nao consta neste hotel falta de estacionamento o pequeno almoco gerente refila com os empregados a frente dos clientes quartos simples bem localizado"
"Positive", "ficamos alojados por uma noite neste hotel para alem das instalacoes serem fracas para o preco pedido o atendimento e do pior que ja presenciei nos ultimos anos quando o recepcionista nem no check in nem no check out diz um simples bom dia ou boa tarde nem tem vontade nenhuma de atender o hospede acho que esta tudo dito a nao repetir"
"Positive", "esta pensao fica bem situada mesmo no centro da cidade tambem tem lareira no inverno e e muito acolhedora pode se tambem comprar comida refeicoes ca fora e comer nos quartos o que tambem da muito jeito"
"Positive", "o hotel e pequeno mas confortavel bem no centro de beja numa via pedonal e ideal para passear e explorar a boa comida da regiao o staff e muito atencioso e o pequeno almoco muito bom a unica coisa a apontar seria mesmo a falta de insonorizacao dos quartos"
"Positive", "se for no verao contar com imenso calor pequeno almoco limitado staff pouco acessivel estacionamento inexistente ou muito reduzido barulhento logo de manha boa localizacao pequeno almoco desde as h"
"Positive", "um servico bom boa rececao a clientes limpeza de quartos boa conforto de quartos e razoavel devido aos colchoes de molas com alguns sitios interessantes para visitar como a moralha de beja ter um pequeno almoco diversificado e sempre uma boa opcao no hotel devido a nacionalidade das pessoas que aparecem no hotel preco qualidade foi bom"
"Positive", "muito desactualizada limpeza mediana pequeno almoco muito bom para o custo simpatia igualmente mediana ao pequeno almoco espetacular no atendimento na recepcao pouco simpatico sem vista e quarto pequeno mas confortavel para uma noite funciona"
"Positive", "esta bem localizado no centro da cidade o servico e simpatico tem wi fi o edificio nao e novo e aqui e ali precisava talvez de uns reparos recomenda se para uma noite em passagem sem grandes pretensoes"
"Positive", "o hotel para passar uns dias a esta bem o preco e bom as instalacoes ja tem uns anos mas esta bem cuidado a zona fica no centro perto da zona historica para visitar a pe tem muitos restaurantes e bares nas redondezas e um jardim onde a noite durante o verao tem animacao nocturna o servico e atendimento sao foram agradaveis as pessoas bastante simpaticas o pequeno almoco foi variado com confeccao caseira e bom"
"Positive", "sem grandes mordomias tem tudo o que e necessario para boas noites de descanso tem atendimento atencioso e simpatico estando disponiveis para resolver qualquer problema como ponto positivo tem wi fi nos quartos"
"Positive", "situado no centro da cidade todos os quartos dispoem de tv espacosos e acolhedores para uns dias de descanso tem facil acesso seja qual for a entrada na cidade num raio de metros tem tres ou quatro dos melhores restaurantes da cidade incluindo o famoso luiz da rocha ali a metros"
"Positive", "hotel santa barbara e otimo para aquilo que oferece para uma boa noite de sono e um bom cafe da manha a passeio pela cidade ou a negocios esta super indicado cafe bem completo e uma otima localizacao"
"Positive", "um hotel pequeno e familiar excelente localizacao no centro da cidade de beja e na zona pedonal funcionarios simpaticos extremamente limpo os quartos sao pequenos mas muito acolhedores aconselhamos"
"Positive", "pros um hotel com boas condicoes bom pequeno almoco limpeza eficiente e funcionarios simpaticos e sociaveis tem elevador e ar condicionado wi fi e tv com qualidade contras sonorizacao nao e de facto a melhor parque de estacionamento ligeiramente deslocado do hotel"
"Positive", "o hotel fica situado numa das arterias principais da cidade de beja as acomodacoes encontram se limpas e bem arrumadas a decoracao dos quartos e simples mas funcional para o tipo de unidade hoteleira estrelas penso que o pequeno almoco e bastante bom funcionarios simpaticos e sempre disponiveis"
"Positive", "a localizacao e o ponto forte deste hotel os apartamentos sao pequenos com mobilia antiga e pouco espaco para malas cafe da manha razoavel com poucas opcoes vale destacar o nivel do atendimento da recepcao visto que os proprietarios estao sempre presentes"
"Positive", "duas estrelas com elevador localizacao privilegiada perto dos pontos turisticos centro historico no pequeno almoco e servido uma cuca de banana deliciosa acomodacoes arejadas e sempre limpas ambiente muito agradavel com bom atendimento uma otima opcao para visitar as vinicolas do alemtejo esta foi a minha terceira estada em beja nesse hotel gostei muito"
"Positive", "fiquei hospedado neste hotel noites tem optimo atendimento na recepcao sao muito prestaveis e atenciosos ficamos no o andar tem elevador estava impecavelmente limpo a cama confortavel televisao plasma com canais por cabo e o wi fi de muito boa qualidade pequeno almoco optimo com muita variedade sumo de laranja natural compotas e produtos regionais de realcar o facto do hotel se situar mesmo no centro da cidade estando bastante proximo de todos os locais de atraccao turistica bem como da zona de bares e restaurantes o hotel disponibiliza estacionamento a metros em parque publico pago pelo hotel preco acessivel sem duvida voltarei"
"Positive", "optima localizacao mesmo no centro da cidade acolhedor e atendimento personalizado a atencao por parte dos funcionarios em relacao ao meu bem estar foi constante e permanente nos dias que fiquei hospedado algo para mim muito importante em virtude de me deslocar com frequencia para fora da minha area de residencia e de ter muita experiencia em dormir em hoteis optimo pequeno almoco"
"Positive", "o hotel fica na zona central da cidade junto dos locais a visitar excelente relacao qualidade preco ficamos noites num quarto com varanda no o andar tem elevador tudo estava muito limpo e acolhedor pequeno almoco com grande variedade delicioso com produtos regionais adorei o pao regional e as compotas pessoal muito prestavel no atendimento e na informacao disponibilizada o hotel disponibiliza solucao gratuita de estacionamento para os clientes"
"Positive", "estivemos recentemente no hotel santa barbara durante duas noites nas quais desfrutamos da comodidade dos quartos e dos servicos que nos foram prestados pelos funcionarios estes foram muito simpaticos e acolhedores esclarecendo nos sempre que necessitamos a localizacao geografia do hotel e bastante boa uma vez que se encontra no centro da cidade o que facilita um passeio a pe e consequente visita aos monumentos historicos mais um ponto positivo e o facto de se situar a cerca de minutos da zona de bares aconselhamos este hotel a casais que tencionem passar um fim de semana romantico"
"Positive", "optima localizacao no centro da cidade solucao de estacionamento atendimento muito agradavel staff muito simpatico e sempre disponivel para ajudar e informar e um excelente pequeno almoco estilo buffet no qual destaco o sumo de laranja natural quarto muito limpo e comfortavel aconselho e irei voltar com a certeza de um alojamento muito cordial e agradavel"
"Positive", "este e um hotel muito centralmente localizado em beja a gestao foi muito util em ajudar nos a estacionar o carro e para mudar o nosso quarto para uma varanda terceiro andar unidade embora nos foi atribuido um primeiro andar sem nenhum custo a sacada foi excelente pessoas muito adequadas e boas la"
"Positive", "o hotel esta bem localizado no centro em uma rua de pedestres e muito limpo ea equipe e muito util o quarto nao e muito grande mas e o suficiente o wc e ok e o ac funciona muito bem cafe da manha e ok mas nao continental e um hotel honesto mas eu achei um pouco caro para o tipo de hotel e"
"Positive", "otima localizacao na zona historica de beja os quartos sao confortaveis se basicos a equipe do hotel foram extremamente atenciosa e amigavel o cafe da manha e um bom buffet tipico europeu eu sou um bebedor de cafe entao eu saboreei o coador de cafe altamente recomendo se voce passar o tempo fora do seu quarto de hotel"
"Positive", "este e um hotel muito acolhedor com uma equipa simpatica quartos limpos e um bom pequeno almoco ha parques de estacionamento nas proximidades certamente vale o preco temos uma sala com varanda que foi mais agradavel rua pequena recepcionista era cara muito simpatico mostrou que o estacionamento e estacionada novamente seu carro para nos dar um parque de estacionamento"
"Positive", "e limpo nice central residencial a equipe e muito nice e atenciosa nos se hospedaram thete para o festival do amor festival como estou um bellydancer e realizados ali como para um restaurante chamado luiz rocha foi terrible bad dom bad quarto nao muito nice de tudo o mais beja e um belas city"
