Sentiment, Review
"Positive", "estadia muito agradavel a herdade e bonita e bem cuidada a cama confortavel optimo pequeno almoco todos muito simpaticos optimo programa com criancas ou para um fim de semana em contacto com a natureza fomos muito bem recebidos e tencionamos voltar"
"Positive", "qualidade dos quartos excepcional simpatia e disponibilidade de toda a equipe a flexibilidade que demonstraram no check in aliado a localizacao da propriedade e ao excelente pequeno almoco fazem com que seja uma excelente escolha para um fim de semana de descanso uma reuniao de equipe de trabalho ou mesmo um evento familiar a nao perder"
"Positive", "a herdade das barradas da serra e optima para descansar e desfrutar da natureza ouvindo as ovelhas a balir o espaco exterior esta muito bem arranjado e gostamos de ficar nos quartos ao pe da piscina o pequeno almoco e muito bom preparado com produtos da herdade e servido com simpatia"
"Positive", "o local as pessoas a comida tudo fantastico adoramos o espaco e o facto de ter a piscina mesmo em frente aos quartos permitiu nos ter a bebe por perto e com facilidade logistica fica muito proximo das praias do carvalhal e do pego min de carro tem actividades interessantes para entreter durante varios dias como sugestao deixaria apenas o rever as redes mosquiteiras colocar nas portadas das varandas mas deixo nota foi muito bom mesmo pretendo regressar"
"Positive", "a herdade barradas da serra e um lugar encantador que nos convida a desfrutar de hectares de natureza e de acomodacoes acolhedoras e meticulosamente decoradas o pequeno almoco e a cereja no topo da estadia delicioso preparado com produtos da herdade e servido com simpatia a herdade e maravilhosa e a familia dias e um exemplo vivo da arte de bem receber um lugar a recomendar e onde queremos muito voltar"
"Positive", "excelente localizacao decoracao cuidada e um servico sempre atento ao cliente para alem de aproveitar os espacoa interiores a herdade tem muitos trilhos na serra a explorar a cereja em cima do bolo e o pequeno almoco e excepcional e o meu tefugio de eleicao"
"Positive", "quartos espetaculares ambiente muito acolhedor onde nos sentimos em casa a repetir sem qualquer tipo de duvidas os anfitrioes sao de tirar o chapeu toda a familia envolvida no negocio um exemplo a ser visto e para seguir obrigado"
"Positive", "os quartos optimos a piscina optima um ambiente muito tranquilo e o pequeno almoco maravilhoso nao jantei mas tive pena porque o ambiente e muito acolhedor muito perto da praia do pego e do carvalhal"
"Positive", "a herdade e lindissima e muito bem cuidada existem percursos bem sinalizados a fazer para poder conhecer melhor o pessoal e muito atencioso e os quartos magnificos e muito confortaveis lencois excelentes a limpeza diaria dos quartos tambem foi para nos uma mais valia gostamos particularmente do pequeno almoco servido no exterior que tinha uma boa seleccao de produtos existe igualmente a possibilidade de fazer refeicoes ligeiras servico que aproveitamos e com o qual ficamos muito satisfeitos o silencio e calma sao parte do ambiente geral o que foi perfeito para descansar talvez por isso mesmo nos pareca menos apropriado para familias com filhos usufruirem da zona da piscina as praias sao tambem facilmente acessiveis"
"Positive", "absolutamente incrivel quartos fantasticos servico inacreditavel e sempre dificil quebrar a barreira daquele desconforto intrinseco de dormir em hoteis longe de casa no entanto tenho de assumir que na herdade isso foi possivel fomos passar o fim de semana em familia e pareceu nos que nunca tinhamos saido de casa devo tambem atencao especial ao excelente saber receber da familia dias sempre muito disponivel e com uma simpatia inexcedivel personalizado na mae elsa nao posso esquecer todas as refeicoes maravilhosas que foram servidas desde o jantar com bochechas e bacalhau aos pequenos almocos com um sumo de laranja fresco e um pao tradicional e delicioso por fim os quartos muito bem equipados com uma decoracao de bom gosto extremamente cuidados e super"
"Positive", "escolhemos a hbs para descansar recuperar energias aproveitar o tempo a dois e disfrutar do alentejo a hbs e extremamente bem localizada perto da praia rodeada pelo campo e natureza alentejana e perto das vilas de grandola e melides a herdade e bastante tranquila acolhedora perfeitamente integrada na natureza circundante e com todas as facilidades e servicos que se pode desejar o servico e de proximidade simpatico e muito proativo ideal aconselho vivamente"
"Positive", "a herdade reflete a essencia pura do alentejo que alia na perfeicao a natureza o trabalho no campo e a nobreza de bem receber sentimo nos em casa ou melhor na casa e no espaco com que sempre sonhamos no campo as areas sociais refletem o extremo bom gosto e a elegancia de onde se destaca a grande lareira chao de sala o alojamento alia o conforto a arquitetura rustica muito bem conseguida uma seria mais valia e o servico de refeicoes onde o atendimento prima pela excelencia e profissionalismo destacando sabores autenticos e genuinos de uma carta muito equilibrada e diversificada apesar de nos sentirmos inteiramente no campo rapidamente alcancamos as praias da regiao o que faz da localizacao estrategica da herdade das barradas da serra o meu local de escapadinha de fim"
"Positive", "fim de semana com a natureza boa gastronomia sem pressa descanso em abundancia bom gosto muita paz alegria e retemperando as energias da melhor maneira que conheco com amigos voltarei sempre"
"Positive", "alojamento estrelas quartos super confortaveis comida otima local as pessoas sao super disponiveis e muito simpaticas excelente sitio pra descansar e carregar baterias um fim de semana a repetir muito brevemente obg a todos"
"Positive", "herdade muito bonita e bem cuidada alojamento servico e refeicoes com nota muito positiva excelente para os praticantes de btt circuito e trilhos fantasticos para todos os gostos e niveis de dificuldade nos quartos apenas duas notas que nao sendo muito relevantes na avaliacao geral merecem um comentario a tv de quarto podia ser maior e com mais canais e a banheira e excessivamente escorregadia podendo provocar acidentes a pessoas de mais idade"
"Positive", "um lugar onde tudo se equilibra natureza espaco arquitetura decoracao gastronomia servico tempo tudo aqui funciona de forma harmoniosa e magica proporcionando uma experiencia unica e relaxante"
"Positive", "lugar fantastico bem localizado super limpo e cuidado quartos grandes frescos e bem cheirosos otimo pequeno almoco com varias opcoes a herdade e enorme com varios caminhos a percorrer uma piscina grande e calma para relaxar o cao da herdade e um querido e faz parte da experiencia eu voltarei sem exitacao e recomendo a qualquer pessoa que queira passar uns dias no alentejo perto de tudo mas longe de todos muito calmo e ao mesmo tempo perto das belas praias alentejanas"
"Positive", "amabilidade da anfitria edificios com historia espacos verdes tranquilidade do campo paisagens maravilhosas as melhores praias do mundo muito perto super pequeno almoco fenomenal e muito importante com medidas de seguranca face ao covid"
"Positive", "conseguimos uma noite por acaso numa das casinhas com cozinha muito bem construido e decorado com muito bom gosto fomos recebidos pela proprietaria que e super simpatica assim como todo o staff queriamos ficar mais tempo mas nao foi possivel pois estava tudo esgotado e um pedaco de paraiso em pleno alentejo com um sossego fenomenal ideal para descansar e relaxar na piscina que e otima a comida e fabulosa tudo confecionado com muito amor e cuidado ambiente familiar e muito sossegado a herdade esta a minutos da praia de melides que e fabulosa adoramos e vamos voltar simplesmente o melhor turismo rural que ja ficamos os nossos parabens aos proprietarios"
"Positive", "a repetir servico personalizado e familiar pequenos almocos inesqueciveis com surpresas diarias e a familia dias como anfitria perfeita quartos muito acolhedores e bem decorados aconselho a estadia para familias casais e para eventos de empresa"
"Positive", "o prazer de ser recebido com um nivel de qualidade irrepreensivel num ambiente que respira tranquilidade e onde a atencao aos detalhes deixa claro que nada e fruto do acaso tudo isto embrulhado na simpatia de todos os que com um sorriso nos fazem ter vontade de voltar voltaremos"
"Positive", "foi uma surpresa muito agradavel a visita a herdade o espaco esta muito cuidado e tem todas as condicoes de seguranca necessarias nesta altura que atravessamos fomos muito bem recebidas e mimadas pelos anfitrioes foi uma maneira diferente de conhecer a zona e passar um aniversario recomendo vivamente para quem gosta de sossego e para descobrir ou redescobrir esta zona obrigada vanessa nunes"
"Positive", "excelente servico optimos quartos almocamos uma excelente canja de garoupa e umas favas passeio de btt organizado pelo anfitriao a familia dias nao pode ser mais simpatica e eficiente vou voltar e recomendar"
"Positive", "alem da natureza envolvente da propria herdade e do excelente bom gosto nos diversos pormenores arquitetonicos e decorativos a nossa experiencia encantadora foi ainda mais potencializada pelo atendimento muito especial e personalizado que superou as nossas expectativas de celebrar uma data especial nossos agradecimentos a toda equipa da herdade das barradas da serra que tornaram o nosso passeio memoravel retornaremos de certeza e para a proxima levaremos conosco amigos e familiares"
"Positive", "a herdade e linda sao todos super simpaticos e super prestaveis tivemos um pequeno episodio de saude que nada teve a ver com o hotel e prontamente nos disponibilizaram um estudio para podermos cozinhar visto termos uma filha pequena esta tudo muito bem cuidado desde a decoracao aos jardins vamos voltar adoramos"
"Positive", "tudo foi perfeito na herdade barradas da serra a herdade esta situado num local tranquilo e magnifico entre a natureza as instalacoes com uma decoracao maravilhosa proporcionaram um excelente conforto e bem estar nesta escapadinha de fim de semana o pequeno almoco muito variado e de muito boa qualidade e servido com carinho e simpatia nao so da proprietaria elsa como de todo o staff a companhia do benji um cao muito educado e patusco ainda torna mais agradavel esta refeicao obrigada elsa luis e francisco proprietarios por terem pensado em todos os pormenores e estarem sempre presentes providenciando para que nada falte adoramos e voltaremos leonor e luis"
"Positive", "um turismo diferentes dos outros pois ve se que estao sempre a melhorar quartos impecaveis sossego pequeno almoco com muita qualidade muitos caminhos para passear pe bicicleta anfitrioes muito prestaveis e simpaticos e com a vantagem de ficar muito perto da praia podemos ter campo e praia obrigado"
"Positive", "excelente surpresa uma local muito agradavel em pleno alentejo hotel muito tranquilo no meio da natureza optimos quartos tudo muito limpo jardins muito bem tratados excelente pequeno almoco muita simpatia por parte dos proprietarios e do staff sempre disponivel para satisfazer os pedidos dos clientes o local e simplesmente fantastico e ideal para descansar ouvindo o silencio da planicie alentejana a relacao qualidade preco e justa e mostra que e possivel fazer bem receber bem e fazer o hospede sentir se em casa sem praticar precos causticantes muitos parabens"
"Positive", "a herdade das barradas da serra e dos poucos locais que nos permite realmente relaxar e abstrairmo nos do stress do dia a dia e ideal para ir em casal e deixar os miudos em casa o silencio permite nos estar na piscina ou simplesmente passear na herdade e esquecermo nos que estamos perto de grandola proximidade essa muito conveniente para a noite em min estar no centro de grandola a jantar o pequeno almoco e estrelas com produtos frescos e locais os quartos sao confortaveis e bem decorados todo o staff e de uma enorme simpatia"
"Positive", "propriedade magnifica alojamentos com tudo o que e necessario areas exteriores muito bem cuidadas com arquitetura paisagistica apropriada piscina de uma limpeza irrepreensivel espaco comum acolhedor alpendre a convidar a longos seroes tudo isto somado a grande simpatia e profissionalismo da proprietaria e de todo o seu staff todas as condicoes para se especializar com sucesso num destino exclusivo a adultos a repetir em qualquer epoca do ano"
"Positive", "paz e tranquilidade numa casa pensada para nos proporcionar bem estar quando saimos quisemos de imediato marcar outro fim de semana infelizmente sem exito porque tudo ja tomado para a data que nos convinha gostamos imenso da paisagem do bom gosto do conjunto arquitetonico e da adaptacao muito bem conseguida do quarto comodissimo e espacoso do optimo pequeno almoco da simpatia vamos voltar se nos deixarem um quarto vago"
"Positive", "a proprietaria e o seu staff sao muito simpaticos e profissionais e muito agradavel sentirmo nos tao bem recebidos a chegada a herdade encontra se muito bem cuidada o espaco e acolhedor os quartos sao espacosos e muito bem decorados e notorio a atencao ao detalhe as zonas de laser e estar sao muito agradaveis mesmo com ocupacao maxima sentimos que existe privacidade e espacos que apelam ao sossego e descanso o pequeno almoco e caseiro e variado nao perder os sumos naturais e os bolos caseiros recomendo"
"Positive", "recomendo vivamente espaco muito bonito tipico alentejano com alguns pormenores engracadas alusivos a cortica muito acolhedor staff simpatico decoracao rustica e cozy pequeno almoco generoso e caseiro e o cantar dos passaros e as vistas do montado criam o contexto para um desanuvio a repetir um bom refugio para abrandar com paz e sossego"
"Positive", "somente a uma hora e pouco de lisboa com acessos espectaculares entra se num mundo a parte com quartos super espacosos e bem decorados uma simpatia fantastica por parte dos proprietarios e staff excelente pequeno almoco e possibilidade de se fazer belas caminhadas numa palavra top"
"Positive", "turismo rural de excelencia os quartos sao espacosos confortaveis e decorados com muito gosto espacos exteriores impecaveis dispoe de piscina exterior e trilhos para percursos pedestres pequeno almoco de qualidade servido ate as horas todos os colaboradores sao muito simpaticos e atenciosos recomendo esta experiencia que eu certamente irei repetir"
"Positive", "adoramos a herdade a localizacao o tratamento a comida tudo um verdadeiro paraiso pessoas fantasticas o espaco e maravilhoso e esta tudo muito bem cuidado somos sempre bem muito bem recebidos o acolhimento e disponibilidade de todos foi excelente o espaco e deslumbrante e sossegado e esta proximo das melhores praias da costa alentejana do melhor para descansar e repor energias muita tranquilidade ja estamos com saudades de todos incluimos aqui o benji e o zacarias voltaremos certamente a repetir muitas vezes muito obrigada"
"Positive", "a herdade e enorme de facil acesso localizado perto das praias magnificas de locais a conhecer e restaurantes excelentes os quartos suites e estudios sao otimos para todos os tipos de estadia pequenos almocos deliciosos com produtos caseiros tambem servem refeicoes ligeiras durante o dia limpeza sem defeito piscina imaculada e bem tratada ha imensos espacos de lazer e descanso relaxantes os donos sao muito amaveis sempre presentes funcionarios excelentes tem percursos pedestres para fazer com varios graus de dificuldade muito obrigada por existirem e nos tratarem tao bem"
"Positive", "encontramos em um so lugar beleza tranquilidade e uma recepcao de primeira qualidade nada nos faltou a proprietaria muito amavel nos ensinou tudo sobre a regiao com sugestoes de passeios e restaurantes nos sentimos em casa regressaremos com certeza"
"Positive", "tudo estrelas localizacao excelente tudo aquilo que o alentejo pede funcionarios super simpaticos proprietaria estrelas maravilhoso espaco aconselho vivamente ate o cao da propriedade deixou saudades obrigado por tudo irei regressar"
"Positive", "considero ser excelente a todos os niveis conforto tranquilidade pequeno almoco bastante variado a beleza da herdade e sem duvida de salientar a herdade e indicada para efectuar caminhadas corrida trail ou btt com trajectos onde se pode admirar a fauna e flora locais"
"Positive", "nada melhor e mais tranquilo do que passar um dia nesta herdade a simplicidade tambem tem que ser apreciada o pequeno almoco fantastico servido com uma enorme simpatia a proprietaria e a familia sempre dispostos a tudo para que nada falte vou seguramente regressar"
"Positive", "adoro a tranquilidade a natureza o enquadramento e os pormenores decorativos atendimento muito profissional com o pequeno almoco com sabores tradicionais percursos pedestres fenomenais com ribeiras naturais de agua limpida avistando cavalos e carneirinhos e outras especies espalhadas pela serra"
"Positive", "espaco muito bem organizado estruturado e muito acolhedor respira se natureza e tranquilidade neste maravilhoso turismo rural perto da praia de melides e de outras praias servico excelente e pessoal muito profissional voltarei de certeza"
"Positive", "herdade bastante bonita organizada excelente para descansar passear e usufruir das instalacoes com excelente decoracao quartos muitos bons e o pessoal bastante simpatico e prestavel muitas felicidades a todos"
"Positive", "herdade de gestao familiar com excelente qualidade verificada nos mais pequenos pormenores decoracao formidavel cuidado extremo na limpeza e manutencao dos espacos exteriores com destaque para o telheiro alpendre reconfortante onde podemos beneficiar de toda a paz e serenidade pequeno almoco com otimos produtos caseiros a herdade dispoe de circuitos com paisagens magnificas devidamente marcados beneficia de uma localizacao formidavel proxima da entrada da auto estrada e de facil acesso as praias claramente uma referencia de alojamento de qualidade parabens"
"Positive", "numa curta estadia pude apreciar a excelente localizacao e toda a atencao dada a integracao de um alojamento de alta qualidade numa herdade em laboracao a piscina e o pequeno almoco ficam na memoria na verdade para alem do calor abrasador nos espacos exteriores nao me consigo lembrar de nada menos positivo na experiencia"
"Positive", "propriedade muito bonita a gestao hoteleira e muito profissional e marca a diferenca nao e so uma herdade com uns quantos para alugar e um hotel rural com muita qualidade excelente pequeno almoco quartos muito confortaveis nao deixe de fazer um dos percursos dentro da herdade"
"Positive", "fiz uma pesquisa exaustiva ate me decidir por este espaco optei por alojar nos na suite para uma estadia a dois foi uma boa escolha um quarto grande calmo com uma cama de casal grande sofas terraco e casa de banho a suite estava decorada de uma forma rural mas clasica com muitos pormenores giros nao entanto tenho a dizer so uma coisa menos positiva em relacao qualidade preco eu estava a espera de uma suite mais impressionante com uma banheira maior por exemplo com possibilidade de poder encher a banheira enteira com agua para poder relaxar a equipa da herdade e excelente muito amavel e simpatica o pequeno almoco foi incrivel muito completo e numas instalacoes tanto exteriores como interiores muito agradaveis gostavamos especialmente da variedade de"
"Positive", "excelente local para relaxar a dois entre amigos ou em familia muito proximo da saida da auto estrada fantastica recepcao por parte de toda a equipa trilhos fabulosos nao deixem de levar calcado pratico porque qualquer trilho vale a pena pequeno almoco soberbo"
"Positive", "fomos recebidos com muita simpatia neste canto de calma no meio do verde quartos confortaveis e agradaveis linda sala com uma lareira deliciosa tem uma piscina que deve ser muito agradavel no verao estamos desejosos de a experimentar tambem vamos regressar soube a pouco"
"Positive", "ja tive oportunidade de conhecer alguns espacos do genero em portugal mas nada comparado com a herdade das barradas da serra pelo enquadramento e ambiente pela qualidade dos quartos e espacos em que circulamos e tambem pela qualidade de servico e simpatia como fomos recebidos sera definitavamente daqui em diante o meu local de eleicao e refugio para regressar sempre que me for possivel"
"Positive", "com uma piscina exterior com espreguicadeiras aluguer de bicicletas para poderes usar em passeios em familia e a unidade tambem dispoe de um bar e um snack bar os quartos e suites estao decorados com vista a tirar o maximo proveito da luz natural grande parte dos quartos com acesso direto para o terraco e para a area da piscina todos os quartos sao climatizados e tem uma televisao area de estar cofre e casa de banho privativa com secador de cabelo e produtos de higiene pessoal gratuitos o acesso wi fi esta disponivel gratuitamente neste alojamento de turismo rural o pequeno almoco e servido todas as manhas na propriedade varios restaurantes locais estao disponiveis a uns escassos minutos de carro o hotel encontra se localizada numa propriedade rural com"
"Positive", "e um local muito agradavel para relaxar com um excelente atendimento com tudo aquilo que uma pessoa precisa quando vai passar um fim de semana em paz e sossego para o litoral alentejano ja estive em varios lugares ao longo da costa alentejana e este foi de longe o melhor sitio a regressar sem duvida"
"Positive", "um excelente local de repouso com todos os detalhes para nos fazer sentir em casa desde o jornal diario a revista de decoracao ou de viagens a manta a musica ambiente aos sumos na cama um pequeno almoco fantastico e acima de tudo um acolhimento pelos donos excepcional e caloroso"
"Positive", "dias em setembro tudo impecavel e a pensar no conforto bom gosto muito limpo e com optimo pequeno almoco a dona e o staff de grande simpatia recomendo para uma fuga a a km de lisboa a melhor praia do pais esta a m aberta nova e gastronomia da regiao muito rica parabens ao hbs"
"Positive", "do melhor para descansar e repor energias muita tranquilidade bom gosto e simpatia aos molhos para os miudos tambem e otimo porque a natureza a volta e do melhor e andam a vontade dentro da herdade a repetir muitas vezes"
"Positive", "na sequencia da marcacao de um salto de para quedas eu e a minha namorada reservamos uma noite na suite junior deste estabelecimento ao fim de minutos ja nos haviamos arrependido de termos reservado apenas uma noite um espaco muito bem cuidado com pessoas extremamente simpaticas e prontas a ajudar recomendo vivamente tanto para escapadelas romanticas como para familias que gostem de relaxar envoltos em natureza experiencia sem duvida para repetir"
"Positive", "a herdade das barradas da serra e o paraiso no alentejo a beleza da paisagem o conforto dos quartos e dos outros espacos sociais e a inesgotavel simpatia das pessoas que nos receberam tornaram a nossa estadia inesquecivel para alem de podermos usufruir da tranquilidade da herdade podemos tambem participar em varias atividades tais como caminhadas passeios de bicicleta entre outras e de referir ainda o excelente brunch pequeno almoco com uma enorme variedade de produtos regionais que primam pela qualidade destaca se tambem a localizacao da herdade que constitui a combinacao perfeita entre o campo e a praia apenas a uma hora de lisboa e a estadia perfeita tanto em epocas mais quentes a piscina e fantastica como em alturas mais frias a lareira na sala de estar e"
"Positive", "apesar de uma estadia curta deu para sentir um ambiente familiar muito acolhedor e uma vontade enorme de voltar em breve com mais tempo o alojamento e confortavel e bem equipado nota se uma grande preocupacao com cada detalhe o ambiente e rural e temos a possibilidade de praticar caminhadas com percursos marcados e tambem o aluguer de bicicletas para a pratica de btt a localizacao e excelente na encosta das serra grandola mas proximo do centro da vila"
"Positive", "senti me em casa na herdade descansamos em familia o acolhimento e disponibilidade de todos foi excelente o espaco e deslumbrante e sossegado apropriado para qualquer tipo de estadia proximo das melhores praias da costa alentejana"
"Positive", "a herdade pela sua localizacao reune o melhor de mundos praia e campo num cenario idilico os funcionarios sao muito atenciosos o que torna o servico excelente esta tudo muito cuidado e organizado ideal para uma estadia romantica ou em familia a repetir muito em breve"
"Positive", "localizacao estupenda recepcao calorosa tudo corre as mil maravilhas optimo para descansar para viver na natureza excelente gosto na decoracao muito bom para as criancas conviverem com animais e no campo recomendo vivamente"
"Positive", "a herdade encontra se num sitio mto bonito com uma vista sensacional sobre os campos alentejanos foram umas ferias mto relaxadas a piscina e optima ficamos num dos quartos standard e achamos q tinha um tamanho acima do q se encontra normalmente nos hoteis toda a herdade esta decorada com gosto e a organizacao e excelente e mto prestativa o pequeno almoco era optimo com produtos frescos e da zona mtos espacos para se estar a ler ou simplemente a apanhar a brisa da noite esperamos regressar mais vezes para carregar baterias"
"Positive", "espaco optimo para descansar e desfrutar a natureza espaco com requinte muito organizado e bem cuidado de realcar a amabilidade dos proprietarios e funcionarios e a nossa terceira vez recomendamos vivamente"
"Positive", "o melhor turismo de habitacao onde ja estive pequeno almoco delicioso quartos amplos e muito limpos excelente atendimento perto de boas praias e restaurantes piscina e zona envolvente muito boa tudo muito bem cuidado tudo perfeito herdade muito bonita recomendo vivamente"
"Positive", "excelente herdade para passar uns dias em tranquilidade e perfeito relax os donos da herdade uma simpatia e sempre prontos a ajudar no que se mostrar necessario lembro que necessitei de gelo para beber um whiskey ja passava da meia noite e gentilmente o gelo apareceu no meu quarto quarto confortavel e bem decorado e um pequeno almoco buffet de grande qualidade com produtos frescos e saborosos uma piscina agradavel e bem tratada gostei e recomendo"
"Positive", "estive no passado fim de semana e pela a vez nesta herdade adorei herdade que convida ao descanso para recarregar baterias sitio muito organizado confortavel e muito agradavel os proprietarios extremamente amaveis disponiveis e muito simpaticos fazendo nos sentir em familia e ente amigos quartos confortaveis e agradaveis servico de pequeno almoco buffet com muita qualidade queremos voltar e recomendo vivamente esta herdade vao gostar tanto como nos gostamos"
"Positive", "herdade muito simpatica onde tudo e pacifico e organizado os donos da herdade sao muito simpaticos e disponiveis para que o hospede tenha o maximo de bem estar possivel lugar propicio para quem quer ter uns dias de paz e sossego longe do rebulico e stress da cidade"
"Positive", "encantador e autentico hotel no meio da natureza os quartos sao adoraveis o servico e muito gentil o cafe da manha e delicioso e mencao especial para o delicioso azeite da casa que voce pode comprar para trazer de volta para casa recomendo vivamente a herdade das barradas da serra e espero voltar em breve"
"Positive", "uma joia voce sente imediatamente em casa e a vontade nesta propriedade muito bem cuidada a anfitria e os funcionarios demonstram esta genuina e unica sensacao de hospitalidade portuguesa quarto amplo e confortavel adoravel e variado opcoes de cafe da manha nos jantamos duas vezes luz mas opcoes saborosas ficamos noites e esperamos voltar fui duas vezes caminhando na plantacao de carvalho a km de caminhada tranquila mas a minutos da agitacao a beira mar minha combinacao perfeita de elegancia da natureza e verdadeira hospitalidade"
"Positive", "se viajar para a regiao de comporta gr ndola esta e uma otima opcao o proprietario e a equipe fizeram tudo o que e necessario para garantir que nossa familia aproveitasse a casa de campo e o que a regiao tem a oferecer praias da regiao sao fantasticas"
"Positive", "o lugar perfeito para desfrutar de um pouco de paz e tranquilidade no campo embora muito perto de algumas praias agradaveis a estrutura e nova e bem mantida nos apreciamos ter uma caminhada na quinta eo cafe da manha foi incrivel a unica nota negativa e que o proprietario mantido refazendo estavamos apenas ficar uma noite e entao ela fez quando reclamamos que o wifi nao estava funcionando em nosso quarto ela apenas sugeriu tentar ligar e desligar o roteador e nao tomou nenhuma acao para resolver o problema"
"Positive", "meu marido e eu ficamos na herdade das barradas da serra para duas noites e nao foi o suficiente em primeiro lugar as coordenadas de gps sao no local o hotel esta perfeitamente localizado min carro para chegar ao centro de grandola longe o suficiente para ser realmente calmo e para ver sky incrivel clara a noite se voce gosta de contemplar os comeca voce vai adorar a estadia aqui e nao se esqueca a apenas min ate a praia de troia ou comporta e para aqueles que estao vindo de longe a auto estrada fica apenas a min de distancia em segundo lugar os quartos sao lindos a decoracao a atencao ao detalhe a limpeza simplesmente perfeito os quartos sao amplos com uma cama king size area de estar a c no quarto e banheiro nice area area de estar na"
"Positive", "nos ficamos noites aqui e foi realmente impressionante cada quarto e tao unico e o nosso quarto estava impecavel e muito grande com uma cama king size e area de estar a noite voce pode tomar um cafe ou cha a beira da lareira e ler um livro recomendamos este lugar para uma estadia relaxante no portugues alentejo rural"
"Positive", "um lugar esteja no maravilhoso para alcancar a paz de espirito excelente localizacao perto de praias incrivel grandola bela natureza e rodeado por varios lugares com comida deliciosa herdade barradas da serra e um dos melhores lugares ja estive os anfitrioes sao extremamente agradavel com uma hospitalidade de estrelas eu vou definitivamente recomendados e voltar"
"Positive", "se hospedar no herdade das barradas da serra foi um verdadeiro prazer o farm fica em uma paisagem calma e tranquila voce compreender o real significado de ferias como voce nao muito a atmosfera foi muito simpatica todas as instalacoes foram moderno limpos e em perfeito forma e ainda assim voce ainda pode ver e sentir a historia que e contada por todos os old cork farm edificios que sao agora convertidos em casas alem disso recebi informacoes muito sobre o portugues tradicao de producao de cortica do anfitriao o sr luis dias muito interessante"
