Sentiment, Review
"Positive", "excelente vale bem a pena recomendo vivamente o sergio e uma pessoa muito simples simpatico e muito acessivel mesmo bom para descansar e bom para familias com criancas as senhoras que nos servem o pequeno almoco sao muito simpaticas e mesmo muito bom"
"Positive", "area da piscina excelente regras covid muito bem organizadas e definidas bem como assim bem comunicadas e fiscalizadas durante a estadia limpeza do quarto a chegada excelente area comum da casa sempre limpa e bem cuidada decoracao muito gira recomendo este espaco para descanso e tranquilidade"
"Positive", "junto a monsaraz na estrada para a praia fluvial de monsaraz este acolhedor espaco recebe confortavelmente os visitantes casa tipica alentejana quartos confortaveis e decorados a preceito bom pequeno almoco alentejano inumeras actividades ao ar livre servico muito acolhedor confortavel a repetir sem duvida"
"Positive", "a estadia no monte alerta por todas as razoes foi de um tempo de descanso perfeito simpatia ter sempre disponibilidade e fazer sentir que ha tempo para cada cliente pequeno almoco muito bom limpeza impecavel bom gosto em toda a decoracao na piscina muito bem organizada a distribuicao de espaco muito verde por todo o lado e sempre bem cuidado as senhoras que nos recebiam no pequeno almoco sempre simpaticas prestaveis para qualquer coisa que fosse precisa resumindo obrigatorio voltar muito obrigado"
"Positive", "que sitio fabuloso espacos muito agradaveis e diversificados recomendo vivamente excelente para passar uns dias de descanso longe da confusao otimo para familias donos extremamente acolhedores adorei"
"Positive", "adoramos o espaco acolhedor cuidado assim como a forma de como fomos recebidos atendimento cinco estrelas um espaco que nos permite sentir em casa zonas cuidadas e com muita privacidade obrigado"
"Positive", "nao podemos chamar ao monte alerta hotel nem alojamento e sim uma grande casa onde somos recebidos pelo anfitriao sergio como se fossemos da familia ali temos a sensacao de estar em nossa propria casa onde podemos repousar e acalmar sem pressao de horarios na minha opiniao apenas um ponto menos positivo em estadias longas os pequenos almocos nao sao muito variados"
"Positive", "quanto ao espaco em si e excelente o anfitriao e excelente a localizacao e excelente a limpeza e excelente e as recomendacoes dadas foram excelentes vou voltar e ja recomendei a todos os meus amigos obrigado sergio"
"Positive", "muito bom e extremamente acolhedor muito bem localizado a menos de m de carro de monsaraz tem um espaco exterior cheio de recantos para namorar ou conversar e a que nao falta uma nela piscina e jackuzi o interior e de muito bom gosto e os quartos muito bem decorados o proprietario sergio e s hospitalidade em pessoa recomendo vivamente"
"Positive", "um local excelente para passar uns dias em perfeito relax equipa muito simpatica o anfitriao sergio sempre simpatico e disponivel tudo perfeito a noite as estrelas nao deixam espaco livre no ceu"
"Positive", "turismo excelente com um anfitriao fantastico uma casa linda muito bom pequeno almoco e uma localizacao fabulosa perto de monsaraz onde a paz e a tranquilidade adocaram o fim de semana a vista das estrelas neste local e maravilhosa"
"Positive", "casa muito bonita a escassos minutos da freguesia de monsaraz e da fabulosa praia fluvial que adoptou o mesmo nome o anfitriao sr sergio de uma simpatia e delicadeza extrema deixou me completamente a vontade sentindo me como se estivesse em casa quarto enorme excelente colchao e muito boa almofada pequeno almoco divinal com produtos caseiros nomeadamente bolinho feito na hora diferentes sumos naturais e um excelente pao alentejano entre muito outras coisas deliciosas ao sergio um forte abraco e muito obrigado pela forma como me recebeu em sua casa sem duvida a repetir"
"Positive", "foram uns dias de puro descanso o sergio dono e a restante equipa sao pessoas super prestaveis atenciosas e simpaticas o monte e toda a area envolvente de monsaraz e o sitio indicado para quem precisa realmente de repor energias sem horas e sem pressas fugir ao ritmo da cidade so tenho de agradecer todo o cuidado e atencao que tiveram connosco o monte alerta e um espaco com cerca de anos de historia passados de geracao em geracao assim como as mobilias pecas decorativas e salas a camila manda um beijinho especial para o sergio"
"Positive", "atendimento simpatia limpeza sitio fantastico para passar uns dias em familia ou ate mesmo sozinho a minuto do observatorio do alqueva e a minutos de monsaraz onde o nascer e o por do sol sao especiais"
"Positive", "adoramos todos a experiencia de uma semana no monte alerta esta propriedade e um autentico oasis no sope de monsaraz com espacos verdes de exuberancia rara nestas paragens e possivel descansar verdadeiramente pelo espaco envolvente mas tambem porque os quartos tem um excelente isolamento acustico a piscina e o centro de um jardim maravilhoso convidativo ao descanso e a mergulhos revigorantes a hospitalidade dos proprietarios e do pessoal e assinalavel assim como o esforco no cumprimento das normas da dgs para o covid pela seguranca de todos vamos fazer por regressar"
"Positive", "completamente rendidos a beleza da quinta e a simpatia do dono da d maria e da patricia que nos fizeram sentir em casa ficamos num quarto muito bonito com todas as condicoes para que desejenos voltar ficar nesta quinta permitiu nos aliar o bom descanso ao passeio por algumas das emblematicas terrinhas do alentejo ja para nao falar que trouxemos o nosso filho de meses que adorou este ar puro que aqui se respira desejamos sem duvida voltar"
"Positive", "hospedagem rural numa casa portuguesa secular de decoracao cuidadosa e hospitalidade impar ambiente bucolico e acolhedor que preza pelos detalhes para descansar em contato com a naturez a ou em frente a lareira"
"Positive", "um espaco lindo respira tranquilidade e simpatia os quartos sempre limpos excelente cuidado de todo o staff desde o pequeno almoco a limpeza sempre atempada dos quartos recomendo e lugar a repetir o sergio e restante equipa sao de uma generosidade extrema sempre a procura do melhor da minha parte e restante familia o meu muito obrigado"
"Positive", "um espaco super confortavel com uma decoracao classica e muito tipica local para desfrutar de tranquilidade em boa companhia pequeno almoco bom e quartos amplos mesmo no inverno a estadia foi estrelas e fomos muito bem recebidos"
"Positive", "a estadia no monte alerta nao poderia ter sido melhor adoramos todos os pormenores desde o acolhimento a decoracao os diversos espacos comuns que nos fizeram sentir em casa o pequeno almoco igualmente excelente uma experiencia a repetir"
"Positive", "bem localizado tranquilo limpo recomendo vivamente a quem queria descansar e desfrutar da regiao pois ha varias iniciativas locais a descobrir a simpatia de todos neste alojamento e fantastica o pequeno almoco e bastante bom"
"Positive", "estadia excelente estadia com tudo o que esperavamos com uma higiene espectacular uma decoracao fabulosa um pequeno almoco com produtos regionais e de grande qualidade e um anfitriao que mostra sempre a sua disponibilidade e simpatia"
"Positive", "provavelmente das melhores casas de campo do pais pequeno almoco fantastico simpatia do stags paz e tranquilidade perfeito para um fim de semana de sonho aconselho vivamente e um agradecimento especial ao sergio que foi um grande anfitriao"
"Positive", "espaco magico confortavel e acolhedor uma experiencia unica de verao e outra completamente diferente de inverno instalacoes e servicos otimos sergio a ana e restante pessoal da casa sao estrelas recomendo"
"Positive", "a casa na familia do dono a geracoes e maravilhosa linda super bem decorada com uma energia super calma e positiva e o sitio perfeito para descansar da confusao da cidade de referir a simpatia do sergio um sitio sem duvida para repetir"
"Positive", "local muito bonito e bem cuidado limpeza impecavel pequeno almoco simples mas com qualidade ideal para quem procura sossego e refugio na natureza staff muito atencioso proximo da praia fluvial e do observatorio lago alqueva recomendo"
"Positive", "muito bem recebidos tudo estava impecavel a repetir pequeno almoco muito bem servido as pessoas muito atenciosas os quartos e casa banho tudo muito bem apresentado espaco exterior jardim bonito a piscina limpa geograficamente o castelo a e a praia minuto de carro"
"Positive", "venho destas ferias totalmente encantada o monte alerta foi sem duvida a melhor escolha ate tivemos de reservar mais uma noite so posso agradecer ao sergio e a toda a sua equipa por nos terem acolhido tao bem voltaremos concerteza"
"Positive", "um local com muita calma tranquilidade e hospitalidade e optimo para quem vai de ferias com criancas a sua localizacao e excelente para quem quer conhecer a regiao e sem duvidas um local a repetir o sergio faz nos sentir em casa recomendo sem duvidas"
"Positive", "local de excelencia para descansar e desfrutar da natureza quartos muito confortaveis e com uma decoracao aconchegante a piscina e maravilhosa em que o clima propicia uns maravilhosos mergulhos o anfitriao e de uma simpatia sem igual a dona maria e uma excelente funcionaria muito carinhosa e servem nos um pequeno almoco dos deuses vamos voltar certamente"
"Positive", "uma casa encantada onde a paz vive o sergio e fantastico faz da sua casa a nossa casa recomendo vivamente nao ha palavras para descrever mais mas sim so estando neste lugar unico obrigada ao monte real ligia"
"Positive", "ja somos repetentes no monte alerta e voltaremos de certeza no monte sentimo nos felizes e em paz somos sempre recebidos como se fossemos da familia as obras realizadas este ano ainda o tornaram mais bonito e acolhedor o sergio nosso anfitriao e maravilhoso sempre com um sorriso e pronto a agradar a miudos e graudos obrigada monte alerta e ate para o ano"
"Positive", "ferias com a esposa e a cadela tudo impecavel a simpatia do sergio proprietario que desenvolve todos os esforcos para dar o maximo conforto a proximidade da praia fluvial e do castelo e mais um dos pontos positivos muito satisfeito"
"Positive", "monsaraz uma escapadinha a repetir monte muito bem tratado pessoal fantastico quarto grande toda a decoracao bem pensada pequeno almoco simples e delicioso a piscina otima e um deck para apreciar a paisagem e relaxar a praia fluvial mesmo ali ao lado e um passeio no castelo ao por do sol so nao consegui ir ao observatorio das estrelas ali ao lado aconselho"
"Positive", "a experiencia foi optima o monte e lindo de morrer super cuidado e os empregados muito atenciosos e profissionais os quartos sao espacosos e confortaveis o pequeno almoco delicioso o monte tem a nossa espera o burro juvenal que faz as delicias das criancas a situacao geografica do monte e tambem excelente pois esta muito proximo da praia fluvial e de monsaraz"
"Positive", "dias de perfeito encantamento quarto espetacular recepcao do sergio servicos da casa muito bons e um pequeno almoco maravilhoso a piscina e muito boa de salientar nos arredores o castelo a praia fluvial e o ola espero repetir brevemente"
"Positive", "lugar incrivel agradavel acolhedor e com atendimento do sergio o dono espetacular paisagem e hospedagem perfeitos cafe da manha delicioso e com instalacoes muito bonitas e super limpas piscina deliciosa"
"Positive", "ambiente familiar e acolhedor sem duvida para repetir provavelmente a melhor vista sobre o castelo de monsaraz e um espaco digno de um livro de encantar desde o atendimento dos colaboradores a prontidao de satisfazer todos os nossos desejos por parte dos donos este turismo merece em qualquer ponto"
"Positive", "tudo perfeito o sergio perfeito anfitriao levamos uma cadela e foi uma recepcao fantastica pequeno almoco extraordinario o sumo de morango e o bolo de canela celestiais o ceu noturno so resta voltar"
"Positive", "espaco muito bonito tanto em construcao como decoracao optima simpatia de todos calmo arrumado e limpo a piscina e o jardim sao de encantar tanto para passar o dia como para estar durante a noite observando as estrelas e a desfrutar de um bom gin nao tenho nenhum ponto negativo aconselho a todos obrigado a equipa abraco sergio e ate breve"
"Positive", "para comecar os funcionarios sao todas uma maravilha gente muito acolhedora com muita simpatia um monte turismo rural que nos transmite muita energia positiva tudo muito bonito recomendas para todas as idade quem vai la uma x volta sempre we will be back soon"
"Positive", "um hotel que encanta pela sua arquitetura bom gosto na decoracao e muitos pormenores e como uma viagem repleta de historias espelhadas nos objectos que encontramos pela casa todo o espaco esta muito bem cuidado e limpo os quartos sao grandes e o colchao optimo a salientar a simpatia do proprietario sergio que nos pos a vontade na companhia da nossa patas pinki um sitio sem duvida para voltar com mais tempo ate breve"
"Positive", "o monte alerta para alem de ser um ponto estrategico ao redor do qual ha muito para conhecer e tambem um lugar interessante com requinte e com historia ou historias passamos ali noites para comemorar o aniversario da minha mae so temos a agradecer ao sergio e aos seus funcionarios pela simpatia pelo profissionalismo e pela otima hospitalidade a casa e muito bonita com piscina e jardins fantasticos que nos convidam a meditacao um verdadeiro retiro ecologico em pleno alentejo o pequeno almoco e otimo com produtos da regiao os quartos e salas sao surpreendentes uma boa relacao qualidade preco sim vamos voltar e recomendamos o monte alerta deixa saudades"
"Positive", "simplesmente fantastico o sergio fez questao que nos sentissemos verdadeiramente em casa pequeno almoco soberbo de muita qualidade e diversidade quartos todos de decoracao distinta tendo em comum uma decoracao que nos transporta para um ambiente de relaxe e lembrancas antigas camas excelentes envolvimento exterior com varios recantos em voltada piscina proporcionando isolamento e permanencia tranquila por fim uma pequena barragem que proporcionou momentos de diversao que nao esqueceremos muito obrigado"
"Positive", "monte com espacos muito acolhedores decorado com bom gosto com pecas que nos transportam ao passado sentimo nos em casa nao so pelo local mas tambem pela simpatia e disponibilidade do sergio que nos tratou como amigos a estadia de inverno com lareira acesa e ambiente propicio foi muito boa"
"Positive", "o monte e simplesmente fantastico cada recanto pensado com extremo bom gosto cada olhar revela mais um pormenor delicioso um sensacao de paz com a maravilhosa natureza alentejana o calor que se faz sentir em agosto e equilibrado com mergulhos continuos na piscina envolvida num jardim cheio de detalhes fantasticos tudo muito bem cuidado a casa e um descoberta continua de um sem numero de objectos extraordinarios e bem conservados o quarto bastante confortavel e com uma decoracao simples uma mescla entre o que e nosso e outras terras e outras culturas entre o antigo e o novo entre o tradicional e o moderno o pequeno almoco com varios produtos regionais e delicioso e variado por fim de referir que as pessoas que trabalham no monte e em particular o anfitriao sao de"
"Positive", "o ambiente acolhedor a beleza de cada recanto dentro e fora da casa a vista para as paisagens alentejanas e para o ceu mais estrelado os cheiros o pequeno almoco o jardim os animais tudo isto podia bastar para recordarmos a experiencia no monte alerta como maravilhosa e inesquecivel mas faltam as pessoas a forma como nos receberam e o bem como nos trataram ao longo da estadia adoramos tudo e todos ate o fantastico quarto das princesas sentimo nos bem e pretendemos voltar obrigada pelas recomendacoes e obrigada pelo carinho excelente"
"Positive", "lugar onde nos sentimos totalmente em casa casa decorada com excelente bom gosto cada recanto uma doce descoberta jardim fantastico onde se pode desfrutar de uma piscina refrescante ler um livro dormir uma soneca ou entao simplesmente fechar os olhos ouvir os passaros e apreciar o cheiro das flores o sergio e um anfitriao estrelas sempre disponivel e atento parabens iremos voltar concerteza salvador lucinda rafael filipa joana e frankie"
"Positive", "para quem gosta de ser bem tratado sera dos melhores sitios na zona tudo muito agradavel e familiar pequeno almoco diversificado e muito fresco toda a area e bem tratada e de uma grande beleza voltaremos sem duvida obrigado"
"Positive", "sublime espaco tempo destilado na perfeicao atmosfera perfeita tudo nos deu a forma da felicidade voltar ou ir a terra que nos faz crescer os sons puros o brilho da luz e da meia noite valem esta peregrinacao obrigado"
"Positive", "eramos familiares de varias idades e tivemos o belo monte alerta em exclusivo melhor seria impossivel estavamos como se fosse na nossa propria casa quartos optimos pequeno almoco maravilhoso tudo mas tudo muito bom muito obrigada por tudo ficarao sempre nas nossas recordacoes e quando a saudade for muita nos voltamos de certeza"
"Positive", "a simpatia e a forma como fomos recebidos neste magnifico monte foi espetacular quartos muito bons zona da piscina magnifica e todo o espaco envolvente agradecimento muito especial ao sergio que e um excelente anfitriao sempre disponivel para ajudar a que tivessemos uma excelente estada aqui muito obrigado sergio agradecemos ainda a patricia a dona maria e a outra senhora muito obrigado por tudo adoramos voltaremos de certeza e o mais breve possivel"
"Positive", "numa localizacao privilegiada junto ao castelo de monsaraz observatorio e praia um espaco muito acolhedor bem decorado senti me em casa fui muito bem recebida o pequeno almoco e maravilhoso o sumo de framboesa e qualquer coisa os quartos muito confortaveis todas as condicoes para uns dias de descanso o sergio proprietario e todos os restantes funcionarios uma simpatia as dicas do sergio foram excelentes tudo correu muito bem espero regressar em breve para um mergulho na piscina e para o sumo de framboesa"
"Positive", "lindo o lugar casa cidade uma experiencia para voltar novamente estive com os meus caes fox terrier e foram muito bem tratado pelo staf do hotel como sabem esta raca precisa de muito espaco para descarregar as energias e eles ficaram soltou no jardim sentimos mesmo em casa"
"Positive", "o espaco e lindo muito bem cuidado tem um grande jardim com piscina os funcionarios sao muito simpaticos e sempre disponiveis ha uma grande preocupacao com o bem estar dos clientes o quarto era excelente o pequeno almoco e espetacular muito variado com bolo e sumos caseiros queijos fruta varios tipos de pao toda a zona envolvente e lindissima"
"Positive", "como o sergio proprietario bem o define esse lugar e a sua a nossa casa grande opcao na charmosa monsaraz realmente algo diferente de uma pousada padrao la vc se sentira em casa tomando um vinho na sala e se aquecendo na lareira sergio e sua familia la moram e isso nos fez ter a oportunidade por exemplo de bater um papo com sua vozinha dona antonia na sala escutando suas historias de vida onde mais isso poderia ocorrer sergio e jovem uma pessoa diferenciada com uma visao de mundo englobando aqui os negocios claro bem interessante daquelas pessoas que precisamos conhecer e ouvir de vez em quando para ter melhor esperanca na humanidade obrigado por nos receber tao bem e partilhar suas experiencias conosco infelizmente quando saimos o amigo nao estava e nao"
"Positive", "nao sendo o tipo de monte que mais me atrai tem todas as condicoes para uns dias tranquilos onde nos podemos alhear dos barulhos da civilizacao muito soft com decoracao nas zonas comuns fantastica mesmo a convidar para umas noitadas de conversa com os amigos o quarto onde ficamos tinha pouca luz solar e nao oferece as mordomias das unidades mais recentes nao e por isso menos apetecivel a piscina e fantastica e so e pena que a albufeira esteja a sofrer a seca que se vive em todo o pais o sergio e super caloroso e hospitaleiro"
"Positive", "gostei muito acordar num ambiente rural rodeado de antiguidades com uma decoracao muito bonita encheu me a alma o acolhimento pelo sr sergio foi fantastico e isto muito contribuiu para quase nos sentirmos em nossa casa o exterior e relaxante e rodeado de vegetacao e foi um prazer tomar la o pequeno almoco num sitio tao repousante e silencioso bom pequeno almoco acompanhado por sumo de fambroesas obrigada sr sergio pela maneira simpatica como fomos tratados"
"Positive", "lugar encantador tudo o que nos rodeia e fantastico a herdade tem uma coleccao sem fim de varias antiguidades o exterior e lindissimo gostamos muito do juvenal das ovelhas de tudo o que esta a volta da quinta lugar a voltar o pessoal de aveiro gostou e vai recomendar"
"Positive", "sitio verdadeiramente espectacular staff muito simpatico bem disposto e acessivel decoracao pitoresca e muito bonita quarto agradavel e confortavel e casa de banho enorme o pequeno almoco foi maravilhoso a piscina e fantastica assim como o jardim envolvente e os animais sem duvida que recomendo e a localizacao tambem e muito boa um sitio para repetir"
"Positive", "fantasticas instalacoes de turismo rural mas a maior valia com toda a certeza sao as pessoas que nos recebem de bracos abertos como membros da sua familia obrigado a toda a equipa e ate ja saudades"
"Positive", "foi uma estadia extraordinaria neste oasis alentejano toda a envolvencia deste monte com vista para o alqueva e para o castelo de monsaraz contribuem para uma excelente estadia o quarto grande e confortavel bem iluminado e arejado com uma decoracao muito agradavel e sobria permite nos descansar plenamente os deliciosos pequenos almocos com fruta fresca e sumos naturais ovinhos mexidos e bolinhos caseiros trazem nos um bom inicio de dia os jardins bem cuidados a piscina e o bar com aqueles magnificos aspersores que nos refrescam enquanto tomamos uma bebida ou comemos uma belissima refeicao leve sem termos de sair complementam a nossa estadia e depois os donos os donos sao anfitrioes eximios disponibilizando nos tudo o que precisamos para que a estadia seja"
"Positive", "muito confortavel ambiente familiar e acolhedor a piscina optima e o jardim envolvente muito agradavel os quartos sao muito bons e confortaveis a localizacao e excelente vista desempedida para o castelo de monsaraz e muito perto do lago da albufeira do alqueva facil acesso a reguengos de monsaraz e mourao se esta a procura de uns dias de completo relaxa e tranquilidade perto de monsaraz nao hesite vale bem a pena"
"Positive", "otimo local de descanso muito sossegado e tranquilo o ambiente foi sempre muito familiar e muito acessivel local excelente para observacao das estrelas interior da casa e indiscritivel um autentico museu exterior com uma grande piscina e um grande jardim envolvente espero la voltar"
"Positive", "o ambiente e muito familiar o espaco e muito agradavel e tranquilo excelente hospitalidade por parte dos proprietarios a comida e optima sentimo nos completamente a vontade como se fosse a nossa casa a repetir adorei excelente julia rodrigues"
"Positive", "a estadia de quatro noites no monte alerta foi perfeita para um muito necessario descanso o quarto era enorme com pormenores antigos mas com todas as comodidades da vida moderna a casa e muito bonita e nem decorada o melhor foi mesmo a piscina suficiente para uma casa cheia e com muito espaco a volta para relaxar o pequeno almoco e muito bom com produtos regionais e num raio de km ha pelo menos bons restaurantes"
"Positive", "o monte alerta e um local unico de paz e tranquilidade com uma piscina espetacular o interior da casa e algo unico casa museu com muito conforto muita simpatia e belas tardes com gin sharish referencia dos gins alentejanos"
"Positive", "regresso em para uns dias maravilhosos mais uma vez parabens ao incansavel sergio e a sua familia pelos bons momentos assim que puder e voltar novamente p s as caipirinhas estavam deliciosas"
"Positive", "ambiente calmo acolhedor muito familiar boas condicoes de alojamento espaco exterior excelente fomos recebidos com imensa simpatia e postos completamente a vontade e um otimo hotel para estar com criancas pequena almoco com um sumo de morango espetacular a voltar"
"Positive", "optimo atendimento staff e muito simpatico toda casa tem uma decoracao rustica e elegante vive se um sentimento acolhedor e espetacular com lareiras antigas situadas por toda a casa a piscina nao tem horario de fecho e tem uma optima vista os quartos suite sao grandes contacto directo com animais e a natureza ideal para quem quer relaxar e desfrutar nas ferias quer de verao ou inverno ps o ceu a noite e dos mais lindos e estrelados que ja vi gostei de tudo"
"Positive", "o que poderia ser um fim de semana de descanso foi isso e muito mais que cantinho fantastico que descobrimos bem perto de monsaraz a casa e todo o seu envolvente estao muito bem tratados e nos somos convidados a fazermos daquela a nossa casa todo o tempo que la estivermos hospedados a casa que esta na familia ha geracoes inclui dentro dela um nao mais acabar de pecas decorativas antigas todas bem tratadas e que tornam a decoracao da casa ainda mais acolhedora assim como as fotos da familia que vamos encontrando em varios espacos os quartos sao enormes e todos muito bem decorados mas os espacos no exterior realmente captaram a minha atencao existem varios espacos de descanso vegetacao de varios tipos varios pontos com cadeiras sofas camas e claro a minha"
"Positive", "sem grandes mordomias fomos recebidos como se fossemos familia conhecemos o espaco interior e exterior muita simpatia e humildade a voltar por vezes menos e mais e aqui isso aplica se muito bem"
"Positive", "retiro ideal para um fim de semana ou mais dias sossego completo piscina fabulosa jardim fresco com relva e arbustos ideal para dias com c ao sol bar com diversas bebidas nomeadamente gin de origem local staff fantastico sempre pronto a ajudar e com sorriso recebem nos em casa deles como fosse nossa obrigada vamos voltar"
"Positive", "todas as instalacoes sao de muito bom gosto sendo que o meu quarto alem de grande estava muito bem mobilado e muito bem limpo o mesmo a aplicar ao wc anexo o monte esta muito bem situado e bem cuidado sendo que a area envolvente ao predio e a piscina alem de muito bem cuidados sao muito agradaveis para quem queira descancarno computo geral a nota de a sera de para visitar novamente"
"Positive", "nada a apontar estrelas o sergio e extremamente simpatico e fez nos sentir em casa a casa e muito acolhedora e tem ambiente fantastico os quartos sao espacosos a decoracao tambem e impecavel recomendo bastante"
"Positive", "o monte alerta e uma casa de campo onde nao somos hospedes mas convidados da casa com um decoracao rustica mas soberba e extremamente acolhedora faz nos sentir numa casa de um amigo que vive no campo o sergio bem como a sua mae as pessoas que nos receberam fizeram nos sentir como fossemos velhos amigos e realmente um local para voltar e tornar a voltar nao tendo a impessoalidade de um hotel tem todas as comodidades acrescidas de um hospitalidade que um de estrelas nao oferece o unico senao foi ser so um fim de semana para voltar com tempo e usufruir de tudo"
"Positive", "monte alerta e um espaco de lazer muito bem conseguido casa muito bem decorada com uma envolvencia fantastica onde se pode realmente relaxar monsaraz muito perto quartos muito bons e optimo wc pessoal muito simpatico e pronto a satisfazer os desejos dos clientes pequeno almoco poderia incidir um pouco mais nos produtos exclusivamente da regiao o que nao quer dizer que fosse menos bom"
"Positive", "voltamos ao monte alerta apos quase vinte anos desde a visita anterior estavamos bastante curiosos pois guardavamos boas recordacoes e tambem porque pretendiamos ver as mudancas entretanto registadas a casa esta mais ou menos como nos lembravamos quarto e wc amplos e bem equipados o jardim com a sua piscina esta muito mais frondoso pormenor muito importante naquele local bem no interior do alentejo e as pessoas extremamente simpaticas e acolhedoras tal como da primeira vez agora ja com a nova geracao a frente do projecto o monte alerta e uma casa muito agradavel e que deve ser uma das apostas mais interessantes do alentejo na vertente do turismo no espaco rural ja me esquecia mas nao posso deixar passar a simpatia da maria que nos levou ao quarto umas fatias de"
"Positive", "propriedade cuidada cheia de recantos em que se pode ainda escutar o silencio uma casa que se pode considerar um pequeno museu com quartos espacosos e confortaveis cada um com as suas particularidades salas de estar confortaveis com lareira sempre bem vinda numa noite mais fria uma piscina suficiente para se desfrutar inserida num espaco com muitas zonas de sombra pequeno almoco agradavel a completar a simpatia dos donos sempre atentos o sergio e omnipresente completada pelo apoio do restante staff bons restaurantes perto e o encanto do alqueva sem duvida um lugar ao qual se volta"
"Positive", "hospedagem agradavel cheia de pequenas decoracoes a condizer com o estilo da casa com uma agradavel lareira na sala vista bonita para um pequeno lago estava inverno nao fomos a piscina que tem uma boa vista nesta altura do ano o jardim ainda nao estava no seu melhor"
"Positive", "recepcao impecavel por parte das pessoas que exploram o monte espaco confortavel com optimas condicoes quarto e wc amplos pequeno almoco muito bom tem lareira salas de estar bar piscina jardim envolvente e lago ambiente muito acolhedor"
"Positive", "quarto amplo confortavel excelente cama casa de banho enorme optimas condicoes pequeno almoco muito bom limpeza impecavel simpatia e boa educacao do pessoal pequeno espaco de spa que faz frente a muito spa de luxo que por ai ha maos experientes e milagrosas da d vitoria recomendo vivamente para quem quiser relaxar e sentir se entre amigos o monte e lindo parabens"
"Positive", "excelente espaco para relaxar uma piscina espectacular sala de refeicoes com um pequeno almoco muito bom e o pessoal muito simpatico e acolhedor como bonus ainda temos a vista para monsaraz que e deslumbrante"
"Positive", "um autentico paraiso em pleno alqueva ideal para descansar repor energias e passar bons momentos senti me em casa com a forma tao carinhosa como fui tratada jardim bem cuidado pequeno almoco delicioso e quartos confortaveis nao ha como nao adorar"
"Positive", "quarto amplo com muita comodidade boa luminosidade e aquecimento e cama excelente os sofas sao muito confortaveis o que nos proporciona umas boas horas de descanso e de leitura casa de banho ampla a noite e super agradavel estar com os amigos a conviver junto aquela bela lareira"
"Positive", "o valor de por noite nao se justifica face a qualidade das instalacoes o o parque de estacionamento nao tem iluminacao o que considero uma falha grave pois de noite nao se consegue ver nada e existe uns degraus para ir para as instalacoes o o espaco exterior esta com um aspecto desleixado o talvez fruto de ma execucao no quarto onde nos colocaram o wc tem um cheiro a fossa provocado provavelmente pelo sifao que nao esta a bloquear o cheiro o o chuveiro nao tem suporte para se tomar banho com o mesmo fixo sendo necessario estar com ele na mao por estes factos e relacao qualidade preco e pessima"
"Positive", "uma perola alentejana cada espaco conta uma historia e para quem e amante de antiguidades esta no sitio certo a simpatia do anfitriao faz nos sentir em casa pequeno almoco divinal com produtos locais e uma lareira acesa so para nos foi pena ter sido por pouco tempo vamos recomendar aos nossos amigos"
"Positive", "o monte alerta foi uma boa experiencia as pessoas sao muito acolhedoras sentiamos em casa so podemos dizer coisas boas os quartos sao espacosos e com boas vistas quer para o castelo quer para as paisagens alentejanas um sitio a ser visitado e revisitado"
"Positive", "muito bom bons quartos decoracao fantastica bom local para descansar sem esquecer o ambiente familiar e acolhedor sem duvida um dos locais a visitar novamente bons acessos a zona historica de monsaraz"
"Positive", "esta unidade de turismo rural tem muito boa qualidade quartos espacosos e com todas as comodidades uma piscina que vai ate aos metros de profundidade o que nao e muito normal encontrar e com uma boa vista muito sossegado bom pequeno almoco com variedade e produtos frescos o quarto em fiquei instalado tinha vista para monsaraz lindo"
"Positive", "o monte alerta foi uma maravilhosa descoberta e o local perfeito para descansar sossego absoluto com uma envolvencia fenomenal piscina jardim super bem cuidado com varios cantos de descanso mesas camas e ambiente zen bar de gins acolhedor sarish gin lentamente destilado no alentejo e incrivel quarto espacoso e confortavel com um terraco com vista refeicoes cuidadas e saborosas e um atendimento personalizado que fez desta estadia uma experiencia inesquecivel a repetir aconselho vivamente"
"Positive", "quero partilhar as grandes experiencias que ja passei no monte alerta em monsaraz ja la estive uma dezena de vezes e fui sempre muito bem tratado lugar fantastico muito calmo muito bonito cinco estrelas vou la voltar"
"Positive", "segunda vez que visito monsaraz e que fico neste turismo rural e simplesmente o melhor dos melhores aconselho vivamente espaco muito agradavel zona exterior muito bonita e com vida a piscina e muito boa"
"Positive", "monte alerta turismo rural onde podemos descansar quartos confortaveis com uma vista boa natureza rural e outras noites agradaveis com ambiente familiar excelentes gins da regiao muito importantes as pessoas que estao a frente desta unidade colocam ao nosso dispor tudo o que e possivel para proporcionar um ambiente muito bom resumindo excelente"
"Positive", "uma experiencia a repetir desde o primeiro dia fomos recebidos como se fossemos da familia uma piscina muito agradavel onde passamos a maioria do tempo os quartos tem optimas condicoes um espaco estrelas recomendo vivamente"
"Positive", "foi uma agradavel surpresa a estadia no monte alerta obrigado ao sergio e aos pais pela simpatia e atencao com as criancas o melhor elogio que posso fazer e dizer que me senti em casa num ambiente familiar os almocos junto a piscina sao simples mas muito agradaveis e com muita qualidade experiencia provavelmente a repetir no futuro"
"Positive", "estive com a minha familia neste local que recomendo para passar uns dias relaxados a ouvir a passarada a olhar o ceu estrelado do alentejo o ambiente e familiar e acolhedor nas proximidades esta monsaraz de visita obrigatoria com excelentes restaurantes"
"Positive", "excelente refugio para quem procura sossego e uns dias para descontrair a propriedade e acolhedora e sente se uma otima atmosfera o staff e incansavel os quartos sao otimos e o descanso reina sem duvida para regressar em breve"
"Positive", "tiramos estes dias de fim de semana prolongado para ir ate ao alentejo profundo nao obstante o calor que se fazia sentir pudemos desfrutar de uns belos dias no monte alerta e contar com a simpatia do sr sergio e da vitoria excelentes instalacoes piscinas fabulastica e a envolvencia e de ficarmos pasmados com as aguas do alqueva experiencia que recomendo vivamente"
"Positive", "fim de semana prolongado com o objectivo de descansar o local e fantastico com varios cantos e recantos que permitem a privacidade dos diferentes hospedes o pequeno almoco e agradavel e variado e pode ser tomado na esplanada o sergio e muito simpatico e disponivel sem duvida um local a recomendar e a voltar"
"Positive", "que delicia de espaco rural ideal para descanso leitura relax a casa despretensiosa com decoracao rustica e muito acolhedora a piscina convidativa apesar de nao mto grande um bar de apoio onde o sergio serve por ex gin descrevendo como e feito com tal carinho que nos poe a deseja lo os jardins muito bem cuidados com plantas todas misturadas como eu gosto a noite fica iluminado ao som de musica ambiente a familia habita a casa e connosco convive e interage frequentemente sendo do mais gentil e disponivel que conheco faz alguma falta o apoio da cozinha a meu ver o pequeno almoco e caseiro e variado com sumo de fruta natural enfim nao convem elogiar mais nao vao perder a qualidade esqueci me de falar das gatinhas que vao ao jardim no momento da"
"Positive", "excelente espaco para relaxar e desfrutar da natureza atendimento excecional e personalizado variadas opcoes de lazer a noite nada como contemplar a perfeicao de um ceu estrelado pincelado de estrelas cadentes"
"Positive", "fomos recebidos de forma muito calorosa com um queremos que se sinta em casa e de facto sentimos a casa revela um ambiente familiar que nos acolhe por todo o lado desde a decoracao tradicional com apontamentos modernos testemunho do passado que os conduziu ate este momento ate a simpatia do sergio e da sua mae que gentilmente partilhou alguma da sua rotina em momentos de conversa muito agradavel o espaco envolvente e muito convidativo adoramos os varios recantos dos jardins e a piscina sempre frequentada mas sem nos sentirmos apertados uma nota ainda para os animais domesticos que nos rodearam sempre de forma carinhosa por ultimo o ceu a noite proporciona um visao maravilhosa do ceu que a cidade nos nega fomos brindados com estrelas cadentes na noite de"
"Positive", "da simpatia de todos sempre disponiveis em agradar das raridades que servem de decoracao a casa da localizacao e do envolvimento enfim de tudo nao posso deixar de agradecer ao sergio ter me apresentado o gin sharish sem duvida a repetir"
"Positive", "desde a simpatia e atencao do sergio assim como os seus pais passando pelo bom gosto dos quartos assim como de toda a casa o asseio e higiene das instalacoes revelou se um conjunto de fatores que conjugados fazem com que passemos sempre que possamos a ter como destino de escapadelas o monte alerta"
"Positive", "acolhedor decoracao de muito bom gosto recantos no jardim para maior privacidade boas sombras em toda a area inclusive a volta da piscina atendimento familiar porem nao invasivo o local ideal para fugir a rotina"
"Positive", "quartos muito confortaveis e espacosos e com vistas deslumbrantes belas salas para descanso e leitura optima piscina e uma bela area envolvente com boas sombrsa e uma relva muito bem tratada belissimo servico de bar e sempre com boas bebidas"
"Positive", "de realcar a abertura e simpatia do sergio quem nos recebeu e sempre se mostrou preocupado e atento ao nosso bem estar o espaco e muito bonito com muitos pequenos recantos pensados para proporcionar um bom ambiente e conforto ao hospede a noite permitiu nos beber o melhor gin da nossa vida conviver com alguem experiente e muito interessante num ambiente muito familiar a localizacao e otima e a disponibilidade do proprietario e a repetir"
"Positive", "a ideia de passarmos noites em monsaraz levou nos a pesquisa na net de um sitio onde ficar as fotos e a proximidade das muralhas de monsaraz levaram nos ate la a escolha foi excelente tranquilidade conforto beleza e simpatia nao faltaram quem gosta de gatos vai deliciar se com eles o casal d vitoria e sr sergio assim como o seu filho sergio fizeram sentir nos em casa alias nao posso deixar de frisar a disponibilidade para nos levarem onde quisemos ir jantar uma vez que o nosso carro resolveu avariar"
"Positive", "salas muito bem decoradas ao estilo antigo com muito bom gosto as lareiras no inverno deverao ser um must sumo natural ao pequeno almoco de grande qualidade espaco exterior muito agradavel e cuidado e uma piscina que delicia qualquer um inserida na deslumbrante paisagem do alqueva simpatia de todos obrigado sergio ah e ja agora nao se esquecam dum gin produto nacional muito bom a gastronomia da regiao e fabulosa com destaque para o sabores de monsaraz imperdivel por certo um programa a repetir"
"Positive", "sem duvida um retiro espiritual com a sua paisagem natural e um museu a ceu aberto que e monsaraz staff estrelas e muito preocupado em todos os pormenores piscina fantastica quartos com condicoes soberbas e uma vista sobre a vila de monsaraz fantastica irei voltar com certeza"
"Positive", "muito boas instalacoes optima decoracao variada e enquadrada no estilo alentejano tipico ambiente muito calmo com piscina optimo pequeno almoco na minha estadia encontrei turistas canadianos franceses que sera talvez o turista mais dificil de satisfazer e estavam encantados e espantados com o sossego e a simpatia sobretudo recomendo vivamente a estadia"
"Positive", "ambiente familiar bem decorado quer no quarto opcao moderno quer nas salas o jardim exterior ficou aquem das expectativas a piscina embora pequena interessante no entant devido ao tempo frio nao podemos aproveitar pequeno almoco aquem das expectativas e nao gostamos da opcao das mesas marcadas boa localizacao com espaco para melhorar"
"Positive", "para descansar nao ha melhor sitio calmo e acolhedor onde a simpatia da vitoria e do sergio senior fazem a diferenca pela positiva recomendo vivamente a passagem por este pequeno paraiso em pleno coracao alentejano"
"Positive", "uma familia adoravel que sabe receber como ninguem salas e quartos confortaveis e acolhedores o pequeno almoco delicioso com vista para a natureza o jardim bem cuidado tudo pensado ao pormenor ideal para quem procura tranquilidade silencio e ouvir a natureza piscina exterior com o horizonte a perder de vista excelente localizacao junto a monsaraz e barragem do alqueva um fim de semana inesquecivel vamos voltar ja sentimos saudades andrew maria"
"Positive", "monte alerta um local onde as expectativas sao superadas familiar ambiente descontraido e calma entre os sons da terra e dos animais cuidado extremo ao nivel da satisfacao do cliente preocupacao pelo eu bem estar um bom gosto em tudo os pormenores desde a decoracao interior quer exterior confortavel e acolhedor sem snobismo dispensaveis ara quem se quer sentir em casa pequeno almoco estrelas saimos com a alma lavada e com vontade de voltar obrigada"
"Positive", "ha anos que o monte alerta e o meu pouso de eleicao no alentejo acho monsaraz um dos lugares mais lindos do mundo e ter uma casa assim tao proxima desta vila mediaval e um privilegio trata se um alojamento em espaco rural confortavel e acolhedor ideal para quem procura tranquilidade e contato com a natureza uma verdadeira casa de familia onde somos recebidos com todas as atencoes os quartos sao bonitos e amplos e as bonitas salas comuns convidam ao bem estar e ao relax o jardim super bem tratado e perfumado e um dos principais atrativos assim como a piscina exterior recomendo ainda os tratamentos de spa que ja experimentei varias vezes sempre com agrado a proximidade com o grande lago do alqueva e os seus atrativos e outra mais valia saliento ainda a simpatia"
"Positive", "uma casa de campo com cara de sitio poucos quartos mas grandes e bem equipados numa casa aconchegante os donos sao excelentes e atenciosos fomos em marco e pegamos a pousada vazia tem uma linda vista para a cidade de monsaraz no alto do morro que fica a min de carro otimo cafe da manha com estacionamento muito silencio e tranquilidade"
"Positive", "a pousada monte alerta fica entre o centro nautico de monsaraz e o centro da cidade um local maravilhoso para descansar e apreciar as estrelas o atendimento e muito bom o quarto amplo e arejado fiquei hospedada no quarto com varanda"
"Positive", "instalacoes muito boas e limpas localizacao privilegiada proxima ao centro nautico cromeleque do futuro observatorio e da cidade de monsaraz cafe da manha bom com o basico atendimento um pouco impessoal para um hotel pequeno mas nao compromete nao ha restaurante no hotel porem ha opcoes bem proximas quartos espacosos arejados bem iluminados com agua quente e pressao surpreendente no chuveiro ha um quarto que possui uma varanda com vista para as muralhas de monsaraz ao alto da colina em noites limpas e possivel aproveitar o ceu maravilhoso do alentejo com milhares de estrelas como pontos a melhorar o isolamento acustico dos quartos e a recepcao nao ha um lugar ideal para descanso e tranquilidade"
"Positive", "escolhemos este local para comemorar o nosso aniversario de casamento e nao poderiamos ter escolhido melhor muito bem localizado no sope das muralhas de monsaraz tranquilo sossegado contacto com poneis e um simpatico burro quarto espacoso e bem cuidado com decoracao rustica salas comuns com lareira acolhedoras donos atenciosos e bastante disponiveis foram noites de alojamento muito relaxantes longe do stress de lisboa a repetir"
"Positive", "as fotografias apresentadas para promover este turismo rural nao correspondem a realidade os quartos estao sujos e a precisar de remodelacao tapete anti derrapante da banheira estava cheio de fungos o chuveiro partido o quarto gelado pequeno almoco basico sem produtos locais o wi fi so funciona numa sala escolhemos este alojamento por oferecerem servicos como a piscina e spa contudo a piscina e envolvente estavam encerrados e o spa ate hoje desconhecemos em que consistia nao existe nenhum bar ou espaco que permita aos hospedes pelo menos tomar uma agua ou um cha nao aconselhamos a ninguem definitivamente a nao repetir carissimo face ao que efectivamente oferecem"
"Positive", "localizacao excelente quarto no andar de baixo com uma pequena varanda com vista para um poco rodeado de buganvilias calmo e excelente para descansar ambiente familiar simpatia da dona da casa que me fez um cha a noite animal de estimacao lindo e muito especial pequeno almoco excelente parque de estacionamento"
"Positive", "o monte alerta e um autentico oasis na paisagem alentejana magnificamente bem localizado geograficamente mesmo colado a monsaraz e a barragem do alqueva proporciona um descanso magnifico quer em familia quer em casal os passeios em kart pelas redondezas sao uma forma magnifica e divertida para conhecermos locais fora das normais rotas de estradas a proximidade do alqueva e a possibilidade de se efectuar um passeio de barco e outra das atraccoes a ter em conta aliado a isso o excelente atendimento e o magnifico espaco de lazer com piscina permitem momentos de relax nas imediacoes uma visita ao restaurante sem fim e uma obrigacao cada visita ao monte alerta serve como vontade de la voltar o mais rapidamente possivel"
"Positive", "decoracao original com casa rustica relativamente facil de aceder com vista para monsaraz permite realizar varias actividades envolventes de natureza e tambem spa donos extremamente simpaticos e disponiveis optimo local para fim de semana relaxante"
"Positive", "limpeza exemplar quarto e casa de banho espacosa zona exterior muito acolhedora piscina e jardins perfeitos o pequeno almoco foi delicioso pequeno mimo a chegada maquina de cafe e capsulas no quarto e uma garrafa de agua"
"Positive", "casa de turismo de habitacao das mais encantadoras quer a nivel de mobiliario quer da sua envolvencia oito geracoes por ela passaram sendo agora casa de turismo recepcao acolhedora de um dos membros mais novos da familia que nos fez um tour de apresentacao da casa quartos extremamente agradaveis e amplos pequeno almoco otimo e muita simpatia de todos os funcionarios perto da linda vila de monsaraz"
"Positive", "dos sitios mais agradaveis e acolhedores onde ja estivemos jardins esconderijos piscina livros karts e jantares em monsaraz sentimo nos em casa o maior erro foi passar apenas duas noites caso nao se consiga marcar o monte de santa catarina mesmo ao lado e da mesma familia e ira com certeza possibilitar uma experiencia tao boa quanto esta vamos de certeza voltar para para o ano"
"Positive", "muito bom ambiente familiar e atendimento atencioso paisagem fantastica e instalacoes muito acolhedoras ideal para relaxar bem localizado com bons restaurantes e o castelo de monsaraz os animais de estimacao sao um ponto extra"
"Positive", "optimas instalacoes quartos amplos bom servico de pequeno almoco um vasto espaco exterior com uma boa piscina e diversos animais lindissimos aliados a extrema simpatia da susana e marido a voltar sempre que puder"
"Positive", "paz tranquilidade sol calor belas paisagens animais de quinta lago piscina com bar de apoio ceu estrelado a noite pessoas excelentes tudo isto pode ser encontrado aqui no monte alerta o monte e um paraiso paisagistico a casa e bela a decoracao bastante adequada a casa os donos sao simplesmente fabulosos muito afaveis e prestativos nao se cansam de agradar a localizacao e soberba para um lado a cerca de km temos o grande lago do alqueva onde o centro nautico nos permite fazer um sem numero de actividades de lazer para o outro lado a cerca de km temos a belissima vila de monsaraz a gastronomia e do melhor apenas me faltou fazer a observacao do ceu noturno mas ficara para uma proxima vez pois irei voltar certamente"
"Positive", "proprietarios gentis e funcionarios muito atenciosos o monte onde a casa esta inserida e particularmente bonito tanto pela vegetacao que o envolve como pelos animais que o monte alberga decoracao convida ao relaxamento sobretudo na zona da piscina onde tem um bar onde podemos beber uns agradaveis gins o pequeno almoco e fantastico servem um bolo caseiro maravilhoso o quarto e muito espacoso e bem decorado alem disto tudo nao podemos deixar de referir o spa a sala de cinema onde infelizmente nao tivemos oportunidade de assistir a nenhum filme e a espectacular maquete de comboios construida pelo proprietario a voltar sem duvida nenhuma"
"Positive", "um local fantastico monte muito bem decorado nomeadamente o espaco envolvente da piscina adoramos os animais da quinta gostei da decoracao do quarto e a cama e extremamente confortavel comparavel a hoteis de estrelas limpeza excelente ainda para mais que estamos no meio do campo nota negativa para o ar condicionado algo ruidoso pequeno almoco abundante e adorei os bolinhos caseiros nota negativa para as janelas da sala do pequeno almoco abertas e sem redes mosquiteiras havia abundancia de moscas algo desagradavel quando se esta a comer"
"Positive", "ir sem expectativas e ao final do primeiro dia sentir mos em casa nao e facil de encontrar para fugir do stress das cidades o alentejo e sem duvida um local de eleicao mas sentirmo nos confortaveis num espaco relaxante com paisagem deslumbrante nem sempre e atingivel no monte alerta encontramos tudo isso e ainda a disponibilidade e simpatia dos proprietarios a comecar por nao haver rececao em vez de nos sentirmos nas entidades hoteleiras tradicionais e como chegar a casa de familia nao desfazendo dos restantes procurem pelo sergio e vao perceber que tudo se arranja ou pelo menos se tenta arranjar e sempre com um sorriso que nunca e forcado caso nao consigam o monte alerta pensem no monte de santa catarina e logo ao lado e o modo de funcionamento e o mesmo"
"Positive", "excelente opcao para quem quer fugir da rotina citadina quartos soberbos com uma decoracao exotica muito amplos e de uma higiene irrepreensivel o toque da maquina de cafe cha no quarto e top os jardim estao muito bem cuidados e apreciar um fim de tarde junto ha piscina a beber um sharish com dedos de conversa com os proprietarios e obrigatorio recomendo vivamente o passeio de kartcross pelos percursos megaliticos da zona"
"Positive", "adorei o espaco a tranquilidade o atendimento a simpatia o servico no geral recomendo e prometo voltar o ambiente e muito familiar os quartos sao muito simpaticos coloridos acolhedores a experiencia de observar as estrelas foi excelente"
"Positive", "tres casais veiculo escolhido mota local monsaraz foi nos aconselhado o turismo rural monte alerta por uns amigo e seguimos o conselho e a vertente mais antiga de turismo rural a casa particular dos proprietarios serve de hotel e assim e a anos nao existe uma recepcao e as primeiras impressoes sao complicadas a simpatia do proprietario e qb mais tarde conhecemos a proprietaria e comecamos a notar que nao e antipatia mas sim forma de estar e de ser os quartos sao simpaticos sem grandes luxos so o basico wc com banheiros e sem grande conforto nao existe servico de restauracao bar ou outro e mesmo o pequeno almoco e servido muito basico serve para descansar se for essa a intencao e pouco mais tem a mais valia de estar perto de monsaraz"
"Positive", "excelente fim de semana em monsaraz onde tive o privilegio de ficar alojada no monte alerta do alojamento a envolvencia ao jardim ao pequeno almoco a disponibilidade do staff e simpatia so tenho a dizer muito obrigado pelo excelente fim de semana que me proporcionaram"
"Positive", "um sitio com poucos quartos num local tranquilo com muitas salas comuns confortaveis que nos fazem sentir em casa no verao uma piscina com uma vista maravilhosa no inverno uma sala de estar com uma lareira que convida a sentar e ler um bom livro"
"Positive", "vale a pena cada momento passado nesta casa a simpatia com que somos acolhidos e o espelho da casa a limpeza e o sossego andam de maos dadas o pequeno almoco simples mas com produtos caseiros e da epoca deixam nos rendidos os minutos custam a passar e o descanso fazem com que este seja um local magico aconselho"
"Positive", "excelente local para descansar muitissimo sossegado e pessoas com uma simpatia que ja pouco se encontra por ai o espaco e muito acolhedor e as pessoas estao sempre dispostas a ajudar no que quer que seja estivemos alojados numa altura em que ja estava tempo de chuva pelo que acabamos por nao aproveitar o jardim e a piscina mas no verao deve ser fantastico passar ali umas horas a relaxar o unico defeito e nao ter um restaurante incluido principalmente numa zona onde a oferta nao e muita mas claro que isso e normal neste tipo de alojamento"
"Positive", "com as muralhas da pitoresca vila medieval de monsaraz a vista o monte alerta e um oasis de bem receber e de sossego as varias salas de estar as lareiras alentejanas e uma muito confortavel sala de leitura tambem com lareira recuperador e o local ideal para uns dias de descanso em grupo ou a dois com a possibilidade de organizar um jantar na sala de refeicoes ou saindo para uma das varias opcoes de gastronomia regional por perto este turismo rural deixou saudades e vontade de regressar o pequeno almoco alentejano estava perfeitamente adequado ao que e expectavel destes tipo de hotelaria mais personalizada e com produtos tipicos destaco o pao e os doces e compotas os quartos sao todos diferentes e a decoracao do monte alerta e toda ela muito interessante do"
"Positive", "muito confortavel e agradavel sossegado e com a tranquilidade propria do alentejo para descansar relaxar namorar e passear tambem deve ser muito agradavel no inverno a sala comum tem lareira belos pequenos almocos"
"Positive", "alojamento estrelas limpeza impecavel pequeno almoco otimo com produtos regionais e um sumo de laranja acabadinho de fazer a piscina e otima e esta bem tratada todo o monte esta muito bem arranjado e com gosto os donos sao muito simpaticos e o pessoal e educado monsaraz e um local lindissimo cheio de historia e boa gastronomia e vinho aconselho assistirem ao por do sol que e lindissimo com o alqueva por baixo as noites sao mais estreladas aproveitem e olhem a noite para o ceu"
"Positive", "e um lugar calmo para descansar passei la uns dias e fiquei com sabor a pouco e tudo bom as pessoas sao de uma simpatia sempre limpo o quarto aconselho passar uns dias no meio deste paraiso alentejano"
"Positive", "anadava ha anos e anos a querer visitar o alqueva finalmente decidimo nos num fim de semana alargado de maio a ir ate monsaraz e aloja mo nos no monte alerta eu que sou um confesso apaixonado do alentejop deslumbrei com a magia de tanta agua com monsaraz de paredes caiadas e pedras justapostas a brisa fresca das noites de primavera os dias ja quentes na piscina e depois de tudo o alojamento atendimento personalizado cuidadoso atencioso a cada detalhe com um sorriso sincero e disponivel de quem nao faz as coisas por obrigacao mas sobretudo pelo prazer de partilhar e tentar transmitir aos demais a beleza nao so da paisagem mas de toda uma outra vida feita com mais calma harmonia e poesia alqueva monsaraz monte alerta nao sao apenas uma trilogia quase perfeita sao"
"Positive", "a horas da frenetica capital a paz de espirito em forma de monte que de alerta so mesmo o nome local onde prazerosamente se perde a nocao de tempo e espaco acolhimento familiar e requintado retiro como opcao ao entretem cultural e paisagistico disponivel em monsaraz aconselho vivamente a quem valoriza a comunhao com a natureza voltarei em breve"
"Positive", "um lugar fantastico para recuperar energias da forma mais natural espaco tranquilo simples confortavel charmoso e agradavel tudo o que e preciso para respirar fundo descansar meditar ou tomar um banho de piscina um jardim cuidado e encantador pessoas agradaveis e encantadoras recomendo"
"Positive", "o monte alerta e muito acolhedor com uma excelente localizacao a armonia com o espaco envolvente e a vista para o castelo de monsarz sao fantasticas e um otimo local para relaxar e desfrutar do campo a acrescentar a simpatia e profissionalismo dos anfitrioes que marcaram a diferenca recomendo vivamente e certamente voltarei"
"Positive", "fiquei agradavelmente surpreendido as recomendacoes que me fizeram do monte alerta pecaram foi escassas super atenciosas as pessoas do staff quarto muito acolhedor claramente um local que recomendarei"
"Positive", "a experiencia no monte alerta foi optima os anfitrioes a casa o jardim a piscina a comida e os arredores sao todos pontos a favor o monte alerta alem do conforto que oferece disponibiliza inumeras atividades para entreter a familia toda foi um prazer e e certo que vamos voltar"
"Positive", "a convite de amigos fui passar a dois dias fantasticos ao monte alerta fui optimamente recebido pelos donos do espaco que tudo fizeram para que a minha estadia fosse perfeita o monte e perfeito para um equilibrio entre o repouso e algumas actividades nomeadamente os kart s e os passeios de barco no alqueva vou com toda a certeza voltar em breve e irei recomendar com toda a certeza a todos os meus amigos"
"Positive", "o monte alerta e o sitio perfeito para descansar em familia ou com amigos ou mesmo sozinha para alem do descanso o monte tem alguns servicos que fizeram da minha estadia perfeita massagens jacuzzi outdoor e karts recomendo vivamente"
"Positive", "e um bom sitio para descontrair e relaxar onde podemos encontrar boas pessoas sempre dispostas a ajudar fica numa boa localizacao e com uma boa atmosfera recomendo vivamente a irem visitar o monte alerta"
"Positive", "nao bastava o magnifico local onde se encontra com vista para o castelo de monsaraz o monte alerta e um verdadeiro paraiso tanto os donos como os restantes empregados fazem nos sentir imediatamente em casa recebendo nos de forma calorosa e estando atentos a todas as nossas necessidades a casa e uma verdadeira obra de arte tanto na estrutura como em cada pormenor quadro movel tudo no sitio perfeito para compor um cenario de fantasia dos tempos passados a piscina e todo o jardim envolvente convidam ao descanso e a diversao o pequeno almoco todas as refeicoes sao confeccionadas com produtos locais e sao verdadeiramente uma experiencia gastronomica imperdivel desde o momento em que entramos que tudo se transforma em paz e serenidade os nossos parabens aos donos"
"Positive", "monte alerta e dos locais mais apraziveis neste nosso alentejo um silencio que se ouve uma paisagem sem fim para o mais belo castelo de portugal e para o maior lago artificial da europa um envolvimento unico o meu local de repouso absoluto experimentei a bela colecao de gin s e a nao perder o fantastico pao alentejano no pequeno almoco uma palavra para a gente que coloca aquela maravilha a trabalhar fantasticos para o ano se deus quiser voltarei all the best f magarreiro"
"Positive", "o local onde se encontra o monte e soberbo pois estamos pertinho de varios locais a visitar e sossegado muito acolhedor e tanto eu como o meu marido nos sentimos literalmente em casa o dono sr sergio apaixonado por modelismo simpaticamente nos mostrou a sala onde esta exposta a maquete dos seus comboios e que nos deixou deslumbrados o quarto era muito bom cama em dossel com tv plasma e a casa de banho grande toda a casa sempre muito limpa as refeicoes sao excelentes confecionadas pelo sergio que para alem de ser bom cozinheiro e especialista em gins tonicos e nos proporcionou uma aventura nos seus kartcross s que recomendo a fizemos tambem uma sessao de observacao de estrelas dark sky que foi tambem muito interessante num ambiente espetacular todas as"
"Positive", "excelente para descontrair e relaxar a piscina esta inserida num local muito agradavel no meio de um jardim com relva a volta permitindo desfrutar da mesma com tranquilidade e passar bons momentos o ambiente do monte e agradavel e o pessoal e simpatico os quartos sao espacosos bem decorados e bem equipados monte bem decorado e confortavel pequeno almoco adequado recomendo"
"Positive", "tem um quarto para familia muito bom espaco bem decorado confortavel e um pequeno almoco bem recheado uma piscina quanto baste para o final de tarde depois do passeio bem perto do alqueva e de reguengos"
"Positive", "e o monte por excelencia descontrair e relaxar no seu ambiente zen foi uma experiencia que nunca mais irei esquecer os jardins que cheiram a alfazema os espanta espiritos com o seu tilintar relaxante sao dois dos muitos motivos para se visitar este monte a casa esta decorada com muito bom gosto os pequenos almocos ate horas tardias para que se possa descansar sao abundantes e variados ate sumos de tudo o que se possa imaginar feitos na hora a piscina e optima para quando o calor aperta rodeada de sombras apetitosas a noite a vista para monsaraz toda iluminada e soberba nao se deve esquecer de fazer um dos tratamentos que a vitoria nos proporciona tudo isto e muito mais foi vivido por mim e pela minha familia mais do que uma vez espero voltar em breve um beijo"
"Positive", "ficamos encantados com a casa com o ambiente que se inspira nela e em toda a envolvente as vistas sao soberbas a calma que o jardim zen nos transmite e muito relaxante e uma optima piscina muito limpa e cuidada gostamos de tudo a decoracao de bom gosto os optimos pequenos almocos com os produtos fresquinhos da regiao pao quentinho os quartos sao limpos grandes e bem decorados recomendamos aos nossos amigos porque tambem nos gostamos muito tivemos o previlegio de conhecer a dona vitoria senhora de muitos saberes e optima conversadora gosta se dela facilmente por acaso e a dona deste monte magnifico"
"Positive", "para quem gosta de observar o ceu nocturno por curiosidade no recohecimento das constelacoes por deslumbramento ou para observacoes astronomicas empenhadas este e o paraiso a escolher a poluicao luminosa e praticamente insignificante a tal ponto que m m e ate mesmo m sao objectos do ceu profundo detectaveis a olho nu a magnitude limite atinge um local muito bom lado a lado com o repouso confortavel e acolhedor nao muito longe no vizinho monte de santa catarina podemos ter um telescopio de polegadas a disposicao o ambiente e acolhedor repousante e muito agradavel tambem recomendavel para que la vai escrever um livro ou por os seus pensamentos em dia"
"Positive", "se voce esta procurando descanso de qualidade este e o lugar destacamos a comodidade e a beleza da decoracao recomendamos a todos os nossos amigos"
"Positive", "o que uma surpresa adoravel monte alerta tem sido ficamos aqui por noites e queria ter ficado mais tempo como ainda havia coisas que queriamos ver e fazer os nossos quartos eram enormes com muito bem equipadas casas de banho e camas muito confortaveis a casa e delicioso cheiros linda um factor importante para mim e esta decorado de uma forma elegante rustico a area da piscina e encantador e o delicioso cafe da manha com grande variedade de frutas frescas fiambre queijo pao bolos e montanhas caseiras de cafe vitoria e sergio sao simpaticos e prestativos e vitoria nos preparado um jantar delicioso local em nossa primeira noite o que nos lutamos para terminar nao perca um passeio em torno monsaraz nos karts com seu filho sergio uma viagem emocionante"
"Positive", "este e um belo lugar para ficar foram de nos e nos tivemos dois quartos ambos eram muito espacosos um tinha um amplo banheiro com pia dupla basin e o outro uma bonita varanda com vista para a frente da casa os anfitrioes sergio e vitoria nao poderia fazer o suficiente cafe da manha era um buffet uma grande variedade de frutas muito saboroso pao e bolos bom cafe etc a cidade de monsaraz e um par de kms de distancia e foi absolutamente impressionante nos ficamos noites e curtimos explorar a area uma dica pegue a viagem karting no por do sol com o filho de hosts tambem chamado sergio diversao garantida"
"Positive", "excelente casa com uma so alma para qualquer opcao e um local perfeito para ir com as criancas com os amigos a fim de um fim de semana romantico ou simplesmente para descansar e sempre uma boa escolha os jardins sao lindos e a piscina e muito bom tamanho monte alerta localizacao e perfeita para aqueles que querem aproveitar a regiao e sei bem o que alqueva tem para oferecer sem duvida recomendo"
"Positive", "home care e espacos verdes espaco bem decorado e aconchegante bom piscina familiar possui espaco para refeicoes possilidade comer comida tipica do alentejo alentejo tipica paisagem possibilidade de excursoes em karts todo o terreno perto do alqueva e para o castelo de monsaraz"
"Positive", "monte alerta e um monte alentejano tradicional um estabelecimento agricola antiga tipica desta regiao de portugal a entrada e fabuloso estacione o carro e voce ir atraves de um belo jardim onde voce pode sentir o cheiro das flores e ervas la e voce pode ver os gatos espalhados por seu cochilo no interior voce imediatamente ver dois quartos muito acolhedores de estar com uma grande lareira e pergunto me como e que no inverno passamos uma semana em monte alerta em agosto e o alentejo em agosto e quente no entanto monte alerta leva vantagem do edificio tradicional das tecnicas e tecnologias modernas tambem conhecido como ar condicionado para proporcionar uma estadia muito agradavel se voce e corajoso o suficiente para enfrentar a oc do lado de fora tem uma"
"Positive", "monsaraz e um mouro inesquecivel vila fortificada no topo da colina quase unico em portugal o que o torna perfeito e as suas vistas panoramicas sobre o lago de alqueva o maior reservatorio artificial da europa monte alerta e uma quinta espacosa tradicional do alentejo com edificios atraentes e um jardim encantador com uma boa piscina essencial durante o verao como essa e a parte mais quente de portugal o quarto era confortavel e bem equipados com uma moderna casa de banho victoria e sergio sao anfitrioes maravilhosos alem de servir muito bons pequenos almocos tradicionais e refeicoes a noite eles foram generosos com os licores depois do jantar produzidos localmente"
"Positive", "monsaraz e um belo lugar para se visitar no alentejo este hotel familiar esta perfeitamente localizado numa relacao privilegiada vista de monsaraz a piscina e a area envolvente e muito bom e o ceu e incrivel para ver o quarto era confortavel mas muito simples e vazio o cafe da manha era bom"
