Sentiment, Review
"Positive", "conhecia este lugar de referencias em revistas e teria tudo para ser como parecia finalmente visitei e mesmo assim surpreendeu e ainda melhor do que pensava o ambiente as pecas de design inesgotaveis ha sempre mais a descobrir o conforto a beleza arquitectonica e natural a comida e por ultimo a atencao e educacao em resumo a rocar a perfeicao voltaremos certamente tantas vezes quanto for possivel"
"Positive", "mais uma vez o alentejo demonstrou o quanto tem de bom para descansar excelente esta unidade parabens ao francois que tem um don natural de bem receber as pessoas so experimentando e que se consegue dar sentimento a estas palavras unico aspecto negativo ter de ir embora espetacular"
"Positive", "a villa extramuros e um daqueles locais que queremos guardar como segredo mas do qual e impossivel nao falar e a fusao perfeita entre a arquitetura e o design e o respeito pela tradicao alentejana cada recanto e uma surpresa o pequeno almoco e soberbo a piscina inesquecivel e a simpatia dos proprietarios contribui para a saudade que sentimos ao vir embora"
"Positive", "alem das instalacoes fantasticas muito espacosas e decoradas com muito bom gosto e impressionante o atendimento do francois recebe nos como se recebem os amigos faz nos uma visita guiada pela villa explica nos o conceito e faz nos sentir em casa depois respira se a calma que o alentejo nos oferece impressiona ainda a preocupacao que os proprietarios tem em recorrer aos produtos da regiao aconselho vivamente uma visita a este magnifico espaco"
"Positive", "villa design com boa localizacao e com um staff especialmente atencioso simpatico e agradavel ficamos num quarto deluxe muito bem decorada piscina e espaco exterior muito agradavel e apresentacao geral da villa muito interessante e com um design bastante moderno um pequeno almoco tipico com produtos fresquinhos e agradeveis um fim de semana em familia num paraiso obrigada pela sua atencao e carinho voltaremos em breve sandra e gael"
"Positive", "projeto e decoracao com preocupacao em cada detalhe o bom gosto e beleza estao em toda parte a vista dos quartos e do por do sol na piscina sao deslumbrantes o servico e impecavel os proprietarios sao atenciosos e se esforcam em agradar aos hospedes atraves de mimos dicas reservas de restaurantes e passeios"
"Positive", "adoramos a arquitectura e o bom gosto da decoracao pecas lindas de design e artesanato local escolhidas pelos proprietarios a estadia foi muito agradavel pequeno almoco muito bom com sabores regionais quarto confortavel e limpeza impecavel o proprietario francois e muito simpatico e com boas sugestoes de locais para visitar"
"Positive", "ha alguns anos que tinha tido conhecimento desta magnifica casa atraves de uma revista desde logo desejei poder vir a ficar la este ano aconteceu tudo foi perfeito a envolvencia da propriedade bem como o seu afastamento da estrada faz nos chegar a um espaco so nosso cheio de tranquilidade e paz no entanto todos os acessos sao rapidos e com estradas renovadas ate a entrada da propriedade a chegada a este idilico paraiso nao podia ser melhor desde a calorosa recepcao do francois e jean christophe que prontamente nos mostraram todo o espaco interior e exterior e nos fizeram sentir imediatamente em casa a toda a inebriante e incrivel decoracao para qualquer canto que se olhe percebe se que tudo foi pensado ao pormenor e construido com paixao apetece nos trazer"
"Positive", "linda propriedade integrada a natureza e decorada com muito bom gosto no terreno ha oliveiras centenarias e do hotel e possivel avistar o vilarejo de arraiolos os quartos sao muito confortaveis o atendimento e personalizado e o cafe da manha e delicioso com certeza esta e uma das melhores opcoes de hospedagem no alentejo"
"Positive", "imperdivel para quem adora arquitetura e decoracao o bom gosto dos proprietario deixa o lugar lindo alem de se destacar em uma paisagem cercada de oliveiras centenarias e no horizonte a vista de arraiolos e seu castelo nos sentimos em casa e fomos super bem atendidos e recebidos queremos voltar"
"Positive", "a casa tem um design fantastico e com muito bom gosto o pequeno almoco e excelente os donos sao simpatiquissimos e muito prestaveis mesmo estando a chover torrencialmente foram dias muito bem passados mais que aprovado"
"Positive", "simplesmente apaixonados pelo local os proprietarios sao extremamente simpaticos e atenciosos ficamos quatro dias hospedados e ainda ficariamos mais tempo se pudessemos a villa e muito bem decorada e com espacos muito agradaveis as salas piscina quartos tudo maravilhoso e bem projetados de modo que voce possa aproveitar ao maximo a iluminacao e a paisagem natural a villa e bem localizada pois e muito facil e rapido de se descolar para outras cidades para fazer um bate volta amamos o fato do hotel ser bem intimista por receberem poucos hospedes e todo o servico acaba sendo bastante atencioso e focado uma experiencia totalmente diferente da maioria dos hoteis as recomendacoes de francois um dos proprietarios sobre a regiao do alentejo devem ser todas seguidas"
"Positive", "ao chegar a villa extramuros somos agradavelmente envolvidos por um belissimo olival que rodeia a elegante e moderna arquitectura da villa quando entramos os espacos comuns brilhantemente decorados com um misto de pecas tradicionais alentejanas e o melhor do design internacional imediatamente nos acolhem e fazem sentir em casa o quarto de decoracao depurada e de linhas sobrias contem uma das camas mais confortaveis em que ja dormimos o que contribuiu para um descanso ainda mais perfeito na paz do alentejo os espacos exteriores sao uma continuacao do bom gosto que encontramos no interior com destaque para a zona da piscina a simpatia e amabilidade dos proprietarios foram fundamentais para um sentimento de tranquilidade repouso e bem estar muito obrigado a ambos"
"Positive", "excelente escolha para familias pequenas ou casais em viagem pelo alentejo o proprietario e hiper simpatico e educado os quartos sao um espectaculo e o local e belissimo e com excelentes e desafogadas vistas o pequeno almoco e um primor e de alta qualidade com produtos caseiros e regionais toda a decoracao e de muito bom gosto e a limpeza e um dos pontos a destacar por ser impecavel"
"Positive", "localizacao privilegiada arquitectura e decoracao de extremo bom gosto aqui consegue se relaxar e descansar em profunda paz e harmonia com a natureza a piscina o patio protegido as varias zonas de estar dentro e fora da casa muitissimo agradaveis bem como a musica ambiente de um bom gosto irrepreensivel o pequeno almoco com produtos locais de excelencia muito bom e variado destaco as compotas caseiras por ultimo e nao menos importante a simpatia dos anfitrioes sempre atentos e prestaveis deram nos optimas sugestoes para passeios e incursoes gastronomicas voltaremos de certeza sem duvida alguma o melhor refugio que ja experimentei claudia e andre"
"Positive", "a pouco mais de hora de lisboa encontra se este pequeno paraiso mesmo na encosta de arraiolos com um look mad men o villa extramuros e o sitio ideal para uma escapadinha da vida agitada da cidade uma perola rara num alentejo profundo o villa extramuros e uma sitio cozy que convida a longas horas de preguica com excelente seleccao musical por parte dos propritarios que oferecem o requinte do bom gosto frances juntamente com um toque dos produtos locais regionais excelente bom gosto desde a decoracao que nos faz querer viver em pleno alentejo ate a preparacao personalizada das refeicoes o conforto e o enquadramento paisagistico dos quartos e top um sitio sublime a voltar muitas e muitas vezes"
"Positive", "um ambiente muito acolhedor numa casa soberba rodeada de serenidade o local perfeito para recarregar baterias ao som da natureza e da excelente musica suave sempre presente um local onde definitivamente voltaremos"
"Positive", "este lugar e incrivel desde pequenos almocos maravilhosos com cores soberbas a todo o design arquitectura os quartos e casas de banho eram tao espacosos e a varanda privada e optima ao por do sol e grande sentido de beleza em tudo nao podiamos pedir mais durante as nossas ferias a piscina e grande e espacosa a propriedade e suficientemente ampla para dar bons passeios e sentir o verdadeiro sentimento do alentejo francois foi muito acolhedor e nos deu otimas dicas para a regiao alem disso uma nota para todos os cuidados e limpeza durante esse periodo tao cobicoso tudo foi tao bem tratado que nos sentimos realmente seguros o tempo todo esperamos definitivamente voltar em breve a esta joia escondida cheia de alma e beleza diana e rui"
"Positive", "escondida no campo esta deslumbrante vila e o local perfeito para relaxar hospitalidade maravilhosa dos proprietarios e funcionarios nada demais arte interessante e espacos com curadoria e como ficar em uma galeria area da piscina foi incrivel recomendaria"
"Positive", "perfeicao todos os pormenores sao perfeitos a localizacao e central mas tranquila e escondida entre oliveiras antigas a bela arquitectura e interior o tamanho eo conforto dos quartos os deliciosos pequenos almocos ea piscina azul cobalto aninhada entre flores silvestres e com muitas espreguicadeiras confortaveis e pequenos lugares para ser no seu proprio francois e jean christophe foram anfitrioes generosos que saiu do seu caminho para tornar a nossa estadia memoravel um pedaco do ceu que definitivamente voltaremos"
"Positive", "a villa extremura fez parte da nossa lista de refugios favoritos na europa devido ao toque muito pessoal dos proprietarios e todo o conceito parece um pouco mais como ser um convidado pessoal em uma casa por um tempo muito calorosa recepcao muito elegante interior magazins interessantes para descobrir muito alta qualidade muito boa cafe da manha muito nice piscina muito nice atmosfera o que mais precisa se ha uma coisa que encontramos um pouco dificil foi a proximidade de bons restaurantes em nosso ponto de vista os melhores restaurantes estao em evora entao voce sempre precisa pegar um carro e as vezes voce apenas deseja relaxar e nao dirigir km novamente apenas para o jantar e por isso que uma noite aproveitamos a oportunidade de um jantar"
"Positive", "nos apreciamos noites aqui em um dos cabanons e na casa principal em um quarto superior na casa principal e ambos os quartos foram surpreendentes o cabanon olhava para as oliveiras e a sala da casa tinha uma vista fantastica da cidade o estilo moderno e atencao aos detalhes e fabuloso onde quer que esteja na propriedade a casa principal e impressionante para dizer o minimo no exterior existem varios espacos ao ar livre no patio terraco para se sentar tranquilamente e ler ou desfrutar de uma bebida pequeno almoco no patio entre as laranjeiras e idilico e tambem servido lindamente com conservas frescas mel local e pastries portugueses surpreendentes os proprietarios ea equipe sao muito simpaticos e prestativos e feliz para reservar restaurantes locais ou dar"
"Positive", "meu amigo e i se hospedaram no villa extramuros em setembro por tres noites e a estadia foi fantastica e um desses lugares muito raros que entregam em areas area circundante deslumbrante arquitetura e design discreto e bonito ambiente relaxante cafe da manha delicioso tipo resposta a consultas posso continuar por muito tempo passar alguns dias no villa extramuros foi um destaque absoluto da nossa viagem a portugal no ano passado e estou ansioso para voltar algum tempo para passar dias descansando na bela piscina com o melhor gelato que eles tem de lisboa se bem me lembro corretamente merci francois"
"Positive", "tivemos uma experiencia maravilhosa nesta casa elegante gerido por anfitrioes generosos e amaveis o ambiente tranquilo belos quartos e servico impecavel sao um tratamento especial muito na esperanca de poder voltar"
"Positive", "nos se hospedaram no villa extramuros no inicio de julho deste ano a nossa estadia foi um saco misto mas principalmente decepcionante quatro de nos vieram passar alguns dias na villa por recomendacao de um querido amigo que havia desfrutado um ano antes infelizmente encontramos a nossa estadia incrivelmente decepcionante as atitudes de francois e jaques os proprietarios eram inospitas na melhor das hipoteses e hostis na pior das hipoteses em um esforco para fazer essa revisao equilibrada vou comecar com o bem os arredores da vila sao lindos e em um local remoto pacifico e tranquilo os quartos sao espacosos e modernos embora nao tao frescos como eles parecem online eles sao limpos e bem conservados os chuveiros sao abastecidos com shampoo aesop e lavagem do"
"Positive", "nos nao poderamos amar este hotel mais minha esposa e eu passado o primeiro dia de nossa lua neste pitoresco wonderland e totalmente o bar muito alta para o restante de nossa viagem ficamos na suite junior e adorei cada aspecto do quarto do exterior de cortica para a decoracao moderna e surpreendentemente colhida para a privacidade extra a comida e fantastica ea piscina e tao relaxante e confortavel que voce pode se perder la durante todo o dia francois que administra a villa e extremamente gentil e atencioso e torna a estadia muito agradavel recomendaria a todos que visitam portugal para aproveitar o tempo para visitar"
"Positive", "despretenciosamente elegante com pecas de designer foi como se hospedar em um museu moderno mas nao minimo linhas retas e desenho geometrico do edificio misturam se de forma inteligente com uma mistura ecletica de decoracao e pecas coletivas tudo estava bem curado e quente os anfitrioes abrem graciosamente sua casa para estranhos em um esforco para compartilhar com aqueles cujo sonho era viver em tal lugar mas nao podiam pagar ou talvez voce pudesse a vila localiza entre oliveiras com quartos ou nao me lembro sao cerca de minutos para evora e estremoz menos para arraiolos e minutos para monsaraz privado e sereno com gatos a verifica lo com olhos atentos mesmo quando os quartos estavam lotados os convidados eram quietos e respeitosos quase"
"Positive", "eu tenho vindo a visitar desde que li sobre este lugar em uma revista um tempo atras a nossa lua de mel parecia ser a oportunidade perfeita minhas expectativas eram tao altas que eu estava um pouco preocupado com a minha estadia nao iria atende los eu nao preciso me preocupar os proprietarios criaram uma obra prima em todos os sentidos e cada detalhe foi considerado a arquitetura e impressionante como e a decoracao eu so queria ficar e viver la para sempre a area da piscina e muito bom gosto e voce esta bem no meio da natureza os quartos sao enormes com belos terracos com vista para a paisagem alentejana eu queria ficar no banheiro de marmore durante todo o dia mas isso seria um desperdicio os restaurantes recomendados nas proximidades arraiolos foram"
"Positive", "eu quase nao quero mesmo escrever um comentario sobre este lugar na esperanca de que ninguem o encontre por isso nao fica muito ocupado mas esse lugar e tao incrivel que todo mundo merece saber a casa esta alem do conforto parece uma extensao da sua propria casa prepare se para passar dias inteiros ao lado da pitoresca piscina com um livro ou passe algum tempo explorando as cidades locais e pitorescas este hotel e perfeito"
"Positive", "muito diferente de qualquer outra acomodacao nesta area exclusivamente elegante de uma forma simples e contemporanea e repleto de uma serie de curiosidades modernas algumas esquisitices retro alguns pedacos de kitsch e uma montanha de livros e revistas basicamente projetado como um quadrado de concreto de dois niveis austero com terracos necessarios construido em volta de um quadrilatero ele fica entre varios acres de oliveiras e um ocasional rebanho de ovelhas e distintamente facil de ver a partir da estrada principal n a sul de arraiolos mas nao tao clara quando se esta dirigindo em direcao a ela descemos uma longa estrada sinuosa e depois com apenas um poste de sinalizacao indicando onde virar subindo um caminho levemente inclinado ate a propriedade em si ha"
"Positive", "optamos por ficar no villa extramuros no final das nossas duas semanas em portugal e foi sem duvida o ponto alto da nossa viagem ainda estamos conversando sobre isso com amigos e sonhando com um retorno algum dia francois e jean christophe conseguiram combinar o seu gosto frances com aspectos distintivos da cultura portuguesa para produzir uma experiencia magica para os seus hospedes o edificio e uma maravilha arquitetonica que se enquadra perfeitamente na paisagem alentejana ele foi projetado para dar visoes de quase todos os comodos e nos amamos especialmente a vista de um quarto do castelo de arraiolos nas proximidades iluminado a noite como outros comentaram a arte moderna que os anfitrioes organizaram ao longo dos espacos da a impressao de que se vive num museu"
"Positive", "meu marido e i se hospedaram no villa extramuros por tres noites no final marco e teve uma incrivel a casa e absolutamente linda com elementos de design que reflectem os materiais locais e clima paredes de cortica de arvores locais suavizar o quadro de concreto modernista marmore de estremoz nas proximidades e usado em toda a propriedade para efeito bonito claraboias e grandes portas de vidro deslizantes permitem luz natural suave inundar em toda a casa e cortar alecrim e laranjas da propriedade cumprimentou nos em nosso quarto produtos de esopo e piso aquecido nos banheiros foram um toque de luxo e fez tomar banho uma alegria toda a comida e deliciosa e muito do que e sazonal e local para arraiolos incluindo mel de uma fazenda nas proximidades e suco fresco das"
"Positive", "e assim que tudo deve ser feito vivendo a vida mobiliar uma casa aproveitando as ferias o bom voce pode sentir que e uma visao incrivelmente meticulosa detalhada e de bom gosto que se tornou realidade e uma obra de arte viva onde cada detalhe foi cuidadosamente selecionado a sensacao de privacidade serenidade paz calma e tranquilidade e incomparavel e como viver em sua revista favorita esta cheio de espanto dois anfitrioes generosos e uteis sao garantidos para tornar a sua estadia incrivel voce se sente honrado e sortudo por conhecer este lugar onde a qualidade esta em toda parte desde os banheiros de marmore os produtos aesop o colchao os moveis cafe da manha artesanal faz um otimo comeco para o dia todos os conselhos de restaurante"
"Positive", "nos ficamos na bela casa concebida e organizada de anfitrioes muito atenciosos mas nao intrusivos o lugar e impecavel tranquilo cercado por nada alem de plantas e sol deixe sua mente ser hipnotizada por essa beleza e luxo de silencio intocado aprecie a excelente qualidade da comida que e servida seja o cafe da manha uma suntuosa sopa para o jantar ou simplesmente um delicioso cafe da tarde e a simbiose perfeita para fugir de tudo mas a vizinha evora tem algo a oferecer se precisar de um pouco de distracao nao hesite em perguntar a seus anfitrioes que eles vao tentar estive em muitos lugares encontrei este em uma revista primeiro pensei outro retiro super caro mas nao qualidade acessivel e excelente valor para ser devolvido"
"Positive", "meu marido e eu passamos duas semanas viajando por todo portugal para a nossa lua de mel e embora toda a viagem foi muito magico a nossa estadia no villa extramuros foi a nossa parte favorita tudo sobre este local e impecavel desde o design e o servico para as vistas tivemos a piscina muito bem para nos enquanto estavamos la e amamos tendo um pequeno almoco da preguica cada dia no nosso terraco se voce faz a viagem nos tambem recomendamos verificar para fora a cinha herdade do esperao cerca de uma hora de distancia"
"Positive", "se voce gosta de seu b bs projetado com interiores frescos e elegantes como nos voce vai adorar villa extramuros um belo lugar para a selvagem e escarpada paisagem alentejana que embora apenas a minutos da cidade de arraiolos e perto de outras propriedades sentir que estao a milhas de distancia de qualquer lugar meu marido e eu tivemos noites no villa extramuros e fiquei em quarto superior que era enorme com um par de grandes sacos de feijao para relaxar eu simplesmente amei acordar sair na nossa varanda a vista de arraiolos e o som do pastor marcacao suas ovelhas e o arranjos de seus sinos esta foi em seguida seguido por um pequeno almoco simples mas saboroso pequeno almoco servido por francois no patio central trata se dos prazeres simples que sao os"
"Positive", "extremamente elegante pequeno hotel boutique na zona rural do alentejo a justaposicao de sensibilidade a meados do seculo dos proprietarios e a arquitetura moderna crua do edificio com o pais ao redor azeite de paisagem arvores a cidade medieval de arraiolos os rebanhos de ovelhas e realmente magico apenas cinco luxe quartos espacosos e modernos com vistas deslumbrantes sobre a zona rural faz com que voce quase sentir como e o seu proprio refugio privado o cafe da manha deliciosos servidos pelos proprietarios um relaxante e tranquila area de piscina com uma enorme piscina de borda infinita e decoracao alto estilo em toda a propriedade e os proprietarios vao lhe indicar os melhores restaurantes pontos turisticos e comerciais na area o alentejo ate mesmo a"
"Positive", "este lugar parece casa os proprietarios estao a fazer o seu melhor para ajuda lo e recomendar lhe excelentes restaurantes e butiques em torno da area ou em portugal nos ficamos duas noites em quarto na nossa lua de mel e este refugio tranquilo e definitivamente vale a viagem so podemos aconselha lo quando vai para portugal para ficar la"
"Positive", "ha lugares onde voce sempre quer voltar villa extramuros e o lugar que eu gostaria de voltar uma e outra vez o simples tem tudo para fazer ferias maravilhosas a bela alentejo regiao de localizacao ainda nao e turistico para chegar la e tem por si mesmo vila quartos jardim tal como referido por muitos outros estao bem concebidos e muito confortavel os proprietarios sabem o que fazem e que torna o lugar ainda mais especial como eles fazem parte os lugares favoritos em portugal por isso se voce apenas precisa de ideias para restaurantes locais de interesse apenas a pedir lhes e certeza de que voce sera surpreendido com as suas sugestoes dar um tente e voce nunca vai querer voltar aos grandes hoteis"
"Positive", "francois e jean christophe criaram uma villa extraordinaria em arraiolos o ambiente acolhedor da uma sensacao relaxante de se hospedar na casa de amigos o seu gosto requintado e visivel em grande escala bem como nos detalhes das pecas de design que recolheram e uma bela combinacao de frances portugues e em estilo escandinavo ficamos em uma suite que tinha a vista de cortar a respiracao mais sobre um campo de oliveiras a piscina um rebanho de ovelhas e a vila de arraiolos foi simplesmente magico um dos melhores lugares que ja experimentei altamente recomendado e definitivamente um lugar que ira visitar novamente"
"Positive", "os nossos quatro noite se hospedar no villa extramuros foi nada menos do que uma experiencia extraordinaria o villa um conjunto arquitectonico pedaco oferece aos seus hospedes uma combinacao especial de luxo hospitalidade calorosa high end design e estetica de serenidade e as belas paisagens do alentejo arraiolos as suites deste pequeno hotel de luxo sao grandes e confortaveis a decoracao e de primeira qualidade que combina modernos parisiense chique em conjunto com uso elegante de materiais locais autenticos e as deslumbrantes vistas de oliveiras ou o castelo de arraiolos que estao a ver de todos os lugares acima de tudo nos apreciamos o tratamento de tipo de francois e jean christophe os proprietarios que nao guardar qualquer tempo ou esforco para nos servir e"
"Positive", "nos ja passamos uma semana no villa extramuros e gostariamos de voltar para la francois e jean christophe sao anfitrioes maravilhosos o villa e absolutamente deslumbrante e a comida foi excelente foi como um estrelas casa de luxo longe de casa nos hospedamos em uma das suites com uma vista maravilhosa dois terracos privados e um enorme banheiro os produtos de banho boreal sao apenas o toque final para o marmore maravilhosa e quarto concreto nos amamos utilizando a area comum a noite para ler as muitas revistas e livros em um molde muito elegante em redor com musica suave um copo de vinho e algumas azeitonas a area da piscina e do patio sao maravilhosos e tranquilos locais durante o dia puro relaxamento e altamente recomendavel ter jantar no villa jantamos la"
"Positive", "excelente eu vou comecar com as calorosas boas vindas pelos dois exercitos entao o incrivel decoracao privado cantos para ocultar e ler e em seguida descobrir o jardim com outros hospedes com o pequeno almoco a vista do quarto ou devo dizer uma suite ofuscando a aldeia mais proxima com a sua luz de capela a noite a bela acordar para degustacao e o mel local pao e queijo para o pequeno almoco foi uma delicia os dez dias que passei no villa com a minha namorada foi inesquecivel eu recomendo o villa para quem deseja lhe para encontrar uma joia rara muito obrigado pelo otimo servico posso fazer uma reserva para o mes de novembro ray"
"Positive", "a combinacao de ambiente natureza fantastica arquitetura e design bem como cheiro e sabor com um carinho incrivel dos dois proprietarios grandiosas francois e jean christophe e nao esquecer o lulu riri e toto torna o villa extramuros tao adoravel e unica mesmo em nossos sonhos que nao poderia imaginar um lugar melhor para passar as nossas ferias"
"Positive", "recentemente passei duas noites no villa extramuros e entes tudo sobre ele o edificio moderno esta muito bem decorado e o servico prestado por francois foi acolhedor e descontraido o pequeno almoco foi feita com ingredientes frescos locais como eram os nossos jantares a noite fomos servidos especialmente preparado um jantar no patio com velas e musica suave a piscina era lindo especialmente com as oliveiras e a paisagem circundante villa extramuros e de cerca de uma hora fora lisboa e vale a pena a curta viagem para passar algum tempo na zona rural e pequenas aldeias simplesmente perfeito"
"Positive", "passamos dias com as bonitas villa extramuros contemporaneos para aqueles que sao fas de arquitetura e design interior e o lugar perfeito para ser e tambem uma casa muito tranquilo cercado por oliveiras e nos tivemos quase todos os dias um por do sol incrivel voce nao se sentem oprimidos para falar com os outros hospedes como a arquitetura pecas sobressalentes a sua privacidade jean christophe francois sao anfitrioes discretos e bons conselheiros para visitas eles fazem voce se sentir relaxado eu definitivamente recomendo o villa para quem procura paz design leitura e visitar a regiao rural colorida do alentejo"
"Positive", "noites em este lugar maravilhoso e simplesmente adorei a villa e muito bem feito e decorados com bom gosto muito ficamos em dois quartos diferentes e gostamos tanto camas confortaveis bonitas casas os proprietarios sao rapazes descontraidos e facil de lidar eles estavam sempre la quando precisamos alguns conselhos sobre a area local ou quaisquer outros pedidos ou perguntas nos estavamos comemorando aniversario e jantar uma noite e foi muito bom grande vinho tambem o pequeno almoco foi muito bom e incluidas casa compotas caseiras bolos locais etc nao grande escolha mas preferem menos mas grande qualidade que foi o caso aqui a villa esta localizado perto da pequena cidade de arraiolos que e de a minutos a pe alguns locais para jantar ou almoco que serve"
"Positive", "arraiolos e muito bonito bem como ao redor dos fios citys do de evora patrimonio mundial da unesco e monsaraz unic com o seu castelo o villa extramuros e do magnifico sabor com um excelente architecture e design requintado os quartos sao confortaveis bem decorados e maravilhosos pontos turisticos tudo isto combinado com o tipo mais servico torna o perfeito refugio na zona rural do alentejo berlinense"
"Positive", "apenas passamos noites no villa extramuros e estao muito satisfeitos com a nossa estadia estou de origem portuguesa e tenham viajado em torno de um lote em portugal e no estrangeiro e a vila extramuros traz um alto padrao de servico a arquitetura e muito bem pensado o nosso quarto superior era muito grande e a vista uma completamente isolado varanda era como um postal com vista para a vila de arraiolos ou as estrelas a noite villa extramuros tem uma piscina muito agradavel de piscina e areas de estar relaxantes voce tem o seu cafe da manha almoco ou jantar leve no patio isolado quente ou na varanda onde voce vai comer enquanto admira o por do sol no uma paz absoluta e tranquilo a localizacao e perfeita h de carro de lisboa a minutos de carro de evora a"
"Positive", "simplesmente o melhor lugar em portugal conceito de maravilhoso bem vindo agradavel melhores dicas relaxante e refrescante nao poderia ter pedido um lugar melhor para ficar e nos i would recommend to otheres a procura de algo diferente obrigado novamente e espero voltar em breve"
