Sentiment, Review
"Positive", "hotel muito bem decorado com quartos tematicos nunca sabemos o que nos vao atribuir recepcionistas muito simpoticos sempre prestaveis na chegada oferecem nos um spray para desinfetarmos a nossa roupa e bagagem pequeno almoco muito bom entregam uma pinca a cada pessoa para que possa retirar os seus alimentos fiambre e queijo empratados os croissant sao divinais ja ficamos vezes neste hotel a repetir sem qualquer duvida"
"Positive", "desde o primeiro contacto ate ao check out sempre foram muito simpaticas o pequeno almoco estava muito bom em relacao aos quartos nada a apontar muito limpos e com espaco para acolher um familia de adultos"
"Positive", "pura e simplesmente uma vergonha e um atentado a seguranca quartos que sao cubiculos com paredes cheias de salgadicos e humidades wc que para nada servem de tao minusculos que sao nao cabemos dentro da cabina de duche quem quiser utilizar a sanita tem de ficar de lado porque nao tem espaco o pior de tudo e a seguranca uma escada em madeira com passadeiras a desfazerem se e a unica entrada ou saida ate ao segundo andar resumindo os quartos sao interiores com uma pequena janelinha para um saguao e ainda por cima quase no tecto saida de emergencia nao existe se houver um incendio no r c que estiver para cima nao tem hipoteses de fujir"
"Positive", "hotel pitoresco bem situado com bom pequeno almoco e funcionarios simpaticos o edificio e o interior nao sao novos mas o ambiente e acolhedor e sossegado ideal para quem quer descansar ou passar um fim de semana longe das multidoes"
"Positive", "bom hotel bem localizado no centro da cidade de beja muito acolhedor e de uma simpatia excepcional muito bonito boa relacao preco qualidade um hotel acima das minhas expectativas bom para visitar a cidade"
"Positive", "de enaltecer a simpatia de todos os funcionarios foram muito prestaveis em contrario ha algumas coisas a melhorar os quartos estao a precisar de umas melhorias tem um cheiro esquisito tipo humidade e ve se nas paredes ouve se tudo dos outros quartos e da rua nao ha transito na rua do hotel mas os distribuidores das lojas fazem muito barulho de manha por fim o wc e muito apertado em relacao ao pequeno almoco acho que podia haver mais variedade e ter atencao ao pao do dia infelizmente o que la estava era bastante rijo e nao deu para comer"
"Positive", "dou nota maxima para esta residencial bem no centro de beja pessoal muito prestavel e simpatico com bom pequeno almoco quartos decorados com originalidade e muito limpos ja estive em hoteis de quatro estrelas com menos condicoes que a residencial bejense e a pagar muito mais"
"Positive", "hotel residencial muito acolhedora com atendimento excelente e uma optima relacao preco qualidade o quarto e acolhedor e sossegado casa de banho pequena mas com tudo o que e necessario destaco o atendimento a limpeza e o pequeno almoco variado e muito bom ideal para uma viagem de negocios"
"Positive", "muito bem localizado no centro de beja e num edificio que esta em bom estado de conservacao os quartos e casa de banho adequados para uma residencial deste nivel assim como o pequeno almoco que surpreende pela variedade atendimento tambem adequado a uma residencial deste genero o problema esta na higiene alcatifas velhas e rotas e com aspeto de nao serem limpas ha varios dias cheiros desagradaveis por todo o lado numa falta de atencao muito clara aos pormenores higienicos vejam esta critica como construtiva pois so elas vos fazem ser melhores"
"Positive", "staff simpatico e prestavel bastante acolhedor sala comum para hospedes com uma lareira quarto limpo e com condicoes para noites mais frias pequeno almoco com alguma variedade e largo periodo aconselho"
"Positive", "residencial no centro historico com optima relacao preco qualidade bom pequeno almoco com produtos frescos atendimento muito simpatico quartos confortaveis com ar condicionado nao tem estacionamento proprio no geral recomendo"
"Positive", "pros simpatia conforto sossego bons pequenos almocos e boa localizacao do hotel o facto da recepcao ajudar a levar as malas tornou o servico ainda mais mais atencioso contras nada a apontar recomendo vivamente"
"Positive", "bem localizado dentro da categoria muito bom acolhedor e confortavel bom atendimento simpatico e prestavel pequeno almoco agradavel e variado um bom local para ficar para quem quiser conhecer a cidade"
"Positive", "uma estadia agradavel bem localizado wi fi quarto com televisao pequeno frigorifico ar condicionado edredon extra casa de banho com imensas toalhas poliban pequeno almoco fantastico desde pao bolos caseiros queijo regional incrivel sumos instantaneos ok chas fruta iogurtes cereais ovos estrelados d simpatia sempre great stay centre wi fi tv small fridge extra blanket toilette ok amazing breakfast nice people"
"Positive", "uma residencial sem grande coisa a realcar ainda para mais se tiverem o azar de ficar num quarto pessimamente decorado e com uma janela que da para um beco que faz o quarto ser interior e sem luz nenhuma o atendimento foi prestavel e o pequeno almoco bastante bom ate apesar de pouca variedade bom para quem esta de passagem rapida pela cidade"
"Positive", "os quartos sao bonitos e confortaveis tem um bom pequeno almoco e um simpatico e prestavel atendimento para alem disso tambem tem uma boa localizacao e tudo isto a um excelente preco recomendo sempre"
"Positive", "a simpatia dos funcionarios era notoria tendo nos sido disponibilizado um quarto teoricamente com melhores condicoes uma vez que estava disponivel o quarto era muito acolhedor e a cama extremamente confortavel a televisao tinha optima qualidade todos os espacos envolventes estavam extremamente cuidados e limpos o pequeno almoco era delicioso tendo muita variedade"
"Positive", "num fim de semana passado em beja escolhemos esta residencial para passar a noite trata se de uma residencia muito acolhedora e simpatica com umas instalacoes muito confortaveis a sala de estar e extremamente acolhedora o staff e muito simpatico e o pequeno almoco muito bom quem estiver a procura de um local para passar a noite em beja considere ir a esta residencial que esta numa zona central de beja recomendo"
"Positive", "muito bem situada excelente para uma visita a cidade ou para viagem de negocios familiar e com um bom pequeno almoco quartos bem decorados boa relacao preco qualidade estacionamento nao muito facil"
"Positive", "hotel muito bom nao so esta localizado no centro de beja como todas as facilidades sao fantasticas os quartos bastante bons com camas grandes e de optima qualidade o pequeno almoco apesar de nao muito variado com uma qualidade muito boa excelente relacao qualidade preco e irei regressar"
"Positive", "bem localizado no centro cidade bonita e nao sobrevalorizada atendimento super simpatico confortavel limpo bem cuidado portaria horas bom pequeno almoco muito boa relacao qualidade preco nao tem parque nao testei o wi fi"
"Positive", "construcao antiga mas caprichosamente bem cuidada poderia se adequar ao roteiro de charme pelos detalhes de bom gosto e diferenciacao o quarto era confortavel otima cama porem pequeno o banheiro tambem pequeno cafe da manha muito bom muito simpaticas a dona e a funcionaria da recepcao escadas para acesso aos quartos"
"Positive", "a localizacao do hotel e muito boa passeia se a pe facilmente e apesar de nao ter estacionamento nao e dificil encontrar lugar a uns metros o pequeno almoco tem pouca variedade mas a qualidade dos produtos disponiveis e boa a insonorizacao do quarto e muito ma nao sei se todos sao assim ou foi azar com o que nos foi atribuido mas ouvia se tudo a internet apesar de nos ser indicado que tinham mudado o router recentemente tem muitas falhas e foi dificil trabalhar assim"
"Positive", "bem situada a residencial mesmo no coracao de beja e uma residencial familiar tem um terraco bastante amplo que serve de miradouro e ao mesmo tempo de lazer a residencial e um local acolhedor pois ate tem lareira no inverno"
"Positive", "muito bem situado deu para passear pelas ruas a noite o quarto era pequeno mas limpo e agradavel gostamos muito da decoracao do hotel o pequeno almoco nao era farto mas tinha o essencial de destacar que pode nao estar a vista mas tem bebida de soja para quem nao queira leite o pessoal foi todo muito simpatico"
"Positive", "um hotel lindinho acolhedor bem decorado a rua estava interditada e a recepcionista foi ao nosso encontro nos ajudou a encontrar o estacionamento publico que o hotel nos disponibilizou custo madalena nos ajudou com a mala explicou lugares de tour na cidade ao lado esta o cafe restaurante luiz da rocha o restaurante mais antigo de beja desde otimo a noite a rua tem movimento muito agradavel amamos nossa estagia recomendo beja e uma cidade linda"
"Positive", "staff muito simpatico instalacoes muito bem decoradas quartos acolhedores e de salientar a higiene do espaco como fomos com a nossa filha de anos colocaram nos no quarto com a cama maior e era mesmo gigante o pequeno almoco e muito bom aconselho para quem quer passar uma noite como se estivesse em casa"
"Positive", "os funcionarios foram todos bastante simpaticos existe disponibilidade para fornecer pequeno almoco mais cedo do que o estipulado boa comodidade no quarto bom sinal de internet recomendo na zona de beja"
"Positive", "a simpatia e atencao da equipe staff foi excelente a infraestrutura do hotel e tambem dos quartos sao muito boas com camas confortaveis otimo chuveiro o cafe da manha com varias opcoes tudo disponivel para voce mesmo se servir muito bom recomendo"
"Positive", "no centro de beja oferece qualidade q b para quem esta de passagem ou em viagem profissional cortesia e simpatia espacos comuns acolhedores pequeno almoco variado apesar de nao ter estacionamento privativo o estacionamento publico fica a poucos metros"
"Positive", "uma residencial bem no centro de beja com uma decoracao cuidada e onde nao falta conforto o pequeno almoco era muito bom comparativamente a outras residenciais do genero todos os produtos presentes eram de grande qualidade"
"Positive", "fico aqui regularmente muito recomendavel os quartos nao sao muito grandes mas e limpo os funcionarios sao simpaticos e atenciosos e tem um bom pequeno almoco localizado mesmo no centro de beja ao lado do famoso luiz da rocha optimo preco"
"Positive", "no centro da zona pedonal da cidade uma excelente relacao qualidade preco e um atendimento estrelas ambiente excelente e quartos muito bons vale mesmo a pena experimentar e como referi a localizacao nao podia ser melhor"
"Positive", "um sitio confortavel com ambiente familiar bem no coracao de beja com direito a um porto na chegada tem uma sala de convivio com lareira optima bons acessos se bem que nao tem estacionamento a senhora responsavel e uma optima anfitria"
"Positive", "localizado no centro da cidade nao tem estacionamento privativo e os lugares existentes nas proximidades sao todos pagos o que dificulta o transporte das malas e aparcamento de viaturas sem custos extra as instalacoes das areas comuns sao antigas alguns dos quartos devem ter sido recuperados porque as casas de banho sao novas muito limpo com uma equipa de funcionarios muito simpatica o pequeno almoco nao e espetacular mas serve perfeitamente relacao qualidade preco razoavel vale a pena a visita pela limpeza e simpatia mas tambem pelo fato de na regiao ser dos melhores locais para ficar e mais baratos"
"Positive", "foi uma agradavel surpresa este espaco trata se de uma habitacao ja muito antiga mas decorada com muito bom gosto e que soube adaptar se as exigencias dos novos dias o pessoal e extremamente simpatico e atencioso o pequeno almoco cumpre muito bem e tem uma excelente relacao qualidade preco nota negativa apenas para o wi fi fraco no meu quarto que perturbou um pouco a minha estadia em trabalho"
"Positive", "hotel bem localizado bom cafe da manha fomos recepcionados pelos donos do hotel uma senhora muito simpatica e sua filha o quarto e bom chuveiro otimo unico ponto negativo nao ha elevador recomendo e volto"
"Positive", "o atendimento e a localizacao sao os pontos altos do hotel a equipe toda e muito atenciosa e simpatica a localizacao nao poderia ser melhor o cafe da manha e muito bom o quarto deixa a desejar tem cheiro de umidade e o banheiro nao e confortavel"
"Positive", "apos noites sofrendo em hotel em lisboa me hospedei neste residencial fiquei impressionado com o interior deste hotel tudo arrumado pela proprietaria d barbara preparado para o verao e o inverno com bom ar condicionado quente frio casa de banhos com aquecedor de ambiente e de toalhas pequeno almoco honesto e o que me impressionou foi a limpeza e os detalhes da decoracao quando passar por beja e aonde eu me hospedarei"
"Positive", "o hotel e muito bem localizado em uma rua pedonal o que podera ser inconveniente para quem chegar de carro mas os taxis entram ate ele otima limpeza quarto pequeno mas acolhedor e sem ruidos staff simpatico e eficiente cafe da manha que surpreendeu positivamente pela variedade embora servido em espaco tambem pequeno ha que subir pelo menos um lance de escadas a moca da recepcao ofereceu se para levar a mala o que nao aceitei nem minha esposa o episodio demonstrou a gentileza do atendimento confirmada sempre durante nossa estada na sala de teve os hospedes podem servir se de calices de vinho do porto em suma saimos satisfeitos com a escolha otimo custo beneficio"
"Positive", "nao obstante o staff ser prestavel as condicoes oferecidas nao sao de um hotal de estrelas como e anunciado nalguns sitios sendo apenas da categoria de residencial a localizacao e central mas tem como inconveniente nao poder estacionar nem para tirar as malas pelo que temos de nos deslocar pela parte pedonal do centro de beja as condicoes do quarto sao basicas sendo de salientar como ponto positivo o wi fi e os canais de cabo o pequeno almoco e basico e a variedade e apenas dada aos doces apresentados a carpete da escada de entrada esta completamente gasta e a precisar de substituicao a decoracao e um verdadeiro bric a brac penso que existira oferta pelo mesmo preco em beja e talvez com melhores condicoes"
"Positive", "excelente localizacao atendimento muito simpatico quarto formidavel com a c colocaram mais uma cama para crianca e ainda se ficou bem nao tem acesso de carro mas e de muito facil acesso a pe pequeno almoco bem servido em sala acolhedora"
"Positive", "melhor localizacao e impossivel apesar de no centro da cidade existirem muitos parquimetros que sao pagos ate as h o hotel nao tem elevador mas compensa com uns bons colchoes e um carro e casa de banho limpos e asseados a recepcao e bastante prestavel e prima pela simpatia e disponibilidade tem um unico senao que e o cortinado da janela nao ser completamente opaco o que permite entrar luminosidade quando queremos descansar no escuro mas aconselho para quem quer visitar a cidade de beja"
"Positive", "o atendimento e acolhedor e personalizado ambiente familiar os quartos sao pequenos mas acolhedores limpos e tranquilos o acesso aos quartos sala de refeicoes e sala de estar e feito apenas por escadas pequeno almoco continental e variado mas deveria ter mais fruta nos dois dias apenas havia morangos que e uma fruta que nem todos podem comer inclusive criancas pelo menos duas variedades seria bom"
"Positive", "no centro da cidade consegue manter o sossego como se estivesse isolado a decoracao dos quartos de muito bom gosto e os espacos comuns muito acolhedores o pessoal muito simpatico e atencioso sempre atentos as necessidades dos hospedes"
"Positive", "no centro da cidade acolhedor decorado com muito bom gosto muito bem equipado um bom pequeno almoco e uma simpatia fantastica do atendimento preco otimo atenta a localizacao e o servico recomendo sem duvida"
"Positive", "hotel localizado no centro historico perto de museus e de klocais de interesse turistico simpatia no atendimento temperatura confortavel no quarto e banho pequeno almoco bem servido wifi no quarto"
"Positive", "localizacao central decoracao e servico intimistas com oferta de cafe e licores o peq almoco e muito bom a proprietaria sra barbara e muito simpatica e atenciosa quarto bem equipado e decorado excelente valor para o preco pago recomendo vivamente"
"Positive", "este e um pequeno hotel muito agradavel e acolhedor os quartos nao sao muito grandes mas sao acolhedores e cada um tem a sua propria decoracao o que o torna este hotel interessante as funcionarias sao muito simpaticas e estao sempre prontas a ajudar se for necessario o pequeno almoco e bom e ve se que os alimentos sao caseiros excelente bolo de chocolate otima relacao qualidade preco o unico ponto negativo durante a estadia era a casa de banho que podiam ser remodeladas para ficarem modernas como os quartos"
"Positive", "hotel que mais parece estarmos em casa bom acolhimento hospitalidade optima relacao qualidade preco e tem uns pormenores interessantes existem camas xxl lol muito bem decorado e ate esta numa zona calma recomendo"
"Positive", "localizacao no centro de beja estacionamento muito proximo rua pedonal bares e tascas a metros atendimento familiar quartos muito engracados sala de estar fantastica e pequeno almoco bastante razoavel"
"Positive", "um hotel lindissimo resultante da remodelacao de uma antiga residencial tudo parece novinho pronto a estrear a decoracao de todos os espacos deslumbra pelo bom gosto o optimo atendimento dado pela sua proprietaria dona barbara e por todo o pessoal e caracteristico das gentes alentejanas tudo muito limpo dificilmente alguem encontrara algum motivo de reparo as camas sao de um conforto absoluto e mesmo os quartos com vista para a rua sao bastante silenciosos pois a rua e apenas pedonal os quartos tem ar condicionado e uma televisao lcd bem grande a entrada do hotel e decorada exteriormente com varias buganvilias que circundam a porta e que devem proporcionar uma bonita decoracao na epoca da floracao a noite podemos ver televisao jogar alguns jogo ler revistas ou um"
"Positive", "fica numa zona central de beja negocio simoatico familiar com bons quartos pequeno almoco decente que talvez pudesse ter mais produtos regionais tem um solario no terraco onde se pode relaxar ao sol"
"Positive", "estivemos em beja no final do verao a cidade e muito bonitinha e agradavel ficamos hospedados no hotel bejense ele fica no calcadao da cidade no centro da cidade historica sua localizacao e excelente os quartos sao limpos confortaveis e silenciosos o cafe da manha pequeno almoco e muito bom e o preco e bastante razoavel alem disso deve se levar em conta a simpatia da proprietaria eduardo e lu"
"Positive", "o staff foi todo muito acolhedor achamos barato para todos os confortos que o hotel proporciona as camas sao mesmo muito confortaveis dormi como uma pedra e a decoracao muito boa gostariamos de felicitar tambem pelo pequeno almoco continental de uma qualidade fantastica ficamos mesmo muito contentes e sempre que a oportunidade se apresentar este sera o nosso hotel de eleicao quando voltarmos a beja a unica contrapartida e mesmo o facto do estacionamento ser distante do hotel"
"Positive", "a unica situacao menos favoravel e o estacionamento que nao existe junto ao hotel por este se encontrar no centro historico da cidade mas o hotel esta em negociacoes com a camara municipal em contrapartida nao deixem de provar o mimo que oferecem aos hospedes o licor de poejo caseiro uma delicia nao deixem de provar"
"Positive", "aqui tem uma excelente opcao com uma boa relacao qualidade preco esta pensao e gerida em ambiente familiar e os donos sao muito simpaticos foi aqui que encontrei a maior cama onde alguma vez dormi"
"Positive", "este pequeno hotel esta situado no coracao da area pedonal de beja e bem localizado para explorar a cidade como outros escreveram as camas sao enormes e confortaveis mas nosso quarto era pequeno sem janela externa e o banheiro era tao pequeno que era dificil dar meia volta nao revisitaria"
"Positive", "a partir do momento em que encontramos este hotel perfeitamente localizado dentro de uma area de compras de paralelepipedos escondido entre pequenas lojas e restaurantes nos apaixonei com ele como uma agradavel mudanca das grandes cadeias hoteleiras este lugar me senti como ficar com parte de uma familia a decoracao foi preenchida com pequenas memorias do tempo de proprietarios encantadores crescendo em angola e apenas me senti tao caloroso e convidativo o quarto foi perfeito para finalidade com uma adoravel little juliet sacada que deixe o dom e o sons da agitada rua abaixo o cafe da manha servido todas as manhas entre e teve uma variedade de doces continentais e sempre ovos cozidos disponiveis dina nossa adoravel breakfast host foi sempre muito alegre e"
"Positive", "muito charmoso charmoso hotel portugues quarto de tamanho medio limpo bem decorado com atencao aos detalhes quarto tranquilo dando na rua pedonal camas confortaveis uma equipe muito simpatica e prestativa muito bom cafe da manha com ovos fritos estacionamento subterraneo gratuito nas proximidades com voucher minutos a pe"
"Positive", "o quarto voltado para a rua tranquila de pedestres era muito confortavel e de bom tamanho a equipe foi muito agradavel e prestativa o cafe da manha era a comida portuguesa habitual eu tinha feito uma reserva de duas noites por e mail dois meses e meio antes da minha chegada o hotel tinha perdido a minha reserva eles foram capazes de me acomodar para a primeira noite so eles fizeram uma reserva para mim para a minha segunda noite em outro hotel um pouco mais caro a cem metros de distancia este hotel paga a diferenca entre a minha taxa de quarto confirmada no momento em que fiz a minha reserva ea taxa de taxa mais elevada no outro hotel"
"Positive", "recepcao simpatica e no meio da cidade os quartos sao limpos e a area de pedestres fora do hotel e calma a noite o hotel tambem possui um pequeno bar apenas accoss da rua por isso e facil ter uma bebida e tapa snack estilo a maioria dos restaurantes de beja estao a poucos minutos a pe o estacionamento e um pouco complicada e nao confiar no seu gps para guia lo para a frente do hotel ligue ou envie um e mail ao hotel para obter instrucoes especificas ou voce vai dirigir em circulos como nos otimo preco e localizacao uma escolha perfeita para beja"
"Positive", "para quem nao sabe a area que eu sugiro o estacionamento no parque de estacionamento subterraneo da rua rua pedro alvares cabral em seguida caminhe ao longo da estrada principal siga ate a colina que e um pouco como uma rua de tras voce acaba na area comercial pedonal onde fica o hotel recepcao do hotel tem um layout agradavel no exterior tem assentos de vime para ver o dia passar a chegada os proprietarios foram muito confortaveis a senhora fala um pouco de ingles mas chegamos nas proximidades ela deu nos um voucher para sair do parque de estacionamento subterraneo gratuito o quarto tinha dividido as camas que poderia ter sido feita em uma cama king size o quarto tinha um pequeno frigorifico wifi gratuito com codigo de recepcao nao esqueca o seu adaptador a tv e"
"Positive", "localizacao perfeita no centro da cidade velha boutique hotel encantador com quartos de descolados o pequeno almoco era abundante com acesso wi fi gratuito e camas muito confortaveis feitas este lugar uma barganha nao me surpreende que o lugar e nominal superior em beja"
"Positive", "foi um grande surprice quando inserido para encontrar este hotel unconvential no centro beja se sente mais em casa ou algum adoravel antiga casa do que em um hotel os quartos sao pequenos mas acolhedores rom agradavel de jantar para o cafe da manha e um suprice sala de estar para todos os hospedes com sofas grandes televisao e o pequeno bar"
"Positive", "enquanto nao ha estacionamento encontramos o estacionamento na rua sem um problema o check in e check out foi facil e amigavel cama foi uma das camas mais confortaveis em nosso mes viagem pequeno almoco foi bom este lugar era otimo e e altamente recomendado"
"Positive", "somos um casal frances a partir de montreal canada fizemos uma viagem de um mes em portugal em outubro passado e nos ficamos em hoteis e uma residencia e ficamos la uma noite de outubro casa agradavel mas os quartos sao no segundo andar sem elevador preco com pequeno almoco pros directamente o centro bom restaurante nas proximidades bom pequeno almoco acesso gratuito a internet wi fi no quarto bom chuveiro nice pessoa na recepcao contras o contador no banheiro para colocar as nossas coisas quarto pequeno dificil apenas um local de estacionamento disponivel e se voce encontrar voce tiver sorte recomendamos o hotel por uma noite"
"Positive", "passei uma semana aqui e foi uma experiencia maravilhosa o hotel esta bem localizado e o proprietario barbara e toda a equipe fazem voce se sentir como uma familia os quartos sao pequenos mas muito limpa e a casa de banho e ainda menor mas o quarto tem o que voce precisa e o hotel e extremamente charmoso o cafe da manha sempre incluido uma seleccao de varios bolos incriveis se tiver sorte o suficiente para voltar a beja eu nao ficaria em outro lugar"
"Positive", "recentemente passamos noites no hotel bejense e adorei cada minuto enquanto um pouco ecletico para os padroes americanos o hotel e absolutamente impecavel com uma equipe que cuida de todas as necessidades e apaga se de seu caminho para tornar se a sua estadia e um perfeito como possivel os quartos sao um pouco pequeno para padroes americanos mas sao bastante confortaveis o cafe da manha incluido tambem e muito bom com a melhor seleccao de doces e bolos de pequeno almoco que ja vi em um hotel deste tamanho localizacao e excelente tambem mesmo no meio da unica area pedonal da cidade eu tenho certeza que voce vai gostar penso que"
"Positive", "o hotel esta localizado no coracao de beja nos adoramos ficar la os quartos sao acolhedores e limpos mesmo sobre os banheiros eles servem excelente cafe da manha com grande variedade de produtos o material e gentil e prestativa o ambiente e um pouco magin neste lugar ficamos la algumas vezes e foi sempre perfeito"
"Positive", "localizado numa rua pedonal mas o ruido da rua e minimo quando as janelas estao fechadas quartos limpos e confortaveis com decoracao ecletica tem uma sala acolhedora para sair serve um bom pequeno almoco a equipe simpatica e prestativa"
"Positive", "excelente posicao muito acolhedor hotel valor extremamente confortavel e muito boa quartos com varanda grande com as comodidades impecaveis sala equipe muito atenciosa mesmo transporte para os quartos o ar condicionado muito bem vindos beja muito quente"
"Positive", "nos senhoras ficamos noites aqui enquanto viajar portugal confortavel limpo e acolhedor com um bom pequeno almoco centralmente localizado ficamos no segundo andar com varanda com vista para a rua para pedestres ha um bar exterior e pouco ruido mas nada que foi um problema centralmente localizado com a uma curta distancia da cidade e da estacao de onibus a qual e o mesmo lado da cidade tomou dia de viagem de autocarro de serpa pequena colina cidade superior com praca encantadora e tambem fomos de taxi euros regresso para o vinhedo local com tour pessoal que organizados no escritorio de turismo wi fi disponivel esta cidade e muito barato para alimentos cafe sob um euro e cafe interessante de massas nas proximidades os proprietarios ingles e limitado mas"
"Positive", "fiquei aqui noites e foi muito satisfeitos com toda a experiencia o cafe da manha nao era bom e o suco de laranja foi em po a minha outra metade e um fa de cafe para mencionados este para o recepcionista e tinha fresco espremido e espresso todas as manhas posteriormente quarto era muito confortavel com boas camas uma grande tv de tela plana com canais thrillion e a boa ate a data a c o chuveiro era sobre x mm e foi facil de utilizar com pressao potente the staff were friendly este nao e um hotel moderno sinuosos apenas v confortaveis e tranquilos todos em todos um v bom hotel apenas uma forma escalonada e a queda da everwhere"
"Positive", "eu fiquei recentemente em este hotel encantador em beja para duas semanas enquanto que serve para um projecto global de voluntarios com voluntarios ensinando ingles no seio das escolas locais limpo silencioso e muito acolhedora residencial bejense foi o local perfeito para aprender e explorar a comunidade local a equipe muito simpatica com um pequeno almoco diario agradavel com forte saborosos e generosos montantes de cafe portuguesa permitiu nos para comecar cada dia com um sorriso os proprietarios fazem um excelente trabalho e realmente cuidam de seus hospedes eles trata lo como familia gracas a uma otima experiencia"
"Positive", "hotel encantador e historico passamos dias em um quarto espacoso com uma casa de banho essencial tanto muito very friendly and helpful staff o pensiont esta localizado em uma posicao perfeita desta bela aldeia pequena cafe da manha foi excelente a equipe simpatica servido bom cafe e uma incrivel seleccao de comida local estadia encantadora"
"Positive", "este hotel e ideal no centro da cidade os quartos eram smalish mas que possam ser porque tinha um dos maiores camas que eu ja dormi o quarto era confortavel e dos tranquilos um par de lugares para comer e um mesmo ao lado vendidos boa comida a um preco razoavel o breakfasst era bom e o acolhimento e a familia foram muito prestativos e educados certamente recomendo esta"
"Positive", "nos chegaram em beja impulsivamente que mudaram nossa planos de viagem em nosso onibus viagem de trem pelo sul de portugal o hotel tinha mudado onibus em beja com facil acesso ao caminho para mertola e tinha pensado beja observava como uma intrigante pequena cidade portanto no caminho de volta nos parou para uma noite em beja o residencial foi recomendado em um de nossos guias e foi bastante proximo da estacao de onibus portanto orientado para parte principal da cidade foi a familia que ia o hotel foi muito util e acolhedores nos teve um quarto com vista para dois com um generoso e variado buffet para a apenas euros tudo trabalhavam e foi sao impecaveis e em boas condicoes a reconstrucao da casa wifi em nosso quarto trabalhou perfeitamente tivemos uma"
"Positive", "o residencial bejense e um encantador hotel de gestao familiar no beja definitivamente o sweetest local da cidade se apreciar charme unico em uma boa maneira os quartos sao diferentes e decorados pelos proprietarios tudo e muito limpos e simples e obvio que os proprietarios se orgulha de negocios e fara de tudo ao seu alcance para fazer com que voce se sinta bem vindo nao muitos turistas na beja mas se voce estadia aqui"
