Sentiment, Review
"Positive", "ficamos noites em agosto numa mezzanine com bom quarto e cama na parte superior e grande sofa cama para a vontade a entrada do quarto quartos simples mas bem equipados o quarto de banho e grande com banheira e poliban com jatos de hidromassagem independentes como se trata de um agro turismo foi engracado tocar um sino a entrada assim como usar uma chave do quarto com um sininho no exterior a zona de piscina e acolhedora com relvado e espreguicadeiras mas algo pequena a envolvencia e muito bonita os pequenos almocos foram muito bons com um pouco de tudo e tudo muito bom o que me surpreendeu zonas interiores muito bem decoradas e cheias de pormenores ligados ao trabalho agricola e tradicoes alentejanas o staff e muito acolhedor muito simpaticas e"
"Positive", "o que se ve nas fotos nao retrata a a realidade pois e muito melhor um espaco fantastico para relaxar descansar o corpo e a mente o lago que envolve a herdade e a cereja no topo do bolo todo o espaco esta muito bem cuidado e fomos muito bem recebidos por todos um local que fica na memoria e que deixara saudades"
"Positive", "foram muito prestaveis a dar informacoes e ate fizeram a reserva do jantar que foi optimo a limpeza e imaculada e o pequeno almoco muito bom com ovos mexidos e ate um cafe expresso sem custo extra so e pena termos que esperar para nos servirem por causa da pandemia foi super tranquilo e a herdade e muito bonita e bem decorada mas a piscina e um pouco pequena quando estiver mais gente era uma of e estava super tranquilo tem uma vista linda e reconfortante para uma lagoa esta fica perto de uma boa praia fluvial ver foto"
"Positive", "deve se ter atencao que esta a poucos km do centro da cidade na estrada do aerodromo e preciso estar atento a entrada para nao despistar se mas uma vez dentro tem lugar de sobras para estacionar e e um remanso de paz calmo localizado junto duma albufeirinha linda com jardim com piscina que convida a relaxar quarto enorme e cuidado com vista ao jardim bonito e agradavel pequeno almoco bom com cuidados redobrados pela pandemia funcionarios de grande simpatia a fazer te sentir em casa"
"Positive", "espetacular simpatia do staff pequeno almoco muito bom espaco acolhedor quarto amplo e limpo para quem deseja um fim de semana de relax este e o lugar so faltou esperimentar a piscina que tem muito bom aspecto garantidamente lugar a voltar obrigado ao staff"
"Positive", "local muito giro ficamos numa suite espacosa e bem decorada a piscina e agradavel a vista do lago e espetacular fomos muito bem recebidos so houve um senao que nao sendo uma critica e um ponto a melhorar optamos por uma suite visto sermos adultos casal mais filha de anos e nao esperavamos uma cama extra apropriada para criancas mais novas como cama para um adulto tivemos de recorrer a cama king size para dormirmos os a cama dava perfeitamente para adultos dormirem com espaco com o senao de serem dois colchoes sem o acessorio de ligacao dos colchoes nao sendo a opcao ideal acabou por ser a solucao possivel para a noite que la passamos no entanto passamos um fim de semana muito agradavel e este sera um local a visitar numa outra oportunidade"
"Positive", "a herdade esta bem cuidada tem uns otimos quartos tudo bem higienizado a piscina e boa e o espaco envolvente tambem tem uma vista linda para um lago com patos o pequeno almoco e bom todo o staff sao super simpaticos e atenciosos na herdade tem um cao e quando ladra durante a noite e mais chato apesar do cao ser super tranquilo mas adoramos tudo voltaremos e recomendo"
"Positive", "fiquei apenas uma noite na herdade mas superou todas as expectativas o espaco e muito tranquilo rodeado por um lago e com uma piscina e zona de hidromassagem o quarto e rustico com todas as comodidades e conforto o staff foi extremamente simpatico e prestavel atendendo a todas as necessidades e oferecendo indicacoes houve um cuidado extra a higienizacao e limpeza do espaco quer no quarto quer nos espacos comuns o pequeno almoco tambem estava muito bom e com variedade aconselho esta herdade a quem quer descansar e desfrutar da paz do alentejo a min do espaco existe uma praia fluvial muito calma e tambem muito boa"
"Positive", "tipo rustico e tem todas as comodidades os quartos sao optimos e muito asseados tudo funciona correctamente o staff e espectacular muito educado e afavel recomendo vivamente este local para umas ferias ou ate estadia"
"Positive", "o espaco e muito bonito o servico e estrelas com os funcionarios sempre muito prestaveis a piscina e muito agradavel so peca pela ausencia de guardas sol devido ao covid tivemos que fazer o check out as h o que nao nos deixou margem de manobra para aproveitar mais a piscina o pequeno almoco e simples mas saboroso e pela primeira vez encontrei um alojamento hotel com leite sem lactose"
"Positive", "o quarto grande e wc limpos o acolhimento foi muito bom o pequeno almoco foi bom com o essencial devido ao facto da herdade estar vazia foi necessario andar a procura da senhora que estava nesse momento ao servico para trazer um cafe"
"Positive", "um bom lugar para se passar uns bons dias de ferias com familia fui com minha esposa e filho pequeno e ficamos bastante agradados com espaco em si bem como todo a envolvente funcionarios e bem estar aconselho vivamente a quem quer descansar una dias e fugir da rotina"
"Positive", "quartos espacosos assim como wc eramos varios casais com criancas e tiveram a amabilidade de nos colocar na mesma ala o que nos permitiu que as criancas circulassem entre os quartos sala e cozinha o que foi muito positivo zona de piscina agradavel junto ao rio a herdade tem varias infraestruturas como campo de tenis paintball kayak entre outros e possivel fazer birdwatching fizemos kayak com as criancas que estavam encantados com os flamingos e os gansos o staff e muito simpatico e prestavel o nosso especial agradecimento a d zezinha pela disponibilidade e simpatia para com as nossas criancas e a tambem a funcionaria que fez a reserva e que ja nao trabalha na herdade"
"Positive", "foram dias de estadia excelentes boa companhia boas refeicoes e o mais importante saber receber foi top o ambiente era tao familiar que surgiram naturalmente convivio com outros casais dos quais nasceram novas amizades para o resto das nossas vidas"
"Positive", "espaco fantastico o quarto onde ficamos e enorme mesmo com uma cama extra ainda existia imenso espaco com uma decoracao fantastica remota aos tempos antigos a casa de banho tambem enorme a zona da piscina e muito agradavel e acolhedora com vista para o lago existente o pessoal e todo muito amavel e acolhedor o pequeno almoco e bom pena mesmo ter ficado pouco tempo o espaco envolvente e muito agradavel certo que vou voltar excelente para descansar"
"Positive", "uma herdade muito agradavel com vistas deslumbrantes o pessoal muito atencioso mantendo todos pormenores cuidados quarto grande e casa de banho gigante cama confortavel a piscina tem uma vista linda"
"Positive", "ambiente agradavel piscina simpatica e quarto acolhedor muito tranquilo e repousado a reserva correu muito mal pois reservei uma suite junior que teria dois quartos com duas camas individuais cada o indicado para um casal e dois filhos na manha do dia reservado e quando ia a caminho ligaram me a informar que haveria um engano do booking e que a suite estava ocupada tendo como alternativa um quarto de casal onde colocariam duas camas para os miudos o que acabei por aceitar infelizmente por este erro de as cobraram me as duas camas extras"
"Positive", "paz e ver o tempo passar e o que nos aguarda em beja queria agradecer as boas conversas e boas indicacoes do sr filipe estrelas de bom no hotel tranquilidade humilde wc gigante tv bastante completa wireless mt bom boas areas simpatia do staff menos bom falta de produtos locais no peq almoco ausencia bar na piscina"
"Positive", "fiz a reserva de uma suite para adultos e uma crianca atraves do booking com e uns dias depois enviaram me um email a dizer que afinal a suite nao estava disponivel pelo que iam converter a reserva num quarto duplo contactei telefonicamente e disseram me simplesmente que teria havido um engano pelo que teria que ser assim mesmo depois de eu explicar que se tratava de pessoas e que iriamos ficar acanhados no quarto duplo que de resto decidi nao escolher aquando da reserva so me resta classificar este comportamento como um mau servico visto que aparentemente a gestao das reservas e aleatoria se fizerem a reserva atraves de plataformas como o booking por exemplo assegurem se que a reserva esta aceite para nao terem surpresas mais tarde"
"Positive", "sitio ideal para relaxar em familia bastante sossegado e staff muito simpatico local bastante bem aproveitado a nivel de condicoes limpo e cuidado o pequeno almoco poderia ser melhor aproveitado com produtos regionais dependendo do dia a zona da piscina e um pouco ventosa"
"Positive", "optimo para parar e relaxar um fim de semana o quarto com optimas areas com mobiliario rustico de apontar o otimo wc com tamanho consideravel dispoe de espacos amplos em torno do monte para um passeio a km de beja"
"Positive", "equipa fantastica lugar calmo e aprazivel quartos com decoracao cuidada e limpos bom pequeno almoco fim da estadia com uma visita a herdade feita pelo filipe sr arquitecto que trouxe ainda mais encanto ao lugar a unica falha nao ha wi fi nos quartos voltarei"
"Positive", "sitio muito agradavel com pessoas muito simpaticas ideal para um passeio relaxante em familia o pequeno almoco e variado com produtos de elevada qualidade e todos estao sempre atentos as necessidades dos clientes vamos voltar"
"Positive", "herdade muito bonita e bem conservada excelente atendimento piscina media suficiente para os hospedes o problema sao mesmo as abelhas vespas e aranhas na piscina nao se consegue descansar com tanta abelha gigante de roda de nos sabemos que sera um problema dificil ou impossivel de resolver mas que marca pela negativa o quarto era muito bom amplo com wc tambem ampla e asseado"
"Positive", "local aprazivel na planicie alentejana junto a lago com ilhotas e varias especies de aves a casa bonita e bem preparada para funcionar para agro turismo os quartos amplos com bons quartos de banho decoracao sobria e bonita sala de refeicoes luminosa com decoracao muito agradavel as pessoas muito simpaticas que proporcionam um ambiente acolhedor e familiar"
"Positive", "a herdade e grande e bonita sem duvida a paisagem da zona da piscina e bastante bonita e o sitio e muito sossegado se calhar ate demais nao ha grandes atividades e basicamente tudo se resume a piscina e quarto optamos por ir jantar a beja mas mesmo assim e em pleno agosto os melhores restaurantes estavam fechados para ferias reparamos que a maioria dos hospedes acabou por jantar na herdade o quarto e o wc sao espacosos mas revelam ja bastantes sinais de deterioracao principalmente a zona do duche que e de pedra tomei banho de chinelos o quarto era humido e cheirava um pouco a mofo tentamos arejar mas com atencao aos mosquitos que la fora eram as centenas a piscina e pequena mas suficiente para o numero de hospedes nao aguentamos muito tempo nas"
"Positive", "fomos realmente muito bem atendidos servico muito simpatico e disponiveis para que nos sentissemos em casa a herdade e muito tranquila os quartos sao grandes de boa qualidade e tudo muito limpo pode se ainda fazer refeicoes deliciosas obrigada pela otima rececao"
"Positive", "facil acesso algumas actividades campo de tenis piscina piscina em area junto a barragem higiene em toda a estrutura seguranca estrelas restaurante optimo a km raposo aeroporto de beja a min de carro staff muito afavel e atencioso"
"Positive", "muito agradavel sossego paisagens maravilhosas pessoal simpatico e atencioso sempre com o sorriso para dar fizeram nos sentir em casa sem duvida iremos regressar em breve obrigado por tudo"
"Positive", "espaco bonito sossegado talvez sossegado demais poucas atividades ou mesmo nenhumas nao servem almoco nem jantar nao tem bar disponivel que e lamentavel bom quarto grande espacoso casa de banho muito grande com banheira e puliban"
"Positive", "acolhimento muito bom pessoas atenciosas e sempre com sorriso na cara atendem aos pedidos do cliente realizaram jantar o qual estava muito bom e acima de tudo era comida caseira pequeno almoco muito bom fica a frente de muitos hoteis que ja estive sem duvida que recomendo e que quando estiver por estes lados irei reservar ca continuem"
"Positive", "para quem procura um momento de pausa do bulicio citadino este alojamento oferece essa oportunidade uma boa localizacao com gente simpatica a receber nos quartos confortaveis com aquecimento central tao util nesta altura do ano"
"Positive", "acolhimento fantastico o monte esta muito bem cuidado e os quartos sao espacosos e muito acolhedores a comida e excelente e os hospedes sao tratados com muita gentileza ainda tivemos direito a uma visita guiada pelo centro historico de beja muito obrigado filipe obrigado ainda a d ondina e ao sr francisco pela vossa atencao e simpatia que de tudo fizeram para que a nossa passagem de ano fosse estrelas espero podermos voltar em abraco"
"Positive", "local aprazivel com boas acomodacoes e as pessoas sao acessiveis e sempre disponiveis para o que for preciso a limpeza do chao dos quartos deixa um pouco a desejar a psicina e optima tem um espaco encantador e sossegado e tem um lago nas trazeiras da herdade onde podemos visualizar alguns animais que o habitam e pena que atras disso venham as moscas e nao conseguimos descansar a beira da piscina com as moscas a pousar o servico de pequeno almoco e bom e calmo perfeito para quem nao gosta de confusao ja o servico de jantar como e ocasional e mediante reserva e um servico lento e com pouca qualidade"
"Positive", "funcionarios simpaticos quarto pre aquecido a chegada bastante comodo casa de banho mto boa observei noutros comentarios o pequeno almoco como ponto negativo de fato a variedade nao e muita mas estava tudo muito bom especialmente o bolo de laranja"
"Positive", "o local e agradavel e espacoso fomos muito bem recebidos pelo pessoal com uma variedade de entradas muito boa os aperitivos eram todos caseiros de excelente qualidade e com sabores tipicos do alentejo a sangria de frutos vermelhos e o gin tambem estavam muito bons a sopa e os pratos de carne e peixe tambem estavam muito bem conseguidos nas sobremesas destacou se a mousse de chocolate"
"Positive", "escolhemos este alojamento de turismo rural com base nas informacoes recolhidas na internet incluindo no tripadvisor as nossas expectativas foram superadas logo a chegada com o tamanho dos quartos e com a simpatia com que fomos recebidos o alojamento e composto por pouco mais de quartos todos eles com grande areas muito bem decorados com ar condicionado aquecimento central e espaco para uma segunda cama para uma ou duas criancas existe tambem uma sala comum muita acolhedora com uma lareira onde se estava muito bem dado o frio da epoca e com tv esta sala da para a sala de refeicoes que tem uma excelente vista para a piscina e para o lago o pequeno almoco apesar de nao ser muito variado e suficiente e inclui sumo de laranja natural doces caseiros variados queijo"
"Positive", "um local fantastico com uma envolvente muito natural os quartos sao bastante grandes e com decoracao adequada piscina e zona envolvente muito acolhedora nao e uma piscina muito grande mas e suficiente para o refrescar do corpo jantar e uma experiencia tambem muito boa comida caseira e com umas entradas tradicionais e saborosas todos muito simpaticos e com disponibilidade para nos esclarecer todas as questoes e mostrar os diversos espacos da herdade"
"Positive", "muito bom um ambiente familiar muito recomendavel para passar ferias em familia e tambem com criancas fiquei num quarto fantastica o ambiente envolvente e muito acolhedor tudo muito limpo e arrumado a pequena barragem na herdade faz nos queres dar um passeio pela natureza"
"Positive", "o monte da diabroria e muito bonito e situa se proximo de beja e conveniente ter um meio de transporte proprio para ficar neste alojamento pois a pe a distancia ainda e consideravel e o caminho e via estrada nacional o alojamento e excelente com boa vista e optimas instalacoes os quartos sao espacosos com uma limpeza excepcional as areas comuns sao tambem excelentes com uma piscina e area de pequenos almocos com vista para uma zona de albufeira o pequeno almoco e farto e com produtos regionais muito agradavel e variado o que realmente faz a diferenca neste alojamento e a simpatia do pessoal com grande destaque para a d adriana que nos fez sentir em casa e foi de uma amabilidade e hospitalidade extraordinarias recomendo vivamente este alojamento"
"Positive", "autoridade superior estava tendo um aniversario significante assim nos decidimos em duas noites fora nos fomos principalmente para geocaching e encontramos caches ao longo dos dias o hotel foi uma unidade de lugares para comer e eles nao fizeram jantar a noite apenas ser ser nos comemos em ferreira a primeira noite mas quando nos perguntamos eles disseram que cozinhariam para nos a segunda noite se nos desejassemos para cada vinho de inc assim nos dissemos sim e ordenamos peixe eu perguntei calmamente a recepcionista se ela poderia ter um pequeno bolo de aniversario havia apenas nos em nossa mesa a luz de velas eo proprietario e sua familia de em outro eles serviram o peixe com batatas e cebolas entao voltaram com um curso adicional um prato de carne"
"Positive", "eu queria visitar a area e de beja este lugar era apenas a direita para mim eu estava batam uma cerca em um muito espacosa suite junior que foi nitida moderno e teve o melhor banho que eu ja vi em um hotel eu tinha um ninho de engolir em um nicho fora do meu lado o estabelecimento esta situado ao lado de um lago o que seria perfeito para observadores e da um aspecto muito agradavel i foi um pouco surpreso ao descobrir que nao ha refeicao da noite a menos que os proprietarios decidir que o hotel esta cheio o suficiente para justificar o problema mas nao e um restaurante muito simpatico em sao brissos um casal de km de distancia que serve excelente cozinha local a precos ridiculamente baixos pequeno almoco no h of d foi um pouco erratica e suposto para comecar em"
"Positive", "ficamos aqui por noites o nosso quarto era um quarto recentemente renovado bom tamanho grande casa de banho com rainshower nus freestanding nus e banheira aconchegante tipico deco bom equilibrio novo e antigo para o pequeno almoco recebemos seleccao qualidade e produtos regionais ate mesmo compotas caseiras nao e um m buffet longo mas tudo o que precisa e tudo e bom se voce precisar de algo pergunte e fara tudo para o ajudar tivemos jantar duas vezes muito bom e culinaria regional voce se sente parte da familia so posso comentar que eu poderia pensar seria util se houver um recepcao de sinal praca porta principal para a direita em arco principal caso contrario perfeito paz e tranquilidade sao as palavras chave estara de volta"
"Positive", "servico a equipe foi estelar d adriana realmente nos fizeram sentir em casa aqui comodidades piscina era pequeno para a quantidade de quartos e acesso wi fi nao chegar ao nosso quarto outras que a cama era confortavel o banheiro era enorme com banheira e chuveiro e tudo era limpo o ar condicionado foi uma dadiva o pequeno almoco de comida era muito bom com regional produtos frescos bolos caseiros e compotas caseiras o almoco ou jantar e fornecido entao voce precisa de carro para a cidade mais proxima para alimentacao beringel kms de distancia localizacao a fazenda tem animais um campo paintball um patio grande e uma piscina beringel apesar de pequena vale a pena visitar voce tem uma represa proxima e de beja esta tambem a uma curta distancia de carro"
