Sentiment, Review
"Positive", "chamada grosseira recebida no dia de check in a avisar que se nao chegassemos antes das mais valia ficar noutro sitio e cancelar reserva quando fizemos questao de entrar em contacto a questionar isto mesmo semanas antes da reserva e a avisar que poderiamos chegar tarde caso houvesse um imprevisto contactam no proprio dia ja sem possibilidade de cancelamento e sem possibilidade de arranjar outro sitio visto que as opcoes ja eram quase nulas cheiro insuportavel a esgoto casas de banho higienizada mas sem qualquer tipo de comodidades gel de banho sabonete em geral um hostel que nao vale o preco"
"Positive", "viemos passar dias a beja e escolhemos o hostel beja para ficar em familia adultos e criancas o espaco e limpo a relacao qualidade preco e muito boa e os funcionarios sao excelentes e super prestaveis a menina da rececao e top trocaram nos as toalhas todos os dias fizeram a limpeza diaria e foram super cuidosos em perceber se estava tudo ao nosso gosto o hostel esta localizado numa zona central com estacionamento facil andamos sempre a pe a pequena anotacao fica para os outros hospedes que sao pouco cuidadosos com o barulho das portas gostamos muito e recomendamos"
"Positive", "quarto pouco acolhedor e um bocadinho frio casa de banho com chuveiro que toda agua caia no chao caldeira que apenas dava para uma pessoa fazer um duche de min pequeno almoco fraquissimo com pouco variedade de produtos e zero de produtos regionais"
"Positive", "nao recomendo ao meu maior inimigo pequeno almoco de mendigo cama de sem abrigo agua para esquecer aquecimento seculo a realcar o tendimento gostei mas as instalacoes onde anda a asae coitados dos hospedes que por aqui passam tem muito bom fotoshop"
"Positive", "sem duvidas uma boa opcao para quem quer conhecer beja optima localizacao e de facil acesso os funcionarios foram atenciosos de forma resolver o check in uma vez que chegamos mais cedo que o previsto experiencia a repetir"
"Positive", "bom servico e ambiente acolhedor pequenos almocos abundantes e variados simpatia do servico hostel muito centrico num largo com muita tranquilidade sem barulhos a noite quartos com ar acondicionado recomendo sem qualquer duvida"
"Positive", "o hostel apresenta uma decoracao acolhedora e o quarto estava limpo arrumado assim que chegamos a cama de cima da beliche parecia nao estar muito segura pois assim que deitados nela ela abanava muito o pequeno almoco tinha pouca variedade e se chegassemos mais tarde poderiamos ja nao ter algumas comidas no entanto para o preco que era estavamos bem servidos o beja hostel encontra se perto das piscinas municipais de beja para quem quiser passar um dia de calor na piscina preco tambem acessivel o hostel tem uma boa localizacao"
"Positive", "o hostel esta numa boa localizacao da cidade de beja e o quarto onde ficamos tinha uma boa vista e alem disso uma varanda ate bastante agradavel a cama era pessima o colchao nao era nada bom e alem disso ouvia se as molas da cama cada vez que me virava durante a noite acordava"
"Positive", "nao gostamos o hostel estava em obras o quarto onde ficamos estava inacabado sujo e muito barulhento apesar do preco simpatico nao correspondeu nada ao esperado se nao ha condicoes nao se deve receber e assim que as mas classificacoes aparecem"
"Positive", "hostel com uma decoracao muito simpatica economico em termos de preco qualidade excelente atendimento do sr jose sempre atencioso e prestavel recomendo a quem pretenda pernoitar em beja pequeno almoco bem servido e variado"
"Positive", "esta localizado perto do centro historico e da famosa pastelaria conventual luis da rocha o espaco e airoso e iluminado com uma decoracao alegre e convidativa o quarto e limpinho e agradavel zona calma e sem grande ruido o senhor mais velho e uma simpatia de pessoa e muito educada como o recepcionista que mostrou grande interesse na historia de beja o pequeno almoco foi bom com um buffet variado um bom sitio para ficar sem duvida"
"Positive", "hostel bem decorado economico em termos de preco qualidade excelente atendimento do sr jose sempre atencioso e prestavel recomendo a quem pretenda pernoitar em beja pequeno almoco bem servido e variado"
"Positive", "bons quartos com wc privado decoracao moderna e de bom gosto o sr foi muito atencioso chegamos depois da hora e o sr estava a espera sem stress e a calma do belo alentejo a rua e sossegada boa para descansar"
"Positive", "aparentemente interessante e com varios pontos positivos mas o colchao de molas e um chuveiro mau a falta de ar condicionado numa cidade que faz graus no dia e a noite nao doi facil limpo com pequeno almoco pao normal quando existe pao alentejano fantastico fraco mas pelo preco nao se pode pedir muito mais"
"Positive", "apesar de simples a decoracao e moderna com materiais reciclados area de convivio e cozinha comum apesar de nao ter pequeno almoco incluido foi disponibilizado por quem nos recebeu alguns alimentos tais como fruta cereais leite pao queijo fiambre e outras coisas mais"
"Positive", "o hostel foi renovado recentemente as instalacoes sao basicas mas muito asseadas e confortaveis o hostel providencia toalhas o que me parece excelente estivemos la em fevereiro e apesar de o hostel estar cheio os hospedes foram muito respeitadores e silenciosos permitindo que nos pudessemos descansar convenientemente o hostel esta muito bem localizado"
"Positive", "gostei muito desde o atendimento muito bom ficando mesmo surpreendido pela positiva limpeza decoracao e a localizacao relacao preco qualidade na qual recomendo em suma gostei imenso do conceito e de certo voltando novamente a beja sera onde irei voltar a ficar"
"Positive", "o hostel de beja e muito limpo a decoracao e muito boa feita de material reciclado parte dela feita com bom gosto a recepcao foi boa preco muito bom tem pequeno almoco incluido e com variedade situa se bem no centro da cidade de beja nao se houve muito ruido bom para passar umas noites"
"Positive", "basicamente enganaram me disseram me que o pequeno almoco estava incluido no preco e que era a partir das h quando fui para tomar o pequeno almoco bati com o nariz na porta e esperei ate as h conclusao tive de ir tomar o pequeno almoco noutro lado recomando a hospedaria dona maria"
"Positive", "segunda vez estadia aqui com meu marido e novamente i teve um otimo e confortavel tudo foi tao nice e impecaveis funcionarios simpaticos e decoracao doce me fez ficar aqui novamente e novamente obrigado"
