Sentiment, Review
"Positive", "local calmo acolhedor e com a simpatia de proximidade no servico prestado proximo da costa vicentina ou das planicies alentejanas permite planear bons passeios na vizinhanca ou usufruir do local com passeios pedestres o pequeno almoco caseiro e variado ajuda a comecar bem o dia"
"Positive", "a tranquilidade existe aqui um silencio tranquilo optimo para descansar a piscina tem o tamanho ideal o jardim super convidativo os quartos muito bonitos e o pequeno almoco com produtos do alentejo e do proprio monte o luis o anfitriao e uma simpatia no monte a floresta encontramos um ambiente familiar um local para se voltar"
"Positive", "tudo o que passo a mencionar e pouco ou sera pouco para descrever a minha experiencia no monte da floresta neste espaco singular encontra se serenidade qualidade e muita competencia carregada de dedicacao e amor o anfitriao e eximio na arte de bem receber disponibilizando se a apoiar em tudo o que for necessario e mimar os hospedes com pormenores que fazem a diferenca como presentea los com uma excelente limonada e fruta acabada de apanhar aquando os banhos de sol junto a piscina o espaco e reflexo da imensa dedicacao e trabalho traduzindo se num bom gosto e tranquilidade que e o que se procura neste tipo de turismo desde decoracao dos quartos amplos e com mobiliario de cunho familiar ao espaco exterior de area generosa com uma piscina muito bem enquadrada e com uma"
"Positive", "o espaco e extremamente limpo o sr jose luis e mesmo muito simpatico atento e cuidadoso tanto com o espaco como com os hospedes a casa tem historia e acolhedora mas o jardim e fenomenal tem imensos recantos lindos para ler meditar ou simplesmente aproveitar a paisagem alentejana e o melhor e o cantar dos passarinhos como pano de fundo o pequeno almoco e bastante composto com diversos produtos da regiao e o local ideal para quem gosta de natureza calma para passar uns dias em casal para almocos e ou jantares existem varias opcoes simples ou mais elaboradas a min de carro em ferreira do alentejo ou noutras localidades um pouco mais longe entre a min de carro no alentejo come se muito bem aconselho"
"Positive", "tudo muito bom comecando logo pela localizacao isolada mas ainda assim a minutos de uma povoacao com todos os servicos necessarios o quarto era enorme mas muito acolhedor e impecavelmente limpo o jardim e bonito e com muitas sombras tranquilas a piscina e mais que suficiente para um mergulho refrescante e todo o espaco a volta esta bem cuidado o pequeno almoco e simples mas com produtos locais de grande qualidade tudo ao mais alto nivel"
"Positive", "tudo otimo simpatia do proprietario limpeza espaco pequeno almoco tudo muito bom recomendavel para qualquer tipo de estadia a dois familia com e sem animais ou trabalho local otimo para relaxar e sentir a natureza"
"Positive", "a simpatia da funcionaria fizeram nos sentir sempre muito bem vindos o quarto e restantes zonas sao limpas e cuidadas o pequeno almoco e simples puro e muito bom recomendo para quem precisa de descansar informacao imprecisa sobre carregamento eletrico de automoveis nao existe posto de carregamento mas a possibilidade de usar uma tomada eletrica de rede"
"Positive", "nao e facil encontrar palavras suficientes e significativas que nos permitam exprimir fielmente a nossa passagem no monte da floresta um cenario rural mas idilico e romantico uma decoracao rustica facilmente identificada pelos seus tracos intimamente ligados a vida do campo um conforto descontraido mas muito cuidado em funcao dos visitantes aliados ao atendimento onde o calor humano impera e a atencao nos pequenos detalhes e sinonimo de diferenciacao o sorriso a calma e a capacidade de concretizacao do sr jose luis sao o extraordinario prenuncio de um regresso parabens e obrigado"
"Positive", "excepcional em termos de qualidade do acolhimento o a vontade do anfitriao condicoes fisicas os moveis sobretudo as camas e comodas a familiaridade de quem parece que nos conhece desde sempre rapidamente neste sitio se esquecem as agruras da vida abraco ao amigo jose luis pela rececao e a uva pela companhia no passeio matinal"
"Positive", "queriamos um lugar descontraido e sossegado para passar os ultimos dias de ferias e o monte da floresta preencheu todos os requisitos desde a decoracao que esta espetacular a simpatia do anfitriao e dos seus amigos de patas ao espaco exterior com piscina podemos respirar ar puro logo no primeiro dia fomo recebidos com um lanche junto a piscina ficamos com pena de so passar noites quando possivel iremos voltar"
"Positive", "uma quinta recuperada para b b o dono esta presente e e super prestavel o quarto e restantes zonas sao limpas e cuidadas o pequeno almoco e simples puro e muito bom recomendo para quem precisa de descansar zona envolvente muito calma e relaxante sem duvida um local a voltar"
"Positive", "fantastico confirmo tudo o que de bom tem sido dito sobre o anfitriao e sobre o alojamento excelentes condicoes para descansar relaxar e apreciar um por do sol fantastico com uma envolvencia linda quartos e demais espacos decorados com muito bom gosto as mobilias sao lindas e um excelente pequeno almoco e um lugar aprazivel e o seu anfitriao e uma simpatia parabens jose luis martinho nos voltaremos de certeza"
"Positive", "simpatia e disponibilidade do anfitriao sempre pronto a agradar com pequenos mimos limpeza excelente quer no interior quer no exterior tranquilidade e bonita vista pequeno almoco simpatico e agradavel com doce caseiro no entanto sentimos algum barulho no corredor logo de manha existe uma porta que separa a zona dos quartos do resto da casa que nem sempre esta fechada seria boa ideia dispor de mais sombras na piscina por abuso de alguns hospedes nunca conseguimos usufruir da cama e rede tao agradaveis a sombra"
"Positive", "mesmo ao lado da n com excelentes condicoes desde quartos ate ao espaco envolvente piscina com uma vista muito bonita e excelente para relaxar pequeno almoco formidavel com bastante variedade e tudo fresco jose e raquel muito prestaveis e hospitaleiros"
"Positive", "raquel e jose super prestaveis disponiveis e simpaticos lugar excelente pequeno almoco excelente quartos limpeza piscina tudo perfeito lugar tranquilo para familias com criancas vamos voltar"
"Positive", "foi uma surpresa agradavel este monte em ferreira do alentejo ficamos um fim de semana para comemorar o aniversario de um amigo com vontade de voltar para experimentar a lareira alentejana o jose e muito hospitaleiro adoramos"
"Positive", "pertinho da vila ds ferreira do alentejo existe uma perola que se chama mkntw da floresta tudo aqui e bom os quartos o espaco a piscina o atendimento a qualidade do ar enfim mesmo tudo os parabens ao jose martinho pela dedicacao e amabilidade de receber os hospedes"
"Positive", "lugar fantastico e hospitalidade uma recepcao calorosa espera por voce a bela pousada e uma das casas de cidade mais destacadas de ferreira localizada numa zona de campo tranquila apenas a minutos de carro do centro da vila de beja o cafe da manha foi excelente belas amenidades nos amamos o grande jardim lindo e nosso lindo quarto lugar incrivel com muito amor e carinho nos tivemos uma experiencia maravilhosa amei tudo sobre isso altamente recomendado simplesmente inesquecivel obrigado jos kristina e kelly"
