Sentiment, Review
"Positive", "o imani fica perto de evora e ainda mais perto do fantastico cromeleque dos almendres e uma propriedade rural cheia de laranjeiras e oliveiras bem cuidada bonita e super calma para quem procura lugares assim sem vizinhos a volta excelente para recuperar energias e passar um tempo tranquilo bons quartos limpos e bonitos duas piscinas bem tratadas guarda sol e cadeiras regras atuais bem coordenadas bom wifi um excelente restaurante tanto no espaco muito agradavel como na qualidade da comida seja do pequeno almoco do snack todo o dia e do jantar os precos e que sao um pouco altos embora como disse a qualidade fosse boa a simpatia e eficiencia dos colaboradores todos e fantastica e sentimo nos em casa ali podemos apenas nao fazer nada sentir o barulho do"
"Positive", "local magnifico para descansar em paz num ambiente rural de grande tranquilidade hotel muito lindo quartos espacosos e bonitos muito confortaveis destaco a simpatia e solicitude de todo o pessoal sempre pronto para ajudar e incansavel no apoio aos hospedes o unico ponto menos positivo sao as opcoes do arquiteto na casa de banho pois deu preferencia a arranjos esteticos sofisticados mas muito pouco praticos e funcionais"
"Positive", "visita com amigos em tempo de pandemia e ainda com muitas restricoes associadas limpeza e desinfecao eximias e com uma simpatia extrema das empregadas fizeram desta estadia um sucesso o seu velhinho burrinho e uma das atracoes principais e muito querida apesar de o restaurante estar fechado houve a possibilidade de o pequeno almoco e refeicoes serem disponibilizadas no quarto sempre com a maxima seguranca tranquilidade simpatia e seguranca no tradicional alentejo muitas atividades extra possiveis nas redondezas que o pessoal do hotel ajuda a organizar"
"Positive", "ideal para um momento a dois ou em familia em puro descanso e no meio do alentejo a herdade foi recuperada e transformaram as cavalaricas em quartos com apenas quartos e duas piscinas um staff super simpatico que nos recebe como se estivessemos chegado nao a um hotel mas sim a uma casa de familia decoracao pensada ao pormenor prima pela autenticidade da para relaxar nas piscinas jogar um snooker ou simplesmente passear pela herdade e cumprimentar a burra que passeia pela herdade recomendo"
"Positive", "superou as minhas expectativas foi um fim de semana supresa e que otima supresa recomendo e voltarei suite qualquer coisa de extraordinario para quando se quer fazer uma supresa a sua cara metade"
"Positive", "parabens pelo bom gosto da simplicidade sendo eu alentejano e a viver fora senti me em casa pelos objetos espalhados na decoracao parabens e o obrigado pelos dias de sossego e calmaria e um espaco que prima pelo bom gosto e pela sossega sempre quero ver como o traslater vai traduzir muita simpatia bem estar a suite era fantastica e o despertar pelos passaros fez me sentir menino outra vez pequeno almoco divino bons produtos jantar bem servido e muito bem confecionado comida com sabor e tao alentejano parabens por manterem as tradicoes e os nossos manjares prato generoso o que tambem e bom para nao falar na excelente e variada carta de vinhos da vontade de os beber a todos unico reparo mas de uma forma construtiva faltou me uma carta de lanche ou snaks uma tabua"
"Positive", "adoramos tudo sitio perfeito para viajar a dois ou em familia temos uma filha de anos que amou imenso espaco para correr brincar dar mergulhos e sem necessidade de estarmos preocupados para onde vai ou nao vai a comida a simpatia o espaco tudo muito bom recomendamos e vamos voltar"
"Positive", "por so ter quartos e considerada casa e nao hotel muito agradavel quarto bem decorado e muito confortavel a banheira escavada no pavimento e engracada mas nao tao pratica pequeno almoco muito bom com produtos de qualidade pode se almocar e jantar o que e confortavel embora evora fique mesmo ao lado servico simpatico e profissional ambiente descontraido e com decoracao sui generis consegue se repousar com qualidade a repetir sempre o unico ponto menos agradavel e mesmo o transporte das bagagens"
"Positive", "eis um refugio no verdadeiro sentido da palavra isolado tranquilo confortavel e ao mesmo tempo perto de evora o que permite a quem o desejar percorrer as areas circundantes terreno amplo quarto confortavel e requintado areas comuns generosas e despretensiosas existe de facto uma mistura curiosa de requinte e de rusticidade que podem parecer antagonicos no inicio mas que vao fazendo sentido existe espaco para melhorar sobretudo no acesso ao parque e no cuidado nas areas de jardim mas a experiencia global em nada e afectada por isso pequeno almoco agradavel como sempre as pessoas fazem a diferenca e aqui a equipa mostrou se sempre disponivel com simpatia genuina e grande profissionalismo e por isso um espaco a recomendar a todos os que procuram"
"Positive", "lugar fantastico para descansar afastado do mundo atendimento excelente quarto novo iluminado com uma decoracao otima cafe da manha simples mas delicioso o banheiro e otimo com excecao do chuveiro que era um pouco desregulado ficamos no quarto local quieto perfeito para desligar do mundo"
"Positive", "espaco encantador sossegado e cuidado os varios espacos existentes na propriedade permitem aos hospedes usufruir de momentos sossegados funcionarios simpaticos e sempre disponiveis limpeza impecavel ideal para descansar e desligar jantar muito bom acesso simples e muito proximo de evora"
"Positive", "adorei tudo o quarto o espaco envolvente as piscinas o jantar o pequeno almoco e o staff nao existe mesmo nada a apontar ve se que foi tudo pensado ao pormenor para nos sentirmos bem parabens"
"Positive", "atencao muito elegante e pouco pretensiosa apesar de sermos os unicos clientes naquela noite nem por isso o servico foi menos excelente o quarto excede as expectativas com um espaco a lareira confortante o pequeno almoco simples mas com todos ingredientes necessarios a uma manha de ferias em casal nota para todo o staff"
"Positive", "excelente para um fim de semana de descanso unidade longe de qualquer tipo de ruido e em harmonia com a natureza que a rodeia funcionarias muito simpaticas e atenciosas claudia e kika obrigado quarto confortavel com ar condicionado e salamandra cama de qualidade assim como os travesseiros a suite no tem uma wc sem muita privacidade fica mesmo no quarto com apenas uma parede a separar nao nos incomodou pessoalmente mas para alguem que prefira mais privacidade talvez incomode pequeno almoco simples mas com variedade mais que aceitavel iguarias de qualidade e variadas conforme ilustram as fotografias que anexo menu de jantar muito limitado com precos elevados para o que e e sem retirar partido da gastronomia local que e riquissima fomos sempre almocar e jantar fora"
"Positive", "a quinta aproveitou com mestria as bases de uma antiga quinta alentejana cada casa recuperada e decorada com atencao ao mais infimo pormenor e muito confortavel espacosa o espaco de refeicoes e magnifico e amplo ideal para fins de semana com amigos a equipa de apoio e de uma simpatia e disponibilidade extrema a atencao as necessidades dos clientes e constante optima experiencia recomendo vivamente o unico aspeto menos positivo e o caminho de acesso em terra batida e com bastante buracos o que podera ser um problema em dias com mais chuva"
"Positive", "atendimento excelente quartos bem decorados tirando o lavatorio do wc pouco adequado para ser utilizado espaco muito acolhedor e refeicoes muito bem servidas de referir o especial cuidado no tratamento e entretenimento das criancas do grupo muito obrigada"
"Positive", "bastante agradavel sitio simpatico quartos modernamente decorados casa de banho moderna simples mas com o necessario pequeno almoco bom e com variedade suficiente pessoal em geral muito simpatico atencioso e eficiente unico senao as zonas exteriores as envolventes ou seja os jardins e outras areas comuns a precisar de um maior cuidado valeu a pena preco acima da media e do que entendi razoavel para a oferta mas como manter um espaco daqueles com apenas quartos"
"Positive", "hotel onde todos os detalhes sao irretocaveis uma delicia cada hora se descobre um cantinho oculto ainda mais charmoso agora o melhor de tudo e a presenca de vera a alma de nossa estada la gentil atenciosa precisa e discreta ela e o maior diferencial do hotel"
"Positive", "que vistas e que paisagem maravilhosa o atendimento e do melhor e a decoracaodas suites impera o conforto e o bom gosto com a mistura do vintage por todo o lado o jantar no alpendre em plena noite de verao alentejana e altamente aconselhavel bom hotel para familias"
"Positive", "para la chegarmos e um pouco complicado pois o acesso e um caminho de terra batida em mau estado no entanto compensa quando chegamos pois tem uma localizacao espetacular onde reina a calma so se ouvem os passaros e as vacas o quarto e espacoso e confortavel a piscina perto da rececao e muito boa este alojamento prima pela privacidade pois so tem quartos o unico aspeto menos positivo na minha opiniao foi o pequeno almoco com pouca variedade penso que pelo preco praticado deveriam ter uma maior oferta ao cliente pormenor de todos os dias oferta de um chocolate na almofada"
"Positive", "imani country house e sem duvida um espaco magico desde a altissima qualidade no atendimento bem como a atencao dos colaboradores este lugar e um verdadeiro oasis no alentejo tem o seu proprio vinho em colaboracao com um enologo conhecido denominado incognito entre outros a nao perder a sua degustacao quanto a gastronomia recomendo o bacalhau feito pelo chef jose pedro vasconcelos divinal no meio de toda esta qualidade esta a pouca distancia do cromeleque dos almendres um espaco energetic um optimo pequeno almoco um banho numa das fantasticas piscinas e um passeio ate ao cromeleque cheio de interessantes curiosidades fazem um final de tarde revigorante e tornam o iamani um espaco divino e magico a muito poucos kms tem evora o que torna a"
"Positive", "um pequeno paraiso a nossa estadia foi das melhores de sempre o imani e um pequeno paraiso no alentejo os jardins e o espaco envolvente sao deslumbrantes os quartos grandes com uma decoracao excepcional que conjuga o rustico e o moderno a atencao dedicada aos hospedes e fora de serie o mimo o cuidado a amabilidade e a disponibilidade para agradar sao incomensuraveis a comida e extraordinaria ate a musica que fomos ouvindo na sala de refeicoes e no jardim nos encantou excelente sitio para relaxar ah adoramos os burros e o gato"
"Positive", "simplesmente perfeito a quinta e um primor deslumbrante jardins e paisagismo cuidados com esmero e competencia quartos confortabilissimos as instalacoes sao de altissimo padrao com qualidade e bom gosto em todos os detalhes entreve se em cada canto o capricho perfeccionista com que foi pensado e executado a sala de refeicoes e a mais acolhedora que ja vi num hotel e o staff consegue ombrear com a excelencia do espaco fisico simpatia e gentileza irretocaveis sara foi a melhor anfitria que alguem podia desejar agradeco lhe em especial mas cumpre assinalar que tambem gentilissimos foram d kica tania e andre sentimo nos em casa o tempo todo ate o gato parecia que era nosso os proprietarios estao de parabens raras vezes ve se a perfeicao ser atingida o imani e"
"Positive", "uma boa casa da campo o atendimento e supersimpatico o pequeno almoco muito bom com produtos locais e os quartos sao magnificos o descanso e garantido a menos que o chilrear dos passarinhos o incomodem o ponto menos positivo que o imani e alheio sao os acessos uma chamada de atencao da camara local contudo vale bem a pena"
"Positive", "pessoal muito atento e simpatico o pequeno almoco delioso em especial o bolo os quartos sao grandes e relaxantes e a quinta bem cuidada as criancas adoraram nem sao criticas mas acho que poderiam melhorar o acesso entre entrada e estacionamento e ter mais variedade de cultivo animais"
"Positive", "a imani prima pelo atendimento de excelencia perfeito para descansar a dois passar uns dias a relaxar nas duas piscinas colocar a leitura em dia o restaurante da imani e ideal para quem nao pretende pegar no carro durante a estadia os funcionarios estao sempre disponiveis para ajudar sempre com um sorriso"
"Positive", "para quem procura encontrar um pouco de paz a imani e a escolha perfeita aqui o tempo tem outro tempo e ganhamos tempo para relaxar apreciar a paisagem perdermos nos em conversas e deliciarmos nos com os sabores intensos da comida alentejana"
"Positive", "um local muito bonito decoracao muito cuidada e cheia de pormenores de muito bom gosto o staff muito preocupado educado e simpatico para turismo rural esta muito acima do que se espera no entanto o que oferece e os precos que praticam sao de hotel e ai esperava mais oferta em termos de servicos acabou por ser uma experiencia positiva"
"Positive", "conforto e a palavra de ordem quando pensamos na imani os cantos e recantos dos jardins os lagos e piscinas as espreguicadeiras os quartos a area de refeicoes o honesty bar tudo foi pensado ao pormenor para conforto dos hospedes o staff e muito atencioso e nao podiamos ter esperado melhor estadia o unico ponto fraco e a estrada de acesso a quinta que deixa muito a desejar mas e um pormenor infimo comparado com tudo o que o espaco tem para oferecer"
"Positive", "muito tranquilo e bonito e perfeito para descansar somos uma familia com criancas e elas adoraram dar festas aos burros correr pela relva e apanhar limoes a comida do restaurante e do pequeno almoco era deliciosa os espacos comuns eram bonitos divertidos e contemporaneos a simpatia da equipa e notavel"
"Positive", "apos estadia so temos a dizer que o excelente comeca no atendimento comida com um espaco magnifico quartos espacosos limpos e muito bem decorados pessoal muito simpatico sempre atento a qualquer falta acessos bons e devidamente seguros so podemos aconselhar a estadia nada temos a dizer em contrario parabens pelo bom trabalho"
"Positive", "fantastico local com ambiente relaxante e descontraido onde apetece ficar uns dias a desfrutar servico excelente e decoracao dos espacos cuidada e original conceito distinto pelo reduzido numero de quartos servico de refeicoes e apoio aos hospedes sempre disponivel experiencia a repetir"
"Positive", "casa de turismo de habitacao de elevada categoria muito bom gosto na decoracao quarto muito confortavel e todo o ambiente e bastante acolhedor excelente para um fim de semana de relax a internet funciona impecavelmente mas a televisao por satelite nao foi userfriendly o que limitou o seu uso o pequeno almoco e bem caseiro e variado considero altamente recomendavel para dias de bom tempo ja que o trajecto do parque aos quartos todos de acesso individual e dos quartos para a sala de refeicoes convivio e todo feito pelo exterior se estiver muito frio ou a chover muito torna se desagradavel perante esta pequena limitacao considero que o preco praticado em epoca baixa e muito elevado tendo em consideracao a oferta e a concorrencia similares no entanto a"
"Positive", "elegemos este hotel para passar o fim de semana do dia dos namorados e um local ideal para todas as epocas do ano mas muitos conseguem no ser no verao mas depois no inverno falham redondamente este nao este tem carateristicas que o tornarao unico no verao para namorar e descansar nos varios recantos que possui numa ou noutra piscina no bar exterior ou interior num outro qualquer lugar refugiado do calor mas num dia chuvoso este local e unico as suites tem lareira o que permite estar sossegado a ler um livro um jornal ou simplesmente a descansar no calor do quarto as camas sao extremamente confortaveis e grandes as casas de banho sao amplas e bem projetadas e no salao improvavel que serve de sala de pequeno almoco restaurante sala de jogos de leitura ou de"
"Positive", "simpatia do staff sentirmo nos a vontade como se estivessemos em casa o conceito de casa de campo a decoracao vintage original os animais da quinta o pequeno almoco servido ate ao meio dia a salamandra no quarto o preco face a expetativa pormenores os carros ficam no meio do campo com mau tempo enlameamos os pes tinha uma teia de aranha na casa de banho dado o devido desconto por ser casa de campo a estrada de acesso em terra batida mas cheia de socalcos embora se perceba que com a chuva nao haja muito a fazer"
"Positive", "o atendimento cuidado comecou mesmo antes da nossa chegada com um telefonema de cortesia na manha do dia da entrada no hotel oferecendo indicacoes para la chegar tal nao se revelou necessario visto que esta muito bem indicada a partir da povoacao de guadalupe que fica muito perto da saida da a a propriedade surpreendeu nos logo a entrada pela sua beleza e pela manutencao cuidada dos olivais pomares de laranjeiras e pastos o enquadramento do hotel na paisagem e extraordinario assim como as vistas que se tem a partir de qualquer um dos quartos as zonas comuns para alem da propriedade agricola com hectares conta com a generosa sala de refeicoes uma recem inaugurada loja de vinhos um honesty bar um telheiro com mesa de refeicoes sofas e rede de descanso e duas"
"Positive", "pontos positivos as instalacoes a decoracao o conforto aspectos a melhorar a climatizacao o dimensionamento das aguas sanitarias e o caminho para a quinta e nao precisam de ser tao prestaveis e solicitos deixem as preocupacoes de lado e visitem esta casa de campo onde relaxar e palavra de ordem"
"Positive", "ao chegar ao imani sentido nos agradavelmente envolvidos no meio de hectares de um lindo e bem cuidado olival a propriedade combina a traca antiga com o design e decoracao muito bem conseguidos e de bom gosto sobretudo na sala de refeicoes e na suite onde nos hospedamos o silencio e absoluto e respeitado por todos as duas piscinas em espacos diferentes convidam ao descanso e relaxe o servico e excelente e a amabilidade e profissionalismo da sara e do joao ajudaram a que este dia fosse ainda mais memoravel voltaremos em breve"
"Positive", "quem procura um paraiso para relaxar tem que conhecer esta casa de campo a qualidade e a palavra chave tudo e incrivelmente bom do espaco aos quartos passando pela comida e ainda pela simpatia de todos os que la trabalham fomos no verao mas voltaremos no inverno muito muito bom"
"Positive", "estou a repetir um titulo e verdade mas foi mesmo isso que eu senti ha muito tempo que queria la ir e nunca tinha conseguido e finalmente chegou a hora nota ha mais quartos do que os disponiveis no booking por isso entrem em contacto directo com o imani a uma hora de lisboa nao me canso de repetir isto porque quando precisamos descansar descontrair relaxar ou simplesmente fugir da rotina do dia a dia e pegar no carro e o imani esta logo ali quando chegamos somos imediatamente convidados a deixar todas as preocupacoes com uma bebida de boas vindas e uma visita ao imani e a tudo o que nos pode oferecer obrigada sara gostei de tudo que nem sei por onde comecar mas a decoracao a comida a envolvencia aquele silencio que ja nao nos lembramos que existe a"
"Positive", "o local goza de uma paisagem magnifica fazendo nos sentir rodeados pela natureza desde o primeiro momento os servicos que o hotel oferece sao bastante simpaticos desde o acesso a internet disponivel em todoo espaco de forma gratuita quartos unicos piscinas zona de bar honest bar e um salao de refeicoes amplo onde e possivel assistir a televisao ou jogar uma partida de snooker as pessoas sao muita simpaticas e atenciosas contribuindo para tornar a nossa estadia ainda melhor sem duvida um locar a revisitar"
"Positive", "um local para carregar baterias rodeado de uma paisagem magnifica com um atendimento de excelencia gostamos muito do atendimento as pessoas sao simpaticas e atenciosas em que existe um cuidado em que tudo esteja perfeito e oferecer a melhor experiencia possivel a comida e fantastica e com grandes areas para poder brincar com as criancas local a voltar o qual recomendo vivamente"
"Positive", "pessoal cordial instalacoes muito boas com uma decoracao muito feliz excelente pequeno almoco com produtos caseiros tranquilidade proximidade de evora tudo excelente estada curta e fria no exterior muito acolhedor no interior o verao deve ser ainda melhor conto regressar parabens"
"Positive", "todo o atendimento previo de preparacao antes da chegada e de louvar as mensagens enviadas e recebidas online para a reserva foram de um cuidado extremo revelando interesse no melhor para a estadia dos seus visitantes a chegada o caminho em terra batida desnivelado parece propositado a um abrandamento ao ritmo citadino e frenetico do dia a dia o veiculo foi deixado entre laranjas caidas a substituir as linhas de um parque de estacionamento qualquer que com o esmagar dos pneus libertava um perfume idilico a campo fomos prontamente recebidos pelo funcionario que nos levou as malas ate a recepcao e ao estabulo designado a decoracao revelava um cuidado pormenorizado na descoberta aos poucos de pecas de design exclusivas ao longo da percepcao visual do espaco tudo"
"Positive", "servico de primeira instalacoes de primeira experiencia unica e a repetir pode parecer caro mas vale cada centimo fomos em outubro durante dias e um deles choveu o dia inteiro nem saimos do quarto vista fantastica e o melhor momento de descanso do ano"
"Positive", "no meio de uma aldeia simples esta um dos hoteis que mais me surpreendeu nos ultimos tempo bem decorado com um excelente enquadramento e com todas as comodidades que se pedem o servico e eficiente e a simpatia uma imagem de marca recomendo a todos para uns dias bem passados e em descanso"
"Positive", "espaco cheio de bom gosto para um fim de semana de total relaxe recomendo para casais ou familia o servico e exemplar e todos muitos simpaticos uma piscina para refrescar nas paisagens quentes alentejanas ajuda a tornar a estadia ainda mais agradavel"
"Positive", "situado numa quinta cheia de verde um oasis em pleno alentejo no pico do verao servico e quarto estrelas um silencio incrivel e uma devoracao extremamente feliz e bonita o pedro e a sara verdadeiros anfitrioes e a limonada de boas vindas divinal"
"Positive", "o hotel pousada e um charme com um cafe da manha impecavel e um monte de cantos muito interessantes dentro da propriedade me colocaram num loft tremendamente transado com um quarto de banho sensacional"
"Positive", "um verdadeiro paraiso natural no alentejo ideal para descansar ou viver com amigos a decoracao e extraordinaria e tudo esta pensado para uma dias de descontracao e relax desde os animais are ao restaurante tudo perfeito recomendo"
"Positive", "equipa fantastica sempre disponivel beleza em cada pedaco em cada peca em cada ideia da casa chegamos com sede do calor com fome de energia e partimos com um sorriso enorme e carregados de vida em estado puro ao ritmo da melodia das andorinhas residentes fica o desejo real de voltar rapidamente por qualquer motivo sem qualquer desculpa nem que seja para uma limonada"
"Positive", "excelente fim de semana que passamos neste recanto longe de tudo mas ao mesmo tempo muito perto da vida citadina no alentejo evora a apenas minutos de carro muito tranquilo muita paz as instalacoes sao fantasticas uma boa reconstrucao em que foi conseguido manter a traca original de um monte alentejano com toques de modernidade e muito conforto com excelente bom gosto servico cinco estrelas com muita simpatia o pequeno almoco foi bom com produtos de muita qualidade mas podia ter algo mais os quartos sao espacosos e confortaveis ar condicionado e salamandra para nos aquecermos so faz falta um roupeiro para guardar as roupas e malas pelo menos o nosso nao tinha apesar de estar cheio tivemos toda a privacidade que quisemos muito agradavel para descansar"
"Positive", "o local perfeito para sair da rotina mergulhar na beleza e tranquilidade alentejana a lareira no quarto ajudou imenso a escapadinha romantica em pleno inverno staff super atencioso sempre disponiveis pequeno almoco optimo da vontade de nao voltar a realidade depois de uma experiencia como esta um must stay"
"Positive", "ficamos noites no imani e surpreendeu nos muito pela positiva espaco exterior bem cuidado quartos espacosos sala de estar cheia de charme e staff simpatico e sempre pronto a ajudar recomendamos vivamente o imani country house"
"Positive", "para quem quer descansar e ter sossego optima localizacao isolado mas com boa acessibilidade a evora m as instalacoes sao boas mas o que maravilha e a propriedade quinta onde o imani esta inserido local muito aprazivel e relaxante"
"Positive", "perfeito para uma escapadinha romantica ou em familia os quartos sao unicos e espacosos o sitio e fantastico cheio de natureza e tranquilidade a simpatia do pessoal e dos donos ajuda a sentir nos em casa nao tive oportunidade de jantar mas as o pequeno almoco e almoco estavam fantasticos vou voltar e repetir"
"Positive", "lugar ideal para se deixar envolver pela natureza passear descansar e ao mesmo tempo conhecer evora cidade cheia de encanto e historia o hotel e idilico a quinta da nos uma liberdade plena que ate nos sentimos parte da grande familia que a utiliza desde os guizos das ovelhas ate ao chilrear dos passaros tudo o que nos rodeia e encantador um bem haja a todos quantos la trabalham que com simplicidade e simpatia nos acolhem com tanto carinho jorge a out"
"Positive", "um espaco encantador tranquilo com muito conforto ideal para quem gosta de natureza e de se deixar levar pelo tempo para ler passear e descansar a natureza que envolve este espaco e maravilhosa"
"Positive", "este sitio fica e mostra o alentejo no seu esplendor e exactamente aquilo que de melhor esperamos desta terra magnifica primeiro somos impactados pela localizacao pela vista imensa tao alentejana segue se a casa cheia de alma e aconchegante com objectos com historia e um servico tao tranquilo e atento perfeito"
"Positive", "a casa de campo imani fica a minutos do centro historico de evora e a minutos do cromeleque menir dos almendres o que a torna perfeita para qualquer pessoa interessada em conhecer a cidade e os megalitos sem prescindir da tranquilidade e servico personalizado que so uma country house pode oferecer a envolvencia e aparencia exterior da casa surpreendem belos pomares de laranjeiras construcao restaurada com fachada contemporanea num bom equilibrio entre o rustico estrutural e o sofisticado jardins bem cuidados e espacosos piscina ausencia de outras construcoes a vista etc recebidos com atencao e muita simpatia fizeram questao de nos mostrar os pontos chave da propriedade e o nosso quarto escolhemos uma das duas suites existentes na casa muito"
"Positive", "apenas minutos de evora no meio da natureza encontra se esta lindissima casa de campo um oasis de tranquilidade e paz optimo para descansar e esquecer os problemas de dia a dia as suites sao muito espacosas e confortaveis com casa de banho moderna sat tv ar condicionado e salamandra o jardim e enorme e oferece a possibilidade de passear e relaxar o pequeno almoco e delicioso todos os dias havia uma grande variedade de frutas queijo fiambre doces bolos pao croissants etc servidos pelo o staff que nos tratou com a maior simpatia e atencao os donos sao muito amaveis e se esforcaram todos os dias para tornar a nossa estadia o mais agradavel possivel desde a hora da chegada e ate o momento da nossa partida adoramos o ambiente familiar os empregados sao todos"
"Positive", "a minutos de evora e um excelente local para descansar ler fazer caminhadas as suites sao lindissimas muito espacosas confortaveis com alpendre privativo no imani sentimos que estamos no campo mas com muito requinte e uma experiencia diferente e unica"
"Positive", "um pequeno hotel com apenas quartos perto do almendres cromlech muito simpatica e discreta equipe confortavel quarto jardins rusticos e duas piscinas simples comida bem preparada e nos nao queremos sair um adoravel rural local relaxante"
"Positive", "a experiencia em imani country house foi otimo o place e realmente belos os quartos sao grandes e confortaveis a comida e muito boa todos os funcionarios sao incrivelmente amigavel e nice eu recomendo vivamente este lugar para todos e super relaxante"
"Positive", "apesar de conhecer muitos dos melhores hoteis rurais de luxo em portugal imani estava fora do meu radar devo dizer porem que o seu site nao lhes faz justica o lugar e muito mais atraente do que o que voce ve no site deles no meio da zona rural de evora a minutos de lisboa e de estrada de terra ate ao portao este maravilhoso refugio de natureza paz design e boa comida e vinho duas pequenas piscinas com vista para os pomares de laranja e as colinas do alentejo tornam as partes da natureza excepcionais duas pequenas piscinas no local com espreguicadeiras eles ainda tem dois burros residente amigaveis em uma das canetas que amam a atencao no entanto a verdadeira beleza deste lugar e a atencao meticulosa ao design e conforto embora no geral seja bonito e a"
"Positive", "um lugar retirado de uma historia antiga com um toque de modernismo e com muito bom gosto nos detalhes a equipe foi muito agradavel e esta sempre disponivel muita natureza arround o lugar muito calmo e relaxante a comida estava boa definitivamente uma experiencia para repetir"
"Positive", "recentemente nos hospedamos no imani country house para um fim de semana para participar de um casamento na regiao gostei muito da experiencia de a z excelente localizacao na zona rural de uma propriedade deslumbrante o extremamente cordiais boas vindas do pessoal muito simpatico servico continuou durante toda a nossa estadia curta gostamos da decoracao dos quartos e as areas comuns muito um lugar unico na verdade padrao dos quartos bem como a limpeza era de nivel muito elevado o pequeno almoco snacks e bebidas eram muito agradaveis especialmente todas as coisas na hora de imanis propria terra por exemplo e laranja lima suco bom no geral relaxante estadia neste local bastante remota recomendo"
"Positive", "tivemos alguns dias relaxantes no imani e muito tranquilo e o ritmo da vida e lento o pequeno almoco nao comeca ate mas que em breve ajudou nos relaxar o hotel esta localizado em laranjeiras com vista para uma paisagem bonita isto nao significa contudo que o hotel e bastante isolado e e dificil de encontrar evora fica a aprox min de carro a equipe e calorosa e acolhedora um copo de limonada fresca caseira nos foi dada a chegada os quartos sao estabulos convertidos e mantido fresco embora foi muito quente quando estavamos la os proprietarios gato e cao sao amigaveis e o jumentos como fazer se ouvir eu definitivamente recomendaria o imani como um luxo pequeno hotel"
"Positive", "de uma muito simpatica recepcao para sua suite e um sonho deicated servico uma decoracao especial e sua suite e um monte de extra s compairimg todo o conceito com outra experiencia leva me ate o topo do monte kilimanjaro sem som no meio do nada que fornece lhe o melhor de la e silencio jan e caro breda paises baixos"
"Positive", "eu ja viajei muito e posso dizer honestamente dizer que eu nunca me senti mais confortavel e descontraida em qualquer lugar do que no imani eu meu marido e boy anos fiquei na suite foi tao bonito e aconchegante infelizmente a nossa estadia de dias em fevereiro foi afetados pelo nao inesperado chuva e o fato de que o nosso filho nao estava se sentindo bem mas se tivemos que ficar em vez de explorar estou tao feliz por ele foi no imani o design deste celeiro restaurado e curto nada de perfeicao o espaco foi utilizado com criatividade direita para baixo para a lareira a lenha na nossa sala e sofa no banheiro perto da banheira com pes sarah foi uma anfitria aconchegante e util tanto com informacoes relacionadas ao hotel e sugestoes de restaurantes e"
"Positive", "a equipe fantastica quando chegamos recebeu nos com guarda sois ajudando carying os sacos nos guiou por todo o estabelecimento e sempre util um dos dias eu recebi um telefonema do recepcionista perguntando se eu precisava de um livro de restaurante na cidade ou um pequeno almoco mais cedo para o dia seguinte e nos tambem o proprietario recebeu nos como ela foi outro membro da equipe com essa simpatia e como foi a semana dos namorados fomos presenteados com um grande bolo de chocolate com creme de gelo esta foi a melhor equipe que ja vi de longe falar sobre o proprio estabelecimento e enorme com um monte de laranjeiras onde os carros no parque e suas laranjas sao utilizados para fazer um grande sumo de laranja para o pequeno almoco como e longe da cidade que"
"Positive", "um excelente se voce estiver procurando a experiencia da paisagem tranquila fomos recebidos por sara a anfitria amigavel esta propriedade maravilhosa quartos suites com vista para os pomares de laranja e muito bem conservado e serve snacks deliciosos se u r nao ate a minutos a drive para almoco jantar com o evora encantadora cidade os quartos tem tectos altos e uma vista encantadora a visita deste lado de portugal"
"Positive", "imani e uma joia um lugar escondido alternativo mas perfeito para fugir belas paisagens belas reformas mobiliario e apenas o melhor clima realmente uma fuga desde a nossa visita meu marido e agora me foram desesperados para voltar os proprietarios sao fabulosas o suco de laranja por perto va va va nos nao poderia recomendar imani qualquer mais altamente"
"Positive", "nos realmente apreciamos a nossa estadia em imani a partir do momento da partida ate ao de chegada eles realmente fazer de tudo para que voce se sinta bem vindo e em casa sarah fez um trabalho fantastico tinhamos um quarto de maravilhoso o pequeno almoco e excelente e a localizacao e fantastica se voce pretende visitar evora e regiao permanecer aqui foi um prazer"
"Positive", "um lugar onde voce pode ver um ceu escuro a noite sem ninguem e nada incomodar excelente localizacao rural quarto grande limpo e bonito servico e proprietario foram excelentes uma experiencia a repetir da i personaly porque tenho alguns antecedentes sobre este topico a piscina era muito alcalina havia algo que eu amei os chamados honesto bar politica otimo servico e impacto"
"Positive", "imani country house muito tranquila e fica localizado em uma grande bonita propriedade coberta com arvores de fruto carvalhos oliveiras etc apenas fora da pequena vila de guadalupe perto evora para chegar a minha casa voce tera que deixar a estrada de asfalto entao voce pode ter alguma dificuldade para encontrar a localizacao mas voce deve ser bom utilizando as coordenadas de gps imani esta localizado em uma pequena colina de onde se tem uma bela vista da cidade de evora que fica a cerca de minutos de distancia de carro situado perto da propriedade se encontram dois sitios megaliticos antigas importantes monumentos pre historicos certamente vale uma visita na chegada fomos recebidos pela sara sempre simpatica e prestativa levando nos toda a casa para um curto"
"Positive", "e um belo e tranquilo lugar em um cenario natural maravilhoso o servico e muito bom os quartos sao limpos e a piscina e em um belo cenario a antiga fazenda tem sido muito bem ajustado para exigencia de hotel moderno o pequeno almoco era bom e os quartos limpos e bem cigarro pelos otimo lugar para descansar"
"Positive", "tivemos um maravilhoso par de noites de estadia no imani country house em evora fabuloso decoracao produtos de banho hermes boas vindas calorosas jardins paisagisticos e madeira bocas no nosso quarto sarah que cumprimentou nos a chegada nos fizeram sentir muito bem vindo ao longo da nossa estadia ela foi atenciosa e prestativa e a musica e a atmosfera era perfeito para relaxar as obras de arte e objectos recolhidos em torno da propriedade pelos proprietarios sao elegantes e o lugar todo tem uma agradavel sensacao de boutique tivemos uma suite que era luz grande e adoravel e apreciamos a paz e tranquilidade com todas as comodidades de evora muito curta distancia de carro"
"Positive", "belos jardins com uma arquitectura interessante sala cama confortavel e o melhor de todos sarah o gerente que estava disponivel horas por dia com um grande sorriso sempre pronto para fazer uma recomendacao ou uma reserva ou apenas dizer lhe sobre a area e o que portugal tem para oferecer o cafe da manha era bom fruta carnes frias queijo iogurte mas estavamos la durante a semana por isso nao tem uma chance para comer jantar no amani os megalitos ficam nas proximidades assim como evora a nossa unica sugestao e para as salas tem vasos de cafe especialmente desde o pequeno almoco nao e servido ate as a m afterall os quartos tem um mini bar abastecido com queijo e biscoitos"
"Positive", "excelente design interior moderno e rustico duas piscinas para suites e is excellent o natural envolve sao muito rara no alentejo a equipe e os proprietarios sao muito profissional e agradavel eu fiquei suite enorme espaco muito hi estanqueidade boa cama e ac"
"Positive", "imani country house e uma joia um canto inesperado do paraiso na panela portugal muito perto da cidade magica de evora tudo em imani e simplesmente perfeito a partir da bem vindo na recepcao falam um muito bom ingles coisa bastante invulgar em portugal para os quartos onde cada detalhe e claramente o resultado de uma escolha precisa accionada por um sabor tranquilize e sentido de beleza cafe da manha e almoco sao servidos em uma sala de estar onde novamente voce pode respirar a tradicao daquele lugar que costumava ser um fram no passado a unica risco e que voce va la para ficar um dia e uma noite mas em seguida gostaria de passar o resto das ferias la"
