Sentiment, Review
"Positive", "pense num lugar onde tudo e lindo adicione a esta beleza excelencia no servico sofisticacao e muito conforto o resultado desta soma e a herdade do grous nao e surpresa alguma que o alentejo e o vale do douro sao os dois destinos enoturisticos mais estruturados de portugal ambas as regioes dividem o posto de maiores e mais conceitudas d o s do pais mesmo assim tudo que vi e vivenciei no hotel desta vinicola me surpreenderam positivamente natureza belissima otimo restaurante quartos lindos e muito bem equipados servico cortez e eficiente lazer bastante completo duas piscinas sauna sala para leitura e vinhedos magicos tudo isso compoe magistralmente a herdade do grous apesar de tudo ali ter me surpreendido positivamente o quarto onde nos hospedamos foi alem"
"Positive", "fomos a herdade para um almoco de familia lugar lindo bem cuidado e com atendimento primoroso a comida e deliciosa e a harmonizacao com os vinhos e perfeita vale visitar a herdade nem que seja so para uma refeicao"
"Positive", "jantar espetacular em convivio com colegas de curso onde conhecemos alguns locais bonitos na herdade recomendo vivamente e uma herdade linda infelizmente so a visitei de noite mas de dia deve ser ainda melhor tudo bem organizado e higiene espetacular"
"Positive", "desde nossa chegada ficamos muito bem impressionados com o atendimento da equipe o quarto e lindo e muito limpo e com uma vista magnifica o cafe da manha e delicioso nota para este hotel fizemos uma degustacao de vinhos da propriedade uma experiencia muito legal"
"Positive", "adorei a herdade e enorme foi pena ser pouco tempo e nao dar para visitar tudo como deve ser a comida e optima muita comodidade simpatia por parte dos funcionarios da herdade tudo muito limpo"
"Positive", "por variados motivos as pessoas procuram este local pra passar em alguns dias a busca principal de poder saborear um bom vinho no alentejo ver no lugar agradavel o hotel desfruta de um cenario espetacular conforto incomparavel de seus quartos e o atendimento classe a o calor da regiao e convidativo pra voce entrar na piscina degustar algumas frutas para depois no frescor da noite saborear os blends da grous eles disponibilizam bicicletas pra voce andar pelo vasto campo da fazenda"
"Positive", "herdade sempre muito bem arranjada staff bastante prestavel e simpatico possibilidade de caminhadas no interior da herdade de salientar a casa da arvore a lagoa e as vinhas nota para a nossa querida sandra com a sua simpatia profissionalismo e empenho tomou conta do nosso quarto com muito carinho"
"Positive", "estivemos hospedados noites na herdade dos grous e ficamos bastante surpreendidos pela positiva staff bastante simpatico e preocupado instalacoes limpas e bem conservadas e ambiente calmo e acolhedor a chegada receberam nos com muita simpatia encaminhando nos para o quarto que ficava a km da recepcao nao houve problema em encontrarmos o sitio onde iriamos dormir pois fomos devidamente conduzidos por uma funcionaria do espaco quisemos fazer a prova de vinhos onde nos foi explicado o processo de elaboracao dos mesmos sempre com grande sorriso e respondendo a todas as nossas questoes no final fomos encaminhados para o bar onde provamos alguns dos vinhos feitos na herdade nessa noite quisemos desfrutar de um jantar no restaurante tendo adorado o espaco a"
"Positive", "gostamos imenso da nossa estadia na herdade dos grous foi uma experiencia espetacular e relaxante quartos muito bonitos e confortaveis prova de vinhos estrelas a herdade e maravilhosa e o contacto com a natureza que a mesma oferece e algo unico staff maravilhoso muito simpatico muito acessivel e disponivel para ajudar obrigado a todo o staff da herdade dos grous pela experiencia esperamos voltar em breve"
"Positive", "sou frequentadora da herdade dos grous ha anos e saio sempre com vontade de voltar desta vez numa estadia mais longa uma semana de ferias em agosto longe da habitual confusao normal deste mes quarto grande e sempre limpo a simpatia das funcionarias da recepcao e das senhoras que tratam dos quartos fazem nos sentir que estamos em casa uma experiencia a repetir obviamente"
"Positive", "viemos passar duas noites com a nossa filha pequena a esta herdade e adoramos os quartos sao enormes e muito acolhedores com um aquecimento fantastico estivemos no inverno o pequeno almoco e bom e o restaurante para jantar tambem gostamos muito com comida de excelente qualidade a herdade e linda e principalmente para as criancas e fantastico porque tem muitos animais e espaco para passear de bicicleta ideal para um fim de semana de descanso e aproveitar em familia"
"Positive", "lugar lindo muito agradavel especial para quem quiser relaxar o atendimento e muito cordial o quarto e extremamente confortavel o cafe da manha e muito bom a unica coisa ruim e que a sauna e piscina ficam em outro predio um pouco afastado do predio principal que nos ficamos onde tem o restaurante e bar"
"Positive", "este hotel e uma verdadeira joia do alentejo otimas acomodacoes e instalacoes espacosas para voce desfrutar o hotel dispoe de bicicletas e trilhas nas quais voce ira atravessar os vinhedos e vera muitos passaros em toda sua extensao piscina de borda infinita e uma otima sauna tambem estao a disposicao todo o staff do hotel e muito atencioso e fara voce se sentir bem a vontade dica importante nao use o aplicativo waze para chegar a este hotel pois ele levara voce por um caminho de terra muito ruim apesar do acesso ao hotel ser todo asfaltado nosso carro acabou atolando e tivemos que contar com a amabilidade da lilia para nos socorrer use o google maps"
"Positive", "passamos uma noite na herdade dos grous o local e bonito mas esta um tanto descuidado embora deixem bicicletas em cada apartamento nao ha muito para onde ir ou visitar a piscina e extremamente fria o cafe da manha precisa melhorar nao ha variedade de itens os quartos proximos aos cavalos tem muitas moscas pelo preco que cobram esperavamos mais"
"Positive", "entre beja e castro verde encontra se esta herdade fabulosa enoturismo um espanto a perder de vista nao faltaram mimos de boas vindas uma sinfonia de cores sons e cheiros sensacoes ja quase raras na vida azafamada dos nossos dias os alojamentos estao dispersos por nucleos bem afastados uns dos outros permitindo alguma privacidade aos seus utentes a suite era muito espacosa muito bem decorada e muito confortavel pensada para nos fazer sentir em casa tem tantas atividades para disfrutar excelente para usufruir a dois e ou em familia caminhadas bicicletas ao dispor em cada nucleo passeios no lago extensos relvados tenis piscinas animais da quinta uma injecao de saude em especial para as criancas que podem gastar as suas energias e crescer"
"Positive", "posso afirmar que foi a suite que me hospedei mais bem preparada da minha vida fiquei abismado como os proprietarios pensam no conforto dos hospedes a suite era enorme com um banheiro gigante vista espetacular alem disso pequenos detalhes que fazem a diferenca tinha ate guarda chuva no armario parabens a todos pela qualidade em tudo que fizeram nao posso esquecer de falar do atendimento impecavel"
"Positive", "nos hospedamos por uma noite na herdade e nos apaixonamos o hotel e simplesmente impecavel quarto amplo banheiro espetacular com chao aquecido e com bombons vinho e frutas de boas vindas jantamos no restaurante e estava tudo muito bom entradas e prato principal muito bem elaborado porem com preco elevado couvert prato principal sobremesa e vinho reserva nos custou euros o hotel disponibiliza bicicletas para os hospedes fizemos um passeio e fui encantador os vinhos sao ok variando entre e euros na lojinha da adega destaque para o herdade dos grous reserva um vinho com custo beneficio bom nossa estadia foi curta porem valeu muito a pena"
"Positive", "saindo de lisboa a caminho do algarve nos paramos em herdade dos grous que experiencia especular o lugar e lindissimo as vinhas o lago as aves tudo no lugar certo o quarto excelente a comida impecavel fizemos a visita guiada com degustacao vinhos muito bom a marca esta a ficar famosa nao perca tempo em se convencer a vir somente venha"
"Positive", "hotel e perfeito para casais clima muito romantico lugar lindo para aproveitar ao ar livre o sol se por agradinhos no quarto sao um convite para voltarmos preco um pouco alto mas que se acaba esquecendo diante de tanta beleza comodidade gentileza da equipe e cafe da manha que e um espetaculo"
"Positive", "excelente local de estadia com uma linda paisagem os atendentes sao muito simpaticos o quarto e lindo aquecido tem lareira o banheiro e bom recebemos mimos como frutas vinho chocolates agua mineral bicicletas a disposicao e cachorros muito simpaticos e mansos que passeiam junto aos hospedes pelo patio valeu cada centavo dessa estadia maravilhosa"
"Positive", "foi um fim de semana fantastico adoramos o quarto muito confortavel quentinho com uns mimos a nossa espera como vinho fruta bombons agua etc muito silencio paisagens incriveis animais a herdade esta muito bem cuidada staff foi fantastico muito prestaveis simpaticos e atenciosos foram dias de muito descanso tivemos pena nao poder fazer passeios a cavalo responsavel doente acontece recomendamos e gostavamos muito de voltar"
"Positive", "visitamos a herdade dos grous pela primeira vez e aproveitamos o pacote de s valentim adoramos recepcao maravilhosa um obrigada especial ao senhor jorge alves e recepcionista que foram incansaveis o quarto e amplo com uma lareira e uma casa de banho espectacular com banheira o pacote de sao valentim foi divinal e esperamos voltar na primavera para puder aproveitar melhor os percursos de bicicleta pela herdade recomendo vivamente"
"Positive", "adoro foi divinal todos os animais o atendimento a disponibilidade a liberdade fantastico servico divinal comida o vinho indescritivel dos melhores a repetir definitivamente voltaremos de certeza a lareira no quarto no verao"
"Positive", "fomos super bem recebidos nesse hotel o lugar e maravilhoso grande tem duas piscinas com borda infinita com o lago e eles oferecem bicicleta para que possamos passear pela propriedade os quartos sao grandes confortaveis banheiros grandes roupao a disposicao bolsa e toalhas para piscina bombons e vinho ja te recebem gratuitamente varandas com vistas maravilhosas dos vinhedos lugar para curtir o sossego rural com conforto e vinho de otima qualidade o jantar tb foi delicioso e com otimo atendimento"
"Positive", "o lugar e incrivel ja na chegada recebemos um upgrade so chegarmos no quarto havia mimos como roupao chinelo vinho frutas e chocolates alem disso tinhamos bicicleta no quarto o que tornou a estadia ainda mais especial o restaurante do hotel e excelente assim como a piscina excelente local para relaxar"
"Positive", "hotel de luxo em meio as parreiras incrivel experiencia de conforto e relaxamento depois de almocar no otimo restaurante do hotel fizemos uma visita guiada com degustacao e depois aproveitamos a piscina com borda infinita e a sauna seca em frente ao lago quarto lindo e limpissimo decorado com flores naturais e de cortesia agua vinho e frutas o unico arrependimento foi ter ficado somente um dia"
"Positive", "a minha estadia nos grous foi fantastica desde a suite com uma vista incrivel a tranquilidade da piscina infinita as imensas atividades disponiveis h por dia a custo zero sauna piscina volei futebol canoas bicicletas o restaurante e que podia ter precos um pouco mais acessiveis mas a qualidade e fantastica assim como o atendimento concluo com uma forte recomendacao caso desejem desfrutar do puro alentejo fiquem nos grous e sem duvida uma otima escolha"
"Positive", "local muito bem cuidado em meio a uma fazenda com animais parreiras oliveiras e frutas comecamos com uma visita guiada e depois degustacao de vinhos o quarto e muito aconchegante e rico de mimos vinho frutas agua e chocolate banheiro muito gostoso e perfumado jantamos no restaurante um menu degustacao acompanhado de vinhos da vinicola na area comum tem duas piscinas com borda infinita sauna cavalos bicicletas infelizmente so ficamos uma noite mas o local pedia mais"
"Positive", "herdade muito bonita bastantes animais para deliciar todos os visitantes excelentes condicoes de alojamento a loja deveria ter mesas para prova de vinhos coisa que nao existe o unico senao e o preco que e um autentico exagero"
"Positive", "este hotel ja estava na lista para uma escapada ha imenso tempo e aproveitando o aniversario fomos passar la uma noite alem de super romantico e umas vistas de sonho sobre a barragem os funcionarios foram super simpaticos e tiveram detalhes que tornaram o dia ainda mais fantastico"
"Positive", "belo local como o tempo estava bom escolhemos ficar na varanda com vista para os vinhedos pratos bem confeccionados cozinha do tipo alentejana com um toque gourmet vinho de excelente qualidade servico atencioso"
"Positive", "caro muito caro e a qualidade horrivel nao recomendo mesmo muito ma o presunto veio com ranso a carne sem gosto e muito mal passada a apresentacao horrivel mas enfim lugar a nao regressar seguramente"
"Positive", "ficamos duas noites no herdade eu e meu marido somos apreciadores dos seus vinhos e foi a primeira vez que nos hospedamos em uma vinicola atendimento perfeito e outras atividades alem da degustacao de vinhos como bicicletas a disposicao e observacao dos passaros as piscinas e a barragem que fica dentro da propriedade ficamos em uma suite que e uma casa o cafe da manha maravilhoso assim como o jantar fizemos tambem uma degustacao de vinhos que foi conduzida com maestria pelo sr ricardo silva voltaria mil vezes"
"Positive", "a herdade dos grous e como se fosse um hotel fazenda no brasil porem com producao totalmente interna ate o engarrafamento de otimos vinhos no alentejo quarto amplo aconchegante servico otimo atencioso vista lista linda e comida de primeira incluindo cafe da manha e almoco um pouco caro mas top adoramos a estadia fizemos a prova de vinhos que e paga a noite um silencio maravilhoso nao ha vida noturna alguma e focado em descanso em natureza voce pode pegar bikes ir na piscina jogar tenis basquete e correr sensacional mas nao chegue muito cedo a recepcao nao e horas e a noite eles literalmente fecham voce fica coma chave do hotel apesar de toda a modernidade dos vinhos do local e como se hospedar na casa de um parente do interior"
"Positive", "excelente em tudo condicoes impares para uns dias de descanso em familia fizemos a prova de vinhos e gostamos muito o restaurante e muito bom apenas a quantidade no prato de bacalhau pareceu nos demasiado pequena vamos voltar e recomendar"
"Positive", "melhor herdade onde ja estive possui tudo o que se pretende numas pequenas ferias em familia sossegadas otimo belas paisagens atividades como passeios a cavalo e de bicicleta os arredores sao tambem bastante acolhedores o quarto e simplesmente esplendido"
"Positive", "sossego e bom restaurante a herdade e muito bonita as casas mostram do lado exterior pequenos sinais de que alguma manutencao e necessaria quarto espacoso confortavel cama muito boa lareira com recuperador de calor e lenha disponivel a lareira funcionou muito bem mas desaconselho a quem nao tem pratica a banheira grande pede um banho de imersao mas esqueca porque a agua oriunda dum termo acumulador nao chega nem para meia banheira da para duches rapidos campo de tenis em betao poroso no meio dos eucaliptos em bom estado rede tambem area social com mesa de snooker a bola branca esta danificada e bar mas sem servico staff muito simpatico"
"Positive", "lugar perfeito para a alma corpo e coracao a herdade e linda e tem todo o conforto que precisamos o quarto enorme e quentinho tem ar condicionado mas tem a versao lareira que lhe da um toque especial o melhor amanhecer de sempre com uma paisagem magnifica sobre o lago ao som dos passarinhos depois de um bom pequeno almoco tipo buffet e pegar nas bicicletas que temos a disposicao e percorrer a herdade e estar em contato com a natureza e ver os diversos animais ao longo da herdade andar de barco naquela lagoa e mesmo um paraiso recomendo sitio ideal para relaxar namorar ou mesmo em familia"
"Positive", "herdade enorme e muito sossegada excelentes as lagoas da albufeira com muitas aves quarto enorme quente e com tudo o necessario excelente para criancas tem bicicletas e canoas para uso dos hospedes jantar muito bom com comida da regiao assim como o pequeno almoco lindas piscinas e zonas relvadas optimos percursos quer pedestres quer de bicicleta"
"Positive", "a herdade as margens de uma represa e belissima e muito bem cuidada e pode ser explorada em agradaveis passeios a pe ou de bicicleta gostei de tudo da propriedade da equipe agradeco a todos a excelente estadia do restaurante de grande qualidade dos vinhos tanto os produzidos nos grous como o quinta de valbom produzido no douro em vinicola pertencente ao mesmo grupo que e o dono tambem do famoso hotel vila vita no algarve portanto pode esperar sempre alto padrao de servico e de instalacoes quarto com muito conforto banheiro lindo imenso com piso aquecido tudo absolutamente maravilhoso e perfeito altamente recomendavel"
"Positive", "num enquadramento tipicamente alentejano esta herdade oferece o que de melhor tem o alentejo gastronomia de qualidade suprema os vinhos reflectem a imagem alentejana na perfeicao quartos muito agradaveis onde nao falta absolutamente nada quanto ao staff simplesmente perfeito vale a pena conhecer"
"Positive", "o hotel e otimo no meio da herdade que e enorme tem um lago vinhedos oliveiras e muitos animais dentre eles cavalos poneis porcos ibericos ovelhas cabras avestruz galinha pato um labrador gatos os quartos ficam longe da recepcao cerca de km dispoe de bicicletas gratuitas para passear por toda a herdade tem tambem a opcao de fazer observacao de passaros a partir de euros por pessoa sendo necessaria pre reserva ainda tem passeio de barco balao visitas para conhecer a producao dos vinhos todos que nao estao inclusos no valor da diaria e que tambem devem ser pre agendados deixaram como cortesia uma garrafa de agua uma do vinho mais simples da herdade e algumas frutas vale a pena chegar antes das h para ver o por do sol que e lindo o quarto"
"Positive", "uma herdade fantastica onde se destaca o excelente atendimento staff educado e atento aos promenores simpatia e profissionalismo do sr flavio restaurante e staff recepcao e bar restaurante com uma carta interessante mas em meu ver deveria d ter mais comida tradicional alentejana ex migas etc comemos entrada tiborbia mto bom de seguida um prato de pato excelente a acompanhar vinhos barricas top a chegada fizemos uma visita guiada a adega aconselho resumindo o vinho e mesmo mto bom que me adormeceu o cerebro dormimos no recanto dos deuses aconselho quarto suite junior pequeno almoco simples mas tem tudo o que ue necessita acordamos cedo e fomos conhecer a herdade temos bikes gratuitas uma herdade de sonho obrigado"
"Positive", "passamos o fim de semana nesta herdade e ficamos impressionados pelo espaco quartos muito bem equipados onde se conjuga o rustico com a modernidade muito bom restaurante com uma cozinha baseada nos produtos regionais acompanhados com os excelentes vinhos da herdade otimo espaco com muitas atividades ludicas que agradaram aos elementos mais novos da familia"
"Positive", "fomos passar um fim de semana a herdade e adoramos tudo desde os quartos ao restaurante aproveitamos tambem o passeio de bicicleta gratuito para ver os animais e desfrutar do silencio da planicie os vinhos que ja conheciamos sao divinais poderiam apenas melhorar o pequeno almoco voltaremos para o ano para andar de balao ate breve"
"Positive", "um lugar para voltar sempre tudo cuidado nos minimos detalhes com dedicacao da equipa de atendimento e instalacao lugar lindo e tranquilo custo beneficio perfeito luxo e simplicidade fazem do lugar um encanto diversas atividades como bicicletas cavalos caiaques remo alem e claro da degustacao de vinhos e visita guiada pela producao dos deliciosos vinhos"
"Positive", "local maravilhoso para relaxar ler escrever nadar e saborear a excelente gastronomia e vinho da adega propria a adega e muito bonita a herdade tem lindissimas paisagens redes junto ao lago para uma sesta piscina com vista deslumbrante jardins bem cuidados espaco muito limpo e agradavel encantadora a pequena capela e um jogo de chao de xadrez animais bem tratados lindos cavalos excelente esplanada e funcionarios exemplares"
"Positive", "do primeiro contacto aquando da reserva ao ultimo instante na herdade o servico a pautar pela correccao amabilidade transmitindo felicidade sem excepcao dos que contactam directamente com o hospede como dos que trabalham as vinhas aquando dos meu passeios pelo espaco inumeras e interessantes actividades apresentadas fiquei surpreso em conseguir fazer km em picada e em caminhos cobertos por pinheiros sem repetir um unico trilho acompanhando parcialmente o tracado da represa o mesmo pode ser feito a cavalo por exemplo porque estava uma manha chuvosa apreciei uma abundancia enorme de aves rastos de javalis texugos e raposa observei lebres e um veado em estado selvagem experiencia fantastica um local fantastico calmo com habitacao novas e cuidadas limpas"
"Positive", "herdade pitoresca e ao mesmo tempo de condicoes de hotel restaurante excelentes sossegado com belas paisagens e ideal para passar umas ferias quer em familia quer em casal ou ate sozinho quartos familiares com quarto sala e boa casa de banho atendimento muito simpatico"
"Positive", "em nossa viagem para portugal a noite que passamos nesse lugar foi um dos pontos altos da viagem lugar incrivel paisagem linda quarto maravilhoso duas piscinas deliciosas bicicletas a disposicao a visita e degustacao de vinhos foi muito bem conduzida e muito interessante atendimento super simpatico e eficaz recomendo fortemente a visita a esse lugar incrivel que voltarei com certeza"
"Positive", "tinha tirado uns dias de ferias em comum com a minha esposa coisa rara nos ultimos tempos e que por isso mesmo merecia um sitio que estivesse a altura quando ao pesquisar no booking me apercebo que a herdade dos grous tinha disponibilidade bem hesitei uma vez que ja nao era a primeira tentativa e normalmente se encontra lotado cumpriu e superou todas e quaisquer expectativas o atendimento e simpatico cuidado e atencioso a herdade e lindissima as piscinas com paisagens de cortar a respiracao e tudo impecavelmente tratado os quartos cumprem tudo o que e necessario num loca como este o restaurante esta a altura com pratos da cozinha tradicional alentejana e um toque de sofisticacao sem cair em exageros o vinho e do conhecimento comum a qualidade dos mesmos mas ha"
"Positive", "para alem da qualidade reconhecida do vinho fizemos uma prova com guia que nos contou a historia do local depois permitiram nos visitar uma cave especial para jantares romanticos muito bonita os exteriores sao tambem muito agradaveis"
"Positive", "excelente espaco no meio do alentejo para degustar uma boa refeicao bom restaurante com uma carta que denota cuidado e alguma inovacao bons vinhos com destaque para a os da herdade dos grous em especial o moon harvest mencao honrosa para os lombos de porco com arroz terra e mar excelente prato bem confeccionado misturando os sabores da terra e do mar numa juncao perfeita excelente atendimento demonstrando permanente cuidado com o cliente a repetir sem duvida"
"Positive", "trata se de um local fantastico muito nem integrado no espaco bem decorado e onde todos os pormenores foram cuidadosamente pensados ali nada e deixado ao acaso comunhao perfeita entre o meio ambiente animais agricultura e pessoas e os vinhos esses sao sublimes pode visitar e ficar a conhecer todos os passos na producao de vinho da herdade pode ainda desfrutar de uma prova de todos os vinhos acompanhada por especialistas a disponibilidade e simpatia de todos os funcionarios comecando no director ate a camareira restaurante sofisticado que alia de forma unica a cozinha tradicional a sofisticacao na preparacao e confeccao dos pratos local optimo para familias e com multiplas actividades sempre a decorrer quer montar a cavalo ali pode quer fazer"
"Positive", "certamente um dos lugares mais bonitos onde fiquei hospedada a envolvencia da propriedade de tirar a respiracao a herdade esta muito bem cuidada boa manutencao em todas as areas incluindo a vinha ha muitas atividades disponiveis andar de gaivota de bicicleta fazer passeios pela herdade e observar os varios animais e diversidade de aves piscinas com uma vista linda visita a adega obrigatoria os quartos muito espacosos e confortaveis pequeno almoco muito bom melhor sumo de laranja natural que ja bebi"
"Positive", "o unico senao e mesmo definirem o mercado alemao como prioritario ex restaurante so para alemaes isolamento dos mesmo dos restantes clientes hotel muito agradavel original no seu sistema e organizacao geral ex ter bebidas a disposicao na piscina e ser o proprio a apontar o consumo acho uma boa politica de confianca entre clientes e unidade hotel no geral fabuloso"
"Positive", "ambiente incrivel redondezas optimas para passear em contacto com a natureza piscina muito boa os quartos sao enormes e optimos optamos por jantar no restaurante do hotel e nao desiludiu em nada tudo muito bom havemos de voltar assim que possivel"
"Positive", "nossa visita foi completamente improvisada como hoje tentamos almocar na ovibeja mas quando chegamos a fila para entrar na exposicao parecia ter varias centenas de metros e entao partimos a procura dum local melhor para o nosso almoco utilizamos o tripadvisor acabamos por ir a herdade dos grous tive que ligar para pedir indicacoes para gps e fui gentilmente ajudada o restaurante tem aspecto agradavelmente rustico opimas vistas para campo instalacoes comodas um bebe faz parte da nossa familia e instalacoes sanitarias proprias sao importantes para nos tudo que comemos sabia muito bem o prato foi bife de vitela da quinta com crosta de ervas muito bom unico senao sao caras enjoadas de quase todos funcionarios nao sei tal vez apanhamo los no mau dia"
"Positive", "herdade de um excelente vinho local magnifico para descansar em contacto com a natureza muitas actividades ao dispor e para melhorar a experiencia fomos brindados com um upgrade para uma suite fantastica jantar muito bom acompanhado de um excelente vinho"
"Positive", "espaco fantastico para todas as opcoes de saida seja de familia romantica ou simplesmente para descarregar o stress do dia a dia quarto super acolhedor e confortavel a vista sobre a albufeira e muito relaxante"
"Positive", "esta herdade e o expoente maximo do relax tem montes de actividades para fazer os quartos sao enormes muito bem equipados e com lareira a simpatia do pessoal merece muito mais que cinco estrelas recomendo a"
"Positive", "a herdade dos grous surpreende desde a chegada ate ao ultimo minuto da nossa estadia sera dificil enunciar todas as qualidades deste alojamento sem ser demasiado extensivo na escrita dada a infinidade de pormenores que despertaram a minha atencao no entanto gostaria de destacar simpatia de todo o pessoal desde a recepcionista ao staff responsavel pela prova de vinhos empregados do restaurante etc atencao no cuidado ao cliente para que nada lhe falte e tenha o maior conforto possivel ate um maco de cigarros me levaram a mesa para evitar que tivesse de sair da herdade para ir comprar todos os detalhes de conforto decoracao e qualidade do espaco desde a flor nas toalhas de banho bom bons nas almofadas garrafa de vinho grous no quarto como cortesia da casa"
"Positive", "os quartos sao muito confortaveis tudo de muito bom gosto o lugar e lindo cercado pelo verde do algarve a propriedade e bem grande e as acomodacoes ficam divididas em tres construcoes separadas por uma certa distancia o hotel coloca bicicletas a disposicao dos hospedes para os deslocamentos a comida e maravilhosa se pudesse teria ficado mais tempo fiz a visita a vinicula e prova de vinhos"
"Positive", "a minha avaliacao e de estrelas e a herdade merece cada uma delas excelente atendimento excelentes condicoes excelente em tudo ficamos numa suite que mais parecia um apartamento super espacoso e com uma excelente apresentacao ofereceram nos uma garrafa de vinho que ainda que fosse uma gama baixa era de excelente qualidade recomendo a prova de vinhos que sao fenomenais a herdade dispoe de piscina sauna ginasio e diversas atividades como passeios a cavalo por exemplo o restaurante ainda que seja pouco caro tem o preco que era de esperar para um local onde se paga a qualidade ainda assim vale a experiencia aconselho vivamente"
"Positive", "magnifico e a minha avaliacao o quarto mais parece um apartamento tinha lareira uma casa d banho enorme uma cama excelente fomos presenteados com uma bela garrafa de vinho e um servico estrelas a herdade e lindissima com excelentes zonas para passear adorei o facto de termos bicicletas a nossa disposicao e podemos ir passear no lago em gaivotas ou canoas tem uma sauna disponivel para os convidados que neste fim de semana foi toda nossa fizemos a visita guiada a adega que foi giro ja tinha feito em destilarias de scotch esta foi boa mas nao ao mesmo nivel algo que e compreensivel mas recomendo vivamente fazer o pessoal e impecavel este sitio no verao ou com calor deve ser espectaculo tambem diria que para um retiro de familia e o ideal melhor que muitos resorts"
"Positive", "muito bom sossegado paisagem linda tudo muito bem cuidado o quarto excelente com lareira varanda vista para o lago acordamos com o som dos passaros cantando perfeito para festejar e namorar comida excelente e com o vinho perfeito a acompanhar vamos voltar com toda a familia"
"Positive", "lugar fantastico muito bem decorado acolhedor com gente muito simpatica e disponivel lindo optimo para passar uns dias de verao pois tem uma piscina muito gira barragem onde se pode andar de barco cavalos etc comida otima a regressar e recomendar"
"Positive", "um espaco muito bem concebido bons vinhos pessoal simpatico recomendo pararem e provarem algum dos vinhos da herdade com as iguarias sugeridas de inverno o final de uma tarde domingueira pode ser passada a lareira com um bom copo de vinho na mao"
"Positive", "localizacao top bem como toda a envolvente tudo muito bonito bem cuidado e excelentemente preservado recomendo a tour de tractor que da para ter uma perspectiva da fauna das vinhas e da dimensao da propriedade a melhorar apenas o tempo de espera no restaurante que foi demasiado de resto excelente recomendo"
"Positive", "ambiente confortavel paisagem linda experiencias novas toda a herdade esta muito bem tratada e fomos muito bem acolhidos quartos super confortaveis agradavel passeio de trator pela quinta boa fauna e flora para visitar maravilhoso lago"
"Positive", "instalacoes muito boas bons acessos servico simpatico fizemos visita as adegas com prova dos vinhos que como ja sabiamos sao fantasticos a herdade e enorme o quarto que nos deram era mais uma casa terrea com uma sala com lareira e cozinha para voltar sem duvida"
"Positive", "para quem gosta de comer e beber bem a natureza envolvente as provas de vinho a visita a adega e o maravilhoso nectar que e produzido nesta herdade o unico senao foi o pouco tempo que ficamos uma noite"
"Positive", "decidimos aproveitar um dos ultimos fins de semana com temperaturas de verao para conhecer a herdade dos grous para comecar com esta review diria que a experiencia superou as minhas espectativas a todos os niveis o site nao faz justica a beleza da herdade mas e normal como pretender transmitir a magia de uma propriedade de ha em algumas fotos em primeiro lugar destacar a simpatia e profissionalismo do pessoal desde a recepcao ate o restaurante passando pelas empregadas de quarto e uma mencao muito especial ao joao o monitor de equitacao o quarto situado na casa principal tinha tudo o que se pode esperar de um quarto numa estancia de alto standing e mais ate a propriedade dispoes de zonas recreativas com piscinas magnificas e tudo o que se pode imaginar para"
"Positive", "segunda vez que ficamos nos grous mais uma vez um espectaculo quarto amplo com lareira com varanda com vista para o lago oferta de uma garrafa de vinho cesto de frutas e cafe se tudo ja estava bom e acolhedor estes mimos so vem aumentar a nossa satisfacao gaivotas no lago e redes para descansar animais e parque infantil para as criancas brincarem pequeno almoco bom com ovos mexidos bacon folhados de maca frutos secos pena das panquecas e waffles parecerem congelados e os jarros de sumo nao estarem devidamente identificados mas tal como disse no titulo o optimo faz esquecer pormenores"
"Positive", "e um lugar fantastico para passar uns dias relaxantes o staff nao tem mais que nos fazer tendo sempre um sorriso e uma palavra simpatica para com os clientes os quartos sao excelentes com uma cama e almofadas maravilhosas o pequeno almoco e muito bom aconselho a prova dos vinhos e um lugar onde vale a pena voltar"
"Positive", "simplicidade e natureza tudo o que se podia esperar de melhor num hotel inserido numa herdade vinicola o staff e muito atencioso e ao mesmo tempo simples fazem o hospede sentir se sempre o mais a vontade possivel os vinhos e a comida estrelas precos acessiveis quando comparado ao habitualmente praticado certamente uma experiencia a repetir"
"Positive", "a localizacao e muito boa com excelentes acessos estando longe e ao mesmo tempo perto da civilizacao decoracao e arquitectura campestres muito bem conseguidas todos os espacos muito bem cuidados nota se uma especial atencao aos pormenores para todas as deslocacoes dentro da propriedade e preferivel utilizar bicicletas que estao sempre disponiveis por todo o lado"
"Positive", "eu ja conhecia alguns dos excelentes vinhos da herdade dos grous mas a estadia superou nossas expectativas estando sem duvidas entre um dos melhores destinos de enoturismo que tive a oportunidade de experimentar a herdade e enorme e bem cuidada com lindas paisagens dos vinhedos dos lagos e do tipico montado alentejano ha varias opcoes de lazer que incluem passeios no lago duas excelentes piscinas para se refrescar do calor da regiao alem de bicicletas disponibilizadas aos hospedes para percorrer a propriedade as instalacoes sao grandes e ao mesmo tempo confortaveis e aconchegantes o quarto e muito amplo com cama grande e confortavel tv de excelente tamanho decoracao com atencao nos detalhes tudo de muito bom gosto roupas de cama e banho roupoes e amenities de"
"Positive", "o hotel e maravilhoso super bem cuidado e com varias atividades legais adorei o fato de podermos pegar bicicletas a qualquer momento para percorrer a propriedade toda o quarto e novo espacoso e confortavel quando chegamos havia uma garrafa de vinho e uma cesta de frutas em cima da mesa como cortesia o restaurante e excelente os valor das diaria e do restaurante sao bastante razoaveis os vinhos da herdade dos grous sao todos excelentes e pudemos prova los todos pontos negativos o wi fi nao funcionou bem no quarto em alguns momentos nao era possivel conectar a rede o horario do cafe da manha e super restrito apenas de as sem qualquer justificativa plausivel para isso"
"Positive", "foi um excelente fim de semana num lugar maravilhoso relaxante em convivio directo com a natureza bicicletas para podermos percorrer toda a herdade gaivotas para desfrutarmos do lago piscinas para nos refrescarmos tudo com muita comodidade instalacoes muito boas e acolhedoras refeicoes muito bem confeccionadas e variadas enfim estrelas"
"Positive", "o alojamento na herdade dos grous e simultaneamente sumptuoso a aconchegante os quartos sempre muito elegantes bem arrumados e de generosa dimensao convidam ao descanso o pequeno almoco de excelente qualidade e variedade deixa nos agua na boca no restaurante os pratos tipicos da regiao sao servidos com a qualidade quantidade e elegancia que faz jus a categoria do melhor que ja conheci"
"Positive", "a herdade e linda e bem estruturada a barragem os percursos para fazer a pe de bike de canoa de gaivota as piscinas os animais etc tudo foi bem pensado para que seja considerado um dos melhores resorts de portugal pequeno almoco de excelencia onde nao falta nada o queijo de serpa a fruta os doces tradicionais os frutos secos etc o restaurante e bem agradavel e prepara se para um festival de sabores o vinho e a cereja no topo de bolo os quartos sao fantasticos com imensas cortesias ofertas onde o vinho da herdade esta incluido o conceito de resort foi adaptado a herdade alentejana pelo casal alemao com sucesso total nao percam esta experiencia de laser parabens"
"Positive", "espacos exteriores e interiores fabulosos muito bem organizados com manutencao extremamente cuidada as acomodacoes sao espacosas extremamente comodas apetrechadas e bem decoradas de elogiar o staff atraves do seu profissionalismo e simpatia constantemente demonstrada os mimos com os quais fomos agraciados a chegada fez nos sentir agradavelmente acolhidos ficamos fas da herdade dos grous decididamente iremos voltar"
"Positive", "fim de semana bastante agradavel ideal para familias a experiencia da prova de vinhos e o jantar extraordinarios os quartos espacosos e aconchegantes os miudos adoraram este hotel e digno de repetir"
"Positive", "ultrapassou largamente todas as minhas expectativas desde o acolhimento com funcionarios muito simpaticos e profissionais as instalacoes excelentes com muito bom gosto e bem cuidadas ao envolvimento da herdade que tem paisagens magnificas a degustacao dos vinhos foi otima e o jantar fabuloso a repetir sem duvida a curto prazo"
"Positive", "um lugar fantastico e acolhedor para reunioes de trabalho o alojamento e generoso e acolhedor e as areas sao muito boas para teambuilding o restaurante e regional e os produtos sao maioritariamente da propria herdade atividades para todos os gostos foi a primeira vez que visitei e espero la voltar com a familia"
"Positive", "lugar ideal para quem procura descansar e relaxar no meio da natureza e planicie alentejana ambiente tipico leque variado de actividades turisticas em suma excelente e sem duvida uma experiencia a repetir parabens e continuem assim porque voces merecem o alentejo merece"
"Positive", "das melhores experiencias enoturisticas disponiveis no nosso pais atendimento cuidado herdade tranquila piscinas e bicicletas sem custo nao poderia ser melhor para quem quer descansar pequeno almoco de optima qualidade quartos espacosos e imaculados adoramos"
"Positive", "tudo perfeito o lugar e belissimo com ambientarao rustica tipica alentejana com um toque de luxo e funcionalidade tudo muito bem cuidado e aconchegante estavamos com nosso filho de anos que adorou a herdade passeio a cavalo muito animais bicicletas com cadeirinha disponiveis para os hospedes sem taxa cafe da manha muito bom restaurante e servico impecaveis"
"Positive", "otimo local para disfrutar das paisagens e da gastronomia alentejanas a herdade associa a atividade turistica a agricultura e a producao de vinhos tudo em boa harmonia localizacao isolada e tudo espacoso dos hectares da propriedade a dimensao dos quartos muitas opcoes para ocupar o tempo sem ter que obedecer a horarios e a grupos bicicletas disponiveis por todo o lado que facilitam as deslocacoes entre os alojamento e as restantes areas bom servico de restaurante com gastronomia alentejana com um toque gourmet e um pequeno almoco diversificado e com um ar fresco e caseiro o servico e esmerado e atencioso sem ser chato enfim aquele charme especial que os alentejanos tem para receber muito bom"
"Positive", "excelente espaco para descontrair empregados super simpaticos e prestaveis vale a pena visitar conhecer a adega e fazer um dos workshops existentes na herdade a herdade proporciona muitas atividades aos seus clientes vao desde bicicletas passeios a cavalos gaivotas e caiaques no lago etc foi um fim de semana espectacular"
"Positive", "acabei de viver a festa de aniversario surpresa mais romantica divertida desportiva de sempre o profissionalismo a simpatia e a elegancia de esta em toda a herdade por sermos um grupo grande deu para varias pessoas experimentarem os variados desportos oferecidos desde andar de canoa bicicleta corrida jogar tenis bilhar matraquilhos etc e os comentarios foram unanimes maravilhoso os quartos sao tao amplos confortaveis e tao acolhedores que nos temos que obrigar a sair como nao podia deixar de ser o vinho foi o convidado de eleicao e depois de uma visita guiada pela simpatica senhora diana ficamos rendidos ao barricas no peq almoco ate os mais pequeninos ficam com apetite de tao variada que e a oferta poder ter partilhado esta experiencia com que amamos"
"Positive", "que lugar maravilhoso super limpo e bem preservado belas vistas tranquilo com uma grande variedade de atividades para escolher bicicletas com um sit para bebes um bom restaurante dentro otimo cafe da manha aqueles croissants eu quero que todos os dias a lista continua o quarto era muito espacoso a cama era grande e confortavel grande armario tambem houve um pacote de boas vindas incluindo fruta chocolates e uma garrafa do seu vinho muito bom nao sou amante de vinhos mas a herdade dos grous se destaca a unica desvantagem a nossa estadia foi muito curta definitivamente para voltar"
"Positive", "otimo resort com instalacoes agradaveis dormimos no edificio principal perto do restaurante outros quartos estao localizados em outros dois locais bicicletas gratuitas no resort para ir as diferentes piscinas e explorar os arredores muitos passaros veados e raposas otima comida e excelente vinho"
"Positive", "no ano passado fomos para a herdade da porta ao lado que apesar de ser adoravel nao fez realmente uma prova de vinhos decente a degustacao de vinhos foi excelente equipe encantadora linda sala jantar fabuloso arredores lindos"
"Positive", "tivemos grandes esperancas para a visita a este lugar e nao ficamos desapontados e um lugar incrivel repleto de natureza o alojamento foi perfeito a equipe nao poderia fazer mais para util e arredores foram folego uma expectativa de visitar uma vinicola poderia ser apenas para experimentar os vinhos mas aqui ha muito mais para experimentar foi verdadeiramente magico nos sem duvida visitar novamente da proxima vez para uma estadia mais longa e pode ate mesmo se tornar uma coisa regular"
"Positive", "fomos a esta adega por uma noite porque alguns dos nossos amigos adoraram eu nao estava tao impressionado os quartos e banheiro foram nice e confortaveis mas carecido personalidade a degustacao de vinhos foi muito caro para o preco medio de vinhos em portugal e tenho de dizer que para alguem que ama degustacao de vinhos e beber voltamos vazios entregues como eu nao acho que nenhum dos seus vinhos oferecido gosto superior para o preco o jantar no restaurante no entanto foi excelente e todos os cursos preparados com perfeicao"
