Sentiment, Review
"Positive", "nao tem recepcao disponivel h fiquei a dormir no carro nao se deslocaram para fazer a minha entrada apos reserva por telefone liguei para os responsaveis que me despacharam e nao me deram nenhuma solucao resposta fica para a proxima"
"Positive", "no meio do alentejo este local e ideal para descansar e recuperar energias local fantastico tudo excelente bom pequeno almoco boa comida ao jantar a area da piscina tem varias espreguicadeiras e camas ha sempre local para estender a toalha quarto com tudo o que e necessario staff estrelas fomos de bicicleta ate a zona dos animais muito bonito a minha filha adorou nao ha cadeira para criancas para adaptar a bicicleta ja sabiamos disso e levamos a nossa passear de bicicleta ao final do dia no meio daquela calmaria e maravilhoso voltarei certamente recomendo"
"Positive", "estivemos alojados por dias nas sesmarias e posso dizer que e um local calmo muito bem pensado e com muito bom gosto em termos de decoracao so nao acho que seja bom para descansar para quem nao gosta de aranhas e insetos mas estamos no campo pontos positivos simpatia dos funcionarios comida bem confecionada boa piscina comum boa para criancas e adultos local bom para descansar pontos negativos o pequeno almoco poderia ter mais diversidade a manutencao do quarto e so a constituida pela troca de toalhas e por fazer as camas e so acontece apos pedido para que o facam e nos feita essa questao todas as manhas ao pequeno almoco nao houve limpeza absolutamente nenhuma no quarto apesar do chao interior e exterior precisar muito ja para nao falar das"
"Positive", "rodeado das mais belas planicies alentejanas este alojamento prima pela simplicidade conforto e comida maravilhosos cumprem em relacao a limpeza e regras de higiene com muito rigor tanto no quarto como nas areas circundantes a piscina e maravilhosa mas o que mais adoramos foi o excelente restaurante do alojamento comida regional alentejana muito bem confeccionada a repetir esta experiencia maravilhosa"
"Positive", "pontos positivos lugar genuinamente alentejano e calmo constantemente a ouvir a natureza area circundante linda e pura com possibilidade de lidar diretamente com animais burros vacas ovelhas cabras e usufruir da beleza duma barragem magnifica ouvindo as ras e os passaros terraco panoramico com hipotese de visualizar o nascer por do sol massagem de maos maravilhosa sala de convivio lazer bem decorada e acolhedora com wi fi gratuito limpeza do quarto e areas de em comum excelente simpatia e disponibilidade do staff estrelas pontos negativos cheiro desagradavel a esgoto na casa de banho uso do spa nao ser gratuito cafe expresso ser pago"
"Positive", "gostamos do silencio da herdade o pequeno almoco e variado e a fruta e excelente faltou so um sumo de laranja natural que nestes sitios e obrigatorio na nossa opiniao o cafe a eur pago como extra ao pequeno almoco nao faz muito sentido tambem o quarto tem uma pequena piscina privada mas nao tem muita privacidade porque fica encostado a zona de passagem dos hospedes o colchao era bom e a temperatura do quarto era excelente tendo em conta o calor que estava la fora a casa de banho e enorme zona da piscina e muito agradavel e as espreguicadeira de apoio sao muito confortaveis relativamente a agua estava com muito sal outros produtos porque a nossa filha mais nova apos uns mergulhos esteve no dia seguinte sem ver nada e a nossa pele ficou muito seca deviam avisar"
"Positive", "excelente escolha lugar incrivel o atendimento e optimo e os funcionarios super acolhedores e simpaticos o melhor sitio para relaxar adorei toda a experiencia e aconselho vivamente vou repetir sem duvida"
"Positive", "um lugar de excelencia o ideal para descansar o quarto e uma maravilha parecia que tinha sido concebido para aqueles hospedes na mouche uma piscina otima e lugares suficientes para todos sem necessidade de se levantarem as da manha para os marcarem ja agora quer o por do sol quer o nascer sao deslumbrantes a simpatia dos colaboradores faz nos sentir em casa bom pequeno almoco sem deslumbrar o restaurante muito acolhedor e com pratos muito bem escolhidos quer para almoco quer para jantar o spa fechado com fundamento nas regras pandemicas aceita se mas os caixotes do lixo com a pandemia desapareceram tambem com o mesmo fundamento nao h uma casa de banho que sirva a piscina ou se vai ao quarto ou sofre se ah mas podia ir ao restaurante nao porque"
"Positive", "passei um fim de semana em familia e foi bastante agradavel o local e super relaxante bastante pacato e um pouco isolado que nao sendo um ponto negativo permite ter um merecido descanso sem o barulho da passagem dos carros existe a possibilidade de dar caminhadas por dois percursos diferentes de extensao variavel seja a pe seja de bicicleta uso gratuito podem ser avistados alguns animais como vacas cabras e burros os quartos sao espacosos e modernos alguns com uma pequena piscina privada staff muito simpatico e atencioso estando em plena pandemia o cuidado com as regras de seguranca e bem aplicado uso de mascara nas areas comuns maximo de pessoas em pe no buffet de pequeno almoco higienizacao das maos pontos fortes pequeno almoco variado e muito"
"Positive", "gostamos foi um fim de semana calmo mas esperavamos mais em suma era tudo bastante descuidado e com falhas em pormenores o que nao se espera num turismo de estrelas e que pratica este nivel de precos pontos fortes area grande animais por perto muito calmo e silencioso mesmo em marco estava calor zona quente pequeno almoco bom porem na segunda noite eramos os unicos hospedes e o pequeno almoco nao foi buffet foi o que quiseram escolher numa mesa ja posta por isso as opcoes encurtaram bastante quarto enorme cama muito confortavel banho turco bom funcionarios simpaticos e prestaveis pontos fracos limpeza limpeza e mais limpeza espacos comuns bastante descuidados piscina solario no spa terracos muitas teias de aranha mosquitos mortos e lixo tipo"
"Positive", "o pequeno almoco foi muito completo camas confortaveis staff muito atencioso e disponivel quartos espacosos mesmo no meio da calma do alentejo perfeito para ir com a familia e aproveitar as ferias seja verao ou inverno amei"
"Positive", "recomendo vivamente os passeios pela herdade onde vimos todos os animais desde ovelhas cabras burros cavalos vacas os pequenos almocos sao deliciosos e os quartos tem todo o conforto local que ao vou esquecer"
"Positive", "pontos positivos a cama era confortavel e a televisao tem canais por cabo o pequeno almoco e bastante completo e jantar tem buffet de sobremesas as tartes sao otimas e tambem bastante agradavel poder comer as refeicoes ao ar livre nas mesas no exterior o atendimento apesar de toda a parte negativa descrita no comentario e simpatico pontos negativos ponto crucial para nunca mais voltar a este sitio segundo o proprio funcionario da rececao alteram a tipologia dos quartos de vez em quando sem mudar absolutamente nada nos mesmos o que hoje e um quarto duplo amanha pode ser um quarto familiar so muda o preco conforme lhes apetece apos visualizar as fotografias dos quartos desta herdade optamos por um quarto familiar porque nao nos agradaram os quartos de"
"Positive", "um excelente espaco para descansar em familia e com amigos apesar de de sido so um fim de semana serviu para descansar todo o espaco e acolhedor e confortavel foi pena ter estado muito frio mas todos os espacos estao climatizados tenho pena de nao ter tirado mais fotografias do alojamento"
"Positive", "posso dizer que tudo aqui foi perfeito o quarto a piscina no quarto a piscina exterior a extrema simpatia e dedicacao dos empregados tudo e um lugar maravilhoso excelente para descansar para o ano irei certamente de novo"
"Positive", "quando se tem de andar km por terra batida para chegar a um hotel e de esperar que valha a pena pois as expectativas sao altas assim acontece com este hotel vale a pena o esforco para ficar absorto no cantar e chilrear dos passarinhos e acordar ao som da natureza os quartos sao acolhedores e imaculados atencao que estamos no meio do campo e natural que um gafanhoto ou uma aranhinha entrem sorrateiramente as camas sao altas por isso cuidado se acordar e se levantar com as luzes apagadas casas de banho limpas e asseadas agua quente de imediato no chuveiro sem ter de esperar uma eternidade que aqueca e sem desperdicio brilhante ideia de colocar a caldeira na casa de banho o espaco circundante oferece um por do sol radiante e digno de ser contemplado pequeno"
"Positive", "adoramos tudo quarto com boa cama otima piscina e bar acessivel junto a mesma com varias opcoes de espreguicadeiras e que apetece estar ali o dia todo e um passeio muito giro pela herdade que tambem tem varios animais e o pessoal muito simpatico e atenciosos tem tv a cabo e um lugar privilegiado para ver o por do sol adoramos assim que puder voltaremos"
"Positive", "nao se entende o nome com um spa que nao existe tirando esse aspecto trata se de um santuario de repouso com excelentes instalacoes no meio de nenhures estivemos em quartos com uma pequena piscina privativa pareceram nos e foram a escolha certa em especial os que sao voltados para nascente os quartos sao enormes bem mobilados com um quarto de banho tambem bom este tem no entanto pouca luz fazer a barba ali pessoal simpatico e muito disponivel para qualquer pedido que seja feito pequeno almoco muito dom com bons produtos e boa variedade para quem como eu e alentejo dependente este e um lugar onde so nao voltarei se deus nao me deixar"
"Positive", "local otimo para uma se desligar do stress do trabalho do dia a dia da cidade boa infraestrutura piscina top espreguicadeiras suficientes para todos os hospedes com sobras quartos grandes e confortaveis pequeno almoco com uma variedade suficiente o jantar foi muito bom toda a equipa do sesmarias nota maxima pela simpatia e profissionalismo relaxar ler um livro ouvir o silencio do campo uma pessoa fica como nova bom sitio para quem quer realmente desligar se e recarregar energias a repetir sem duvida"
"Positive", "uma surpresa no interior alentejano gostei bastante do quarto amplo e virado para a piscina a casa principal tem uma sala de estar muito bonita e acolhedora unico local com wi fi a piscina grande e muito limpa pequeno almoco muito bom excelente relacao preco qualidade"
"Positive", "em dezembro de fiz uma reserva atraves da booking de duas noites de dia a de junho e recebi de imediato por parte do alojamento sesmarias um email a pedir uma transferencia de de modo a garantir a reserva assim fiz senao quando no dia de maio cerca de um mes antes da minha estadia recebo um telefonema por parte do alojamento a informar que estao em overbooking e nao me podem alojar porque aceitaram um evento agora pergunto em dezembro nao tinham este evento avisam o cliente um mes antes pior mesmo que a falta de etica profissional e servico ao cliente e mesmo a ganancia pois ainda tiveram a indecencia de me pedir para eu cancelar na booking com para nao pagarem taxa devo relembrar que quem cancelou a reserva foram eles ainda me foi sugerida uma"
"Positive", "este alojamento esta inserido numa vasta herdade muito interessante quando chegamos apos uma curta viagem em estrada de terra batida normal por estas paragens o que nos aparece tem ar limpo e promete uma boa estadia simpatia e disponibilidade abundam por aqui piscina em lugar muito agradavel e tranquilo quarto com muito boas condicoes cama enorme e confortavel silencio e tranquilidade muitos animais na area envolvente possibilidade de realizar caminhadas e observar a fauna e flora desta zona jantamos no restaurante existente e ficamos com uma impressao um pouco negativa poderiam ser mais originais ou entao apresentar pratos tipicamente alentejanos talvez se deva a pouca ocupacao e o facto de ser epoca baixa ponto positivo as entradas e a simpatia da funcionaria"
"Positive", "local maravilhoso em pleno alentejo para descansar alojamento fantastico pequeno e tranquilo atendimento fantastico espacos exteriores muito bons limpos e conservados pequenos almoco variado e com produtos regionais"
"Positive", "atendimento muito bom simpatia tudo bom comida pouca escolha para quem foi com meia pensao lazer piscina bicicletas para dar um passeio impossivel andar tudo velho andamos metros e voltamos para tras spa que mencionava no prospecto nao existia enfim camas que para descansar era um pesadelo nao consegui descansar que era o meu objetivo e da minha esposa internet que nao dava nao correu bem por isso so dou"
"Positive", "espaco bastante agradavel para o repouso limpo e cuidado pessoal bastante disponivel e simpatico condicoes optimas e sem duvida bastante interessante localizacao estrelas longe de tudo boa disposicao de todo o complexo"
"Positive", "pequeno almoco fantastico quartos muito comodos piscina em declive onde da a possibilidade de ler um livro dentro de agua as bicicletas disponiveis gratis sabem muito bem achei um sitio muito calmo e tranquilo onde o staff esta sempre disponivel irei certamente repetir a estadia noutras ferias"
"Positive", "ja visitei alguns locais semelhantes no alentejo e por isso esperava mais do sesmarias o espaco tem muito potencial no entanto ha pormenores que deixam a desejar para o preco que se pratica o restaurante e demasiado elementar deixa muito a desejar para aquilo que qualquer pessoa espera do alentejo os proprietarios nao sao pessoas propriamente acolhedoras de uma forma geral a avaliacao e satisfatoria acima de tudo pelo espaco"
"Positive", "nao me canso de todos os anos desde que abriu e faz anos passar por la e ficar um fim de semana ou outras vezes mais e como se estivesse em casa adoro o espaco quartos amplos e com muito bom gosto piscina fantastica pessoal super simpatico e a comida e otima aconselho"
"Positive", "espaco agradavel com muito potencial mas muito mal aproveitado as fotografias enganam a entrada para a herdade e feita por um caminho cheio de pedras que e muito bom para os pneus precos de estadia elevados para a qualidade que oferecem meia pensao nao compensa pois nao traduz a tipica comida alentejana so as entradas e que ficam aprovadas infelizmente um sitio bonito que nao surpreende"
"Positive", "estive neste hotel num casamento e achei que o espaco tem todo potencial para ser uma unidade de luxo devido a infraestrutura no entanto o servico e qualidade de comida no restaurante fica abaixo de o que e espectavel"
"Positive", "fim de semana fantastico pequeno almoco servido com requinte e muita simpatia dos empregados quanto ao local terra a perder de vista e muitos animais para descobrir desde cavalos a burros passando por ovelhas e vacas momentos de descanco e coisa que nao falta nas sesmarias para quem passar um fim de semana a relaxar sem duvida um local a repetir"
"Positive", "passei um fim de semana neste espaco estava a contar com melhor profissionalismo e qualidade desde do quarto que cheirava super mal a esgoto puxava o autoclismo da sanita a agua saia pela base de duche cheia de lixo chamamos o gerente o qual nao soube ser profissional a resolver a situacao quando o gerente nao da o exemplo e normal que os restantes profissionais nao se importem o pequeno almoco que iniciava as h as h quando fomos tomar o mesmo ja nao havia comida praticamente nenhuma falamos com a empregada que nos disse que ja nao havia croissant nem pao pois demorava minutos no forno tivemos quase que implorar para nos trazerem comida no ato do check out no nosso quarto estava uma bebida marcada a mais e nos dissemos que nao tinhamos consumido a"
"Positive", "dias em que o alojamento tem espaco simpatico e a zona da piscina e boa no entanto fica um pouco por ai o que pode disfrutar poucos baldes de lixo disponiveis wi fi apenas disponivel na sala e descrito como spa mas que servicos de spa realmente tem funcionarios simpaticos e prestaveis ja o dono bastante sisudo e sem intervencao com os hospedes a comida foi uma desilusao o valor que se paga e o que se obtem nao estao em sintonia"
"Positive", "o alojamento de noites correu bem no entanto ha pontos que deveriam ser vistos revistos bercos para bebes pessimos no que respeita a conforto o que nos foi colocado estava estragado e quase nao tinha colchao sobre a tabua de madeira caixote do lixo do quarto com pouca capacidade tendo em consideracao que se tratava de um quarto familiar edredons nas camas quando se faziam sentir cerca de graus o que acaba por tornar a noite desconfortavel a limpeza dos quartos nao e cuidadosa havia comida antiga no mini bar do quarto assim como algum cotao e rolos de cabelos aos cantos do quarto o regime de meia pensao e demasiado caro para a qualidade e quantidade de comida servida ao jantar comida sem grande sabor servida em doses pequenas contudo ha pontos"
"Positive", "fiz um reserva por telefone por volta as h da manha no dia seguinte pelas h sou contactada para me informarem que tiveram overbooking e a minha suite seria para outra pessoa pois esta tinha marcado mais um dia como alternativa apresentaram um quarto inferior pelo seu preco de tabela falta de profissionalismo"
"Positive", "a simpatia de alguns colaboradores e inexcedivel em contrapartida os gerentes sao pouco empaticos pouco calorosos uma denominacao de spa que nao se percebe porque nao tem terapeutas nem piscina interior para jantar temos de reservar com antecedencia o que e impossivel de saber a chegada caso nao perguntemos tambem ninguem nos diz"
"Positive", "turismo rural muito aconchegante quartos amplos e confortaveis cama grande com bom colchao paisagem e silencio maravilhoso para descansar funcionarios simpaticos e muito disponiveis pequeno almoco optimo com excelentes produtos caseiros jantar possivel se pedido com antecedencia vale a pena experimentar uns petiscos alentejanas e a sopa de tomate a repetir concerteza"
"Positive", "este refugio alentejano tem tudo para ser perfeito fiquei hospedada numa suite com piscina privativa onde e possivel descansar e usufruir de tudo na privacidade do quarto os quartos sao muito espacosos e bem decorados fiz todas as refeicoes no local a comida era simples mas bem confeccionada a propriedade e enorme com muito espaco para passeios pedestres ou de bicicletas disponiveis no local perfeito para fugir ao rebulico da cidade obrigada"
"Positive", "todo o espaco e muito agradavel e simpatico bom para descansar a dois suite muito espacosa talvez demasiado minimalista mas confortavel pouco usamos as areas comuns chegamos tarde e saimos cedo apos um rapido passeio pela herdade pedimos o jantar e pequeno almoco no quarto ambos saborosos sem serem memoraveis pessoal simpatico e atento as solicitacoes contras a lareira do quarto nao funciona bem e tivemos de dormir de janela aberta para conseguirmos respirar com graus nao foi muito agradavel mas o pior de tudo e a luz que entra vinda da piscina e patio pois nao pode ser desligada"
"Positive", "desde o cenario maravilhoso onde se encontra ate a decoracao da suite passando pela comida divinal e acima de tudo a simpatia da ana catia e restantes funcionarias foi tudo simplesmente maravilhoso obrigada pela experiencia que nos proporcionaram"
"Positive", "lugar magico no coracao do alentejo piscina excelente que tao bem sabe nos dias de calor quartos muito agradaveis o pequeno almoco e bastante variado cheio de coisas boas incluido uns doces maravilhosos o staff e impecavel para descansar e sentir o alentejo em toda a sua plenitude obrigado sesmarias e ao seu simpatico e amistoso staff"
"Positive", "um sitio esplendido com todas as condicoes para um fim de semana perfeito nao fora o atendimento indelicado e rude na recepcao totalmente impreparados para o atendimento horario de saida estrito ao meio dia o que impede quem vem de longe para um fim de semana de aproveitar o resto de domingo e uma pena mas felizmente foi a nossa primeira ma experiencia no turismo rural pelo que evitaremos futuras visitas a este local ha muitos outros"
"Positive", "lugar tranquilo com vista para extenso olival no meio da planicie alentejana onde se pode escutar o luar quartos confortaveis limpos e luminosos pessoal atencioso e solicito boa e farta comida alentejana num ambiente descontraido e amigavel piscina apropriada para criancas e adultos com envolvencia confortavel e sombras generosas aguardamos o tempo frio para numa proxima escapadinha desfrutarmos da acolhedora sala comum com a sua vasta lareira"
"Positive", "o quarto onde ficamos era excelente a piscina optima as refeicoes muito boas apenas um reparo o acesso para alem de ser dificil acho que deveria ter uma sinalizacao mais visivel tirando isso e um paraiso"
"Positive", "uma surpresa muito agradavel no meio de uma paisagem de cortar a respiracao quartos muito confortaveis e com uma decoracao muito interessante a piscina e essencial devido as altas temperaturas que se fazem sentir na regiao adoramos o terraco principalmente a noite com uma vista privilegiada sobre um ceu cheio de estrelas pequeno almoco com bolo caseiro delicioso aconselho a passar por este refugio"
"Positive", "uma semana completa de passeios sol e sombra na piscina pequenos almocos almocos lanches e jantares sempre no ambiente mais confortavel que o local e a simpatia do pessoal poderia proporcionar tudo e calma descontracao e bom gosto propostas de visitas a adegas e restaurantes nas redondezas sempre acertadas esperamos voltar para bebermos o nosso rose guadalupe servido com simpatia num dos alojamentos rurais mais fantasticos do interior do alentejo e ja conhecemos outros bem hajam por nos proporcionarem estes dias de relaxamento que tanto precisavamos"
"Positive", "a familia alugou o espaco para uma comemoracao de anos e a escolha nao podia ter sido a melhor este turismo rural parece que sempre pertenceu aquele pedaco de alentejo a construcao esta em harmonia com a regiao a decoracao e rustica e acolhedora a piscina com praia da logo vontade de meter o pe e o terraco com vista para um alentejo a perder de vista e daquelas imagens que perdura na memoria pessoas muito simpaticas e uma tranquilidade impagavel recomendo sem pestanejar"
"Positive", "sitio ideal para fugir a azafama da cidade longe da confusao lugar extremamente tranquilo tem atividades como andar de bicicleta e a cavalo este sob marcacao ideal para a familia tem quartos com piscina privada magnificos staff acolhedor e discreto pequeno almoco magnifico para almoco ou jantar so sob reserva"
"Positive", "um local soberbo para quem quer ter paz e descansar comida excelente e quartos excepcionais para quem possui filhos tambem e boa opcao ler um livro a beira da piscina e a melhor escolha e ha quartos com piscinas individuais"
"Positive", "a inigualavel simpatia dos funcionarios os maravilhosos quartos espacosos com uma piscina privada ideal para dar um mergulho ao final do dia as confortaveis instalacoes da piscina combinadas com a tranquilidade e o sossego do alentejo os saborosos pratos tipicos servidos no restaurante tornam este espaco um autentico paraiso que deixa saudades ainda antes de ir embora uma estadia perfeita sem nada de negativo a apontar e sem duvida alguma a repetir e de realcar a simpatia e disponibilidade de todos os funcionarios que tornam o espaco ainda mais especial"
"Positive", "o hotel fica mesmo no meio do nada mesmo no meio do alentejo o quarto e agradavel com as suas comodidades o pequeno almoco e relativamente composto a piscina e magnifica onde se pode passar um bom serao nela na tranquilidade possui de um miradouro por cima do restaurante que proporciona uma vista fabulosa sobre a herdade apesar de ser longe para nos aveiro valeu a pena a viagem contudo notamos que de spa o hotel nao tem"
"Positive", "visitamos este turismo rural aquando do meu aniversario atenciosos no atendimento ficamos hospedados numa suite com piscina privada local limpo e tranquilo ideal para descansar paguei a suite em regime de pensao completa fomos informados do lanche da tarde mas nao o vimos o jantar foi estupendo a comida espetacularmente confeccionada a estadia valeu por isso a noite relativamente bem dormida atendendo a que a cama de casal nao era mais que duas camas juntas e os cortinados pouco isolam a luz do exterior quando realizamos o check out e perguntamos pelo almoco foi nos informado que era uma modalidade ja nao existente pois nao fazia sentido servir uma refeicao a alguem que ja nao e hospede por ter realizado o check out por quase tentativa de gentileza"
"Positive", "quarto fantastico muito acolhedor e extremamente limpo com vista para a piscina o pequeno almoco muito fresco e abundante o suficiente o sitio bastante isolado mas facilmente acessivel ideal para descansar da azafama da cidade no coracao do alentejo"
"Positive", "passamos um optimo fim de semana nesta magnifica unidade onde fomos muito bem recebidos ja na sexta feira a horas tardias para entrar providenciaram logo sopas tosta e saladas de frutas tudo com muita qualidade e simpatia de todo o pessoal envolvido nos restantes dias sempre muito atenciosos"
"Positive", "sitio fantastico o pessoal e muito simpatico a suite era maravilhosa sitio muito tranquilo para descansar quando estamos na casa so ouvimos os passarinhos a minha unica sugestao e que poderia haver uma pequena kitchenette para casais que tenham filhos as vezes apetece fazer a comidinha em casa e ficar a desfrutar a vista do patio"
"Positive", "finalmente um espaco fabuloso super cuidado e onde podemos passar uns dias em familia esquecendo tudo o resto pequeno almoco de elevadissima qualidade bem como um lanche reconfortante servido a tarde tudo para proporcionar aos hospedes uma estadia tranquila e formidavel vamos claramente regressar com a opcao de pensao completa pois ali o descanso e rei fiquei cliente"
"Positive", "excelente sitio com muito bom gosto a equipa e muito voluntariosa e simpatica os hospedes ficam a vontade e com a sensacao de estar em casa bons acesso apesar do pisso de terra batida em suma a voltar"
"Positive", "este hotel e excelente para desfrutar do sossego alentejano as instalacoes sao limpas confortaveis e bastante acolhedoras o pessoal muito simpatico e eficiente o pormenor de servirem um lanche a meio da tarde com um bolinho caseiro cha iogurte e limonada faz nos sentir em casa e bem recebidos o espaco exterior cuidado permite desfrutar da piscina e todo o espaco envolvente de forma bastante aprazivel um lugar a regressar certamente"
"Positive", "magnifico extraordinario unico maravilhoso local pessoas comida da da alice simplicidade conforto cuidado da da ana que esteja tudo a correr pelo melhor o melhor mesmo e ir para poder avaliar o que tem que melhor nada o que tem de bom tudo parabens e muito obrigado por terem feito de um fim de semana em familia um fim de semana unico sugestao ir com tudo incluido e aproveitar para estacionar o carro e descansar"
"Positive", "muito agradavel bom quarto agradavel e grande num local muito tranquilo rodeado de natureza e vistas deslumbrantes staff simpatico disponivel e preocupado com o bem estar dos hospedes os miminhos no quarto a chegada uns biscoitos deliciosos e o simpatico lanche sao agradaveis surpresas excelente pequeno almoco jantamos no restaurante e foi uma experiencia fabulosa comida caseira e feita com muito carinho pela da alice excelente cozinheira e muito simpatica e atenciosa"
"Positive", "fim de semana muito agradavel para descansar e conviver o silencio e uma mais valia o acolhimento foi muito bom o ritual do lanche ao fim da tarde quarto muito agradavel e espacoso com excelente vista de paisagem rural cama confortavel o pequeno almoco e excelente com sumo de laranjas da propriedade a equipa tudo fez para que nos sentisse mos em casa a lareira sempre acesa na sala de convivio convida recomendo vivamente"
"Positive", "lugar bastante calmo e sossegado em comunhao com a natureza muito agradavel com staff simpatico e prestavel quartos acolhedores jantar e pequeno almoco de boa qualidade estadia com pacote romantico com direito a jantar no quarto"
"Positive", "fim de semana para descansar sitio muito tranquilo o silencio e uma mais valia o acolhimento foi excelente como nao queriamos jantar serviram um cha e torradas em pao alentejano com um queijo maravilhoso o quarto tem um pequeno terraco todo branco com vista pata o campo que e muito relaxante o acesso e por um recanto com lareira com velas a acesas e um perfume convidativo cama enorme e com todo o conforto o pequeno almoco e excelente com sumo de laranja da propriedade delicioso a proprietaria faz tudo para que nos sintamos em casa a lareira acessa o bolo caseiro de chorar por mais podemos passear pelo campo em total silencio para descansar nao ha melhor"
"Positive", "paramos nas sesmarias para descansar otima paisagem sossego otimo para descansar e desfrutar do espacos calmos pessoas do bem e muita simpaticas adoramos tudo a repetir estrelasssssssss aconselhamos"
"Positive", "fomos no inicio do mes de setembro ainda estava imenso calor a ideia era descansar e apanhar sol e este e o sitio ideal ficamos em regime de pensao completa o pequeno almoco tem tudo o que e essencial de qualidade e fresco o jantar e tambem em regime de buffett com sopa um prato de carne e peixe e varias entradas e petiscos as bebidas estao incluidas estivemos hospedados durante cinco noites e os pratos foram sempre diferentes e bem confeccionados ao almoco e perguntado aos hospedes o que vao querer de uma selecao de saladas rissois empadas lasanha e algumas outras coisas depois e so sentar e servem o que foi pedido previamente penso que este regime de refeicoes mais leves funciona bem para o verao nao sei se sera tao eficaz o quarto era pequeno mas mais do que"
"Positive", "sao min desde a estrada ate a recepcao feitos numa estrada de terra batida no meio de um descampado ate que encontramos o paraiso lindo sossegado com um staff muito simpatico e eficiente e a dona alice uma simpatia e uma cozinheira de mao cheia incrivel a repetir recomendo a toda a gente"
"Positive", "que maravilha paz sossego tranquilidade excelente fim de semana aconselho tudo incluido simpatia de todos e excelentes e modernos quartos e suites a voltar brevemente para felicidade da mulher e filhos parabens"
"Positive", "o que tem de bom a piscina a sala de estar e muito confortavel e acolhedora o lanche oferecido sem qualquer custo a meio da tarde faz lembrar a casa da avo o pequeno almoco e muito bom o sossego e a paz e uma mais valia o que tem de mau o acesso a herdade e mau nao primam pela simpatia tirando a proprietaria o quarto e fraco o colchao nao e nada confortavel so chegarmos nao sabiamos bem para onde nos dirigimos visto nao ter identificacao da recepcao o preco muito alto para o que e"
"Positive", "o local as refeicoes o conforto do quarto a limpeza e o atendimento o atendimento das pessoas foi excecional em especial a andreia que estava sempre atenta a todos os pormenores a piscina comum sempre muito limpa os quartos com piscina particular dao um momento com os nossos filhos espetacular o pormenor da fruta no quarto as refeicoes ligeiras ao almoco sao espetaculares os passeios pela herdade a pe ou de bicicleta sao fantasticos"
"Positive", "muito boas condicoes comida caseira quartos optimos bom espaco staff muito simpatico da vontade de voltar passeios bicicleta optimos para dar volta na herdade muita simpatia dos donos e ambiente bastante calmo"
"Positive", "a piscina exterior tem uma forma diferente e interessante a zona em redor da piscina e silenciosa e permite descansar no dia em que la estive havia criancas que respeitavam o silencio geral apenas as criancas da casa faziam barulho no restaurante a variedade e insuficiente pratos para jantar mas a qualidade e aceitavel a chefe de sala e simpatica e esforcada a chegada ao local e feita tendo de passar sobre um fosso com umas placas metalicas ou apontamos bem as rodas do carro ou enfiamo las no fosso foi me dito que e provisorio depois temos um caminho de cabras com cerca de km em que se tivermos amor ao carro nao passamos de a velocidade a km h reservei uma suite com piscina privada ao chegar deparei me com um pequeno tanque a entrada de um"
"Positive", "depois de semana de praia procuramos um sitio para descansar verdadeiramente em pleno alentejo deparamo nos com um oasis pois tem poucos quartos o que e sinonimo de tranquilidade extremamente bem cuidado e decorado mas e acima de tudo o calor humano que nos faz sentir em casa alem do profissionalismo toda a atencao e carinho que os funcionarios em especial a d alice e a andreia colocam em tudo e fantastico faz nos querer voltar isto para nao dizer que foi dificil deixar um sitio tao especial"
"Positive", "gostamos de acabar as nossas ferias na paz e sossego do alentejo desta vez estavamos capazes de voltar para o algarve de onde tinhamos acabado de sair a recepcao nao foi a melhor quem nos recebeu comecou por nos perguntar se tinhamos a certeza de termos feito a reserva pois nao encontrava a mesma foi necessario chamar o proprietario para verificar a situacao passado uns instantes la nos disse que tinhamos um quarto disponivel ficou a faltar um peco desculpa pelo sucedido e espero que gostem da vossa estadia o quarto onde ficamos dava para a piscina era pequeno as fotos enganam e nao tinha espaco para arrumar a bagagem pelo que teve que ficar no chao junto a porta sentia se um cheiro desagradavel muito forte na wc ficamos sem saber se seria dos"
"Positive", "pela segunda vez neste espaco e mais uma vez incrivel a simpatia com que nos receberam tudo excelente refeicoes o espaco em geral o quarto simples mas muito acolhedor ficou a promessa de voltar pois ficamos com a sensacao de que soube a pouco queriamos ficar mais dias mais uma vez nao podiamos deixar de agradecer a d alice a andreia ao sr luis a d bebe e restante equipa toda a simpatia e gentileza com que nos receberam aconselhamos a"
"Positive", "quarto decorado com todo o pormenor com cama em doussel entre outros mimos dum verdadeiro hotel de estrelas apreciamos muito o pequeno almoco servido no quarto e o fantastico jantar servido a luz das velas experiencia a repetir sem qualquer duvida"
"Positive", "quarto com decoracao moderna e areas generosas boa casa de banho espacos publicos e de lazer optimos e sobretudo tranquilidade absoluta bom pequeno almoco staff afavel e cordialidade dos anfitrioes tudo sao razoes para nao deixarem de visitar este turismo rural"
"Positive", "pela segunda vez que regressamos e parece sempre que chegamos a casa de amigos que nos recebem com todo o carinho e muita hospitalidade local ideal para quem quer fugir da cidade e parar um pouco aproveitado o melhor que tem a natureza"
"Positive", "espaco acolhedor e muito apresentavel muito calmo e bem integrado no plano alentejano proprietarios simpaticos e prestaveis refeicoes tipicas da gastronomia local muito boas local ideal para descansar com o conforto necessario"
"Positive", "lugar idilico que nos transporta para uma alternativa de vida fora da correria das cidades fomos recebidos como se fossemos convidados especiais recomendo vivamente o pacote romantico que nos brindam com pormenores inesqueciveis voltar e uma certeza"
"Positive", "excelente local para descancar pacote romantico fantastico com piquenique na barragem a perder de vista decoracao do quarto com todo o mimo e bom gosto pessoal estrelas com cuidados local certamente a repetir"
"Positive", "muita confusao com miudos talvez por ser agosto esperavamos encontrar mais calmaria talvez voltemos em epoca baixa para desfrutar do sossego que o lugar oferece tudo incluido e uma vantagem quase obrigatoria pela localizacao no entanto a oferta nao e muita faltou o pao alentejano sitio fantastico para descansar uns dias a beira da piscina longe de qualquer confusao pessoal prestavel para qualquer coisa que seja necessaria"
"Positive", "recomendo este turismo rural para quem quer descansar e fugir da confusao quarto muito bom bem decorado um terraco para relax total limpeza muito boa a nivel da comida tem que melhorar tem que apostar na comida alentejana mais variedade as areas comuns tem que ser mais cuidadas mas volto com certeza a este lugar"
"Positive", "recomendo este espaco para quem procura um momento de verdadeiro sossego e desfrutar de paisagens lindissimas situado num monte alentejano este hotel oferece momentos de tranquilidade mas tambem de divertimento pelas diversas actividades que oferece piscina ping pong bicicletas o regime de tudo incluido e um must embora tenhamos ficado com a sensacao que podia ser mais variado tendo alternativas para quem nao pode ou nao gosta de comer determinados pratos o nosso quarto tinha um pateo muito catita que permite passar o fim de tarde a apanhar sol ou a ler um pouco mais recatados o que gostamos menos foi o conforto da cama que apesar de ser king size era uma juncao de dois colchoes o que acabava por ser desconfortavel pela costura a meio que magoava as costas o"
"Positive", "o lugar perfeito para quem quer descansar o espaco e maravilhoso a simpatia de todos contagiante e a paz que se sente e indescritivel se forem namorar nao deixem de fazer o programa romantico tudo preparado com muito mimo vamos voltar"
"Positive", "o tempo parou apesar de ser um fim de semana em ambiente familiar filhos deu para descansar e sentir o tempo passar muito devagar em ambiente familiar com filhos pequenos aconselho o regime tudo incluido pois as deslocacoes para entrar e sair da herdade com o calor alentetejano nao e aconselhavel o que e aconselhavel e mesmo saborear a comida da d alice o espaco esta com muito bom gosto e da uma grande liberdade as criancas com varias actividades alem da piscina a nao perder o por do sol alentejano ver foto por ultimo mas de realcar tambem a simpatia e hospitalidade dos donos"
"Positive", "sendo a primeira incursao ao turismo rural sou sincero que ia um pouco a medo com tudo tratado pela minha cara metade ia na completa ignorancia e ainda bem por muito que tente torna se dificil criticar o que quer que seja o ambiente muito caloroso mas que nunca chega sequer proximo de invadir a nossa privacidade faz com que nos sintamos a vontade o espaco tem tudo uma excelente piscina exterior com ambiente que convida ao relaxe enormes camas para deitar ao sol ou sombra espaco de jogos com varias opcoes para entreter foi optimo jogar ping pong ao fim de tantos anos bicicletas para explorar os hectares da propriedade relativamente a comida excepcional um lanche bastante agradavel incluido no preco passando por refeicoes completas por valores"
"Positive", "atendimento muito bom e carinhoso quartos maravilhosos com espaco exterior muita privacidade mas ao mesmo tempo muito acolhedor a area envolvente e simplesmente fantastica e natural refeicoes bem elaboradas com produtos tipicos perfeito para uns dias de descanso"
"Positive", "espaco moderdo e fresco que tem como expoentes maximos a simpatia dos donos e os petiscos da d a alice adequado para familias com criancas onde todas as solicitacoes sao prontamente atendidas no mais puro alentejo"
"Positive", "ficamos por noites e foi fantastico descanso total excelente acolhimento e atencao por parte da bebe uma boa opcao jantar no hotel comida caseira e tudo muito cuidado vamos voltar mas desta vez levar o nosso filho que vai adorar a piscina"
"Positive", "escolhemos este hotel para festejar com a familia e amigos um importante acontecimento ficamos com todo o espaco so para nos o que fez com que nos sentissemos completamente em casa usamos a capela para a celebracao religiosa fizemos todas as refeicoes e tivemos ainda muitos outros mimos toda a equipa que nos recebeu e tratou de nos foi incansavel foram dois dias perfeitos que tanto os miudos como os graudos adoraram mais simpatia e disponibilidade por parte dos proprietarios seria impossivel"
"Positive", "espaco excelente e ideal para quem procura um local calmo para descansar a simpatia e disponibilidade dos donos e de todo o staff torna a estadia muito agradavel quarto muito acolhedor e o servico de restaurante impecavel sem duvida para repetir"
"Positive", "tudo optimo fomos no pacote fim de semana romantico e adoramos cada pormenor a simpatia das pessoas o sossego a comida deliciosa o quarto era super acolhedor a cama muito confortavel ja para nao falar em todas as surpresas que nos prepararam com todo o carinho uma experiencia a nao esquecer e para repetir"
"Positive", "estabelecimento novo ainda com pormenores por finalizar nomeadamente toalheiros na casa de banho amabilidade e simpatia dos donos sempre de sorriso nos labios servico de lanche na sala da lareira marcacao de restaurante exterior alojamento espacoso cama grande e confortavel ar condicionado a funcionar bem pequeno almoco muito bom com produtos naturais tais como leite queijo e sumo de laranja falta alguma charcutaria tradicional area exterior excelente para usufruir da primavera ao outono e com vista expetacular"
"Positive", "nos ficamos com a familia noites la o inicio da nossa viagem para as sesmarias foi um buraco enorme no pneu do carro o pneu furou ao entrar na propriedade das sesmarias a estrada e ruim e cheia de pedras pontiagudas quando chegamos um carro antes de nos tinha a mesma coisa estava sem pneu em seguida fomos para o nosso quarto e nao era como prometido por fotos e descricao nos pagamos por um quarto melhor que e chamado de deluxe mas eles deram um dos menores nenhum espaco nenhum sofa nada cama do nosso filho perto da nossa cama grande e quase sem espaco como estavamos com parentes poderiamos comparar seus quartos e o nosso era um padrao definilty entao paguei mais por nada quando falamos com o gerente sobre isso ela apenas nos disse que nosso quarto e"
"Positive", "o quarto foi ok no entanto nao foi chaleira nao tabua de passar as instalacoes sao agradaveis mas voce definitivamente precisa comprar sua propria comida ou ser prepeared para pagar um preco agitado para o jantar cafe da manha foi bom cafe e sucos frescos alguns paes cereais e frutas frescas o servico nao foi incrivel talvez devido a falta de conhecimento de ingles a piscina estava muito suja com pedacos ja no fundo o mobiliario exterior tambem estava sujo eles definitivamente precisavam ser preshure lavado no lado positivo a paisagem ao redor e linda com oliveiras ao redor voce pode pegar algumas das bicicletas e explorar a area definitivamente nao ficaria mais do que apenas uma noite embora"
