Sentiment, Review
"Positive", "dificilmente se encontrarao locais sem macula para nos alojarmos seja em que circunstancia for mas garantidamente este e um deles aqui tudo e bom desde o espaco em si que esta extremamente bem cuidado e aprazivel com um conforto habitacional de realce uma quietude que nos enche a alma e um acolhimento extremamente afavel por parte de todos os que nos recebem seja a d rita ou a sua mae joana o senhor manuel ou a colaboradora denise sendo que todos sao simpatiquissimos e prestaveis por fim e nao menos destacado e o pequeno almoco continental onde nao falta o bolo confeccionado diariamente croissants estaladicos e gostosos pao diverso sempre fresco queijos varios e o sumo de laranja natural obtido a partir de laranjas acabadas de espremer para um conceito de"
"Positive", "alojamento simples de grande qualidade silencioso e tranquilo pequeno almoco variado com sabores da regiao paisagem alentejana magnifica hectares de vinha a perder de vista facil de encontrar muita simpatia e disponibilidade por parte da gerencia a repetir recomendo vivamente"
"Positive", "desde ja a anfitria rita e espectacular de tanto profissional quanto hospitaleira um pequeno almoco de qualidade e variado onde poderei destacar o sumo de laranja que considero divinal uma sala aprazivel luminosa e uns tons de grande apelo a harmonizacao o alojamento e muito acolhedor um retiro de paz e relax a acoteia convida a umas noites ao luar a localizacao e fantastica ja que permite aceder quer ao alqueva de varios pontos quer experienciar uma panoplia degustativa alentejana e ainda viajar no tempo pelos inumeros pontos de interesse cultural e historico estamos muito proximo de monsaraz e da sua bela praia fluvial que proporciona idilicos momentos de final de tarde de um sol caramelizado quanto poetico pontos de interesse convento de orada cromeleque ermida"
"Positive", "outeiro do barro uma agradavel pousada nos arredores de reguengos de monsaraz localizada em um sitio rural e ideal para descansar no entorno da pousada ha varias quintas repletas de vinhedos e olivais o que a torna ainda mais especial alem de agradavel o sitio e estrategico para visitar monsaraz e as olarias de sao pedro do corval da pousada e possivel avistar monsaraz onde fica o castelo a pousada e muito charmosa bonita e bem cuidada destaque para o cafe da manha delicioso e repleto de produtos locais como queijos fiambres e salames tambem destacamos a simpatia e a atencao da proprietaria rita que nos recebeu muito bem e nos deu excelentes dicas sobre o alentejo iremos voltar"
"Positive", "instalacoes acolhedoras simples mas confortaveis extremamente limpas a proprietaria rita murteira e uma simpatia e merece que a visitemos de novo pequeno almoco excelente localizacao optima experiencia a repetir e aconselhar"
"Positive", "numa quinta rodeada de arvores de fruta e vinhas local sossegado a menos de metros do centro de reguengos piscina razoavel quartos pequenos e sem frigorifico a simplicidade do local e suplantada pela simpatia da rita e pela qualidade do pequeno almoco muito melhor do que seria de esperar para um estabelecimento desta categoria"
"Positive", "para ser uma escapadinha diferente e juntando se a data comemorativa dos dia doa namorados fomos passar la esse fim de semana so ha maravilhas a dizer deste espaco desde do cuidado da limpeza e manutencao do quarto desde um miminho preparado para a nossa chegada com uma garrafa de licor a simpatia e prontidao da rita e sua mae dona joana e de se tirar o chapeu um pequeno almoco soberbo com produtos da terra e com paladares que ainda os guardo para nao falar das parcerias que conseguem para os seus hospedes e um espaco que merece um fim de semana na tranquilidade do alentejo seguramente para repetir e recomendar atencao e tao soberbo que facilmente fica esgotado"
"Positive", "experiencia maravilhosa o quarto estava super limpo tudo muito organizado a rita e de uma simpatia extrema muito cuidadosa em todos os detalhes cafe da manha simples mas delicioso foram dias super agradaveis"
"Positive", "ficamos alojados no outeiro do barro por quatro noites e nao podiamos ter mais pena por irmos embora e perfeito perfeito para descansar perfeito para familias perfeito para aproveitar o que o alentejo tem de melhor a sua calma e as suas gentes a rita e a mae a d joana foram formidaveis bem como todas as outras meninas que apoiavam na logistica um obrigada a todas por toda a atencao limpeza perfeita o cheiro a lavado a fresco em todos os atoalhados e em todos os sitios da quinta pequeno almoco magnifico com bolo caseiro e sumo natural todos os dias os detalhes fazem a diferenca e aqui juntando isso ao sitio maravilhoso nao se pode pedir mais enfim so vivendo reservem vale muito a pena e o sossego incrivel baterias mais que carregadas a repetir sem"
"Positive", "tudo muito bem arranjado e cuidado para um alojamento do genero os pequenos almocos tem produtos de qualidade e variados sumo de laranja natural bolo caseiro bons paes croossants queijos carne frias toalhas de pano e guardanapos de pano impecavelmente passados tudo limpo impecavel e o servico muito simpatico parabens"
"Positive", "espaco muito agradavel muito perto de algumas das aldeias obrigatorias a visitar com bonitas e unicas paisagens do alqueva pequeno almoco com boa qualidade e simpatias de todos os funcionarios de salientar as informacoes prestadas pela rita e a sua permanente disponibilidade gostamos muito voltaremos com toda a certeza obrigada"
"Positive", "excelente recepcao simpatia limpeza pequeno almoco quarto e preco melhor opcao preco perto do alqueva estacionamento pequeno almoco variado com vista para o campo com alqueva no horizonte quarto casa confortavel piscina"
"Positive", "apenas uma noite o que soube a muito pouco so foi pena o tempo estar de chuva e nao dar para apreciar muito melhor o espaco todo quarto que parece uma mini casinha alentejana muito agradavel a d rita foi feita para isto muito acolhedora e atenciosa e disponivel para dar informacoes sobre a zona o pequeno almoco bastante variado e muito saboroso a voltar um dia com toda a certeza aconselho"
"Positive", "ja perdi a conta que repeti este espaco sempre que venho para os lados de reguengos que e impossivel nao ficar a dormir neste espaco que e tao caloroso e acolhedor espaco muito agradavel optimos quartos e um pequeno almoco que comeca num corredor com um cheirinho de tangeras e que ao entrar na sala nos deparamos com uma variedade de produtos da regiao desde as compotas pao etc mas o que realmente torna todo isto especial e a atencao calorosa que a d rita e a sua mae d joana que sao estrelas e nos acarinham um terraco optimo para um nascer ou por do sol um lugar que todos deveriam experimentar aconselho a"
"Positive", "hotel de excelente qualidade todos os detalhes para um hotel charmoso e acolhedor foram pensados nesse hotel a dona do estabelecimento e uma pessoa super receptiva e profissional o quarto estava impecavel tanto na limpeza quanto nos detalhes o cafe da manha e maravilhoso e as frutas todas muito frescas reguengos de monsaraz e um lugar lindo e o hotel outeiro do barro e um lugar excepcional para ficar e de excelente qualidade"
"Positive", "dos melhores alojamentos onde estivemos ate hoje quartos excelentes muito bem decorados super limpos e equipados com tudo o que e necessario o pequeno almoco bastante diversificado com produtos regionais e caseiros a d rita a sua mae e a d denise sao de uma simpatia extrema atenciosas e bastante profissionais fizeram nos sentir em casa pela atencao e solicitude com que nos receberam recomendo a quando houver oportunidade voltarei com toda a certeza"
"Positive", "alojamento bonito e calmo em optima localizacao perto do centro de reguengos de monsaraz e de outros locais lindos para visitar pequeno almoco bastante completo e fomos recebidos com muita simpatia espero voltar"
"Positive", "perfeito para uma paragem de dias na regiao do alqueva a caminho do algarve fomos recebidos pela d rita incrivelmente simpatica prestavel e atenciosa como eramos pessoas alojaram nos em quartos contiguos que fizeram com que nos sentissemos quase em casa tendo nos cruzado com outros hospedes apenas na piscina os quartos sao muito limpos bem decorados e incrivelmente sossegados as camas sao grandes e muito confortaveis e todos os quartos dispunham de tv wi fi e ar condicionado a piscina de agua salgada a uma temperatura invejavel fez as delicias de quem chegou quase derretido de uma viagem onde o ar condicionado decidiu tambem tirar ferias o espaco envolvente com vista para as vinhas reguengos e monsaraz e encantador o pequeno almoco e delicioso e muito bem"
"Positive", "o cenario perfeito para uma escapadela de fim de semana adorei os quartos e o pequeno almoco e de produtos da mais alta qualidade a vista para a cidade ao pequeno almoco vale a pena espero la voltar em breve"
"Positive", "a simpatia e dedicacao da d joana e rita fazem do outeiro do barro um local perfeito para descansar pequeno almoco estrelas limpeza estrelas e uma excelente base para visitar o alqueva cama muito confortavel tv wi fi e ar condicionado em perfeitas condicoes senti mo nos em casa"
"Positive", "quarto bastante limpo bem decorado com privacidade pequeno almoco fresco e tradicional muito saboroso fomos muito bem recebidos pela rita e ao pequeno almoco pela sua mae piscina agradavel onde pudemos descansar e relaxar gostamos muito recomendamos e esperamos voltar"
"Positive", "quartos limpos privados com acesso a piscina partilhada e um excelente pequeno almoco bastante espaco para circular toda a simpatia por parte da familia que acolhe recomendo muito quer a casais de todas as idades quer a familias a voltar quando possivel"
"Positive", "o quarto estava muito limpo o pequeno almoco muito bom e uma grande simpatia de quem nos recebeu fomos em familia com um bebe e correu muito bem recomendo para passar uns dias em familia tive pouco tempo e fiquei com vontade de mais"
"Positive", "espaco com optima localizacao para quem pretende estar perto reguengos de monsaraz visto ser a km da vila a proprietaria do espaco e fantastica muito muito disponivel para tudo atenciosa e a saber receber muito bem mesmo os quartos sao muito bonitos simples mas bem decorados e estava impecavel de limpeza e apresentacao de tudo toalhas lencois nao desfrutamos do espaco exterior porque estava a chover mas tem piscina e jardim nao muito grandes mas agradaveis o pequeno almoco muito bom muito caseiro o pao e feito na hora sumo natural bolinhos e doces tipicos adoramos a hospitalidade obrigada rita pela simpatia connosco e com o t"
"Positive", "espaco lindo gente muito simpatica que sabe receber uma higiene irrepreensivel pequeno almoco sem ser grande com tudo e delicioso localizacao otima nao gostei de uma coisa ter que me vir embora obrigado rita e ate breve"
"Positive", "local tranquilo limpo muito confortavel quartos decorados com muito bom gosto mas o pequeno almoco realmete superou todas as expectativas o melhor sumo de laranja natural que bebi na minha vida um bolo caseiro fresco todos os dias diferente o cuidado da fruta fresca diariamente o pao e os croissants fantasticos e frescos mas a melhor coisa e sem duvida o cuidado carinho simpatia da d rita e sua mae faz nos sentir especiais nao e em qualquer lugar que deixamos a nossa mala com a carteira e todos os objectos importartes e no dia a seguir esta nos a bater a porta de casa recomento vivamente e deixo a promessa de voltar em breve ficaram no meu coracao"
"Positive", "tudo esteve do nosso agrado desde a rececao no dia de chegada a despedida no dia em que nos voltamos a fazer a estrada com promessas de voltar a simpatia paz e conforto estiveram sempre presentes ao longo das duas noites em que pernoitamos no outeiro do barro excelente servico pequenos almocos deliciosos e ricos quarto sempre limpo um ambiente familiar e acolhedor excelente"
"Positive", "enorme amabilidade e profissionalismo de quem nos recebe mais do que um simples quarto encontramos um espaco bonito confortavel com boas dimensoes e de uma limpeza irrepreensivel um pequeno almoco ao nivel de hotel de estrelas vamos voltar"
"Positive", "tudo aqui correu mais que bem comecando por atendimento muito eficiente passando as boas instalacoes do quarto toda a disponibilidade prestada a vista maravilhosa que nos prende uma boa limpeza a localizacao e excelente o pequeno almoco tem imensas opcoes e o sitio ideal para passar aqui uns dias com o objetivo de relaxar a dona rita e a sua mae fazem de tudo para nos sentirmos a vontade ambas tem uma simpatia que nao ha outra igual sem duvida assim que tiver oportunidade irei voltar aqui"
"Positive", "tudo e magnifico paraiso perdido as instalacoes o espaco exterior rural o pequeno almoco dos deuses a simpatia da da rita e da sua mae adorei vou voltar e recomendo nao aconselho o quarto no dado barulho que provem das caixas de ar condicionado mas a da rita vai ja tomar providencias se e que nao tomou ja"
"Positive", "local optimo para descansar e relaxar onde tudo e magnifico o sitio a proximidade o pequeno almoco o preco a piscina consensual e obviamente a regressar pena e que nao seja tantas vezes como gostaria de realcar a simpatia da rita que nos faz sentir em casa com o pormenor de reguengos e monsaraz estarem perto onde se podem fazer optimas refeicoes tipicamente alentejanas felicidades e longa vida para o outeiro do barro"
"Positive", "uma estadia que posso classificar de estrelas tanto a localizacao muito perto de reguengos como as acomodacoes bonitas e sempre bem limpas como o pequeno almoco maravilhoso com produtos frescos e regionais como as empadinhas de frango e o requeijao com doce de abobora e canela fantastico tambem a piscina de agua salgada e fantastica e apesar de nao ser muito grande e suficiente para refrescar em dias de muito calor por ultimo e propositadamente destaco a simpatia e dedicacao do staff para com o cliente que e de longe o melhor de todos os sitios por onde tenho andado e ja sao bastantes obrigado rita e d joana foram umas anfitrias inexcediveis parabens e continuem assim beijinhos do miguel que vos adorou"
"Positive", "uma unidade familiar com uma qualidade de servico acima da media simpatia de todo o staff pequeno almoco fabuloso muito perto de reguengos de monsaraz e de facil acesso relacao qualidade preco muito boa"
"Positive", "em viagem pelo interior alentejano esta foi a paragem escolhida para visitar monsaraz mourao e alqueva um excelente escolha por sinal atendimento super simpatico as acomodacoes com bom gosto na decoracao assim como se nota o cuidado nos pormenores importantes em que nada falha parabens por este espaco e obrigado pelo bom receber tipico alentejano"
"Positive", "bem localizado proprietarios muito simpaticos que proporcionam um excelente servico belo pequeno almoco com valorizacao dos produtos regionais piscina pequena mas muito acolhedora mais do que suficiente para tornar a estadia muito relaxante quarto amplo simples mas muito confortavel e acolhedor"
"Positive", "simplesmente fantastico ferias em familia ideal para relaxar so aspectos positivos desde a simpatia dos funcionarios o pequeno almoco que e divinal tudo a piscina de agua salgada que e optima recomendo vivamente para repetir no proximo ano"
"Positive", "quem procura um local tranquilo para passar uns dias e recarregar baterias na zona de reguengos de monsaraz esta e uma opcao a ter em conta outeiro do barro e um alojamento mesmo a entrada de reguengos sentido norte sul com poucas habitacoes o que o torna num local bastante sossegado a higiene e simpatia sao o ponto de ordem nao se pode pedir mais talvez um piscina um pouco maior"
"Positive", "local sossegado e muito agradavel quarto confortavel e piscina impecavel o pequeno almoco e optimo muito completo e repleto de bons produtos da regiao o atendimento e extremamente atencioso e simpatico sempre com boas sugestoes de actividades e locais a visitar valeu mesmo a pena"
"Positive", "uma agradavel surpresa em reguengos logo ao chegar somos surpreendidos pela simpatia da dona rita um amor super simpatica o quarto muito bem decorado espacoso e sempre limpo e fresco a piscina uma maravilha com agua salgada o pequeno almoco e divinal tudo muito bom e fresco ficamos dias mas com vontade de ficar mais vamos voltar certamente recomendo"
"Positive", "no outeiro do barro os funcionarios sao super atenciosos e simpaticos local muito calmo ideal para descansar a piscina limpa os quartos tambem impecaveis perto de reguengos de monsaraz a regressar"
"Positive", "hotel estilo rural a cerca de km de reguengos situado numa quinta quarto agradavel nao muito grande cama confortavel com wc privada muito bem decorado os quartos sao em pequenas casinhas que se dispoem ao redor dum pomar de laranjeiras e da piscina e um hotel pequeno e muito calmo o ambiente com um estilo romantico virado para o descanso pequeno almoco tipico de um hotel estrelas portugues no entanto com tudo muito fresco os funcionarios sao os proprios donos que atendem a todas as necessidades e sao muito simpaticas gostei muito"
"Positive", "o atendimento excelente o quarto minimalista mas muito bem decorado em tons de branco com um colchao muito confortavel e tudo muito limpo o pequeno almoco muito bom com muitos mimos e produtos da regiao onde se destaca o sumo de laranja acabado de fazer e a tarde de maca da da joana nao podemos deixar de referir o local do pequeno almoco com uma vista privilegiada que nos e dada a conhecer pelas grandes vidracas sempre que formos a reguengos e um lugar a voltar"
"Positive", "fomos a reguengos de monsaraz passar duas noites queriamos algo calmo pessoal diferente descobrimos o outeiro do barro e nao podiamos ter vindo mais satisfeitos desde a atencao da gerencia no momento em que chegamos ate a sua simpatia em cada conversa connosco adoramos o espaco o quarto e muito bom e confortavel o pequeno almoco e simplesmente divinal o sumo de laranja os bolos e as compotas ambos caseiros que delicia aconselho a visita"
"Positive", "o outeiro do barro e um turismo rural bastante acolhedor a rita que foi a pessoa que nos recebeu e muito simpatica e prestavel em tudo o quarto e a casa de banho e igualzinho ao que aparece nas fotografias tudo bastante acolhedor limpo e agradavel o pequeno almoco e otimo com varios tipos de opcoes e ainda um otimo sumo de laranja natural obrigada pela excelente estadia recomendo"
"Positive", "uma passagem por reguengos sem conhecer nada fui as novas tecnologias e atraves delas dei com um turismo rural outeiro do barro liguei e fui atendida por a dona rita que foi muito prestavel disse lhe que estava a chegar disponibilizou se logo para nos mostrar o quarto o quarto bem decorado rececao muito acolhedora e foi o melhor pequeno almoco que ate agora tomei num turismo rural fiquei cliente e recomendo vivamente"
"Positive", "fomos muito bem recebidos pela rita que nos fez rapidamente sentir em casa a quinta e maravilhosa e tem uma vista incrivel o quarto era espacoso moderno e decorado com muito bom gosto estava impecavelmente limpo a cama era muito confortavel o pequeno almoco era optimo aconselho a provarem o bolo podre e uma delicia"
"Positive", "o pequeno almoco e dos melhores que tive ate hoje em turismo rural a cama muito confortavel a melhor ate a data o quarto muito aconchegante a simpatia e disponibilidade da d joana que nos fez sentir em casa nem toda a gente nos serve um cafe nem nos faz um roteiro pra passeio muito bom mesmo nao pude comprovar o isolamento acustico do quarto uma vez que ao lado nao estava ninguem penso eu o banho nao e uma experiencia agradavel porque a casa de banho e muito fria"
"Positive", "descobrimos o outeiro do barro por acaso e marcamos quase que de um dia para o outro como queriamos visitar aquela zona de portugal escolhemos algo que fosse tipico que tivesse boas criticas e que fosse central sem ser mesmo no centro de nenhuma terra a nossa escolhe revelou se a mais acertada desde o momento em que fomos recebidos sentimo nos como que em casa um ambiente familiar de comunhao com a natureza e a cultura com vistas estupendas e a calma que aprendemos da zona alentejana propicias para descobrir a verdadeira essencia portuguesa as casinhas sao simples mas confortaveis com wi fi e tv camas largas e num ambiente a puxar o moderno o pequeno almoco tambem foi um dos pontos altos com comida deliciosa e farta com variedade e qualidade adoramos a simpatia"
"Positive", "excelente localizacao e atendimento a rita a mae foram super simpaticas e atenciosas o meu marido fez anos e as senhoras tiveram o cuidado de lhe preparar um miminho local super calmo e excelente para relaxar sempre muito asseado pequeno almoco com produtos frescos e saborosos um local sem duvida a voltar e a recomendar muito obrigada a toda a equipa pela excelente estadia que nos proporcionou"
"Positive", "espaco muito agradavel composto por diversas casinhas piscina exterior e parque de estacionamento gratuito pequeno almoco divinal e simpatia no atendimento fazem deste outeiro do barro uma referencia no alojamento rural para nos foi uma excelente base de partida e chegada para conhecermos os arredores do alqueva seguindo as sugestoes da simpatica da rita e sua mae quartos e sala do pequeno almoco agradavelmente decorada e limpeza irrepreensivel parabens"
"Positive", "muito bom staff simpatico alojamento confortavel e limpo muito bem localizado o ideal para relaxar ou viajem de negocios o pequeno almoco e muito bom recheado de produtos regionais e ou caseiros certamente irei voltar"
"Positive", "adorei tudo a chegada a rita deve ser do nome muito acessivel simpatica atenciosa mostro nos tudo a sala de refeicoes o quarto o quarto com uma decoracao super moderna tudo limpinho nada a dizer dormimos do melhor o acordar uma vista fantastica um pequeno almoco delicioso com produtos caseiros um sumo de laranja divinal um bolo de limao maravilhoso e o queijinho da terra maravilhoso resumindo tudo muito bom excelente a voltar um dia mais tarde"
"Positive", "um local fantastico com localizacao excelente e simpatia top um local a voltar assim que puder o melhor para descansar e visitar o alentejo muito bom pequeno almoco variado e quartos muito bons vista linda"
"Positive", "esse hotel reflete toda a hospitalidade alentejana rita e joana sao as pessoas mais simpaticas e prestativas que se possa imaginar a pousada tem todo um charme muito limpa e com tudo de muita qualidade recomendo que experimentem o bolo caseiro servido no cafe da manha"
"Positive", "foi sem duvida nenhuma uma excelente experiencia as duas noites que ficamos no outeiro do barro esta localizado muito perto de reguengos de monsaraz num sitio bastante tranquilo com vista para monsaraz e os campos o quarto e confortavel com um pequeno alpendre ca fora a decoracao e simples e de bom gosto a limpeza e irrepreensivel todos estes atributos nao fazem sentido sem a simpatia e disponibilidade da familia principalmente da rita que gere o espaco foi um enorme prazer conhecer a rita e a partilha da sua historia ate chegar ao outeiro do barro todo o espaco e mantido pela familia da rita com dedicacao e atencao aos pormenores o pequeno almoco e muito bom para comecar bem o dia tem varios produtos regionais e outros caseiros o bolo da d joana estava delicioso"
"Positive", "localizacao excelente escolha para quem quer conhecer esta zona do alentejo a dois minutos do centro de reguengos se tanto e o ponto de partida para inesqueciveis incursoes pelo alqueva por monsaraz evora e outras localidades vizinhas instalacoes perfeitas pitorescas casinhas quartos alentejanos em tons de branco e azul rodeiam um pequeno mas muito agradavel jardim e uma acolhedora e refrescante piscina como apoio um outro edificio onde fica a cuidada rececao e a maravilhosa sala de pequeno almoco o terraco convida a um nascer de dia inesquecivel o quarto em que ficamos era muito agradavel boa cama decoracao com gosto quarto de banho impecavel televisao com a melhor oferta de canais de que ja dispus ao fim de tantos outros hoteis sofa e um pequeno terraco"
"Positive", "estive la em finais de dezembro de foi tudo perfeito dos quartos passando pelo pequeno almoco terminando no atendimento os quartos possuem ar condicionado e o local e calmo ideal para descansar"
"Positive", "estadia e ferias fantasticas um lugar extraordinarios desde o bom gosto da decoracao a limpeza de todos os espacos e acima de tudo a simpatia dos qur la trabalham o pequeno almoco e extraordinario de comer e chorar por mais optimo para ferias em familia em casal ou com amigos fiquei fa irei voltar"
"Positive", "escolhemos ficar no outeiro do barro ao acaso escolhemos a zona e so depois o alojamento e nao ficamos nada arrependidos pelo contrario muito satisfeitos a rita e a sua mae sao anfitrias soberbas de uma simpatia imensa explica toda a zona e da conselhos do que fazer e do que visitar nas areas circundantes e um sitio tranquilo onde o tempo passa devagar os quartos sao espacosos tudo muito fresco e limpo o pequeno almoco e optimo sabores tipicos e caseiros e a zona da piscina convida a um mergulho e a um descanso extra excelente para quem tem criancas pequenas tem imenso espaco para elas brincarem"
"Positive", "passamos uma semana neste alojamento foi tudo perfeito o atendimento e sem duvida o ponto forte desta unidade o pequeno almoco e bom a localizacao e perfeita nao e no meio da cidade mas e muito muito perto voltaremos com certeza"
"Positive", "espaco privado agradavel boa rececao e bastante simpaticos quartos limpos e com requinte a piscina podia ser um pouco maior dado o numero de casas para alugar o pequeno almoco e servido num espaco encantador com comida deliciosa e de boa seleccao recomendo"
"Positive", "quartos limpissimos com uma decoracao linda local sossegado e com otimas vistas turismo rural no seu melhor com um otimo pequeno almoco confecionado com otimos produtos tipicos alentejo no seu melhor sem esquecer a enorme simpatia com que fomos presenteados"
"Positive", "ambiente familiar acolhedor calmo limpo excelente pequeno almoco piscina de agua salgada por momentos esquecemo nos que estamos hospedados algures para nos abstrair mos do corre corre de todo o ano e optimo"
"Positive", "espaco rural agradavel e bem explorado quartos muito acolhedores confortaveis e bem decorados e com ar condicionado o que e muito importante face ao calor que se faz sentir cada alojamento consiste numa pequena casinha decorada ao tipico estilo alentejano e tem um pequeno terraco com guarda sol que permite relaxar e usufruir do sossego daquela zona piscina de agua salgada que embora pequena permite refrescar do calor alentejano e tem muitas espreguicadeiras em redor para se aproveitar o sol pequeno almoco com alguns sabores tipicos da regiao e preparado com notado cuidado de realcar a atencao e simpatia no atendimento a repetir"
"Positive", "de facil localizacao chegamos e fomos recebidos com um enorme sorriso e simpatia por parte da rita a proprietaria quem nos mima do primeiro ao ultimo dia garantindo que tudo corre pelo melhor e fazendo nos sentir em casa ficamos num quarto espacoso e confortavel com ar condicionado e um pequeno alpendre que fez as delicias dos finais dos dias tiramos partido da piscina durante todo o dia tendo como serventia um pequeno frigorifico com bebidas frescas basta anotar o consumo num papel e entregar no check out o que existe de melhor e o fantastico pequeno almoco que faz as delicias de qualquer um prometemos voltar em breve parabens"
"Positive", "ficamos no outeiro do barro numa viagem de amigos os quartos sao muito agradaveis e espacosos mas nao estao bem insonorizados todo o espaco do turismo rural e agradavel a piscina e pequena e o espaco envolvente nao esta bem conseguido a sala de pequeno almoco e muito acolhedora"
"Positive", "excelente qualidade este alojamento quartos confortaveis bem decorados e tranquilidade garantida pequeno almoco de maravilhosa qualidade sera o meu alojamento quando voltar a reguengos utilizei este alojamento como ponto de partida para conhecer o alqueva e toda a sua zona envolvente as dicas da d rita foram preciosas e de grande utilidade espero voltar rapido a esta grande casa"
"Positive", "excelente relacao qualidade preco atendimento personalizado em ambiente familiar mas discreto limpeza excelente e quarto com requisitos de conforto para uma optima estadia recomendo para quem quer conhecer o alentejo interior"
"Positive", "otimas condicoes de todo o alojamento uma excelente diversidade ao pequeno almoco e de produto regionais lugar de refeicao com uma linda paisagem muita simpatia no atendimento e em todo o apoio prestado"
"Positive", "excelente localizacao permissivo do centro de reguengos onde encontramos tudo desde farmacia multibanco supermercados postos de abastecimento de combustivel o hotel e maravilhoso desde a simpatia da anfitria ao pequeno almoco com produtos regionais muito bom o quarto nao e muito grande mas e bastante agradavel como o ambiente que rodeia o alojamento casa de banho agradavel com tudo espaco para estacionar os carros aconselho vivamente a quem visitar a zona de reguengos ou monsaraz a ficar hospedado no outeiro do barro"
"Positive", "simpatia e disponibilidade da anfitria bom pequeno almoco servido num espaco primoroso e de pormenores quarto simples mas muito agradavel toda a estrutura bem cuidada salientando a asseio apresentado em geral exterior com estacionamento boa localizacao para usar como base numa visita a regiao excelente a relacao preco vs qualidade facilmente e sem receios somos tentados a promover este espaco junto de outras pessoas que queiram visitar a regiao do grande lago"
"Positive", "o ambiente familiar fez as delicias da minha familia aconselho vivamente so com pequenos almocos disponiveis permitindo que conhecamos a gastronomia local aconselhamento na recepcao com rotas turisticas dedicadas a disponibilidade dos clientes rodeado de oficinas de barro com museus herdades vinicolas castelos e zonas fluviais a visitar"
"Positive", "perfeito em tudo a decoracao o sossego o cuidado e preocupacao em que nada falte aos clientes e o pequeno almoco sem palavras desde bolo caseiro a empadinhas mornas passando por doces caseiros e sumo de laranja natural voltaremos assim que pudermos"
"Positive", "grande atendimento e preocupacao de bem estar por parte da d rita monte muito acolhedor pequeno almoco com grande variedade e com produtos da regiao queijos enchidos doces etc sitio a voltar aquando de visita a reguengos recomendo"
"Positive", "sem duvida iremos voltar gostamos muito de tudo casinhas quartos muito bonitos bem decorados limpeza impecavel muita simpatia e excelente pequeno almoco com produtos regionais e caseiros recomendo"
"Positive", "esta localizado num sitio bastante calmo as instalacoes sao optimas o quarto impecavelmente limpo a rita e a mae sao super simpaticas e sempre disponiveis o pequeno almoco e optimo foi dos melhores sitios que eu encontrei para descansar"
"Positive", "local muito bonito quartos muito acolhedores e confortaveis excelente pequeno almoco sentimo nos muito bem acolhidos a senhora que nos recebeu e muito simpatica e atenciosa adoramos queremos voltar"
"Positive", "excelente localizacao simpatia e arte de bem receber recomenda se a toda a gente excelente gosto na decoracao limpeza e comodidade espacos verdes excelente pequeno almoco vamos voltar concerteza"
"Positive", "um espaco muito bonito e agradavel os quartos estao muito bem decorados e os jardins bem arranjados nao cheguei a ir a piscina mas parecia muito boa o pequeno almoco foi excelente com muitas coisas caseiras e deliciosas utc"
"Positive", "adorei adorei adorei nao me canso de dizer simpatia simplicidade e qualidade ficamos so uma noite mas pelo que vimos sem duvida que vamos voltar decoracao muito simples mas que nos faz sentir bem a poucos quilometros de monsaraz melhor sumo de laranja que ja provei muito bom pequeno almoco com produtos da regiao voltaremos com certeza porque faltou aproveitar a piscina apesar do tempo nao ter ajudado foi muito bom ter aproveitado tudo o que conseguimos para sair da confusao da cidade e o acordar com a natureza"
"Positive", "a destacar a simpatia com que fomos recebidos o pequeno almoco delicioso a decoracao dos quartos a limpeza e a envolvente do alojamento local muito propicio ao descanso optimo para relaxar e fugir da confusao da cidade a voltar sem duvida"
"Positive", "acima de tudo fomos muito bem recebidos pelos proprietarios que se mostraram sempre muito simpaticos e disponiveis com o charme proprio de um turismo rural o local e muito agradavel e ideal para relaxar e descansar destaco ainda o pequeno almoco com produtos regionais e caseiros de muita qualidade um local a voltar concerteza"
"Positive", "a km do centro de reguengos de monsaraz encontra se esta pequena maravilha um espaco de paz construido com muito gosto a decoracao e provavelmente uma das mais bem conseguidas que vi ideal para quem quer desligar e simplesmente aproveitar o melhor do alentejo preco qualidade muito bom pequeno almoco muito agradavel simpatia em todos os momentos para um programa de dois dias nao esquecer adega ervideira herdade do esporao sao pedro do corval patalim e monsaraz"
"Positive", "turismo rural muito perto de reguengos de monsaraz o que o torna o ponto de partida ideal para partir em descoberta desta regiao vinicola de excelencia acolhimento simpatico quarto bonito funcional e muito agradavel com tv cabo e wifi pequeno almoco com produtos regionais de qualidade boa atmosfera para sair de passeio ou usufruir da piscina"
"Positive", "o outeiro do barro e um excelente local para viver momentos de paz e descanso em pleno alentejo com vinhas a perder de vista o onde so se ouvem os passarinhos e o vento a bater nas arvores quando o ha as responsaveis pelo espaco sao muito simpaticas e atenciosas local excelente para aliviar o stress o pormenor do frigorifico com bebidas frescas na piscina e perfeito"
"Positive", "uma simples estadia de noite bastou para darmos nota maxima a este recanto tranquilo do alentejo eu a minha esposa e o meu filhote adoramos a min do centro de reguengos de monsaraz uma quinta familiar que nos faz sentir em casa com uma paisagem fantastica rodeada de laranjais vinhas etc e com uma recepcao simpatica e atenta da d rita local muito tranquilo perfeito para descanso para relaxe para desanuviar quarto comodo confortavel minimalista mas mais que suficiente ar condicionado indicado wi fi perfeito do melhor que apanhamos em turismo rural zona da piscina muito agradavel com um frigobar disponivel com bebidas frescas a precos baixos piscina propriamente dita nao muito grande mas mais que suficiente para umas bracadas e umas boas"
"Positive", "gostamos de tudo os quartos sao simples mas charmosos bem decorados e bastante confortaveis o nosso quarto penso que os outros tambem tinha wi fi com um bom sinal a piscina de agua salgada e muito agradavel o pequeno almoco e muito bom com produtos regionais e caseiros de boa qualidade contamos sempre com a atencao e simpatia da rita voltaremos certamente"
"Positive", "gostei muito de reve la d rita e d joana foi um fim de semana com o objetivo comprido descanso e relax tudo fantastico como ja esperava encontrar o quarto a limpeza a piscina e o famoso peq almoco aconselho a reservar mesa para refeicoes a horas nos fantasticos restaurantes de monsaraz principalmente se for ao fim de semana"
"Positive", "simpatico e o adjetivo que melhor classifica uma experiencia neste local os quartos sao casitas de acesso direto para o exterior equipadas com wc tv satelite wi fi e ar condicionado ha uma piscina com agua salgada de dimensoes bastante comedidas mas muito agradavel para atenuar os efeitos do calor alentejano ao desfrutar desse local pode ser surpreendido pela proprietaria com a oferta um jarro de limonada convenientemente gelada o pequeno almoco tem produtos excelentes sumo de laranja natural e nao feito de concentrados muito bons enchidos e queijos aspetos menos positivos para uma estadia mais repousante foram a altura das almofadas demasiado altas e o ladrar dos caes embora as habitacoes tenham uma boa insonorizacao numa noite em que me apeteceu apreciar"
"Positive", "adorei a estadia e vou voltar desde o cuidado com a limpeza do quarto se estariamos ou nao para fazer a limpeza o pequeno almoco caseiro a optima piscina e a calma e a paisagem magnifica optimo para descansar"
"Positive", "estivemos hospedados no outeiro do barro durante dias e confesso que me apetecia fica mais tempo gostamos de tudo a simpatia da rita e da mae sao um trunfo muito grande tudo muito limpo e bem decorado o pequeno almoco e maravilhoso havemos de voltar"
"Positive", "um complexo de turismo rural novo formado por diversas suites bem decoradas totalmente independentes situadas ao redor de um terreno com arvores de fruto e uma piscina do equipamento das suites faz parte uma cama muito confortavel uma televisao por cabo e um aparelho de ar condicionado o acesso wi fi gratis funciona muito bem em todo o complexo o acolhimento feito pela sra rita murteira foi excelente e o pequeno almoco e digno da melhor nota repleto de iguarias regionais feitas na hora fica a promessa de repetir assim que possivel"
"Positive", "hotel maravilhoso e acolhedor com um atendimento impecavel rita e dona joana nos fazem sentir em casa quarto espacoso e confortavel o cafe da manha e muito gostoso com bolo caseiro e sucos naturais nao vejo a hora de voltar"
"Positive", "monte tipico muito bem arranjado e enquadrado numa bela paisagem alentejana fomos recebidos com a maior simpatia os quartos sao bastante acolhedores impecavelmente limpos e todos equipados o pequeno almoco foi optimo com sumo de laranjas frescas e produtos tipicos da regiao os donos foram sempre bastante atenciosos e fizeram nos sentir em casa uma experiencia excelente que nos deixou com vontade de voltar"
"Positive", "excelente lugar para visitar o alentejo tudo muito bonito e decorado com gosto local fica numa quinta com varias laranjeiras piscina bom pequeno almoco servido numa bonita sala com excelente vista local a voltar"
"Positive", "boa localizacao com uma vista lindissima sobre monsaraz principalmente no terraco por cima da rececao a chegada a simpatia da rita e da sua mae proporcionam um atendimento diferenciado que nos fazem sentir como se estivessemos em nossa casa os alojamentos sao confortaveis com limpeza impecavel e com uma decoracao fantastica o pequeno almoco e muito bom com bom pao queijo e enchidos da regiao compotas bolos etc a piscina e um local para descontrair e aproveitar as horas de sol de uma forma agradavel no sossego tranquilidade e paz que o local proporciona wifi em todo o lado recomendo vivamente"
"Positive", "recomendo firmemente uma estadia nessa pousada o local e lindo os quartos confortaveis e muito agradaveis o cafe da manha e bem especial caseiro e saboroso a proprietaria rita faz questao de dar aos hospedes um atendimento diferenciado toda a pousada e muito bem decorada parabens pelo cuidado e atencao"
"Positive", "adoramos tudo e um lugar lindo com um servico muito bom pessoal e com toda a atencao da rita o pequeno almoco e simplesmente maravilhoso vou voltar de certeza wifi em todo o lado e estacionamento facil de chegar"
"Positive", "excelente opcao para ficar em reguengos muito bem situado as portas da cidade novo fresco genuino enorme simpatia disponibilidade e profissionalismo da gerente do alojamento os quartos sao pequenas casinhas distribuidas em redor de um laranjal permitindo usufruir do prazer de estar no campo e simultaneamente dos servicos que a cidade oferece bonita decoracao limpeza impecavel camas muito confortaveis excelente pequeno almoco com produtos regionais de qualidade doces caseiros bom cafe e um sumo de laranjas acabadas de colher na propriedade absolutamente delicioso de fazer inveja a muito bons hoteis zona de vilas historicas paisagens lindissimas e excelente gastronomia muito para descobrir voltaremos"
"Positive", "adoramos tudo a paisagem o simpatico e limpo quarto a piscina que tivemos oportunidade de experimentar mesmo sendo outubro o pequeno almoco fantastico e caseiro e claro nao podia faltar a simpatia da da rita"
"Positive", "nao ha palavras para descrever o quao bem fomos tratados neste pequeno paraiso por mais qualidades que possa descrever desta estadia nenhuma fara jus a tamanha hospitalidade simpatia e carinho que recebemos vamos voltar com toda a certeza fica aqui o nosso muito obrigada d rita e d joana"
"Positive", "vou correr o risco de ser repetitivo algo que nao gosto mas o outeiro do barro e realmente excepcional mais do que as palavras e preciso viver a experiencia de estar hospedado neste alojamento que para mim e para a minha esposa foi gratificante"
"Positive", "o que dizer quando tudo e perfeito desde a localizacao ao servico ao fantastico pequeno almoco com uma vista lindissima sobre monsaraz as iguarias da regiao queijo enchidos pao compotas bolos etc e por fim o mais importante a simpatia e profissionalismo da rita e da sua mae fizeram me sentir em casa obrigado pela experiencia"
"Positive", "a simpatia da familia propietaria vale cada minuto de conversa jogada fora os chales ficam no fundo da casa da familia e sao muito arrumados tudo novo o cafe da manha e otimo comentei que sou celiaca e eles prepararam uma refeicao especial para mim sem gluten a localizacao e otima para quem vai a monsaraz cidade que recomendo fortemente a visita herdade do esporao para prova de vinhos e azeites e olarias para comprar os pratos mais maravilhosos e com bom precos o meu gps nao encontrou a rua por isso segue ai a coordenada n w"
"Positive", "adorei a estadia a delicadeza da rita a higiene de todo o complexo a decoracao leve e jovem os excelentes pequenos almocos nao so em diversidade como tambem em quantidade e a simpatia com que fomos agraciados a chegada com um mimo um bolo e um licor pela celebracao dos nossos anos de casados tudo mt bom mt obrigado e que continuem assim sempre"
"Positive", "excelente localizacao espaco muito simpatico e acolhedor local calmo e muito limpo o pequeno almoco e excelente pessoal muito simpatico atento e profissional aconselho vivamente a casais ou familias com criancas"
"Positive", "quem procura passar uns dias agradaveis e descansados o outeiro do barro e o local para ficar hospedado a decoracao fantastica limpeza e higiene simpatia do pessoal excelente pequeno almoco agradavel piscina e infraestruturas localizacao e conforto tudo excelente recomendo mesmo"
"Positive", "extraordinario pernoitamos noites e ficamos absolutamente maravilhados as proprietarias d rita e d joana foram impecaveis nada a salientar desde o quarto tudo extremamente limpo bem decorado a wc super asseada o pequeno almoco foi a cereja no topo do bolo pao de lo de laranja fantastico cafe c leite fruta da epoca doce e saborosa compota de abobora fantastica pao alentejano um mimo enfim sem palavras e claro o enquadramento e a localizacao completam se eramos casal e as criancas um bebe c meses e uma menina de anos e foram fantasticas a atencao em me auxiliar com os cuidados do meu pequenino no que toca a higiene e comida do meu filhote foi uma atencao muito agradecida recomendamos sem duvida muito sucesso e muita boa sorte ao"
"Positive", "fomos passar um dia em reguengos de monsaraz e a nossa primeira escolha foi um pequeno hotel com uma decoracao requintada e ao mesmo tempo com um traco alentejano presente fomos recebidos com um enorme sorriso da rita que por sinal e a proprietaria deste fantastico espaco ela foi super atenciosa e deu nos uma explicacao pormenorizada do hotel e quarto bem como nos sugeriu varias atraccoes proximas de monsaraz o pequeno almoco estava fantastico mais uma vez com toda a genuina atencao da rita desde um pequeno almoco continental com todos os produtos frescos juntando fantasticos produtos regionais queremos agradecer e dar os parabens a rita e a sua mae pelo espaco lindo por toda a alegria e excepcionalidade de servico que oferecem ate a proxima visita"
"Positive", "acabados de sair do outeiro do barro depois de uma estadia de noites estamos surpreendidos com a qualidade e hospitalidade da maravilhosa equipa que fazem a rita e a d joana desde o momento em que chegamos mais tarde do que a hora de check in devido a motivos de trabalho que fomos extremamente bem recebidos os quartos sao do tamanho ideal para duas pessoas simples e elegantemente decorados notando um bom gosto contemporaneo nao descurando a autenticidade alentejana a cama era muito confortavel tal como eram os lencois e as toalhas de muita qualidade tinha uma tv com canais por cabo e wifi com sinal maximo e bastante rapida o que por vezes e dificil de encontrar em hoteis o servico de quartos e efectuado todos os dias incluindo a troca de toalhas e para"
"Positive", "so ficamos uma noite no outeiro do barro mas ficavamos la dias a fio se possivel da simpatia da rita ao conforto dos quartos passando pela tranquilidade do local foi tudo maravilhoso senti me como se estivesse em casa recomendo a todos os que por ali passem"
"Positive", "fomos de fim de semana ate ao alentejo e ficamos alojados neste local apenas poderemos dizer bem a simpatia da rita e os lindos quartos faz com que realmente nos sentimos em casa maravilhoso pequeno almoco com produtos caseiros e do nosso portugal sou um amante de tudo o que e nosso e temos que ajudar o nosso pais ferias sao em portugal excelente decoracao fica so a dica para colocarem chapeus de grandes dimensoes na piscina iremos voltar marvilhoso"
"Positive", "adorei este sitio simpatia da rita e da sra sua mae um pequeno almoco muito bom no terraco com uma vista maravilhosa o bolo caseiro o pao alentejano os queijos e as compotas caseiras o sumo de laranja acabado de fazer enfim gostei de tudo a piscina o quarto uma maravilha ouvia se o silencio adorei e voltarei com certeza obrigada rita por estar sempre prestavel para dar dicas onde comprar o melhor dai do alentejo e por tudo o meu muito obrigada recomendo vivamente o outeiro do barro"
"Positive", "gostei muito de ter estado uma noite neste turismo servico optimo e muito simpaticos nao experimentei a piscina mas esta tudo muito bem arranjado unico problema e que a insonorizacao dos quartos nao e perfeita sitio muito bom para passar um fim de semana ou uma semana de ferias para um descanso completo"
