Sentiment, Review
"Positive", "estive hospedado neste hotel de a de julho as instalacoes sao bastante razoaveis o pessoal e impecavel de simpatia o problema e a famigerada central de reservas nao transmite ao hotel os pedidos que lhes sao feitos e gera sempre uma grande confusao na hora do chek in os quartos nao sao o que pagamos nem respeitam os pedidos que fizemos depois nao ha possibilidade de troca porque supostamente esta tudo cheio mas tripadvisor e booking tem os quartos que pretendiamos disponiveis uma confusao"
"Positive", "o quarto tinha uma grande lomba no chao de madeira por debaixo da cama e dos moveis o chao de madeira tinha uma cor esbranquicada nao era sujidade mas tinha um mau aspeto o quarto deve ter tido uma grande inundacao e nao foi devidamente arranjado a minha namorada por pouco nao dava um grande trambolhao durante a noite por ter tropecado na grande lomba do chao de madeira este e o ponto muito negativo o pessoal que esta no hotel e simpatico mas pouco interessado porque nunca teriam atribuido o quarto em que fiquei a um cliente uma falha muito grave o turismo em portugal comeca a ficar muito complicado"
"Positive", "hotel muito bem localizado charmoso atendimento irrepreensivel o jantar com excelentes entradas queijos e enchidos comida divinal e bem servida o servico e competente atencioso e simpatico recomendo e pretendo repetir"
"Positive", "estive entre os dias a de setembro hospedado neste hotel o qual deixou muito a desejar tendo em conta a sua avaliacao de estrelas e o seu preco de casal por noite o ponto mais positivo foi de fato a simpatia do funcionario da rececao os colchoes sao horriveis uma pessoa acorda de manha sem vontade de ir passear para ver a natureza tal sao as dores nas costas quando se levanta inadmissivel para um hotel com esta classificacao os quartos deixam muito a desejar precisam urgentemente de obras de modernizacao pedi bebidas um mojito e uma caipirinha a um funcionario numa das mesas onde esteva sentado junto a piscina por volta das ao que o mesmo disse com uma certa arrogancia que ja nao servia pois iam comecar a preparar a sala de jantar para a abertura as"
"Positive", "o hotel e acolhedor com bonitos jardins estando a piscina ladeada por um sobreiro e alfarrobeiras o chao dos quartos devia ser reparado pois apresenta algum desgaste o quarto virado para a piscina e jardim tinha uma grande varanda o hotel oferece uma boa esplanada para almocos e jantares e a comida servida e boa o pequeno almoco tambem e bom e farto os colaboradores do hotel sao muito simpaticos e prestativos tambem pode ser feita observacao das estrelas mediante marcacao o que vale a pena recomendo"
"Positive", "edificio historico com pormenores interessantes mas pouco cuidado especialmente no mobiliario exterior e no pavimento em volta da piscina que esta bastante danificado o jardim e agradavel o quarto era bom apesar da televisao nao ser sequer um lcd muito estranho para um estrelas a comida e bastante boa tanto o pequeno almoco como o buffet do jantar com grande variedade de saladas e bem confeccionaras a localizacao e muito boa e possivel ir a pe facilmente para a praia da tapada grande e visitar as ruinas da mina num espaco envolvente muito bonito o staff e muito amavel e disponivel apesar de se perceber alguma desorganizacao"
"Positive", "dirigi me ao hotel numa segunda feira de setembro para almocar sou recebido com pouca simpatia perguntei se podiam almocar pessoas e disseram me que nao fiquei sem saber se tem restaurante ou nao"
"Positive", "negativo areas comuns do hotel sem ar condicionado numa altura de temperaturas acima dos nao se compreende tvs dos quartos ridiculas dos anos nao existe qualquer controlo do uso das espreguicadeiras na piscina existem hospedes a marca las as h quando so as utilizam depois das h ausencia de sinal wi fi nos quartos pelo menos do edifico novo positivo simpatia do staff localizacao piscina e espacos exteriores bem cuidados a melhorar sugestoes colocar a c nas areas comuns substituir tvs dos quartos uma piscina interior abriria outras oportunidades de visita em epoca baixa ate porque as imensas caminhadas possiveis seriam bem mais agradaveis em tempo mais ameno se aconselho sem duvida uma localizacao magnifica super tranquilo mesmo em pleno agosto"
"Positive", "tem uma optima localizacao para quem pretende ir a praia fluvial e passear as minas de sao domingos pode se fazer tudo a pe o hotel tem aereas grandes e tem um observatorio de estrelas mas apenas aberto em dias de ceu limpo a televisao do quarto era muito antiga ainda das quadradas e estava dentro de um armario na era do led o hotel tem demasiadas lampadas de halogeneo"
"Positive", "hotel com um ambiente extremamente agradavel inserido num local aprazivel os quartos sao confortaveis e limpos talvez renovar as televisoes o pequeno almoco e o jantar agradaveis embora considere que se deva melhorar um pouco a qualidade das saladas staff sempre atencioso e simpatico incluir no pequeno almoco e jantar produtos alimentares sem glutem o ambiente exterior com um bonito jardim e piscina apetecivel"
"Positive", "muitissimo agradavel localizacao estrategica para quem passeia por estas bandas renovado bom servico limpissimo gostamos imenso buffet para o jantar de grupo variado e excelente muito bom wifi gratuito nos quartos nas zonas comuns nao ha e mesmo rede de telemovel dependendo dos operadores"
"Positive", "hotel agradavel com excelente ambiente exterior tanto no hotel como na envolvente vila praia fluvial e complexo mineiro excelente para repousar na epoca baixa e fazer uns passeios culturais e ambientais"
"Positive", "excelente pequeno almoco a necessitar de algumas remodelacoes nos quartos junto a recepcao roupa de cama e tv desactualizada grande diferenca termica entre as diversas salas as lareiras no inverno deveriam estar todas acessas staff muito atencioso e simpatico"
"Positive", "hotel muito confortavel ambiente agradavel ideal para uns dias de repouso facil acesso e boas condicoes para estacionar caso se desloque em viatura propria apenas uma nota menos positiva em caso de estadia em meia pensao o buffet e pouco variado"
"Positive", "espaco muito bonito afabilidade dos funcionarios bom quarto e uma excelente piscina para quem goste de tranquilidade pontos negativos ou a melhorar falta de funcionarios para um espaco com tantos pontos de interesse tv antiquada nos quartos"
"Positive", "bom para descansar em familia com varias atividades para os miudos jardim e piscina muito agradavel excelente localizacao junto a praia fluvial tapada grande bom restaurante optimo para observacao astronomica"
"Positive", "o hotel tem como enquadramento o alentejo interior no seu melhor natureza pequenas localidades povo modesto e acolhedor mas principalmente uma gastronomia fantastica qualquer cafe vos serve sandes e petiscos com pao manifico produtos fresquissimos e locais simpatia e simplicidade de qualidade o hotel em si esta um pouco envelhecido em algumas estruturas e comodidades mas nada que estrague a estadia sobram os interiores amplos o pequeno almoco farto e regional o espaco exterior verde cuidado e cheio de arcadas com redes que convidam ao descanso junto a piscina o calor abrasador do alentejo nao tem igual e a sensacao de refresco sabe ainda melhor naquela piscina com bar a casa principal era o antigo palacio dos ingleses que exploravam as minas e os seus espacos"
"Positive", "hotel simples mas perfeitamente enquadrado na classificacao que tem recomendo vivamente pelo espaco exterior uma piscina e espaco envolvente muito agradavel e tranquilo ainda para mais que o hotel e pequeno pelo que das tres vezes que fui nunca encontrei uma piscina lotada pelo contrario ha sempre espreguicadeiras disponiveis redes no jardim etc uma coisa menos positiva e que o servico de bar da piscina e um pouco limitado"
"Positive", "o hotel embora de estrelas apresenta uns quartos com a qualidade de estrelas a mobilia e bastante antiga cama armarios uma tv de caixa grande nao faz muito sentido nao ha cama de casal o hotel devia investir numa remodelacao de quartos ja que apresenta um restaurante lindo"
"Positive", "hotel de uma maneira geral desconfortavel com decoracao simploria e temperatura ambiente baixa quarto a condizer tabuas no chao decoracao desagradavel e sem aquecimento ar condicionado avariado e sem outro aquecimento disponivel estrelas nao brinquem ao nivel de pensao manhosa"
"Positive", "mais uma escapadinha em casal mais uma agradavel surpresa local amplo limpo e com um optimo staff os quartos sao bons com varanda com bonitas vistas sejam para a piscina ou para a praia fluvial bem localizado para um turismo especifico como fui la de inverno e bastante calmo para passear nas minas de sao domingos e descobrir um pouco da historia local"
"Positive", "calmo pessoal simpatico e atencioso bem limpo pequeno almoco decente bem situado para um turismo algo especifico principalmente no outono bom para descansar e dar umas voltinhas a pe e claro ir visitar o pomarao"
"Positive", "agradavel e limpo hotel amplo com excelentes vistas seja ela para a praia fluvial ou para a piscina quarto agradavel espacoso varanda simpatica perfeita para um final de tarde se o calor do alentejo assim o permitir o unico senao foi a cama serem de solteiro e nao uma de casal e nao da para juntar pois fica um espaco enorme entre elas as almofadas achei muito rijas mas a simpatica senhora da limpeza arranjou uma almofada mais leve este e um aspecto que o hotel esta a prever melhorar staff do hotel excelentes profissionais e muito simpaticos a zona da piscina e do jardim sao fantasticas o restaurante do hotel pratica uns precos um pouco elevados e a oferta na mina de sao domingos e pouca alternativas sao mertola que fica a km ou serpa que fica a cerca de"
"Positive", "um local ideal para descansar em casal ou em familia e desfrutar da natureza podendo aproveitar a piscina caminhar ate a praia fluvial da tapada e aproveitar para conhecer a gastronomia regional tao boa os funcionarios sao simpaticos e prestaveis os quartos ficam um pouco aquem do restante hotel com uma decoracao mais antiquada e televisao muito antiga com poucos canais bem como o ginasio que tem maquinas muito antigas e em mas condicoes sem duvida um local a revisitar otima relacao qualidade preco"
"Positive", "antes da chegada ao algarve resolvi fazer uma parada neste simpatico hotel muito sossego uma noite com um luar esplendido somente houve um problema os mosquitos teimavam em nao dar sossego as instalacoes sao no geral boas somente uma televisao plana lcd e que esteve em falta ja os crt s pertencem ao passado"
"Positive", "foi a segunda vez que estivemos neste hotel e encontramos a mesma envolvente de natureza e tranquilidade que e seguramente uma das suas maiores valias os quartos sao confortaveis e bem dimensionados e o servico equilibrado jantamos uma vez no restaurante a comida estava bem confeccionada e o servico foi cuidadoso o unico senao sera alguma escassez de organizacao e de pessoal que se sentiu seja no check in seja no pequeno almoco incompreensivel a existencia do voucher constitui uma excelente base para explorar e conhecer os despojos das antigas minas"
"Positive", "por ordem colocaram nos num quarto de deficientes sem informacao previa quarto cheira mal e a resposta e que de manha nao cheirava piscina carregada de folhas mas a agua estava limpa principal atraccao do hotel um observatorio astronomico esta fechada banheira de hidromassagem do quarto nao funciona melhor de tudo ate agora ao pequeno almoco nao tem funcionarios nem pratos nem talheres e se formos a recepcao reclamar aparece a miuda que esta na cozinha a preparar as refeicoes fraquissimo ainda dizem que a desemprego no interior as pessoas fazem falta nao as querem e contratar"
"Positive", "hotel muito limpo e com pessoal simpatico mas com coisas a desejar para o que seria expectavel para um hotel de estrelas televisao do quarto bastante antiga e sem todos os canais portugueses nao tinha candeeiro na minha mesa de cabeceira e nao tinha eletricidade na ficha que estava por perto pequeno almoco sem referencias da regiao e um pouco incompleto"
"Positive", "hotel tranquilo com staff simpatico e atencioso quartos espacosos e limpos pequeno almoco agradavel piscina agradavel com manutencao cuidada certamente um hotel a revisitar para uma estadia mais prolongada"
"Positive", "hotel agradavel para um fim de semana de descanso por exemplo mas para estrelas tem de melhorar bastante no mobiliario de quarto nos produtos de casa de banho na luminosidade e conforto das zonas comuns enfim tem potencial para ser muito merlhor e a zona onde se insere merece sem duvida um esforco nesse sentido"
"Positive", "um hotel em termos de localizacao muito boa senao fantastica uma envolvente tranquila e bem proxima de locais possibilitam desportos nauticos e passeios bicicleta e caminhadas no entanto o hotel apresenta um ar austero e pouco acolhedor os quartos sao bons em dimensao mas pouco comodos em termos de conforto necessitando de remodelacao a nivel das camas e assim como a decoracao tem um pequeno almoco sem grande variedade o hotel nao tem um bom servico de acompanhamento ao pequeno almoco nao existia um unico empregado a assistir no pequeno almoco e na recepcao a funcionaria pouco gentil poderia ser um excelente hotel se houvesse um pouco mais de atencao ou personalizacao do servico e algumas pequenas renovacoes"
"Positive", "o alentejo star hotel ex hotel sao domingos e um verdadeiro tesouro de tranquilidade a zona envolvente e optima para relaxar e passear em familia o hotelconjuga perfeitamenta o moderno e o classico notando se claramente a mao do arquiteto os quartos muito confortaveis sendo o unico repararo a televisoes algo antiquadas quanto ao restaurante nada a apontar comida bem confecionada optimo servico e com precos justos recomendo e ireiregressar"
"Positive", "o hotel ja acusa o peso dos anos e a precisar de nitidas reparacoes denomina se por alentejo star hotel que ninguem sabe onde e ficamos a saber que na localidade da mina sao domingos e conhecido por hotel sao domingos felizmente e o unico por isso o engano esta limitado o colchao e muito duro e os produtos de higiene muito escassos quem chega ao final do dia e toma um banho fica sem produtos para o banho da manha seguinte apesar de pedir na rececao nao houve deposicao os funcionarios sao simpaticos e esforcam se por agradar contudo nota se que para alguns falta lhes alguma formacao na area do turismo e trabalham em regime de part time a rede wi fi e uma lastima para quem precisar de aceder a internet para trabalhar e melhor prevenir se com um hotspot os quartos"
"Positive", "o hotel bem localizado junto a uma paisagem lindissima a fachada correspondente as fotos sendo muito agradavel gostamos muito do jantar nomeadamente da simpatia do chefe de sala e restantes funcionarios a sala era muito bonita com uma lareira e com aspecto intimo e acolhedor a comida estava muito saborosa apesar que para quem nao queira gastar muito nao seja o sitio indicado no total o pequeno almoco e servido numa divisao muito pitoresca com um forno antigo em termos de variedade e um pequeno almoco simples mas agradavel em relacao ao quarto este tem uma banheira excelente para um banho relaxante todo o quarto e espacoso e muito limpo relativamente as coisas menos agradaveis do hotel o chao do quarto estava gasto a internet e limitada sendo que"
"Positive", "estadia muito calma e com a tranquilidade desejada os quartos sao amplos e confortaveis espaco envolvente bastante acolhedor tem parque infantil para as criancas e bastante espaco para correr o pequeno almoco e completo no entanto poderia ter mais algumas variedades pao bolo caseiro compota etc voltaremos certamente"
"Positive", "um hotel agradavel e tranquilo o pessoal bastante atencioso e simpatico boas condicoes quartos com boas dimensoes e varanda com cadeiras e mesa tem wi fi gratuito a televisao encontra se dentro de um armario sendo um modelo ja antigo contudo tem varios canais a disposicao tudo muito limpo dispoe de ar condicionado eficaz nada a dizer em relacao a higiene o quarto de banho dispoe de produtos para banho secador mas sem creme para corpo nao seria mal adicionar uma embalagem o hotel comporta piscinas uma para adultos e outra para criancas tem bar junto a piscina perto do hotel dispoe de uma piscina fluvial muito agradavel o nosso quarto tinha vista para a zona das piscinas e praia fluvial nao jantamos no hotel mas tomamos pequeno almoco e posso dizer que muito"
"Positive", "a longos anos que sempre no inicio de setembro vou para este hotel tem imenso conforto e e o ideal para descansar nao esquecendo a praia fluvial ali ao pe que possui bandeira azul tem nadadores salvadores e um snack bar de apoio o pequeno almoco do hotel e bom nas redondezas tem alguns pequenos restaurantes tipicos alentejanos pode efectuar uma visita a antiga mina de sao domingos e ver o lago com agua acida"
"Positive", "hotel super tranquilo junto ao gaudiana pequeno almoco com compotas deliciosas quartos super confortaveis staff super atencioso excelentes vistas da para ver as estrelas e tudo atendendo as comodidades do hotel tem boa relacao qualidade preco"
"Positive", "hotel tranquilo numa zona muito agradavel superou claramente a expectativas do que iria encontrar pessoal simpatico o pequeno almoco poderia melhorar apresentando maior oferta condizente com as estrelas que ostenta e pena a piscina ser algo diminuta e com pouca area de cadeiras notamos algum excesso de cloro talvez para compensar menos manutencao nao experimentamos o restaurante resolvemos tentar a gastronomia fora do hotel por ele e pelo sitio certamente iremos repetir a experiencia"
"Positive", "adoramos a estadia e um local muito agradavel com uma mistura entre campo e praia excelente localizacao o hotel e simplesmente um amor com um excelente servico adoramos o nosso quarto com vista para o rio o sossego o conforto enfim e sem duvida uma estadia a repetir porque soube a pouco obrigada"
"Positive", "o hotel sao domingos e muito tranquilo todo o hotel esta muito bem cuidado seja em termos de limpeza interiores e espacos exteriores a piscina e boa com apoio de bar tambem tem piscina para criancas bom para relaxar tem uma sala que se chama sala dos telefones com alguns jogos e brinquedos para criancas o staff e simpatico e prestavel a dois passos da praia fluvial da tapada grande"
"Positive", "ficamos dias neste hotel adoramos o profissionalismo e simpatia dos empregados sempre prestaveis e atenciosos o hotel tem muito boas instalacoes e condicoes e quase diria que e melhor em alguns aspectos que outros de estrelas em que estivemos o quarto e amplo e espacoso com boas condicoes e tinha um terraco enorme excelente para passar noites quentes de verao estendido na espreguicadeira a ver as estrelas a zona do jardim e bonita e a piscina e excelente tem salao de jogos ginagio e uma sala para as criancas brincarem tudo muito limpinho e arranjadinho o espaco envolvente e bonito e a praia fluvial e perto da perfeitamente para ir a pe em caminhada os unicos pormenores nao tao importantes mas que podiam melhorar o pequeno almoco era suficiente mas"
"Positive", "hotel muito simpatico os funcionarios sao muito amaveis e prestaveis a limpeza do espaco e irrepreensivel a piscina muito bem tratada com um acesso a um bar os unicos pontos negativos que me fazem nao dar a nossa maxima e a tv no quarto do seculo passado com muitos poucos canais disponiveis apesar de querermos descansar seria util um canal infantil para a pequenada o pequeno almoco podia ter mais variedade"
"Positive", "hotel fantastico para descansar e aproveitar a piscina e a fantastica praia fluvial a poucos metros do hotel deck da piscina a precisar de ser mudado e as camas podiam ser mais confortaveis staff mt atencioso e simpatico"
"Positive", "hotel com uma localizacao bastante agradavel muito bom para descansar sem barulho ou confusao todo o hotel esta muito limpo e cuidado rodeado de um jardim muito bem tratado onde as flores e as arvores tem uma placa com o nome origem e nome cientifico os quartos sao simples mas limpos e muito confortaveis quase todos tem uma pequena varanda com mesa e cadeiras cama muito confortavel casas de banho limpas espacosas e funcionais de negativo apenas o modelo antigo e so com canais da televisao e os produtos de banhos de fraca qualidade o hotel tem uma pequena mas agradavel piscina com servico de bar o pequeno almoco e variado e pode ser tomado numa varanda exterior o restaurante serve pratos tipicos da regiao bem confeccionados e a um preco simpatico o hotel tem"
"Positive", "um bom hotel com excelente localizacao e optimas instalacoes os quartos sao bons limpeza irrepreensivel equipados com o necessario teem tambem varanda e mesa com cadeiras uns dao para a piscina outros para a praia fluvial e o mas e porque lamentavelmente a televisao que pensava ja nao haver modelos daqueles esta escondida num armario e fica de lado quando se puxa para mais tem unicamente os quatro canais classicos e mal recomendaram me ir para a sala do hotel se queria ver outros canais e quando perguntei o que dizia aos outros hospedes que ja la estavam encolheram os ombros"
"Positive", "hotel muito agradavel situado bem perto da margem da barragem o pessoal muitissimo simpatico e prestavel excelente pequeno almoco o jantar e bom nao va o chef trocar nomes aos nossos pratos tipicos"
"Positive", "hotel inserido num local calmo junto a uma belissima praia fluvial o edificio e antigo muito bem restaurado com salas simples mas funcionais e com decoracao adequada os espacos envolventes sao bons com uma belissima piscina a simpatia do pessoal e de notar"
"Positive", "hotel muito agradavel e tranquilo bastantes areas verdes o que nao e tao habitual num alentejo mais arido staff da recepcao extremamente educado e prestavel piscina exterior muito aprazivel e quartos amplos com varandas privativas comida restaurante boa peq almoco pode melhorar nomeadamente com opcoes produtos locais e alternativas mais saudaveis como pao centeio e leites aveia soja uma vez que ha ja uma enorme percentagem de pessoas que nao bebem leite origem animal"
"Positive", "hotel em zona tranquila de qualidade media ficamos na parte nova do hotel os quartos estao a precisar de renovacao a cama fazia barulho por todo o lado o colchao e as almofadas eram muito desconfortaveis existiam almofadas no quarto e eram todas demasiado altas e duras a televisao ja esta ultrapassada e com o inconveniente de estar de lado e dentro do roupeiro no wc estavam monodoses de gel de banho e de champo so um e que podia lavar o cabelo jantamos no restaurante do hotel e foi nos servido um refrigerante que ja tinha passado a validade ha cerca de um ano a funcionaria pediu desculpa pelo sucedido deixamos isso escrito no questionario tivemos a amabilidade de nao escrever no livro de reclamacoes e nem um pedido de desculpas por parte da gerencia o"
"Positive", "hotel bom mas nao me parece que seja para estrelas ou pelo menos eu estava a espera de mais nomeadamente na decoracao conforto dos quartos pareceu me precisar de algumas melhorias gostei do pequeno almoco e do restaurante do hotel"
"Positive", "gostei bastante do hotel corredores grandes e iluminados quanto ao o e grande e acolhedor so e pena nao terem ainda lcd s e mais luz nas varandas quanto ao pequeno almoco penso que deviam apostar mais em qualidade e nao tanto na variedade de resto adorei tanto o interior e o exterior do hotel"
"Positive", "um lugar muito agradavel um ambiente simpatico ideal para descansar quarto espacoso e confortavel um bom e variado pequeno almoco funcionarios simpaticos aconselho vivamente a quem pretenda sossego e contacto com a natureza"
"Positive", "um hotel ideal para namorar ou para passar uns dias em familia funcionarios simpaticos e um ambiente familiar servico de qualidade o servico de restaurante e excelente os funcionarios sao como uma familia comecando pelos gerentes o goncalo e o bento e acabando em todos um bom espaco envolvente a ana e eu recomendamos vivamente"
"Positive", "conforto aliado a tranquilidade ideal para uns dias em familia isolado do mundo numa das mais belas vilas de portugal terra de uma cultura imensa excelente gastronomia e hospitalidade sem igual dias quentes e noites iluminadas pos milhares de estrelas"
"Positive", "gostei despretensioso ambiente saudavel e tranquilo simpatia espaco envolvente pequeno almoco carta de vinhos nao gostei nota se algum desinvestimento na manutencao do edificio e equipamentos das minas de sao domingos resta nos este filao que me enriquece sempre que por la passo"
"Positive", "o hotel e muito agradavel com uma decoracao moderna mas bem integrada na casa que era a casa dos donos da mina bom pequeno almoco bom jantar quartos grandes e de qualidade razoavel os empregados foram muito simpaticos e muito prestaveis ja que nos atrasamos e tivemos de fazer o checkout mais tarde que o permitido nenhum problema levantado muito bom no geral foi uma experiencia muito boa e a repetir"
"Positive", "simpatia da recepcao o chao do quarto um pouco gasto ja se justificava um lcd nos quartos para um hotel de estrelas jantar maravilhoso servico rapido e eficiente simpatia do pessoal tirando estes pequenos senaos lugar calmo e tranquilo para passar uns dias"
"Positive", "boa recepcao empregados prestaveis saliento o ze que nos atendeu em jantares com um atendimento profissional recomendo a conhecerem nao so o hotel como a historia da mina s domingos e o seu passado que pode ser conhecido em profundidade na exposicao disponivel no museu e a fazerem o percurso da exploracao mineira"
"Positive", "num preco equilibrado a estadia foi de uma noite de fim de semana boas instalacoes talvez um pouco pequeno o segundo quarto piscina adequada e servico atencioso e tambem certeiro na dica do restaurante a paragem nos corvos cobertura do wifi a melhorar"
"Positive", "hotel em espaco tipico alentejano com muita paz e tranquilidade area de praia fluvial mesmo em frente varios restaurantes na regiao alguns mesmo ao lado assim como em localidades vizinhas como por exemplo a bonita localidade de pomarao com o rio guadiana a seu lado"
"Positive", "para la chegar percorremos a monotona mas bonita paisagens alentejana que nesta altura do ano prevalecem os tons de castanho quando la chegamos deparamos com um pequeno oasis constituido por uma bela praia fluvia com pequenas ilhotas acessiveis a nado e pelo hotel minas de sao domingos um hotel redesenhado a partir de uma estrutura antiga mas que manteve os tracos originais tem uma belissima area exterior onde esta situada a piscina o unico senao que encontrei e faltarem algumas espreguicadeiras quando estao muitos hospedes os quartos sao amplos bonitos e bem equipados o restaurante e muito bom recomendo claramente o pequeno almoco ficou algo a desejar"
"Positive", "o hotel situa se na antiga moradia dos administradores ingleses da mina de sao domingos e um hotel calmo com espacos muito agradaveis especialmente na zona da antiga moradia e na zona envolvente o servico e esforcado e amavel embora um pouco inexperiente o restaurante e simpatico com uma zona aberta para o jardim e precos um pouco acima da media existem outros restaurantes na zona o observatorio celeste e interessante e nao so para as criancas junto ao hotel avista se uma boa praia fluvial em contraste com a paisagem quase lunar das ruinas da antiga mina a algumas centenas de metros como pontos negativos mas que para mim nao foram significativos aponta se o aparelho de tv obsoleto com poucos canais bem como o desgaste do soalho em alguns pontos da parte nova em"
"Positive", "o hotel sao domingos localizado nas minas de sao domingos entre as localidades de serpa e mertola e um hotel de quatro estrelas que fica localizado a antiga casa dos proprietarios da mina de s domingos restaurado tem excelentes quartos um dos quais para pessoas com mobilidade reduzida tem espacos ajardinados piscina e um observatorio lunar para quem quiser observar as estrelas e claro a lua os funcionarios primam pela simpatia e gentileza o hotel sao domingos e um optimo lugar para quem quer repousar e restabelecer energias por todas estas qualidades e atrativos voltei este ano onde levei amigos para poderem desfrutar e apreciar aquilo que eu ja sabia tive umas feria repousantes e de certeza que voltarei"
"Positive", "um hotel muito calmo e sossegado com instalacoes modernas e em excelente estado muito bem localizado com uma vista fantastica tem em epoca baixa precos muito bons nos quartos cabem facilmente camas extras para os mais pequenos se necessario um fim de semana passado em familia onde o atendimento e simpatia marcou em muito pela positiva a visita sem duvida um sitio a revisitar no futuro o restaurante peca por ter poucas opcoes para jantar mas existem por perto muitos sitios bons e baratos para se poder comer"
"Positive", "uma estadia muitissimo boa e agradavel as instalacoes exceptuando o soalho dos quartos que mostravam em alguns pontos sinais evidentes de desgaste muito boas limpas arejadas e cuidadas com uma decoracao muito condizente e ecletica o staff sempre a postos para qualquer solicitacao ginasio sala de convivio bar biblioteca sala de brincadeiras para os miudos tudo impecavel o restaurante embora caro tem uma oferta simpatica mas que deveria ser melhor acautelada o unico senao e mesmo a intermitencia do sinal wireless que deveria mesmo ser mesmo revisto qualquer tipo de dispositivo movel era incapaz de se ligar os portateis com sorte algumas vezes qualidade preco dos melhores que ja se viu recomenda se"
"Positive", "o hotel e agradavel e asseado com um espaco envolvente campestre e relaxante a zona da piscina e muito agradavel o pessoal e simpatico e o servico ate nem e demorado contudo nota se que a equipa e reduzida e que as pessoas precisam de formacao tanto no servico de bar da piscina como no restaurante deixam a loica por levantar nas mesas o que da mau aspecto a carta do restaurante que esta nos quartos nao e exactamente igual aquela que nos e apresentada no restaurante mais uma vez tanto no servico de bar como no restaurante havia alguns produtos em falta e se estamos no alentejo nao haver sericaia ou gaspacho e falha grave ambos constam da ementa mas nao havia quando foram pedidos o quarto era espacoso com wc com banheira e uma varanda agradavel o colchao e"
"Positive", "hotel localizado proximo das minas muito agradavel o espaco o restaurante bastante calmo com pratos vejetarianos infelizmente fomos no inverno e nao deu para desfrutar da piscina que parecia optima a experimentar a unica questao a apontar e o servico e a simpatia que pode melhorar"
"Positive", "ficamos num quarto duplo a caminho do algarve depois de uma tarde a conhecer a margem esquerda do guadiana e fomos para ali apesar de estarmos em novembro e nao podermos utilizar a piscina ou a praia fluvial foi optimo para descansar um dia os quartos sao espacosos o ambiente foi acolhedor e calmo foi possivel visitarmos as minas de s domingos de bicicleta do hotel com popias e aguardente de medronho a mistura nao podia ser melhor"
"Positive", "o hotel sao domingos localizado nas minas de sao domingos entre as localidades de serpa e mertola e um hotel de quatro estrelas que fica localizado a antiga casa dos proprietarios da mina de s domingos restaurado tem excelentes quartos um dos quais para pessoas com mobilidade reduzida tem espacos ajardinados piscina e um observatorio lunar para quem quiser observar as estrelas e claro a lua os funcionarios primam pela simpatia e gentileza o hotel sao domingos e um optimo lugar para quem quer repousar e restabelecer energis"
"Positive", "os quartos sao muito bons se ficar num quarto antigo da casa do governador da mina entao vai ficar maravilhado jardins muito bonitos sente se o aroma das flores e ervas aromatricas piscina e muito simpatica e relaxante servico pode melhorar espero que sim agora que a gerencia e nova experimentem sem exitar"
"Positive", "visitamos o hotel sao domingos e ficamos muito decepcionados com o fraco servico prestado em pleno mes de ferias ha falta de ingredientes para confecionar simples snacks tb o observatorio so esta aberto ao sabado durante as ferias nao ha sabados domingos ha apenas dias com vontade de ver as estrelas muito decepcionante as camas sao super desconfortaveis e o quarto muito impessoal e frio restaurante fraco e com um servico muito amador ma relacao qualidade preco"
"Positive", "hotel calmo e relaxante bem enquadrado no espaco onde foi implementado staff muito acolhedor e atencioso e sempre disponivel para resolver qualquer situacao pequeno almoco devera ser considerado bom apesar de pouca variedade o restaurante possui um menu variado e a comida e boa nesta semana apanhamos uma onda de calor e a temperatura chegou aos o por isso so no quarto com o ar condicionado no maximo recomendo para quem quiser realmente descansar perto do hotel ha a praia da tapada com uma agua quentinha"
"Positive", "optimas instalacoes optimo atendimento muito simpaticos e acessiveis passei tres dias relaxantes com a mina de sao domingos a menos de km de distancia o pequeno almoco pequeno almoco era bastante bom as refeicoes sao um pouco caras mas tirando isso sao deliciosas recomendo"
"Positive", "junta se o util ao agradavel praia de agua doce e campo alentejano uma combinacao perfeita o descanso no jardim a piscina tudo combina com o hotel alem disso a comida tipica alentejana fas as delicias de qualquer pessoa"
"Positive", "instalacoes e atendimento simpatico o restaurante do hotel sera de evitar apesar do ambiente agradavel"
"Positive", "eu queria falar so maravilhas deste hotel mas nao consigo a volta as minas de sao domingos foi uma viagem ha muito aguardada pela nostalgia de uns anos atras o entorno por si parecia me tao magico na altura que achei que esta estalagem seria a cereja em cima do bolo para um retorno de descanso com spa pelo menos e uma parceria que tem com uma conhecida empresa de vouchers tinha combinado com semanas de antecedencia a ida com o horario de tratamento spa que nao existe objectivamente apos a nao recepcao de e mail confirmatorio com os dados e horarios liguei pessoalmente onde fui informada do horario disponivel nao o que queria mas o que havia quando chegamos de noite as luzes exteriores estavam apagadas o que dificultou a passagem do parque de estacionamento"
"Positive", "um projecto arquitectonico bastante coerente onde se juntam dois edificios com dois estilos bastante diferentes o resultado e um espaco de charme luminoso e amplo onde reina a tranquilidade o agradavel enquadramento paisagistico reforca todo este ambiente os quartos sao simples poderiam ter mais elementos decorativos no entanto todos apresentam uma espacosa varanda de onde se tem uma vista privilegiada sobre a praia fluvial ambiente muito calmo e tranquilo"
"Positive", "o hotel e muito acolhedor empregados muito simpaticos um hotel em que nos sentimos a vontade uma paz absoluta pequeno almoco muito bom com ingredientes de qualidade e um hotel com muito bom ambiente"
"Positive", "antes de mais este hotel nao fica em beja embora apareca no tripadvisor como o numero um dos hoteis de melhor valor em beja na verdade esta a cerca de kms de distancia e nem sequer fica no distrito de beja o tripadvisor precisa resolver isso o hotel e bastante remoto em uma pequena vila e proximo a um belo lago com uma praia artificial era um convento convertido ha anos e acho que nenhuma obra foi feita desde entao ele precisa urgentemente de reforma tudo esta um pouco cansado os funcionarios minimos foram simpaticos e prestativos especialmente a adoravel senhora servindo cafe da manha nosso quarto era grande com duas camas de solteiro e colchoes bastante duros o banheiro era grande mas com banheira e chuveiro sobre a banheira o que nao seria adequado"
"Positive", "cheguei aqui para um bom acolhimento check in rapido e amigavel fomos levados ate nosso quarto que era adoravel escolhemos um quarto superior e ele veio completo com banheira de hidromassagem roupoes de banho etc que foram todos excelentes a cama era um pouco firme mas os travesseiros eram realmente horrivel grumos e old o quarto era mobiliado para um bom padrao e incluiu uma televisao que embora um pouco antigos funcionou bem ele esta escondido em um armario juntamente com o mini bar e cofre a casa de banho com banheira de hidromassagem foi bem equipados com agua quente uma variedade de artigos de higiene e toalhas que poderia ter sido de qualidade e tamanho melhor mas foram ok uma coisa boa foi que a sanita e bide foram separados e com outra bacia de mao de"
"Positive", "durante uma viagem de bicicleta pelo alentejo fiquei noites aqui e nao podia ser melhor as boas vindas e o check in os procedimentos eram bons e rapidos bicicletas foram wellcome e qualquer inconveniente para o guardar no quarto se voce tiver uma bicicleta especial e deseja os quartos sao muito confortaveis e actualizada o televisor esta concluido fora de moda e precisa ser substituido urgentemente a nossa ultima noite decidimos jantar no hotel estavamos um pouco preocupado se a comida estava boa como todos os outros dias que chosed restaurantes que mostrou ser excelente nao ha motivo para definicao concenr como tivemos uma grande refeicao em um quadro surpreendente em uma agradavel sala de jantar provei alguns pratos tipicos do alentejo e pagou um preco muito"
"Positive", "muito bom areas perfeitamente localizado junto ao rio e tao tranquila que e a deve bom para casais que querem fugir e relaxar em um ambiente romantico boa gastronomia e vinhos locais tambem fomos para a praia local que tambem e bom"
"Positive", "hotel sao domingos esta maravilhosamente restaurada casa senhorial a decoracao e muito bom gosto ele e moderno nos quartos e o bar mas a sala de jantar e o salao principal tem ainda os assoalhos de madeira originais e algumas pecas de mobiliario mais velhas e muito chique sem ser pretensioso existe um sentimento de paz para este hotel os corredores e os quartos sao muito tranquilo e se refrescar e os funcionarios sao simpaticos e acolhedores andre nos cumprimentou com um sorriso e nos fez sentir muito bem vindo a area da piscina e adoravel e muito limpo o nosso quarto era lindo tinha uma enorme banheira e varanda com vista para a piscina nao havia mobilia do patio na nossa varanda o hotel fica proximo de uma praia de lago que parecia bom mas nao tivemos tempo para"
"Positive", "e a minha terceira estadia neste hotel e eu manter divertir se penso que e um bom lugar bons quartos bom cafe da manha boa piscina bom ambiente com uma muito boa localizacao e funcionarios simpaticos eu realmente nao concordo com as pessoas que consideram caro e eu penso que e good value and free wifi no entanto o restaurante e um downpoint a comida e apenas ok e talvez eu esteja a ser agradavel acerca disso e o servico tambem poderia ser melhorado este hotel de quatro estrelas que vive ate esse padrao merece melhor e isso pode ser feito"
"Positive", "i teve chance de ficar no hotel sao domingos para o conhecido mertola islamico festival o hotel foi oferecendo um pacote especial que muito interessada me primeiro devo esclarecer que esta nao e a estrelas estabelecimento alguns mencionados mas na verdade uma estrelas hotel ele fica em uma pequena bonitinha e cidade historica mas que atualmente e claramente abandonada a estadia nao comecar bem como havia um mal entendido na recepcao uma vez que foram declarando que a minha estadia comecar um dia antes felizmente estou organizadas e foi capaz de mostrar a e mail conversa proving que a minha estadia deve iniciar o dia em curso mas a sala foi nice simples com um nice sacada a piscina foi grande e proximo a ele ha um pequeno belos jardins o unico aspectos"
"Positive", "de tudo por lagos campo vilas pitorescas um lindo cenario voce finalmente siga ate sao domingos cerca de minutos fora da cidade de mertola este e o capital de paz e um silencioso o predio em si tem foi totalmente modernizada de alto padrao com todas as comodidades necessarias incluindo academia etc e nao esqueca os grandes de casal terminou banho com os quartos standard o restaurante do hotel e moderno e o menu e boa mas se quiser real amostra para o alentejo siga minutos para o little village de moreanes e procure o restaurante chamado alentejo great tradicional alentejana ambiente comida e servico todos em um resonable preco"
