Sentiment, Review
"Positive", "o hotel tem um preco bastante agradavel e as instalacoes tem aspeto de terem sido renovadas ha relativamente pouco tempo contudo e sim vem os pontos negativos isolamento acustico dos quartos e para esquecer ouve se o barulho todo da rua o pequeno almoco completamente para esquecer nao havia pao suficiente para toda a gente a oferta disponivel e fraquissima enfim se reservarem neste hotel escusam de escolher estadia com pequeno almoco nao vale mesmo a pena"
"Positive", "bom hotel bem localizado renovado e bem decorado quartos razoaveis limpeza exelente nao tem piscina e mesmo o que falta o pequeno almoco fraquito precos acessiveis estacionamento em parque ou nas redondezas simpatia dos funcionarios"
"Positive", "quando se esta em beja uma otima opcao para sair da mesmice no periodo noturno e o bar desse hotel e um excelente local para tomar um panache ou um cafe com amigos os funcionarios sao formidaveis e o espaco bem agradavel com mesa de sinuca para os amantes do jogo vale a pena conferir o espaco mesmo quem nao deseja se hospedar no hotel"
"Positive", "os quartos esteticamente sao engracados mas se contam com descanso neste hotel nao o vao encontrar o isolamento termico e acustico do quarto para o exterior e praticamente inexistente quarto frio o ar condicionado com dificuldades em manter o quarto minimamente confortavel dentro do quarto parecia a estrada ouvem se os carros a passar independentemente de que lado se fique eu sei pois troquei de quarto o pequeno almoco extremamente fraco pouca variedade e bebidas quentes tiradas de uma maquina valeu a simpatia do recepcionista acho que como hotel tem potencial mas tem de investir no isolamento termico e acustico dos quartos e num pequeno almoco aceitavel"
"Positive", "funcionarios sempre disponiveis muito boas condicoes de higiene e sustentabilidade ambiental localizado em via de facil acesso aos diversos destinos atrativos que beja tem para oferecer pequeno almoco agradavel"
"Positive", "gostei bastante ficou bastante melhor depois desta ultima renovacao ficou com mais acolhedor continua muito limpo e com o pessoal muito profissional e bastante simpatico tem um bar muito acolhedor onde podemos desfrutar de uma bebida e de dois dedos de conversa a verdadeira simpatia alentejana"
"Positive", "hotel remodelado recentemente no minimo os quartos da frente quartos com ac silencioso e wc espacoso bom pequeno almoco staff atencioso e optimo bar lamento apenas o wc exageradamente quente"
"Positive", "hotel com imagem renovada por dentro apesar de estar a necessitar de pintura por fora mas esta a decorrer muito limpo pequeno almoco com variedade excelente relacao qualidade preco recomendo mesmo"
"Positive", "bem localizado e atendimento razoavelmente simpatico a limpeza deixou a desejar pois ainda tinha um copo de plastico usado debaixo das camas o quadro electrico faz muito barulho o que e incomodativo durante a noite o isolamento sonoro no quarto e fraco deixando passar todo o ruido do exterior pequeno almoco agradavel pouco estacionamento no exterior"
"Positive", "um bom hotel de estrelas na cidade de beja o pequeno almoco nao tem muita variedade mas nao nos podemos esquecer que e um hotel de estrelas no entanto o colchao da cama extra tem falta de ser mudado pois tem as molas ja estragadas"
"Positive", "estive ja alojado neste hotel por tres vezes nos ultimos anos todas em actividade profissional sendo sempre bem recebido atendimento muito simpatico em todos os servicos um pequeno almoco bem preenchido e variado um bar muito agradavel preco acessivel"
"Positive", "eu vivo em beja e ja fiquei no hotel melius e um hotel muito bom com um servico excelente o pessoal e muito simpatico tem um bar que e uma referencia na cidade muito frequentado por hospedes e por pessoas da cidade que ali vao tomar uma bebida e um ponto de reuniao de amigos e o pessoal do bar faz parte da nossa familia com uma tv a transmitir jogos de futebol atrai muita gente que ali os vai ver tem vindo a melhor cada vez mais o servico de bar alargando a oferta de bebidas e cocktails"
"Positive", "nao e um hotel de arquitectura deslumbrante e ultimo grito no entanto e um agradavel espaco de repouso muito bem cuidado e asseado o staff e muito profissional e solicito a localizacao e de muito facil acesso os quartos sao standard modernos bem decorados e com varanda embora nao haja cadeiras na varanda a cama e muito confortavel o mobiliario sanitario poderia ser remodelado embora esteja asseado o pequeno almoco buffet e variado e generoso estilo continental excelente relacao qualidade preco"
"Positive", "hotel fica no centro de beja e pelo que vi e usado por muitos espanhois pessoas em deslocacao de servico e negocios hotel tem muito bom ambiente e a qualidade e superior as estrelas empregados simpaticos e prestaveis os quartos equipados com tv e ar condicionado muito agradavel bar"
"Positive", "quarto limpo grande cama confortavel pressao da agua no chuveiro muito fraca o isolamento sonoro para a rua e que nao sendo mau podia melhorar um pouco tv com canais por cabo e wifi incluidos garagem propria pequeno almoco fraco"
"Positive", "o melhor hotel de beja o hotel e muito confortavel os quartos espacosos e bem limpos com uma vista pro por do sol belissima beja e uma cidade apaixonante muito organizada limpa pessoas educadissimas e comida excelente o hotel e muito bem localizado da pra passear a pe pelas redondezas em um bairro muito agradavel e belo o cafe da manha e simples mas muito bem feito e gostoso"
"Positive", "estive hospedada neste hotel com o meu marido e o nosso bebe de ano gostamos muito do quarto que era amplo muito pratico e limpo com amplas janelas varanda ar condicionado disponibilizaram um berco para o nosso filho o que nos facilitou na logistica da viagem o pequeno almoco era variado com maravilhoso pao alentejano apenas tenho pena de o cafe ser demasiado torrado o que nao vai de encontro ao meu gosto mas para mim e apenas um pormenor recomendo este hotel e voltaria a ficar aqui todos os funcionarios do hotel foram sempre muito simpaticos e prestaveis"
"Positive", "muito razoavel boa localizacao bom servico e com boas comodidades com quartos espacosos e silenciosos pequeno almoco completo e com sala bar com muito espaco e uma sala de estar com jogos e diversao"
"Positive", "melius e um hotel ideal para estadias no contexto profissional pois o servico e equipa sao rapidos eficazes para estadias familiares o hotel apresenta toda a comodidade necessaria e qualidade exigida so nao e uma referencia a nivel estetico pequeno almoco de qualidade e variado parque de estacionamento interno sem custos e um bom hotel na relacao de qualidade preco"
"Positive", "hotel razoavel e com boa localizacao pontos a destacar quarto confortavel com varanda colchao bom lencois confortaveis em relacao ao pequeno almoco foi bom com muita variedade outro ponto positivo bar para fumadores e bar para nao fumadores aspetos negativos nada de especifico"
"Positive", "gostei muito deste hotel o pequeno almoco e bom os quartos sao super confortaveis adorei o bar tem um ambiente muito bom tem comercio ao pe do hotel que e bastante bom o seus empregados sao muitos acessiveis e prestativos e super educados"
"Positive", "o hotel melius deve ser o melhor que existe em beja os quartos sao grandes com uma boa casa de banho o hotel tambem fica bem situado num sitio espacoso pois nao fica no meio da cidade tem um cinema proximo e centros comerciais"
"Positive", "a simpatia do staff foi o que safou nao vale o preco o colchao era duro mas o quarto era espacoso a casa de banho e grande acordei varias vezes de noite com barulho e adormeci ao som do ar condicionado dos vizinhos o pequeno almoco e simpatico mas pelo preco encontro melhor"
"Positive", "bem localizado na cidade de beja perto da zona comercial e com o centro a cerca de km os servicos sao bons na relacao qualidade preco quartos amplos e com boa limpeza o pequeno almoco e limitado"
"Positive", "hotel razoavel apesar de ter sido remodelado recentemente precisava de mais remodelacao o quarto em que ficamos hospedado tinha a casa de banho com as amenities essenciais mas estava com bolor nos azulejos principalmente na zona da banheira o colchao era velho a precisar de ser trocado bem como o ar condicionado que fazia muito barulho e a tv que ainda e crt de tamanho reduzido quase impossivel de ler legendas estando deitado na cama o pequeno almoco nao e vasto mas dispoe de o essencial para se ficar satisfeito em suma e um hotel razoavel para estadias curtas"
"Positive", "sendo cliente do bar gosto de recomendar a grupos de amigos que para alem de um ambiente descontraido podem ainda jogar snooker e fumar no local bastante variedade de bebidas e um servico razoavel"
"Positive", "o quarto cheirava a mofo as cortinas da janela estavam com po a varanda estava suja e com teias de aranha o ar condicionado estava imundo pondo em perigo a saude as bebidas do pequeno almoco leite cafe chocolate e sumos que eram de dispensadores automaticos tinham sabor e qualidade duvidosa para um hotel de estrelas deixa muito a desejar"
"Positive", "bom pequeno almoco senhora que estava na sala de refeicoes muito simpatica e prestavel mas restantes colaboradores na recepcao pouco atenciosos e pouco simpaticos serve para uma noite quartos confortaveis limpeza razoavel"
"Positive", "apesar de necessitar de renovacao hotel agradavel com quartos espacosos e limpos zona do bar a noite bastante movimentada com boa diversidade de gins pessoal simpatico e disponivel bom preco qualidade"
"Positive", "hotel foi remodelado e esta funcional quartos sao grandes embora sem nada de especial tv no quarto com interferencias e rede wi fi lenta pequeno almoco e normal suficiente mas sem nada que se destaque em suma e uma boa opcao se pretender apenas um lugar para ficar"
"Positive", "a localizacao e uma vantagem o quarto e confortavel e amplo assim como a casa de banho e antigo precisaria de alguma intervencao nomeadamente substituicao da televisao serve perfeitamente o proposito"
"Positive", "apesar do edificio antigo que e dentro deste espaco esta algo surpreendente fui muito bem recebido no hotel e o quarto era muito bom uma varanda enorme para dias com calor e soalheiros bem como a enorme garagem que o hotel proporciona para os seus clientes soube que tinha um spa gym mas acabei por nao o frequentar uma nota o pequeno almoco tem muita variedade e cheio de qualidade"
"Positive", "ha entrada de beja staff simpatico pack romantico welcome drink garrafa de vinho servida no quarto decoracao na cama pequeno almoco razoavel tudo por o quarto grande com bastante espaco a televisao no quarto muito pequena bar aconchegador"
"Positive", "bem localizado na cidade e um hotel simples onde me deparei com um ambiente muito asseado relativamente ao preco praticado julgo ser uma muito boa opcao para quem apenas pretende pernoitar a nao busca grandes servico no hotel pequeno almoco simples mas consegue satisfazer os minimos basicos"
"Positive", "quarto com espaco mas com poucos luxos um hotel que tem muita estadia a base de empresas podia ter melhores condicoes em termos de pequeno almoco e pouca oferta como por exemplo num ginasio que encontra abandonado bastante limpo e servico simpatico e amigavel"
"Positive", "o pessoal de servico e bastante simpatico os quartos sao limpos e espacosos com decoracao mediana tem um pequeno ginasio mas de pouca utilidade ja que os equipamentos existente sao em pequeno numero e obsoletos o bar e interessante o pequeno almoco e razoavel mas suficiente bom para uma noite de passagem com wifi gratis no quarto"
"Positive", "hotel relativamente central a cidade de beja e economico quarto com suite fantastico no que ao tamanho diz respeito dormiram tres criancas na suite onde estava igual no de divas e ainda sobrava espaco para uma mesa e cadeiras cortinas exteriores electricas que isolavam o quarto totalmente de luz exterior fantastico o ponto talvez menos positivo num quarto e suite modernos chao e camas serao as torneiras da casa de banho a nao condizerem pelo antiquado das mesmas pessoal muito simpatico e disponivel"
"Positive", "ja e um icone nesta cidade de beja sem luxos mas limpo e arrumado os funcionarios sempre disponiveis e simpaticos nada de negativo apontar um bom local para pernoitar esta relativamente perto do centro da cidade"
"Positive", "bom hotel atendimento simpatico e prestavel quarto muito limpo e com bom espaco casa de banho muito limpa mas um pouco desactualizada bom pequeno almoco com muita oferta de produtos ma insonorizacao janelas bom preco para a oferta"
"Positive", "temos aqui um hotel que tem funcionarios simpaticos quer na rececao quer no bar os quartos sao pequenos mas confortaveis e limpos o wc e antigo mas estava limpo um pequeno almoco fraco sem bebidas frescas todas de dispensador automatico nao vale a pena"
"Positive", "o quarto estava limpo e tinha boas condicoes o wc denota uma infraestrutura antiga e remodelada mas encontrava se igualmente limpo o quarto estava do lado da avenida principal a qual e muito movimentada de noite e uma recta que termina numa rotunda pelo que foi dificil dormir com o barulho dos carros e das travagens a fundo principalmente porque se tratava de um sabado a noite o pequeno almoco foi muito mau uma vez que todo o tipo de bebida quente era servida atraves de um dispensador automatico as bebidas que incluiam cafe sabiam horrivelmente mal havia bastante variedade de pao mas apenas um bolo caseiro ou o que restava dele e croissants brioche"
"Positive", "decoracao moderna quarto espacoso e bonito tem um bom bar pequeno almoco variado em tipos de pao frutas cereais etc funcionarios atenciosos da para caminhar ate ao centro fica perto de um cinema"
"Positive", "hotel localizado proximo a entrada de beja com estacionamento privativo euros dia suites com bom tamanho e camas confortaveis contra pesa o fato de nao possuir frigobar nos quartos e aparelhos de tv minusculos e antigos boa relacao custo beneficio"
"Positive", "um bom hotel de estrelas com um bar de estrelas penso que e um dos bares de hotel com mais variedade de gin s e todos muito bem preparados sempre com direito a explicacao o hotel em sim tem otimos funcionarios muito simpaticos e quartos sempre bem limpos tem um bom pequeno almoco que esta sempre a ser reposto aproveitem a boa relacao de qualidade preco"
"Positive", "o hotel melius e muito bom cafe da manha incluido na diaria preco acessivel otimas camas banheiro excelente tem estacionamento visitar beja e muito bom cidade historica muito aconchegante o atendimento atendeu as expectativas e o cafe da manha muito bom"
"Positive", "o hotel melius e muito bom tem uma excelente qualidade preco o quarto e bom e estava limpo pequeno almoco bom quanto aos funcionarios simpaticos e acessiveis gostei da estadia tenciono la voltar foi muito positivo recomendo"
"Positive", "ficamos alojados em setembro de adultos com crianca recepcionistas super prestaveis como chegamos tarde deram nos boas indicacoes onde poderiamos jantar ao chegar ao quarto foi uma agradavel supresa quarto grande com cama de casal mais uma cama extra a cama extra muito confortavel para a crianca tinha varanda virada para a rua principal wc jeitosa o pequeno almoco era bom gostamos muito"
"Positive", "por razoes de ordem profissional ja estive hospedado neste hotel varias vezes sempre que tenho que pernoitar em beja nem procuro outro sitio para ficar nada a dizer dos profissionais e muito menos do pequeno almoco que e das coisas que mais aprecio neste hotel e muito limpo e os quartos sao simples embora nao falte nada mas excelentes e muito calmos excelentes precos muito bom para familias ou como no meu caso para descansar depois de um dia de trabalho nao vai ser a ultima vez que farei uma visita em beja sera definitivamente o meu hotel recomendo vivamente"
"Positive", "tinha agendado noite e acabei por ficar efetivamente e uma excelente relacao qualidade preco e o servico prestado e muito bom os quartos sao limpos agardaveis e espacosos e o staff e muito atencioso e simpatico sempre pronto a ajudar fiquei agradavelmente surpreendida pela positiva recomendo"
"Positive", "quartos e corredores com cheiro esquisito mofo pequeno almoco muito fraco leite em po sumos de ma qualidade de maquina ovos mexidos de preparacao esquisita e mau aspecto que ou foram preparados com muita antecedencia e depois descongelados ou ovos congelados aparelho de ar condicionado com dificuldade de ligacao falta de manutencao"
"Positive", "agradavel surpresa nesta viagem com estadia de semanas em trabalho staff atencioso e simpatico quartos agradaveis e espacosos climatizados e confortaveis parqueamento privativo wifi por todo o hotel e um bar com especialidades raras de gin e tonicas com um cardapio e funcionarios com conhecimento e vocacoes profundas na materia recomendo vivamente"
"Positive", "muito bom bar com uma grande variedade de gins e com pessoas sempre prontas ajudar no final da noite houve um concerto muito bom com grande ambiente quarto bem equipado e agradavel dos melhor sitios para ficar quando for a beja muito obrigado"
"Positive", "foi uma grata surpresa procurar apenas um hotel com wi fi e chuveiro quente dentro do nosso orcamento e ficar numa suite no hotel melius o staff e bastante atencioso e o cafe da manha e bom a cama e otima o wi fi funciona e o quarto e enorme e tem estacionamento"
"Positive", "belo bar muita simpatia de todo o pessoal os quartos sao em regular amplos e confortaveis problemas menores com o uso do ar condicionado prontamente resolvidos pelo staff pequeno almoco com muita variedade e qualidade"
"Positive", "um quarto enorme muito bem decorado e limpo escolhemos um pacote romantico com direito a vinho alentejano e bolinhos o hotel tem um bom espaco e esplanada o pequeno almoco e muito variado o hotel tem estacionamento que e muito bom e esta bem localizado"
"Positive", "qualidade atencao e simpatia profissional no relacionamento dos trabalhadores belo bar e tambem uma boa esplanada o hotel esta muito bem situado e no geral e muito bom bonita decoracao todo o espaco envolvente quarto espacoso e funcional"
"Positive", "gostei da recepcionista super amigavel no check in indicou um restaurante e ate tentou reservar para nos logo no check in e passou para um quarto com cama de casal grande sala com varanda boa vista lugares de estacionamento gratuitos no exterior nao gostei meio antiquado precisa de melhorias embora haja uma nova area com quadras de padel os produtos do cafe da manha pareciam da embalagem exceto croissants e pao"
"Positive", "quarto de bom tamanho varanda nao adequada para criancas e pediu cadeiras cafe da manha era bom e fresco estava ocupado no domingo de manha mas a equipe que estava lotada era grande a gerencia precisa ajuda los aqui uma parede de minutos para varios bons restaurantes e area principal da cidade estacionamento gratuito g no hotel e arredores recomende uma boa relacao qualidade preco"
"Positive", "muito boa localizacao hotel foi great nice equipe muito simpatica e tambem um nice bar nos ficamos apenas noites para um casamento mas recomendo se voce estiver hospedado em beja bastante estacionamento tambem atras do hotel"
"Positive", "quarto foi bom hotel foi impecaveis com boa direita estacionamento do lado de fora e cerca de minutos a pe do centro da cidade bom cafe da manha no dia seguinte embora infelizmente nao delicioso natas bar era uma alma pouco les nao havia comida ou picadas de bits em oferta caso contrario teriamos ficado para outra bebida ou dois"
"Positive", "eu fiquei uma semana neste hotel durante uma viagem de trabalho para beja penso que e uma optima escolha para ficar se voce visitar beja e muito bom localizado entre o centro da cidade principais supermercados e perto dos esportes e area de lazer tem uma grande ligacao wifi em todos os lugares e um bom pequeno almoco eu recomendo"
"Positive", "muito bom hotel gratuito e rapido acesso wi fi em todo o lugar equipe encantadora e um buffet de pequeno almoco maravilhoso os quartos sao muito grandes e o por do sol da varanda e incrivel oh por que todos deveriam ir para o bar e pedir para algum gin tonica incrivel"
"Positive", "eu estava com amigos no hotel boas lembrancas de ferias o servico amigavel tem sido sempre limpo o barman serve bebidas e delicioso ao mesmo tempo foi muito nice e falador que e um plus em geral eu recomendo"
"Positive", "ola um dos meu amigo portugues sugeriu me este hotel eu estive la apenas por um dia foi bom e engracado calorosas saudacoes dos trabalhadores tudo era bom para mim se voce for la sente se no bar do gin e desfrutar da sua bebida"
