Sentiment, Review
"Positive", "guest house confortevole con un bizarro arredamento che vorebbe revocare l antica roma a parte questo molto spaziosa con un terrazzino piacevole ed adatta ad ospitare piu persone e con cucina dotata di tutto ambienti puliti e situata proprio in centro a beja"
"Positive", "belle experience par les lieux tout a fait particulier mais aussi par laccueil chaleureux de jorge un decor de film confortable fonctionnel et propre tres bien place pour se promener ou bien se restaurer possibilite dutiliser la cuisine nuria et anibal"
"Positive", "super accueil hotes tres sympathiques chambres et decoration agreable petit dejeuner a la hauteur d un bonne hotel endroit vivement conseiller bravo eunice et georges cuisine et frigo a disposition toute ja journee un mot un geste georges fait le reste a bientot"
"Positive", "excelente alojamento muito bem localizado no centro de beja da para ir a pe conhecer todas as atracoes turisticas e monumentos a limpeza e estrelas o pequeno almoco diversificado excelente o casal anfitriao super atencioso muito simpaticos sempre disponiveis para ajudar fizeram nos sentir super a vontade como se estivessemos em casa atendimento estrelas"
"Positive", "tres bien place a quelques pas de la place de la republica et du superbe musee regional de beja la chambre et le bnb est toute neuve jorge le tout jeune fondateur de ce bnb est tres prevenant le petit dejeuner est top pouquoi ce decor romain la reponse est dans l histoire de la ville de beja"
