Sentiment, Review
"Positive", "propriedade a apenas min de beja cujo caminho esta na sua maioria alcatroado e em otimas condicoes que proporciona uns excelentes dias de relaxamento no meio da natureza o servico descontraido e muito cuidado e excecional assim como todas as refeicoes que nos foram servidas a prova de vinhos foi otima e permitiu nos conhecer a historia da propriedade e dos vinhos riso sem duvida a repetir"
"Positive", "localizada a cerca h de caminhose lisboa apenas a cerca de minutos de conducao a saida de beja e conduzindo por km de estrada de terra batida vindo da salvada ultima povoacao antes da herdade a meio caminho entre a herdade e beja surge nos no meio da noite sinais de gente as luzes amarelas a fazerem lembrar os montes de antigamente e o ambiente familiar visivel pela forma calorosa como nos recebem fazem nos sentir em casa nao ha muito a dizer apenas uma coisa e imperdivel uma estadia nesta herdade o pequeno almoco em conjunto com os outros hospedes confecionado com produtos de origem local e provavelmente biologica tornam ainda mais saborosa a refeicao o alojamento nao deixa margem pra duvidas e o local ideal para descansar o unico contra a meu ver e"
"Positive", "paisagem bonita com muito potencial para turismo mas pequeno almoco muito decepcionante apenas pao alentejano mauzinho limpeza dos quartos fraca e com problemas de canalizacao a nao repetir"
"Positive", "uma beleza arrasadora simplicidade modernidade unicidade uma envolvencia perfeita uns donos simpaticos ideal para momentos a dois momentos em familia momentos com amigos tudo conforme idealizamos obrigada herdade do vau"
"Positive", "a funcionaria que nos serviu o pequeno almoco era realmente simpatica foi super compreensiva com os horarios tardios que fizemos e zelou sempre pelo nosso conforto e bem estar o pequeno almoco foi muito simpatico com pao alentejano a fatia torrado ovos bolo caseiro e sumo de laranja natural maravilhoso as instalacoes tem muito pinta na sua beleza despojada valorizando algumas antiguidades com simplicidade e gosto as areas sao muito generosas e a piscina e fantastica por fim o estacionamento para o apartamento foi incrivel pois e possivel a entrada para o mesmo por uma porta superior permitindo a passagens de malas e etc de uma forma eficaz e comoda o caminho ate a herdade nao e fantastico e por ser um espaco bem rural e no meio da natureza encontramos alguns bichos"
"Positive", "como e um local bem cotado escolhemos para festejar o aniversario de minha esposa para chegar tivemos que ligar ja que o gps nao acertava ao chegar no local depois de um trajeto por estrada de terra nos deparamos com um local quase abandonado apesar de ser horas tudo fechado apos alguns minutos apareceu uma funcionaria que informou estar sozinha e que nao havia como ingressar nas dependencias pois estava tudo trancado e ela nao tinha a chave teriamos que aguardar quase uma hora para a chegada de outra funcionaria com a chave perguntamos se poderiamos comer alguma coisa ja que nao haviamos almocado nada so retornando a beja a uns km dai o desespero como ficar num local sem a minima estrutura a funcionaria simpatica ofereceu telefone para falarmos"
"Positive", "fomos em familia ficar neste hotel e foi muito agradavel conforto design e limpo deu bem para relaxar no meio do campo zona da piscina agradavel pequeno almoco foi muito bom ao estilo buffet recomendo vivamente"
"Positive", "o acesso e por terra batida durante varios kms o que deixa os carros completamente cobertos de po o espaco e interessante e as pessoas muito simpaticas no entanto durante a noite e madrugada ouvem se demasiados barulhos o que nao e espectavel num sitio como este o pequeno almoco foi muito bom com bastante variedade e bem confeccionado"
"Positive", "ao fim de alguns quilometros em estrada de terra batida somos recompensados por uma paisagem que nos faz sentir privilegiados por ali estarmos nao poderiamos ter feito melhor escolha tudo ao encontro dos nossos gostos simpatia disponibilidade natureza tranquilidade fauna e flora para explorar e o guadiana quase ao alcance das nossas maos edificio muito bonito e bem recuperado o quarto bem climatizado limpeza irrepreensivel pequeno almoco muito bom e variado ambiente descontraido ao acabar a estadia durante a viagem de regresso ficamos com a optima sensacao que realmente ainda existem paraisos na terra"
"Positive", "e um dos sitios que gostaria de voltar assim que for possivel ideal para quem quer paz e sossego a estrada de acesso ate chegar a herdade e em terra batida deve conduzir se com cuidado mas vale muito a pena reservei apenas uma noite no entanto minutos depois de la estar fiz reserva para outra noite a herdade tem uma vista fantastica para as vinhas e para o monte alentejano a piscina e o local certo para disfrutar desta paisagem adorei o quarto onde fiquei no antigo lagar de azeite agora recuperado e amplo e com a mobilia necessaria na minha opiniao o factor distintivo desta herdade e o ambiente familiar os pequenos almocos e os jantares sao servidos numa mesa grande o que torna a experiencia bastante diferente recomendo o jantar na herdade na companhia dos"
"Positive", "a herdade e fantastica para quem gosta de relaxar e apreciar a magnifica planicie alentejana salpicada de vinhas e de onde se vislumbra o guadiana tudo foi pensado com extremo cuidado e com bom gosto ja para nao falar do excelente anfitriao miguel e restante equipa que foram extremamente simpaticos fazendo nos sentir em familia recomendamos vivamente uma experiencia a dois ou entre um grupo de amigos a nao perder a degustacao de vinhos riso cuja producao e da propria herdade"
"Positive", "a herdade do vau e um excelente local para descansar uns dias com o alentejo de perder de vista pela frente entre vinhas montes e vales e a uns passos do guadiana a herdade do vau e francamente recomendavel o proprietario miguel e um anfitriao apaixonado pela sua obra e pelo seu vinho e contagia esse prazer aos seus hospedes muito simpatico sabe o nome de todos os hospedes contribuindo para um ambiente mais descontraido e informal bom pequeno almoco e boa organizacao dos espacos eramos um grupo de pessoas e bem sabemos como nao e facil acomodar tanta gente a piscina e muito agradavel e o espaco em redor excelente"
"Positive", "fizemos a reserva para ficarmos em um lugar tranquilo para curtirmos o dia com piscina chegamos e a piscina estava imunda desistimos de ficar la maior sol e um calor de graus e uma pousada com piscina suja oi"
"Positive", "quanto um conjunto tao grande de excelentes se reunem num so lugar como se pode descrever esse local a alguem a unica possibilidade e mesmo descobrir cada um por si proprio e que ninguem saia sem o riso do local perfeitamente explicado pelo espectacular anfitriao e daqueles locais que cada vez que nos lembramos dele mais uma memoria de incontornavel excelencia se nos aviva transportando nos de imediato para o local obrigado por existires herdade do vau"
"Positive", "depois de muita pesquisa para um grupo de eis que vou dar a herdade do vau e posso dizer que foi simplesmente maravilhoso apenas um senao o pouco tempo para usufruir apenas uma noite mas deu perfeitamente para ver o ambiente fantastico a paisagem de cortar a respiracao a piscina com uma vista deslumbrante sobre as vinhas e o melhor de tudo uma hospitalidade incrivel dos proprietarios que nos fazem sentir como se estivessemos em casa um drink a observar o por do sol como se estivessemos com um grupo de amigos ou em familia recomendo vivamente"
"Positive", "local paradisiaco ideal para relaxar sonhar e ganhar energias atendimento pessoal e agradavel pequeno almoco divinal piscina de sonho a ver se a vinha vinho produzido na quinta personalizado e fenomenal"
"Positive", "situado num sitio maravilhoso fomos recebidos incrivelmente bem a comida tradicional e excelente e o vinho riso muito bom fomos numa escapadinha romantica e foi espetacular excelente sitio para aliviar o stress pois nao tem tv internet etc obrigado herdade do vau"
"Positive", "mesmo com um acesso complicado vale a pena uma visita o vinho branco riso que e uma producao da herdade e muito bom os quartos fora da casa principal sao amplos mas nao tem janelas que abram a piscina tem um enquadramento paisagistico fora de serie o que a torna muito agradavel os anfitrioes sao de uma grande simpatia e disponibilidade"
"Positive", "para quem quer descansar gozar uma belissima paisagem comer e beber maravilhosamente e ainda voltar para casa com mais amigos para acrescentar aos que ja tem a herdade do vau e a escolha certa o riso e uma constante no vinho do mesmo nome e no coracao so quem experimenta pode perceber e sentir o que agora partilho por isso va desfrute e nao se esqueca nunca mais de que existe em portugal la para terras do alentejo um lugar de excelencia onde melhor e impossivel estar"
"Positive", "local de eleicao para curtas temporadas no meio de nada mas com tudo aconselho as provas do vinho e os jantares otimo para passeios pedestres ou bicicleta piscina com vista fantastica go go go"
"Positive", "quem pensa que e preciso sair de portugal para encontrar locais de elevada qualidade e beleza engana se claramente a herdade do vau e o ponto de partida e de chegada para disfitar do melhor que a natureza tem um monte acolhedor com muito bom gosto e de grande conforto obrigatorio conhecer e partilhar ja agora entre tantas belezas quartos acolhimento a piscina as vistas o rio a simpatia a luz o vinho propriedade da herdade de seu nome riso e tambem um excelente motivo para fazer do vau um local estrelas parabens"
"Positive", "o que vos vou confessar peco que nao digam a ninguem descobri perto de quintos uma airosa e incolome aldeia alentejana uma daquelas herdades que nao de esquecem mais os motivos sao tantos que vou so confessar vos alguns os donos da casa sao os melhores anfitrioes do mundo impossivel no fim da jornadas nao acharmos que ganhamos dois grandes amigos o espaco um monte garboso a esticar se ao guadina por entre duas elegantes palmeira um vinha que nos vem beijar os pes e que da aquele aroma fresco de terra agradecida o guadiana ali a namorar nos fazendo brincadeiras nas azenhas como um jacuzzi natural ou uma descida nos seus rapidos magicos a fauna e a flora que aqui concentram uma das maiores diversidades do mundo a paisagem alentejana aqui elevada ao seu"
"Positive", "quem pretender conhecer a forma como se recebe bem em portugal va passar uns dias a herdade do vau o local esmaga nos com a sua beleza o nascer do sol a cor de ouro do restolho da palha o guadiana la ao fundo a espreitar as estrelas que naquela escuridao ganham forca impressionante a comida e o alentejo no seu melhor cuidada e elegante mas com o sabor da terra a casa esta muito bem os quartos sao muito agradaveis a sala com a sua mesa comum para todos os hospedes assume se como centro de convivio que permite um relacionamento muito natural entre todos os moradores a piscina tem um enquadramento espantoso mas o que quero mesmo destacar sao os anfitrioes a manuel e o miguel recebem e encantam nos fui para um hotel e fique com a sensacao que fiquei em"
"Positive", "sitio ideal para descansar escrever um livro fazer uma pausa andar de bicicleta encher os pulmoes de ar e brindar a vida excelente para um encontro com a natureza com os amigos e com um bom vinho"
"Positive", "fui com os meus filhos mais velhos e com uns amigos mais que especiais foi mesmo excelente poder ter a oportunidade de participar nas vindimas posso dizer que o vinho riso tem tambem um toque nosso um ambiente muito natural calmo relaxante longe de todos perto de tudo o que nos descansa a casa fresquinha acolheu muito bem os trabalhadores cansados e agora nesta altura a herdade do vau ja esta com mais servicos piscina hummmmmmm vou ter que la voltar"
"Positive", "se procuram descanso num pequeno subtil rustico moderno de muito bom gosto e amplos espacos este e sem qualquer duvida o seu destino a envolvente conjuga na perfeicao a vinha com o guadiana nao e excessivo e simples e perfeito recomendadissimo"
"Positive", "eu e minha familia ficamos la por uma noite e foi incrivel a viagem ajuda a construir a sensacao de que voce vai encontrar um lugar para relaxar e simplesmente aproveitar os quartos sao lindos e toda a propriedade esta muito bem conservada as vistas sao espetaculares e passar a tarde na piscina foi muito bom como nao curtir uma piscina com aquelas vistas jantamos e tomamos cafe da manha ao ar livre a comida e o servico eram muito bons produtos locais atencao aos detalhes e medidas de distanciamento social em vigor uma prova de vinhos foi presenteada por um amigo e definitivamente recomendo pois ajuda a conhecer um pouco mais sobre a sua paixao pela vinificacao e a conhecer a historia da herdade do vau nem e preciso dizer como sao lindos os vinhos definitivamente"
"Positive", "estou apaixonada pela herdade do vau a partir do momento em que chegamos ao ultimo momento foi magico nos ficamos apenas uma noite aqui e que foi um erro eu quero voltar por uma semana quando chegamos percebemos que eram os unicos hospedes la na propriedade tocou a campainha e uma adoravel mulher saiu que nao falam ingles e minha familia nao fala portugese atraves miming encontramos nossos quartos belos na casa principal juntamente com uma encantadora area de estar e sala de jantar e bem equipada cozinha impecavel ela nos mostrou a piscina fez com que tivessemos toalhas eu perguntei sobre cerveja e vinho tinha sido uma viagem longa afinal de contas e ela me conduziu ao celeiro bonito velho que tinha sido reaproveitado como um quarto de degustacao e quarto de"
"Positive", "foi de longe e grande o melhor para encontrar um refugio para uma das melhores partes do alentejo em portugal maravilhosa e magnetica nos amamos os anfitrioes e a forma como eles nos fizeram sentir especial vinho e comida excelente"
"Positive", "depois de uma semana muito agitada do trabalho a minha esposa precisava de uma semana tranquila e relaxante no pais achamos o hotel no ta e reservei um quarto o fim de semana tempo prometido para ser frio e chuvoso o que para nos foi perfeito nos nao quiser fazer um passeio visitar castelos e catedrais foi um a tres horas de carro de nossa casa mas nao dificil ate que chegamos perto as indicacoes para o hotel foram excelentes mas certifique se de ver o conta quilometros para torna se torna se complicado a abordagem road e toda a sujidade e rutted mas o cenario e maravilhoso ha um projeto enorme de cachoeiras que nada retira um pouco da paisagem ao longo do caminho mas uma vez perto do hotel e ja nao esta a vista nos fomos os unicos ocupantes da primeira noite"
"Positive", "vau vinhas e um sonho para o vino novatos bem como o explorer experiente aninhado na zona rural da regiao do alentejo esta antiga ruina foi restaurada com gosto atencao e estilo os quartos sao de alto padrao e gozam de vistas esplendidas do vale os anfitrioes feixe com paixao nao so para a propriedade mas o mais importante para os vinhos paes queijos e outras especialidades locais note que isto nao e tudo sobre amostragem vinho e comida existe toda uma gama de actividades em oferta e os anfitrioes sao mais do que feliz por atender a todos os seus interesse e necessidade altamente recomendada e a caminhada no vale seguido pelo o que eu so posso descrever como o piquenique mais celeste no mundo em qualquer local que pretende mas nas margens do rio no vale e"
"Positive", "nos apreciamos a paisagem o hotel rural a tranquilidade e o bom vinho recomenda se para umas ferias agradaveis do pais espero poder voltar no outono para ver os passaros voce precisa de um carro como e longe das aldeias mais proximas"
