Sentiment, Review
"Positive", "casa bem organizada de forma a acomodar de forma eficiente e conforme as necessidades os diferentes hospedes cozinha e sala de estar partilhada para uns tipos de quarto privativa noutros uma piscina pequenina mas que chega para refrescar no duro calor alentejano perto tem varios cafes e supermercado e uma recepcao como so os alentejanos sabem dar pequeno almoco variado numa sala de decoracao moderna mas acolhedora so o wi fi impede de dar as estrelas fraca cobertura e pessima qualidade de sinal"
"Positive", "local muito tranquilo e optimo para descansar simpatia no acolhimento instalacoes extremamente limpas e alojamento muito bem recuperado e bem equipado pequeno almoco simples mas muito agradavel e com muita simpatia por parte da senhora que o preparou"
"Positive", "a experiencia neste alojamento nao foi a melhor dado que foi marcada uma estadia com dias de antecedencia recebido o email de confirmacao da reserva e quando chegou o dia a proprietaria tinha esquecido de reservar e nao tinha mais quartos disponiveis e certo que resolveu a situacao e arranjou outro local para ficarmos mas a km dali e num sitio que nao tinhamos escolhido apesar de agradavel no final uma experiencia a nao repetir"
"Positive", "este alojamento faz parte do leque de opcoes do pack fugas noites da odisseias tive o cuidado de verificar no booking se o mesmo estava esgotado ou nao para as datas que pretendia uma vez que e um fim de semana prolongado e constatei que o alojamento tinha e tem ainda dois quartos livres uma vez que nas restricoes que apresenta no pack nao refere fins de semana prolongados decidi contactar por telefone para fazer a reserva liguei sete vezes em dois dias e nunca atenderam procedi entao a tentativa de reserva via site odisseias e recebi como resposta do proprio alojamento so depois do dia dia seguinte as datas pretendidas enviei um print screen do booking que mostra a disponibilidade e obviamente nao recebi mais nenhuma resposta inadmissivel esta discriminacao numa"
"Positive", "simpatia no acolhimento apartamento muito agradavel optimo para descansar bem equipado cozinha e patio para petiscar piscina qb para refrescar bom pequeno almoco boas acessibilidades facil estacionamento recomendo"
"Positive", "passamos uma noite no local quarto razoavel face ao preco limpeza razoavel acesso a wi fi zona exterior muito bonita cozinha funcional o pequeno almoco sao os hospedes que o fazem ha pao quente a disposicao de resto somos nos que confecionamos alojamento um pouco ruidoso boa relacao qualidade preco"
"Positive", "varias casas e quartos no local uma piscina fantastica e um calor que ajuda alguns dos quartos partilham cozinha mas todos tem wc privado os pequeno almocos sao bons o pao e qualquer coisa do outro mundo vale muito a pena tivemos la semana mas ficavamos bem mais"
"Positive", "ligamos com a proprietaria e explicamos que procuravamos um sitio calmo para passar doze dias explicamos que precisavamos de descansar quando chegamos havia obras na casa ao lado o que a proprietaria omitiu havia muito barulho de maquinas e martelos fizemos km em vao quando falamos com ela apenas respondeu nao posso fazer nada lamentavel"
"Positive", "local agradavel para umas boas ferias em familia as funcionarias sao bastante simpaticas perguntando sempre se tudo estava de acordo as nossas expectativas boas acessibilidades a moura e a varios supermercados sugiro que seja instalado wi fi na casa aconselho"
"Positive", "local muito agradavel fomos muito bem atendidos a nossa chegada e o alojamento era muito bom os quartos e a sala bem decorados e com ar condicionado a cozinha equipada com o essencial o pequeno almoco muito bom o frigorifico tinha o essencial e todos os dias de manha era nos fornecido pao fresco e de boa qualidade a piscina muito agradavel as funcionarias muito atenciosas perguntando sempre se estava tudo bem e com tudo muito bem cuidado"
"Positive", "adorei tudo desde o espaco decoracao cuidado e limpeza a simpatia com que fomos recebidos pequeno almoco perfeito local perfeito para descansar namorar e relaxar boa localizacao aconselho vivamente a todos o alentejo e maravilhoso"
"Positive", "terra de gente muito simpatica e muito atenciosa ficamos no estudio que e um apartamento muito bem decorado e com tudo o que se precisa com acesso direto ao exterior onde se encontrava a piscina sitio muito limpo e muito bom para apanhar sol todos os dias pela manha era deixado o pao para o pequeno almoco muito bom e sempre quentinho sitio a voltar sem duvida"
"Positive", "no centro da aldeia de pedrogao surge este turismo com mobiliario rustico e simples uma casa bem aproveitada com quartos com acesso a cozinha comunitaria e apartamentos completos ficamos no piso inferior que apenas tem quartos e a cozinha o nosso quarto era simples mas elegante contudo eram notorios sinais de humidade e tinta a estalar o wc era grande e tinha banheira que pecava por nao ter cortina o quarto era bastante quente problema resolvido com o ar condicionado o pior era o isolamento face ao piso superior e preciso sorte com os vizinhos a cozinha era bonita mas apenas tinha uma mesa se todos os quartos quisessem tomar o peq almoco a mesma hora era complicado faz falta reforcar os talheres quase nao havia colheres pequenas o espaco exterior e muito"
"Positive", "estupendo tranquilo acolhedor muito limpo peq almoco muito bom ideal par quem quer fazer um retiro longe da azafama das grandes cidades o espaco exxterior e muito agradavel optimo para ficar a conversa depois do antar a saborear um cafe adoramos"
"Positive", "bom atendimento casa bem equipada e confortavel piscina limpa e pronta a usar ja em abril pequeno almoco suficiente feito por nos com as coisas disponiveis na cozinha frigorifico nota maxima para o pao fresco ainda quentinho pior apontamento falta de produtos regionais queijinhos enchidos limpeza da cozinha posterior fica a nosso cargo gostei muito"
"Positive", "quarto asseado e confortavel espaco exterior com bom aspecto e piscina qb apesar de ligeiramente suja mas ainda nao era verao pequeno almoco muito fraco sem elementos regionais muito do que se pode ter em casa pelo valor ja fiquei em turismo rural com produtos regionais e que os proprietarios fazem questao de colocar a disposicao excelente para descansar"
"Positive", "decoracao pormenores espacos comuns tudo muito bom camas bastante confortaveis internet gratuita a senhora que nos recebeu tambem muito simpatica o pequeno almoco e razoavelmente bom mas podia ter mais produtos regionais"
"Positive", "os apartamentos sao muito confortaveis e limpos estive nos apartamentos com acesso a piscina os pormenores sao o mais importante toalhas lindas e limpas bordadas a salamandra foi o melhor visto ter ido em dezembro pequeno almoco simples mas bom perfeito para familias"
"Positive", "enganaram se na nossa reserva o que nos fez adiar em dia o check in para irmos para o apartamento estudio apartamento aprazivel espacoso e moderno com acesso direto a piscina otimo para uns dias de descanso sem agarrar no carro desde que ja tenhamos as compras feitas no entanto quando chegamos quase h depois do horario do inicio do check in o quarto nao estava totalmente pronto faltava secar e nao tivemos direito ao mimo regional nem foi referido o pao do peq almoco era delicioso mas so tivemos capsula de cafe para o o dia nao tendo sido reposto para o dia seguinte a agua da piscina nao era totalmente limpida de manha ouvia se muito barulho era impossivel dormir depois das h de qualquer das formas a experiencia foi positiva"
"Positive", "alojamento em duplex t com grande qualidade super bem equipado e localizado piscina na parte detras com agua salgada e solario permite nao mexer no carro durante a estadia todos os dias pao fresco para o pqueno almoco pendurado na porta"
"Positive", "o pequeno almoco e farto e variado a limpeza da casa e bastante boa mas a piscina necessitava de mais cuidados o miminho regional de boas vindas previsto no voucher nao existiu nem foi mencionado ouvia se bastante barulho no quarto tanto vindo da piscina como da entrada da casa provavelmente os quartos do piso superior sao mais tranquilos"
"Positive", "excelente para descanso boa piscina quartos bons com casa banho propria como ponto negativo que nao e da responsabilidade dos proprietarios vizinhos barulhentos as pessoas devem ter nocao que este e um espaco comum e deviam tentar passar uns dias em harmonia e nao como se toda a casa estivesse por conta deles"
"Positive", "queriamos conhecer o alqueva o que acabou por ser uma desilusao felizmente a casa de pedrogao revelou se uma maravilha nunca pensei que dormir comer mergulhar e repetir tudo vezes sem conta fosse tao bom mas e ideal para um descanso mais que merecido recomendamos e vamos voltar"
"Positive", "localizado no coracao do alentejo na recatada vila da vidigueira ideal para quem quer fugir da azafama das grandes cidades so fiquei uma noite nao consegui usufruir da piscina mas tive uma noite de sono absolutamente descansada e silenciosa fiquei com vontade de voltar desta vez sem ser a trabalho e com tempo para usufruir da calmaria tipicamente alentejana"
"Positive", "simpatia da colaboradora que me atendeu e de destacar as instalacoes sao muito agradaveis gostei muito do ambiente mais caseiro do local de poder beber um cafe expresso ao pequeno almoco coisa rara e de se antes de dormir apetecia qualquer coisa a cozinha estava aberta com uma grande variedade de frutas e chas para alem de uns biscoitos"
"Positive", "casa bem arranjada e agradavel mas uma das coisas negativas foi o facto de estarmos numa regiao gastronomica espectacular e quandi temos um voucher de alojamenyo e peq almoco seria de esperar um peq almoco caseiro com produtos da regiao o que nao aconteceu deixaram nos no frigorifico coisas que encontramos todos os dias no supermercado apenas nos truseram pao mole tb deixaram coisas ja abertas ou mesmo vazias a caixa do cha poderia havermais cuidado na roupa de cama e almofadas penso que pelo preco teriamos ficado melhor noutra casa ou mesmo hotel da regiao"
"Positive", "excelente local para descanso em familia num excelente e agradavel t apesar do frio a lareira da um excelente ambiente e a piscina bem localizada tambem devera ser muito bom no calor do verao o pao fresco do pequeno almoco e muito bom"
"Positive", "aconselho a estadia no alentejo perto de moura e serpa mesmo com calor intenso a casa e fresca e podem aproveitar a piscina tem cozinha que podem utilizar com produtos da regiao gostei particularmente do pao alentejano"
