Sentiment, Review
"Positive", "um local extraordinario para passar alguns dia de descanso excelentes condicoes quarto muito bem decorado e muito agradavel os proprietarios e os funcionarios foram extremamente simpaticos fazendo sentir cada hospede como o mais importante foi um local que nos marcou pela positiva e onde esperamos regressar assim que possivel"
"Positive", "monte saraz continua a ser o nosso oasis de serenidade para descansarmos em familia aqui encontramos um lugar magico que nos acolhe de bracos abertos e as pessoas sao extremamente simpaticas e cuidadosas ir de canoa ate a ilha e uma das coisas mais incriveis e relaxantes que aqui temos feito e nao faltam actividades desce passear de bicicleta entre monumentos megaliticos ate a subir ao magnifico castelo por caminhos romanos que evocam outros tempos a piscina esta linda como sempre e e o lugar perfeito para descansar certamente continuaremos a voltar aqui"
"Positive", "por vezes procuramos por aquele local onde poderemos descansar conhecer descobrir e desfrutar em familia porem esse lugar encontra se escondido no nosso alentejo bem proximo de monsaraz monte saraz muito nos apraz nao ha palavras para descrever a estadia fantastica com paz sossego um ambiente acolhedor todos sao simpaticos e maravilhosos gostei muito deste hotel principalmente das piscinas e dos gatos adorei"
"Positive", "fui sem saber para onde uma surpresa da minha namorada quando cheguei ao local nao me parecia mais que um mero monte perto de monsaraz ao entrar comeco por perceber a enorme hospitalidade do casal dono do espaco que nos colocaram como se estivessemos em casa a maior surpresa comeca quando percebemos que tinhamos chegado a um pequeno oasis no meio do alentejo excelente ambiente acolhedor e propicio para um verdadeiro passeio de namorados para quem procura paz sossego este e o local ideal mosaraz esta a minutos com uma oferta gastronomica variada tambem podem ir ate a praia fluvial de mourao alqueva e desfrutar de um ambiente bem alentejano esperamos voltar e ficar mais dias muito obrigado a minha namorada por me dar a conhecer locais como estes"
"Positive", "tivemos uma estadia muito agradavel adoramos a piscina que nos transporta para outros tempos o pequeno almoco e a maneira como estava descorada a quinta um espaco muito bem cuidado e bonito de salientar especialmente a boa vontade o bom humor e o contacto amavel de todo o pessoal de apoio luis lopes"
"Positive", "monte saraz turismo rural de excelente qualidade lugar calmo sereno onde o descanso e muito apreciado em sua redor tudo e convidativo muitos restaurantes com comida tipica alentejana e duas praias fluviais monsaraz e mourao onde podemos refrescar o corpo e a alma parabens a todo a equipa por este lugar paradisiaco eugenio miranda povoa de varzim"
"Positive", "bem localizada perto do castelo de monsaraz e do alqueva rodeada de monumentos megaliticos a quinta foi construida sobre uma antiga villa romana da qual existem inesperados vestigios o atendimento foi cortes e atencioso fazendo nos sentir mais hospedes em casa de amigos que clientes rodeados de verdejante vegetacao que ajuda a combater o calor e bem melhor que ficar numa isolada quinta alentejana"
"Positive", "monte magnifico situado num ponto absolutamente deslumbrante de onde se avista monsaraz as casas onde ficamos sao muito bem decoradas e com tudo necessario a piscina no centro da casa providencia um local muito romantico para passeio pos jantar todos os cantinhos deste monte sao de uma beleza extrema e o pequeno almoco tem tambem o fabuloso pao alentejano"
"Positive", "foi uma estadia maravilhosa certamente a repetir o monte saraz nao desilude e um verdadeiro oasis de serenidade tal como promete espero que este local possa ser mantido assim tao bonito tranquilo e especial o proprietario e o staff sao muito acolhedores tornando a experiencia ainda mais positiva ate breve"
"Positive", "se um dia quiser descansar com toda a paz e bom energia do mundo monte saraz e o local ideal um sitio maravilhoso com uma equipa ainda mas maravilhosa obrigado por existirem joana gorjao henriques e ricardo junho"
"Positive", "regressamos a este paraiso no campo apos anos e disfruta mos a mesma calma e comodos alojamentos mais oferta mas o mesmo estilo rustico o pequeno almoco com vista para castelo e pao acabado de fazer fez nossa delicia o dono e empregados fizeram nos sentir em familia obrigado"
"Positive", "se um dia quiser descansar com toda a paz e bom energia do mundo monte saraz e o local ideal um sitio maravilhoso com uma equipa ainda mas maravilhosa obrigado por existirem a vista para o castelo de montemor e simplesmente fantastica e a piscina um balsamo o hotel tem varios recantos simpaticos com cadeiras e mesa ideal para beber um vinho e comer um queijo aconselho vivamente"
"Positive", "monte saraz e um sitio otimo para relaxar durante uns dias bastante calmo e pacifico for espetacular ter o quarto bem quentinho sempre que voltavamos contamos regressar talvez numa primavera futura felicidades para monte saraz para"
"Positive", "estadia deliciosa intercambio com a natureza paisagem unica os quartos alem de serem confortaveis sao belamente decorados em estilo rustico e muito asseados os hospedes sao rodeados de muita atencao e simpatia e o senhor marc o proprietario e alguem que vale muito a pena conhecer estadia por isso e uma experiencia a repetir quem procura um lugar para descansar e em estilo familiar o monte saraz e sitio perfeito adorei e recomendo"
"Positive", "lugar magnifico um autentico paraiso no lindo alentejo a calma a paz e o sossego que ali se vive e excelente aliado a tudo isso a simpatia do sr marc e suas colaboradoras sem duvida um lugar a regressar"
"Positive", "grata pela simpatia de todos as pessoas excelente sitio local para voltar especialmente com criancas neste local predomina a beleza da paisagem rural a calma e sossego para o descanso as acomodacoes sao perfeitas e recordam os tempos dos nossos avos que viviam no campo e de destacar as piscinas adoramos"
"Positive", "onze dias muito bem passados sempre com a atencao e simpatia do marc e restantes colaboradores pensamos voltar e aconselhamos a quem queira praticar o descanso a casa da fonte tem uma vista espetacular para monsaraz o pequeno almoco e bem servido mas nada comparado com a simpatia de quem nos serve e para repetir"
"Positive", "este lugar e um verdadeiro oasis no alentejo aqui impera o bom gosto e a simpatia vive se a calma o silencio a paz respira se a natureza e a frescura da agua e a segunda vez que la voltamos e pretendemos regressar muitas mais vezes parabens e obrigada nao dou mais estrelas porque nao e possivel"
"Positive", "um lugar perfeito para relaxar e descansar super reservado tranquilo tanto o local como a habitacao apresentam uma decoracao campestre simples e em total harmonia com o ambiente rural envolvente excelente vista para o castelo de monsaraz marc e o seu staff sao pessoas muito simpaticas e acessiveis com um trato muito familiar o pequeno almoco deixa um pouco a desejar com a variedade de productos locais a oferta no buffet poderia ser melhor ao redor existem restaurantes optimos nos quais se pode usufruir de autenticos banquetes de boa comida alentejana"
"Positive", "excelente local para passar um fim de semana tranquilo acolhedor reservado muito bem cuidado a casa do forno e fantastica o pequeno almoco e muito bom todavia o melhor e mesmo a simpatia da d rosete obrigado marc"
"Positive", "o local e muito bonito tanto seus jardins como os quartos fica bem perto de monsaraz mas logo quando cheguei e toquei a campainha fui atendido por marc seu proprietario que nao lembrava de ter reserva para este dia ate ai tudo foi resolvido na simpatia e bom humor quando checou seu livro marc localizou nossa reserva nos apresentou a pousada e nosso quarto que ele mesmo reconheceu estava com mal cheiro sem problemas tambem providenciou a troca mas e se estivesse cheio tivemos uma boa noite de sono mas quando fomo tomar nosso cafe sua funcionaria nao tinha conhecimento disto isto e nao havia cafe para nos rapidamente ela providenciou improvisou um cafe para nos mas confesso que apos tantos esquecimentos me senti desconfortavel"
"Positive", "imaginar una musica a subir em espiral elevando nos ate ao ceu com os pes bem assentes na terra como uma arvore e assim que nos sentimos com as asas bem abertas e os sentidos deslumbrados obrigada por este experiencia maravilhosa rita de abril"
"Positive", "maravilhoso turismo rural cinco estrelas quarto muito acolhedor espacos verdes lindissimos com imensos recantos vista soberba para o castelo pequeno almoco delicioso pao guloso sumo laranja natural compotas otimas servido pela d rosete com a sua simpatia e disponibilidade para nos contar curisodades da regiao parabens marc e equipa"
"Positive", "um dos melhores turismos rurais da regiao se nao o melhor casa muito bonita e bem tratada com uma vista avassaladora para o castelo de monsaraz lugar muito calmo relaxante e bonito para se passar umas ferias ou um curto fim de semana recomendado dos aos fantastico"
"Positive", "um local calmo com uma vista espetacular para o castelo de monsaraz os quarto estao muito bem limpos e acolhedores com tudo o que e preciso para se estar bem tem duas piscinas e um local otimo para relaxar"
"Positive", "estamos muito satisfeitos com a estadia fomos muito bem recebidos e o sitio e fantastico ambiente tranquilo e condicoes optimas o staff era extremamente simpatico prestavel e disponivel voltaremos com certeza muito gratos por tudo"
"Positive", "foi com enorme surpresa que percebemos que o monte saraz e muito mais bonito ao vivo e a cores espaco maravilhoso de muito bom gosto foi o primeiro fim de semana do nosso bebe em viagem e o destino foi perfeito ele estava euforico com a natureza a piscina pequena e com os animais muitos parabens marc obrigada por tudo queremos voltar"
"Positive", "ja aqui viemos umas vezes nos ultimos anos e um refugio que nos faz bem o espaco quase monastico da piscina conduz nos a um lugar de paz dentro de nos proprios os sons dos diversos caudais de agua sempre renovando o tempo que passa devagar sao o fundo perfeito bordado pelo canto dos passaros para uma leitura relaxada desta vez os jardins estavam melhor do que nunca as plantas selvagens as trepadeiras contornando as esquinas os apontamentos arquitectonicos decorativos o conforto da casa o cuidado e qualidade do pequeno almoco obrigada mark obrigada tambem d rosette sentimo nos sempre tao bem vindos"
"Positive", "descobrir este hotel rural foi um acaso mas no final acabou por ser uma agradavel surpresa a simpatia do dono e inequivoca e que o torna um optimo anfitriao fez questao de nos mostrar toda a propriedade e de explicar muita da recuperacao que fez e que esta a fazer no local a vista que se tem para o castelo de monseraz e de cortar a respiracao especialmente se for a noite apesar de nesta epoca do ano estar frio a piscina convida a um mergulho mas claro que nao nos atrevemos a tal o hotel e acolhedor e cheio de recantos romanticos precisamente o que procuravamos neste dia dos namorados o unico senao foi a agua estar mais fria que quente nos duches matinais mas acredito que foi obra de um acaso ja que a noite estava bem quentinha ah e acordar com os passarinhos a"
"Positive", "foi um fim de semana inesquecivel a casa os jardins a piscina a natureza os animais tudo o pequeno almoco numa sala acolhedora o pao quentinho a simpatia das funcionarias a confianca e dedicacao com que fomos recebidos foi tudo perfeito e so foi pena termos de regressar tao cedo e um pequeno tesouro alentejano que merece ser partilhado e acarinhado recomendo"
"Positive", "excelente relaxante com pequeno almoco com produtos regionais e caseiros reconstrucao de casas de monte fenomenal simpatia excelente atendimento pomar grande com diversos recantos para descansar e com uma vista soberba de monsaraz"
"Positive", "adoramos os jardins refrescantes e verdes comuns e os pertencentes a cada quarto casa os maravilhosos recantos dos jardins a piscina no velho lagar tao aprazivel o barulho dos passaros da agua a correr e do vento nas arvores a decoracao rustica e minimalista das casas e quartos verdadeiramente encantadores as noites estreladas a regressar com toda a certeza"
"Positive", "ja tinhamos estado no monte saraz ha uns anos e logo nessa altura prometemos regressar e um autentico oasis no torrido alentejo os jardins verdejantes e com mil cheiros a frescura e o sossego das casas as duas piscinas que fazem as delicias dos pequenos e dos graudos os recantos para ler um livro ou dormir uma bela sesta e ainda ha os agradaveis pequenos almocos com vista para o castelo de monsaraz e a simpatia do marc da rosete e agora tambem do pequeno stephano foram dias fantasticos saimos com a alma cheia e as baterias recarregadas havemos de regressar"
"Positive", "o monte saraz e para nos um refugio de tranquilidade os seus coloridos jardins as suas refrescantes fontes o seu ceu incrivelmente estrelado o silencio a noite acompanhado pelo canto de grilos e ras tudo se conjuga para criar um ambiente de paz absoluta a sua localizacao e fantastica no sope de monsaraz uma vila maravilhosa com um ambiente magico e nas margens do alqueva que tem uma imensa quantidade de atividades para oferecer as casas do monte saraz sao muito acolhedoras e fieis a tradicao arquitetonica portuguesa sempre muito limpas e agradaveis e o dono marc e de uma simpatia cativante"
"Positive", "passei aqui uma um fim de semana com o meu marido e adorei gostei muito da casa que considero ter tido um plano de recuperacao excelente adorei a serenidade que o local nos transmite quer pelos seus belos jardins quer pelo som da agua das fontes achei interessante o fato que cada quarto tem o seu proprio jardim privativo o que permite ter privacidade a quem o assim desejar o dono e muito simpatico e recebeu nos muito bem a casa fica localizada muito perto de monsarraz e do centro nautico do alqueva alem do outras localidades s pedro do corval reguengos etc o que permite dar uns passeios agradaveis sem ter de percorrer muitos kilometros de automovel em resumo acho um excelente lugar para passar um fim de semana romantico ou em familia ou para passar umas"
"Positive", "monte saraz na minha memoria tinha ficado uma imagem poetica do monte e de alguem que tinha sabido ler e sentir um envolvimento na paisagem de um alentejo quente e profundo e voltei e o maravilhoso monte saraz espera por nos ainda com a mesma calma as flores de tanta cor e o som da agua que corre transportando nos para um ambiente de frescura neste alentejo quente e marc recebe nos com imensa simpatia sentimo nos em casa olhando a paisagem nas conversas de fim de tarde a noite anuncia se em monsaraz obrigada marc obrigada rosette"
"Positive", "o castelo de monsaraz descreve a historia de portugal esta muito bem conservado magnificas paisagens sobre o alqueva gostei muito o monte do saraz e uma viagem ao imaginario pela construcao pela decoracao aos seus proprietarios e colaboradores"
"Positive", "numa zona calma no meio de alentejo portugal esta esse monte com ar limpo quartos grandes uma excelente vista de monsaraz e da qualidade de vida pura ideal para recarregar as baterias e calmo amigavel e indicado para desfrutar de boa musica e um bom livro"
"Positive", "local tranquilo bom para descanso grande simpatia da caseira ao contrario do proprietario que nao foi propriamente simpatico a segunda noite de sono foi pessima pois alguem havia levado um cao que nao parou de ladrar fomos recebidos com uma garrafa de vinho um queijo e algumas tostas impossiveis de comer pelo sabor a velho quanto ao pequeno almoco o pao era optimo no primeiro dia tivemos direito a sumo de laranja natural no segundo dia veio misturado com sumo do lidl mau o quarto era acolhedor e bem climatizado apesar de algum po"
"Positive", "meu marido tive a oportunidade de permanecer no monte saraz na nossa recente viagem a portugal este lugar e joia um lugar maravilhoso para relaxar e a respiracao o proprietario nao poderia ser melhor ou mais util o cenario e inigualavel e os quartos sao amplos limpos e acessiveis uma otima piscina e lindos jardins nao perca por do sol a partir do patio onde voce pode olhar para cima em monsaraz incrivel o pequeno almoco tambem e excelente enchimento e cheio de toques caseiros"
"Positive", "minha familia e i se hospedaram no monte saraz em junho de monte saraz e um desses lugares especiais raros que voce sentir se imediatamente em casa mark fez um trabalho fantastico de restaurar uma antiga casa de fazenda e fazer dela um refugio magico e primoroso o quarto em que ficamos com cozinha e casa de banho privada era muito confortavel com belas vistas de monsaraz a distancia os jardins tambem sao bonitos e espalhar se de modo que voce pode encontrar o seu proprio espaco para estar sozinho e se descontrair ou junte se aos outros hospedes costumam relaxar perto das piscinas outra caracteristica muito agradavel do monte saraz e que ela possui sua propria fonte isto permitiu marca para criar algumas belas fontes e encher as piscinas o som suave de agua"
"Positive", "inicialmente pensei que noites seria demasiado longo para passar neste retiro rural mas o charme sossego e tranquilidade de monte saraz realizada no seu feitico e nao quer sair muitos lugares interessantes para visitar e o proximo ao lago para nadar permitiu nos ao trabalho de quaisquer excessos martin d"
"Positive", "muito bom retiro campestre perto de atracoes da regiao maravilhoso pequeno almoco com iguarias locais experiente util proprietario governanta tinha um soltado cottage muito confortavel e exclusivo o nosso apenas concluir foi a infima tv no nosso quarto apenas o canal disponivel tinha nada mas novelas mas vale a pena pedir proprietario marc sobre excursoes locais"
"Positive", "passamos duas noites em marco de se hospedar no este b b muito bonito num ambiente adoravel rural local alojamento e muito pacifica e sons da natureza ao sono sapos e por incrivel bird song por dia um delicioso pequeno almoco todas as manhas suco de laranja fresco compotas caseiras etc e muito acolhedora portugues governanta o proprietario deu nos algumas excelentes sugestoes para restaurantes e posteriormente tinha alguns fantasticos refeicoes so posso comentar foi que a little cabin ficamos no cheiro de umidade talvez devido ao facto de que ela nao tinha sido ocupado durante o inverno e que fomos um dos primeiros hospedes de permanecer este ano que foi tambem muito chuvoso fomos la que provavelmente nao ajuda a cama era tambem um pouco desconfortavel ao longo"
"Positive", "no entanto ficamos a apenas as pessoas se hospedar aqui nos tivemos um agradavel tempo e que iria adorar a voltar quando ele e um pouco mais quente para relaxar na piscina adoravel equipe e marc e uma riqueza de conhecimento e tao bem viajado"
"Positive", "monte saraz e sem duvida o melhor lugar que se hospedaram no durante a nossa ida e volta de portugal bom e acolhedor para o nosso outono estadia e um lugar para descansar e muitas risadas se quer estar sozinho ou com o adoravel proprietario marc e um dos lugares que tesouro na nossa memoria fantastico lugares para comer nas proximidades de monsaraz tambem"
"Positive", "a quinta remodelada e pouco villas estao bonito e sereno e o nosso du terribly forno era doce e bonito como bem o delicioso pequeno almoco sempre incluida pao quente e delicias frescas e ainda para desfrutar de algumas doces figos directamente a partir da as arvores ao redor o que fez para bebes sao mais feliz a piscina apenas pela casa central e o mais belo chegamos em frente apenas a localizacao perfeita para desfrutar de ferias mais tranquila"
"Positive", "monte si um velho mundo villa intocada aninhado entre olivais vinhas e arvores de frutas citricas uma vista surrealista do topo vila medieval de monsaraz aperfeicoa a definicao o jardim e de tirar o folego e a casa foi actualizado com comodidades modernas e verdadeiramente um belo local para passar umas ferias"
"Positive", "o encantador hotel boutique de marc e um pouco do paraiso e uma propriedade surpreendentemente renovada agricolas que nao poderia ser mais encantadoras o interior decorado com bom gosto dos apartamentos juntamente com o incrivel ao redor oferece uma atmosfera romantica e relaxante situado na bela paisagem do alentejo os charmosos edificios que formam a break sao rodeado por laranjeiras e a fim de dar arrefecer e sombra acolhedor no calor do verao da zona rural de portugal o rico pequeno almoco foi delicioso e em combinacao com a maravilhosa vista sobre a maravilhosa pequena aldeia de monsaraz um verdadeiro mimo marc foi um anfitriao maravilhoso quem sempre foi discretamente util e tem uma grande conselhos sobre restaurantes ele criou uma atmosfera maravilhosa lembre se"
"Positive", "monte si e uma verdadeira joia abaixo da bela cidade de monsaraz a propriedade e tranquilo com uma grande area esculpida em pequenos jardins lagos e caracteristicas perfeito para relaxamento ha tambem muitas coisas para fazer na area a partir de barco atraves passeios de bicicleta e caminhadas a vida selvagem especialmente birdlife e diversificada e a megalitica permanece fascinante rosetta que parece depois dos quartos e uma joia e e realmente subservientes os quartos sao bem decorados embora as suites sao basicamente grandes quartos com casa de banho nos ficamos na suite source que e anexado ao casa source tivemos sorte nao havia ninguem ficar na casa no momento como um poderia facilmente ouvir ruido entre eles os outros quartos e casas casas nao"
"Positive", "um segredo bem tratados um tesouro escondido um santuario e uma bencao para o sublinhou a especialistas em solos arenosos da cidade monte si e tudo uma pausa de fim de semana deve ser fragrancia de jasmim palmeiras e laranjeiras privada e romantico mas tambem partilhada e aberta aldeias medievais excelentes restaurantes monumentos neoliticos e hipismo todos perto de mao desfrute lo enquanto pode"
"Positive", "monte saraz e o que em minha mente uma villa romana deve se parecer como no tempos romanos mas com todas as conveniencias modernas especialmente underfloor aquecido ele maio nao soar um grande negocio de uma boa aquecimento mas se voce planejar a visita alentejo no inverno voce apreciara o monte e a base perfeita para explorar o belo guimaraes e arredores incluindo o vinho e cha nos hospedado apenas para uma noite em um dos suites com o mezanino a suite sao espacosos e decorados com bom gosto a cama no mezanino um pouco pequena porem confortavel o isolamento acustico na suite se hospedaram poderia ser um pouco melhor pois estamos ouvir vozes do outros hospedes conversas online da casa principal mas nao foi adornos portanto nao realmente um grande problema"
"Positive", "se voce como passaros plantas caminhada e um ambiente de este e o place este e o velho portugal"
"Positive", "a aproximadamente meia hora de carro a partir de lisboa monte saraz e um refugio perfeito para o fim para nos ele tem uma bela vista sobre a adoravel cidade de guimaraes http www cm reguengos monsaraz pt e esta proximo ao reguengos com comodidades como supermercados e restaurantes devido a mau tempo o passado dias em nosso cottage proximo da lareira com great regional chouricos queijos e vinhos o cottage foi completamente equipada e uma grande cozinha e banheiro o cafe da manha incluso na estadia fantastica e o proprietario e a equipe cordial recomendaria a qualquer um quiser passar algum tempo no alentejo"
