Sentiment, Review
"Positive", "para quem procura um alojamento moderno esta antiga residencial nao servira tem os minimos exigiveis atendendo aos precos cobrados e as instalacoes que sao antigas tem quartos com wc privativo mas que fica no corredor e nao dentro do quarto o local devido a ser antigo deixa que se oica o ruido de portas a abrir e a fechar ficaria bem melhor com uma remodelacao o melhor de tudo e a simpatia da pessoa que toma conta do local"
"Positive", "pessima experiencia e atendimento preco da reserva pelo booking nao corresponde ao preco praticado pela hospedaria no momento do check in embora o proprietario tenha reconhecido que esta situacao ja aconteceu dezenas de vezes nada tem sido feito para alterar na plataforma simplesmente cobram no ato do check in um preco inflacionado em e pedem ao cliente que va reclamar com o booking ate porque o estabelecimento nao possui livro de reclamacoes ou recusa se a apresentar"
"Positive", "excelente localizacao boa limpeza e funcionarios simpaticos wifi gratis o pequeno e bom para o nivel de uma albergaria sitio a voltar a proxima vez que passar por beja varios restaurantes nas redondezas e faceis de encontrar"
"Positive", "hospedaria limpa e com funcionarios simpaticos quarto confortavel e com amenities no no wc do quarto tem secador e wifi gratis o pequeno almoco e continental e excelente para um dia de visita a cidade localizacao perfeita e junto a hospedaria encontra lugar para estacionar o carro facilmente"
"Positive", "a hospedaria e muito antiga e esta pouco cuidada e desleixada a limpeza deixa muito a desejar principalmente nos wc tem materiais com ferrugem e marcas de bolor alguns aspectos poderiam ser melhorados com poucos recursos"
