Sentiment, Review
"Positive", "excelente valor de qualidade lo aqui alguns comentarios que o hotel e bom mas e um estrelas pois e a categoria dele e para isso esta muito bom limpeza e simpatia do pessoal e um pequeno almoco correcto na sua categoria e excelente"
"Positive", "dou em servico soberbo funcionarios excelentes um agradecimento a conceicao andre e ania muito obrigada pela vossa colaboracao pelo vosso carinho e profissionalismo para connosco e tambem pelas comodidades e higiene do proprio alojamento voltaremos com certeza obrigada"
"Positive", "comfirmo este hotel nao merece as quando chegamos nada parce mas quando abrimos as portas dos quartos entre o cheiro as janelas que nao fecham o ar condicionado nao fonciona e o preco de uma suite familiale paga como un quarto matrimonial mais un sofa au preco de um single um suite pago duas vezes a unica coisa bem n est hotel e o pequeno almoco nao conselho este hotel"
"Positive", "um hotel simples com um bom servico acolhedor e tranquilo os quartos sao simples mas agradaveis e confortaveis da para descansar e e o ideal para visitar a zona esta no centro da vila e tem um facil estacionamento"
"Positive", "muito bom hotel na area onde esta atendimento muito simpatico e com instalacoes boas nada falhou para o que foi preciso o unico ponto foi ao fazer check out querer fazele lo com pagamento de cafe nao deu como nao tinha moedas nao bebi mas nada de grave continuem o bom trabalho"
"Positive", "dos melhores hoteis onde ja estive empregados simpaticos higiene sem reparo quartos optimos jardim a saida dos quartos para estar a conversa com os amigos a beber um copo ao fim do dia o proprietario no fim vem despedir se e pedir a opiniao para poder melhorar"
"Positive", "hotel simpatico espacos agradaveis e bem cuidados quarto espacoso e bem limpo com uma pequena varanda mobilada colchao e almofadas varias confortaveis toalhas de banho mudadas diariamente apenas a assinalar a nao existencia de chuveiro de mao hi fi a funcionar na perfeicao pequeno almoco em quantidade diversidade e qualidade varios tipos de pao bolos etc parque de estacionamento privado e sem custos"
"Positive", "limpeza dos quartos e demais instalacoes simpatia dos funcionarios facilidade de estacionamento quer na rua quer em espaco proprio esta acima da maioria dos hoteis de estrelas optima opcao para grupos"
"Positive", "hotel simples limpo bem situado facil estacionamento bom pequeno almoco otimo pao a necessitar melhorar o conforto da cama colchao e almofadas muito importante para uma noite bem dormida cristina"
"Positive", "hotel simpatico pequeno mas com muitos quartos sao simples e acolhedores adequado as estrelas pequeno almoco tradicional cereais pao leite manteigas doces iogurtes fruta queijo fiambre enchidos bolos cafe e sumo seria importante haver outras opcoes tais como produtos magros ou baixa gordura bem como acucares reduzidos apostar nos ovos versao mais saudavel em todo o caso estava tudo bom"
"Positive", "quando pensamos em hoteis talvez nao pensemos que nos surpreendam este sim e pela positiva muito limpinho os quartos sao todos diferentes mas onde fiquei tinha vista p jardim com ar condicionado televisao bastantes almofadas e cobertores extra quarto espacoso com varanda o pequeno almoco tinha de tudo um pouco incluindo variedades de pao o tao delicioso pao alentejano gostei muito e se voltar a vidigueira repetirei sem duvida a estadia"
"Positive", "mesmo ao pe do jardim e simples mas aparente ser limpo no interior o quarto tem mobila simples mas e arejado e funcional o pequeno almoco e bom com produtos alentejanos funcionarios simpaticos muito sossegado ha que salientar o patio interior"
"Positive", "passamos dois dias excelentes no hotel santa clara quarto limpo hotel sossegado zona envolvente um sossego tipico do alentejo muito bom a voltar excelente e simpatico staff sempre prestaveis no bar um gin tonico muito bom"
"Positive", "instalacoes razoaveis um pouco antiquadas em mobiliario e as casa de banho aquele estilo de banheiro e pouco confortavel limpeza aceitavel porque nao sofro de aracnofobia os empregados sao prestaveis nada a dizer"
"Positive", "residencial calma e muito simples atendimento impecavel pequeno almoco optimo boa relacao preco qualidade zona calma e no centro da vidigueira recomendo a quem queira conhecer alentejo a voltsr"
"Positive", "hotel agradavel com as comodidades essenciais tem a enorme vantagem de nao ter pretensoes decorativas de mau gosto os quartos tem o essencial e basta e ainda bem pequeno almoco decente com bom pao"
"Positive", "atendimento muito simpatico local bem situado a uma pequena caminhada de restaurantes e bares oferecem estacionamento reservado e gratuito hotel tranquilo tem um bar com televisao que pode ser otimo para por exemplo assistir a um jogo de futebol tranquilamente"
"Positive", "atendimento muito bom pequeno almoco limpeza muito boa local sossegado um senao o nao esquecer de fechar o quarto a chave depois da limpeza de resto e um espaco agradavel muito perto de tudo a onde para uns dias de ferias bem merecidos aconselho a vidigueira tem uma piscina espectacular a mts e uma concentracao motard em agosto que e uma das melhores do pais"
"Positive", "boa localizacao boa relacao qualidade preco funcionarios simpaticos e prestaveis pequeno almoco buffet muito completo boa regiao de vinhos com boas adegas na zona com vinhos de alta qualidade a nivel cultural existe sempre umas igrejas a visitar o museu torre de menagem ermidas ruinas de s cucufate assim como a barragem do alqueva que fica a km"
"Positive", "somos clientes habituais desta residencial que agora e hotel os funcionarios sao prestaveis o pequeno almoco e bom tem alguns quartos melhores que outros o que ficamos desta vez nao e dos melhores mas esta tudo arranjadinho e aparentemente remodelado tem wifi com boa rede e parque estacionamento gostamos e recomendamos"
"Positive", "pequeno hotel com muito bom aspeto e confortavel bom atendimento e simpatia e uma boa relacao conforto qualidade preco parecia ter sido remodelado a pouco tempo o ponto mais fraco foi o pequeno almoco que nao tinha muita variedade"
"Positive", "optimo para quem tem que levar animais levei duas cadelinhas e nao paguei mais nada por isso um bom patio onde podem andar a vontade e acessivel a partir do quarto quarto espacoso boa internet pequeno almoco e fraquinho mas o pao e muito bom"
"Positive", "hotelzinho simpatico e muito limpo bom acolhimento no ato da reserva telefonica e disponibilidade para atender as nossas exigencias ja que viajavamos com alguem em cadeira de rodas pequeno almoco razoavel maa com cafe absolutamente intragavel pelo sabor soluvel"
"Positive", "se hospedado por noites os quartos sao muito limpos maiores que a media com um encantador patio com jardim exterior o wifi gratuito tambem era muito bom quarto quente com ar condicionado se necessario tv foi great com varios canais em ingles para ver a equipe foi muito util embora eles nao falam muito ingles eu nao espere que em uma area rural para isso e bom bares e restaurantes a uma curta caminhada o cafe da manha nao era otimo muitos dos habituais pao bolo presunto etc saquinhos foram tetley mas cafe nao foi nice e apenas pratos quentes foi scambled ovos nao e ruim mas definitivamente poderia ser melhorada com melhor cafe e alguns croissants decentes"
