Avaliacoes
"Pense num lugar onde tudo e lindo. Adicione a esta beleza, excelencia no servico, sofisticacao e muito conforto. O resultado desta soma e a Herdade do Grous.  Nao e surpresa alguma que o Alentejo e o Vale do Douro sao os dois destinos enoturisticos mais estruturados de Portugal. Ambas as regioes dividem o posto de maiores e mais conceitudas D.O s do pais. Mesmo assim, tudo que vi e vivenciei no hotel desta vinicola me surpreenderam positivamente. Natureza belissima, otimo restaurante, quartos lindos e muito bem equipados, servico cortez e eficiente, lazer bastante completo (duas piscinas, sauna, sala para leitura) e vinhedos magicos, tudo isso compoe magistralmente a Herdade do Grous.  Apesar de tudo ali ter me surpreendido positivamente, o quarto onde nos hospedamos foi alem."
"Fomos a Herdade para um almoco de familia. Lugar lindo, bem cuidado e com atendimento primoroso. A comida e deliciosa e a harmonizacao com os vinhos e perfeita. Vale visitar a Herdade nem que seja so para uma refeicao."
"Jantar espetacular em convivio com colegas de curso, onde conhecemos alguns locais bonitos na Herdade! Recomendo vivamente, e uma herdade linda, infelizmente so a visitei de noite, mas de dia deve ser ainda melhor! Tudo bem organizado e higiene espetacular."
"Desde nossa chegada,ficamos muito bem impressionados com o atendimento da equipe.O quarto e lindo e muito limpo e com uma vista magnifica!!O cafe da manha e delicioso!Nota 10 para este hotel!! Fizemos uma degustacao de vinhos da propriedade:uma experiencia muito legal!!"
"Adorei a herdade. E enorme. Foi pena ser pouco tempo e nao dar para visitar tudo como deve ser. A comida e optima. Muita comodidade. Simpatia por parte dos funcionarios da herdade. Tudo muito limpo..."
"Por Variados motivos as pessoas procuram este local pra passar em alguns dias. A busca principal de poder saborear um bom vinho no Alentejo ver no lugar agradavel. O Hotel desfruta de um cenario espetacular, conforto incomparavel de seus quartos, e o atendimento classe A. O calor da regiao e convidativo pra voce entrar na piscina, degustar algumas frutas, para depois, no frescor da noite saborear os blends da Grous. Eles disponibilizam bicicletas pra voce andar pelo vasto campo da fazenda."
"Herdade sempre muito bem arranjada, staff bastante prestavel e simpatico. Possibilidade de caminhadas no interior da Herdade, de salientar a casa da arvore, a lagoa e as vinhas. Nota 10 para a nossa querida Sandra, com a sua simpatia, profissionalismo e empenho tomou conta do nosso quarto com muito carinho."
"Estivemos hospedados 2 noites na Herdade dos Grous e ficamos bastante surpreendidos pela positiva: staff bastante simpatico e preocupado, instalacoes limpas e bem conservadas e ambiente calmo e acolhedor.  A chegada, receberam- nos com muita simpatia, encaminhando- nos para o quarto que ficava a 1,5km da recepcao. Nao houve problema em encontrarmos o sitio onde iriamos dormir pois fomos devidamente conduzidos por uma funcionaria do espaco. Quisemos fazer a prova de vinhos, onde nos foi explicado o processo de elaboracao dos mesmos, sempre com grande sorriso e respondendo a todas as nossas questoes. No final fomos encaminhados para o bar, onde provamos alguns dos vinhos feitos na Herdade. Nessa noite, quisemos desfrutar de um jantar no restaurante, tendo adorado o espaco, a"
"Gostamos imenso da nossa estadia na Herdade dos Grous. Foi uma experiencia espetacular e relaxante. Quartos muito bonitos e confortaveis. Prova de vinhos 5 estrelas. A Herdade e maravilhosa e o contacto com a natureza que a mesma oferece e algo unico. Staff maravilhoso, muito simpatico, muito acessivel e disponivel para ajudar.  Obrigado a todo o staff da Herdade dos Grous pela experiencia!!! Esperamos voltar em breve!!!"
"Sou frequentadora da Herdade dos Grous ha 8 anos e saio sempre com vontade de voltar.  Desta vez numa estadia mais longa, uma semana de ferias em Agosto longe da habitual confusao normal deste mes.  Quarto grande e sempre limpo. A simpatia das funcionarias da recepcao e das senhoras que tratam dos quartos, fazem-nos sentir que estamos em casa.  Uma experiencia a repetir... Obviamente!"
"Viemos passar duas noites com a nossa filha pequena a esta Herdade e adoramos. Os quartos sao enormes e muito acolhedores com um aquecimento fantastico (estivemos no inverno). O pequeno almoco e bom e o restaurante para jantar tambem gostamos muito com comida de excelente qualidade. A Herdade e linda e principalmente para as criancas e fantastico porque tem muitos animais e espaco para passear de bicicleta. Ideal para um fim de semana de descanso e aproveitar em familia."
"Lugar lindo, muito agradavel, especial para quem quiser relaxar. O atendimento e muito cordial, o quarto e extremamente confortavel, o cafe da manha e muito bom. A unica coisa ruim e que a sauna e piscina ficam em outro predio, um pouco afastado do predio principal que nos ficamos  onde tem o restaurante e bar."
"Este hotel e uma verdadeira joia do Alentejo. Otimas acomodacoes e instalacoes espacosas para voce desfrutar. O hotel dispoe de bicicletas e trilhas, nas quais voce ira atravessar os vinhedos e vera muitos passaros em toda sua extensao. Piscina de borda infinita e uma otima sauna tambem estao a disposicao. Todo o staff do hotel e muito atencioso e fara voce se sentir bem a vontade. Dica importante: Nao use o aplicativo Waze para chegar a este hotel, pois ele levara voce por um caminho de terra muito ruim, apesar do acesso ao hotel ser todo asfaltado. Nosso carro acabou atolando e tivemos que contar com a amabilidade da Lilia para nos socorrer.  Use o google maps!!!"
"Passamos uma noite na Herdade dos Grous. O local e bonito, mas esta um tanto descuidado. Embora deixem bicicletas em cada apartamento, nao ha muito para onde ir ou visitar. A piscina e extremamente fria. O cafe da manha precisa melhorar, nao ha variedade de itens. Os quartos proximos aos cavalos tem muitas moscas. Pelo preco que cobram, esperavamos mais."
"Entre Beja e Castro Verde, encontra-se esta herdade fabulosa, enoturismo.  Um espanto a perder de vista!!!  Nao faltaram mimos de boas-vindas. Uma sinfonia de cores, sons e cheiros; sensacoes ja quase raras na vida azafamada dos nossos dias! Os alojamentos estao dispersos por nucleos, bem afastados uns dos outros, permitindo alguma privacidade aos seus utentes. A suite era muito espacosa, muito bem decorada e muito confortavel - pensada para nos fazer sentir em casa! Tem tantas atividades para disfrutar! Excelente para usufruir a dois e/ou em familia: caminhadas, bicicletas ao dispor em cada nucleo, passeios no lago, extensos relvados, tenis, piscinas, animais da quinta...!!! Uma injecao de saude, em especial para as criancas que podem gastar as suas energias e crescer"
"Posso afirmar que foi a suite que me hospedei mais bem preparada da minha vida. Fiquei abismado como os proprietarios pensam no conforto dos hospedes, A suite era enorme, com um banheiro gigante. Vista espetacular. Alem disso pequenos detalhes que fazem a diferenca. Tinha ate guarda-chuva no armario. Parabens a todos pela qualidade em tudo que fizeram. Nao posso esquecer de falar do atendimento impecavel."
"Nos hospedamos por uma noite na Herdade e nos apaixonamos, o hotel e simplesmente impecavel, quarto amplo, banheiro espetacular com chao aquecido, e com bombons, vinho e frutas de boas vindas. Jantamos no restaurante e estava tudo muito bom, entradas e prato principal muito bem elaborado, porem com preco elevado. Couvert, prato principal, sobremesa e vinho reserva nos custou 92 euros. O hotel disponibiliza bicicletas para os hospedes, fizemos um passeio e fui encantador. Os vinhos sao Ok, variando entre 7 e 20 euros, na lojinha da adega. Destaque para o Herdade dos Grous Reserva, um vinho com custo beneficio bom. Nossa estadia foi curta porem valeu muito a pena!"
"Saindo de Lisboa a caminho do Algarve nos paramos em Herdade dos Grous. Que experiencia especular. O lugar e lindissimo. As vinhas, o lago, as aves, tudo no lugar certo. O quarto excelente. A comida impecavel. Fizemos a visita guiada com degustacao. Vinhos muito bom. A marca esta a ficar famosa. Nao perca tempo em se convencer a vir, somente venha!!!"
"Hotel e perfeito para casais! Clima muito romantico! Lugar lindo , para aproveitar ao ar livre o sol se por . Agradinhos no quarto sao um convite para voltarmos ! Preco um pouco alto, mas que se acaba esquecendo diante de tanta beleza, comodidade, gentileza da equipe e cafe da manha, que e um espetaculo !"
"Excelente local de estadia, com uma linda paisagem. Os atendentes sao muito simpaticos, o quarto e lindo, aquecido, tem lareira, o banheiro e bom, recebemos mimos como frutas, vinho, chocolates agua mineral. Bicicletas a disposicao e 4 cachorros muito simpaticos e mansos que passeiam junto aos hospedes pelo patio. Valeu cada centavo dessa estadia maravilhosa."
"Foi um fim de semana fantastico!! Adoramos o quarto, muito confortavel , quentinho com uns mimos a nossa espera! Como vinho, fruta , bombons, agua etc...  Muito silencio, paisagens incriveis, animais  a herdade esta muito bem cuidada!  Staff foi fantastico, muito prestaveis, simpaticos e atenciosos.  Foram 3 dias de muito descanso . Tivemos pena nao poder fazer passeios a cavalo... responsavel doente.. acontece!  Recomendamos e gostavamos muito de voltar.."
"Visitamos a herdade dos grous, pela primeira vez e aproveitamos o pacote de S.Valentim. Adoramos !!! Recepcao maravilhosa. Um obrigada especial ao senhor Jorge Alves e recepcionista, que foram incansaveis.  O quarto e amplo, com uma lareira e uma casa de banho espectacular com banheira.  O pacote de Sao Valentim foi divinal e esperamos voltar na primavera para puder aproveitar melhor os percursos de bicicleta pela herdade.  Recomendo vivamente."
"Adoro!  Foi divinal! Todos os animais, o atendimento, a disponibilidade, a liberdade. Fantastico servico. Divinal comida. O vinho.... indescritivel....dos melhores! A repetir definitivamente. Voltaremos de certeza. A lareira no quarto no verao...."
"Fomos super bem recebidos nesse hotel. O lugar e maravilhoso, grande, tem duas piscinas com borda infinita com o lago e eles oferecem bicicleta para que possamos passear pela propriedade. Os quartos sao grandes, confortaveis, banheiros grandes, roupao a disposicao, bolsa e toalhas para piscina, bombons e vinho ja te recebem gratuitamente. Varandas com vistas maravilhosas dos vinhedos. Lugar para curtir o sossego rural com conforto e vinho de otima qualidade. O jantar tb foi delicioso e com otimo atendimento."
"O lugar e incrivel. Ja na chegada recebemos um upgrade. So chegarmos no quarto havia mimos como roupao, chinelo, vinho, frutas e chocolates. Alem disso, tinhamos bicicleta no quarto, o que tornou a estadia ainda Mais especial. O restaurante do hotel e excelente, assim como a piscina. Excelente local para relaxar."
"Hotel de luxo em meio as parreiras. Incrivel experiencia de conforto e relaxamento. Depois de almocar no otimo restaurante do hotel, fizemos uma visita guiada com degustacao e depois aproveitamos a piscina com borda infinita e a sauna seca em frente ao lago. Quarto lindo e limpissimo! Decorado com flores naturais e de cortesia, agua, vinho e frutas. O unico arrependimento foi ter ficado somente um dia..."
"A minha estadia nos grous foi fantastica. Desde a suite com uma vista incrivel, a tranquilidade da piscina infinita, as imensas atividades disponiveis 24h por dia a custo zero (sauna, piscina, volei, futebol, canoas, bicicletas). O restaurante e que podia ter precos um pouco mais acessiveis, mas a qualidade e fantastica, assim como o atendimento.   Concluo com uma forte recomendacao, caso desejem desfrutar do puro alentejo, fiquem nos grous, e sem duvida uma otima escolha."
"Local muito bem cuidado em meio a uma fazenda com animais, parreiras, oliveiras e frutas. Comecamos com uma visita guiada e depois degustacao de vinhos. O quarto e muito aconchegante e rico de mimos: vinho, frutas, agua e chocolate. Banheiro muito gostoso e perfumado. Jantamos no restaurante um menu degustacao acompanhado de vinhos da vinicola. Na area comum tem duas piscinas com borda infinita, sauna, cavalos, bicicletas...... Infelizmente so ficamos uma noite, mas o local pedia mais."
"Herdade muito bonita. Bastantes animais para deliciar todos os visitantes. Excelentes condicoes  de alojamento. A loja deveria ter mesas para prova de vinhos, coisa que nao existe. O unico senao e o preco que e um autentico exagero."
"Este hotel ja estava na lista para uma escapada ha imenso tempo e aproveitando o aniversario fomos passar la uma noite. Alem de super romantico e umas vistas de sonho, sobre a barragem, os funcionarios foram super simpaticos e tiveram detalhes que tornaram o dia ainda mais fantastico!"
"Belo local, como o tempo estava bom escolhemos ficar na varanda, com vista para os vinhedos. Pratos bem confeccionados, cozinha do tipo alentejana com um toque gourmet, vinho de excelente qualidade, servico atencioso."
"Caro, muito caro e a qualidade horrivel. Nao recomendo. Mesmo muito ma. O presunto veio com ranso! A carne sem gosto e muito mal passada. A apresentacao horrivel. Mas enfim, lugar a nao regressar seguramente."
"Ficamos duas noites no Herdade. Eu e meu marido somos apreciadores dos seus vinhos e foi a primeira vez que nos hospedamos em uma vinicola. Atendimento perfeito e outras atividades, alem da degustacao de vinhos, como bicicletas a disposicao e observacao dos passaros, as piscinas e a barragem que fica dentro da propriedade. Ficamos em uma suite, que e uma casa. O cafe da manha maravilhoso, assim como o jantar. Fizemos tambem uma degustacao de vinhos que foi conduzida com maestria pelo Sr. Ricardo Silva. Voltaria mil vezes."
"A Herdade dos Grous e como se fosse um hotel fazenda no Brasil porem com producao (totalmente interna, ate o engarrafamento) de otimos vinhos no Alentejo. Quarto amplo, aconchegante, servico otimo, atencioso, vista lista linda e comida de primeira, incluindo cafe da manha e almoco (um pouco caro mas top!). Adoramos a estadia, fizemos a prova de vinhos que e paga.  A noite, um silencio maravilhoso. Nao ha vida noturna alguma e focado em descanso em natureza.  Voce pode pegar bikes, ir na piscina, jogar tenis, basquete e correr. Sensacional! Mas nao chegue muito cedo, a recepcao nao e 24 horas e a noite eles literalmente fecham (voce fica coma chave do hotel). Apesar de toda a modernidade dos vinhos do local, e como se hospedar na casa de um parente do interior!"
"Excelente em tudo. Condicoes impares para uns dias de descanso em familia. Fizemos a prova de vinhos e gostamos muito. O restaurante e muito bom, apenas a quantidade no prato de bacalhau pareceu-nos demasiado pequena. Vamos voltar e recomendar."
"Melhor herdade onde ja estive. Possui tudo o que se pretende numas pequenas ferias em familia sossegadas. Otimo. Belas paisagens, atividades como passeios a cavalo e de bicicleta. Os arredores sao tambem bastante acolhedores. O quarto e simplesmente esplendido."
"Sossego e bom restaurante. A Herdade e muito bonita. As casas mostram do lado exterior pequenos sinais de que alguma manutencao e necessaria. Quarto espacoso, confortavel, cama muito boa, lareira com recuperador de calor e lenha disponivel. A lareira funcionou muito bem, mas desaconselho a quem nao tem pratica. A banheira grande pede um banho de imersao mas esqueca, porque a agua oriunda dum termo-acumulador nao chega nem para meia banheira. Da para 2 duches rapidos. Campo de tenis em betao poroso no meio dos eucaliptos em bom estado (rede tambem). Area social com mesa de snooker ( a bola branca esta danificada!) , e bar mas sem servico. Staff muito simpatico."
"Lugar perfeito para a alma corpo e coracao!A herdade e linda e tem todo o conforto que precisamos.O quarto enorme e quentinho tem ar condicionado,mas tem a versao lareira que lhe da um toque especial.O melhor amanhecer de sempre com uma paisagem magnifica sobre o lago ao som dos passarinhos.Depois de um bom pequeno almoco tipo buffet,e pegar nas bicicletas que temos a disposicao e percorrer a herdade e estar em contato com a natureza e ver os diversos animais ao longo da herdade.Andar de barco naquela lagoa e mesmo um paraiso!Recomendo sitio ideal para relaxar namorar ou mesmo em familia!"
"Herdade enorme e muito sossegada. Excelentes as lagoas da albufeira, com muitas aves. Quarto enorme, quente e com tudo o necessario. Excelente para criancas. Tem bicicletas e canoas para uso dos hospedes. Jantar muito bom com comida da regiao,  assim como o pequeno almoco. Lindas piscinas e zonas relvadas. Optimos percursos quer pedestres quer de bicicleta"
"A herdade, as margens de uma represa, e belissima e muito bem cuidada, e pode ser explorada em agradaveis passeios a pe ou de bicicleta. Gostei de tudo. Da propriedade, da equipe (agradeco a todos a excelente estadia), do restaurante de grande qualidade, dos vinhos (tanto os produzidos nos Grous como o Quinta de Valbom, produzido no Douro em vinicola pertencente ao mesmo grupo, que e o dono tambem do famoso hotel Vila Vita, no Algarve. Portanto pode esperar sempre alto padrao de servico e de instalacoes. Quarto com muito conforto, banheiro lindo, imenso, com piso aquecido. Tudo absolutamente maravilhoso e perfeito. Altamente recomendavel."
"Num enquadramento tipicamente alentejano, esta herdade oferece o que de melhor tem o Alentejo, gastronomia de qualidade suprema,os vinhos reflectem a imagem alentejana na perfeicao, quartos muito agradaveis,  onde nao falta absolutamente nada. Quanto ao staff, simplesmente perfeito! Vale a pena conhecer..."
"O hotel e otimo, no meio da herdade, que e enorme, tem um lago, vinhedos, oliveiras e muitos animais, dentre eles cavalos, poneis, porcos ibericos, ovelhas, cabras, avestruz, galinha, pato, um labrador, gatos. Os quartos ficam longe da recepcao, cerca de 1 km. Dispoe de bicicletas gratuitas para passear por toda a herdade. Tem tambem a opcao de fazer observacao de passaros, a partir de 35 euros, por pessoa, sendo necessaria pre reserva. Ainda tem passeio de barco, balao, visitas para conhecer a producao dos vinhos, todos que nao estao inclusos no valor da diaria e que tambem devem ser pre agendados. Deixaram como cortesia uma garrafa de agua, uma do vinho mais simples da herdade e algumas frutas. Vale a pena chegar antes das 17h, para ver o por do sol, que e lindo. O quarto"
"Uma Herdade Fantastica, onde se destaca o excelente atendimento. Staff educado e Atento aos promenores. Simpatia e profissionalismo do Sr Flavio Restaurante e Staff recepcao e Bar. Restaurante com uma carta interessante mas em meu ver deveria d ter mais comida Tradicional Alentejana ex Migas etc .... Comemos entrada Tiborbia mto bom de seguida um prato de Pato excelente a acompanhar vinhos 23 barricas Top . A chegada fizemos uma visita guiada a Adega. Aconselho ! Resumindo o vinho e mesmo mto bom que me adormeceu o cerebro !!  Dormimos no recanto dos deuses !!!  Aconselho Quarto Suite Junior. Pequeno almoco Simples mas tem tudo o que ue necessita . Acordamos cedo e fomos conhecer a Herdade , temos bikes Gratuitas . Uma Herdade de Sonho Obrigado ."
"Passamos o fim de semana nesta herdade e ficamos impressionados pelo espaco, quartos muito bem equipados onde se conjuga o rustico com a modernidade. muito bom restaurante com uma cozinha baseada nos produtos regionais acompanhados com os excelentes vinhos da herdade. otimo espaco com muitas atividades ludicas que agradaram aos elementos mais novos da familia"
"Fomos passar um fim de semana a herdade, e adoramos tudo, desde os quartos ao restaurante. Aproveitamos tambem o passeio de bicicleta (gratuito) para ver os animais e desfrutar do silencio da planicie. Os vinhos, que ja conheciamos, sao divinais. Poderiam apenas melhorar o pequeno almoco. Voltaremos para o ano para andar de balao! Ate breve!"
"Um lugar para voltar sempre. Tudo cuidado nos minimos detalhes, com dedicacao da equipa de atendimento e instalacao. Lugar lindo e tranquilo. Custo beneficio perfeito. Luxo e simplicidade fazem do lugar um encanto. Diversas atividades como bicicletas, cavalos, caiaques, remo, alem, e claro, da degustacao de vinhos e visita guiada pela producao dos deliciosos vinhos."
"Local maravilhoso para relaxar, ler,escrever,nadar e saborear a excelente gastronomia e vinho da adega propria. A adega e muito bonita. A herdade tem lindissimas paisagens,redes junto ao lago para uma sesta,piscina com vista deslumbrante ,jardins bem cuidados ,espaco muito limpo e agradavel. Encantadora a pequena capela e um jogo de chao de xadrez Animais bem tratados,lindos cavalos. Excelente esplanada e funcionarios exemplares."
"Do primeiro contacto, aquando da reserva, ao ultimo instante na herdade, o servico a pautar pela correccao, amabilidade, transmitindo felicidade. Sem excepcao, dos que contactam directamente com o hospede como dos que trabalham as vinhas, aquando dos meu passeios pelo espaco. Inumeras e interessantes actividades apresentadas.  Fiquei surpreso em conseguir fazer 15 km em picada e em caminhos cobertos por pinheiros sem repetir um unico trilho, acompanhando parcialmente o tracado da represa. O mesmo pode ser feito a cavalo, por exemplo. Porque estava uma manha chuvosa apreciei uma abundancia enorme de aves, rastos de javalis, texugos e raposa. Observei 4 lebres e um veado em estado selvagem. Experiencia fantastica. Um local fantastico, calmo, com habitacao novas e cuidadas, limpas"
"Herdade pitoresca e ao mesmo tempo de condicoes de hotel/restaurante excelentes. Sossegado com belas paisagens e ideal para passar umas ferias quer em familia, quer em casal ou ate sozinho. Quartos familiares com quarto, sala e boa casa de banho. Atendimento muito simpatico."
"Em nossa viagem para Portugal a noite que passamos nesse lugar foi um dos pontos altos da viagem. Lugar incrivel. Paisagem linda, quarto maravilhoso, duas piscinas deliciosas, bicicletas a disposicao. A visita e degustacao de vinhos foi muito bem conduzida e muito interessante.  Atendimento super simpatico e eficaz. Recomendo fortemente a visita a esse lugar incrivel, que voltarei com certeza."
"Tinha tirado uns dias de ferias em comum com a minha esposa, coisa rara nos ultimos tempos e que por isso mesmo merecia um sitio que estivesse a altura. Quando ao pesquisar no Booking me apercebo que a Herdade dos Grous tinha disponibilidade bem hesitei, uma vez que ja nao era a primeira tentativa e normalmente se encontra lotado. Cumpriu e superou todas e quaisquer expectativas. O atendimento e simpatico, cuidado e atencioso. A herdade e lindissima, as piscinas com paisagens de cortar a respiracao e tudo impecavelmente tratado. Os quartos cumprem tudo o que e necessario num loca como este. O restaurante esta a altura com pratos da cozinha tradicional alentejana e um toque de sofisticacao sem cair em exageros! O vinho e do conhecimento comum a qualidade dos mesmos, mas ha"
"Para alem da qualidade reconhecida do vinho, fizemos uma prova com guia que nos contou a historia do local. Depois permitiram-nos visitar uma cave especial para jantares romanticos muito bonita. Os exteriores sao tambem muito agradaveis."
"Excelente espaco no meio do Alentejo para degustar uma boa refeicao. Bom restaurante com uma carta que denota cuidado e alguma inovacao. Bons vinhos com  destaque para a os da Herdade dos Grous, em especial o Moon Harvest. Mencao honrosa para os lombos de porco com arroz terra e mar. Excelente prato bem confeccionado misturando os sabores da terra e do mar numa juncao perfeita. Excelente atendimento demonstrando permanente cuidado com o cliente. A repetir sem duvida."
"Trata-se de um local fantastico, muito nem integrado no espaco, bem decorado e onde todos os pormenores foram cuidadosamente pensados. Ali nada e deixado ao acaso... Comunhao perfeita entre o meio ambiente, animais, agricultura e pessoas... E os vinhos? Esses sao sublimes... Pode visitar e ficar a conhecer todos os passos na producao de vinho da Herdade, pode ainda desfrutar de uma prova de todos os vinhos acompanhada por especialistas... A disponibilidade e simpatia de todos os funcionarios, comecando no Director ate a Camareira... Restaurante sofisticado que alia de forma unica a cozinha tradicional a sofisticacao na preparacao e confeccao dos pratos... Local optimo para familias e com multiplas actividades sempre a decorrer... Quer montar a cavalo? Ali pode! Quer fazer"
"Certamente um dos lugares mais bonitos onde fiquei hospedada! A envolvencia da propriedade de tirar a respiracao, a herdade esta muito bem cuidada Boa manutencao em todas as areas incluindo a vinha. Ha muitas atividades disponiveis, andar de gaivota, de bicicleta fazer passeios pela herdade e observar os varios animais e diversidade de aves. Piscinas com uma vista linda. Visita a adega obrigatoria. Os quartos muito espacosos e confortaveis. Pequeno-almoco muito bom, melhor sumo de laranja natural que ja bebi."
"O unico senao e mesmo definirem o mercado alemao como prioritario. Ex. restaurante so para alemaes, isolamento dos mesmo dos restantes clientes.  Hotel muito agradavel, original no seu sistema e organizacao geral( ex. ter bebidas a disposicao na piscina e ser o proprio a apontar o consumo) acho uma boa politica de confianca entre clientes e unidade. hotel no geral fabuloso."
"Ambiente incrivel! Redondezas optimas para passear em contacto com a natureza! Piscina muito boa!  Os quartos sao enormes e optimos!  Optamos por jantar no restaurante do hotel e nao desiludiu em nada! Tudo muito bom!  Havemos de voltar assim que possivel!"
"Nossa visita foi completamente improvisada como hoje tentamos almocar na Ovibeja, mas quando chegamos, a fila para entrar na exposicao parecia ter varias centenas de metros e, entao, partimos a procura dum local melhor para o nosso almoco. Utilizamos o Tripadvisor, acabamos por ir a Herdade dos Grous. Tive que ligar para pedir indicacoes para GPS e fui gentilmente ajudada. O restaurante tem aspecto agradavelmente rustico. Opimas vistas para campo! Instalacoes comodas - um bebe faz parte da nossa familia e instalacoes sanitarias proprias sao importantes para nos. Tudo que comemos sabia muito bem. O prato foi bife de vitela da quinta com crosta de ervas - muito bom! Unico senao sao caras enjoadas de quase todos funcionarios... Nao sei, tal vez apanhamo-los no mau dia..."
"Herdade de um excelente vinho, local magnifico para descansar em contacto com a natureza, muitas actividades ao dispor e para melhorar a experiencia fomos brindados com um upgrade para uma suite fantastica, jantar muito bom acompanhado de um excelente vinho."
"Espaco fantastico para todas as opcoes de saida,  seja de familia, romantica ou simplesmente para descarregar o stress do dia a dia.  Quarto super acolhedor e confortavel. A vista sobre a albufeira e muito relaxante."
"Esta herdade e o expoente maximo do relax. Tem montes de actividades para fazer. Os quartos sao enormes, muito bem equipados e com lareira. A simpatia do pessoal merece muito mais que cinco estrelas. Recomendo a 200%."
"A Herdade dos Grous surpreende desde a chegada ate ao ultimo minuto da nossa estadia. Sera dificil enunciar todas as qualidades deste alojamento sem ser demasiado extensivo na escrita dada a infinidade de pormenores que despertaram a minha atencao, no entanto gostaria de destacar: - Simpatia de todo o pessoal, desde a recepcionista, ao staff responsavel pela prova de vinhos, empregados do restaurante, etc.  - Atencao no cuidado ao cliente para que nada lhe falte e tenha o maior conforto possivel (ate um maco de cigarros me levaram a mesa para evitar que tivesse de sair da Herdade para ir comprar) - Todos os detalhes de conforto, decoracao e qualidade do espaco, desde a flor nas toalhas de banho, bom-bons nas almofadas, garrafa de vinho Grous no quarto como cortesia da casa,"
"Os quartos sao muito confortaveis, tudo de muito bom gosto.  O lugar e lindo, cercado pelo verde do Algarve. A propriedade e bem grande e as acomodacoes ficam divididas em tres construcoes separadas por uma certa distancia. O hotel coloca bicicletas a disposicao dos hospedes para os deslocamentos. A comida e maravilhosa. Se pudesse, teria ficado mais tempo. Fiz a visita a vinicula e prova de vinhos."
"A minha avaliacao e de 5 estrelas e a herdade merece cada uma delas. Excelente atendimento, excelentes condicoes, excelente em tudo! Ficamos numa suite que mais parecia um apartamento, super espacoso e com uma excelente apresentacao. Ofereceram-nos uma garrafa de vinho que ainda que fosse uma gama baixa era de excelente qualidade. Recomendo a prova de vinhos que sao fenomenais. A herdade dispoe de piscina, sauna, ginasio e diversas atividades como passeios a cavalo por exemplo. O restaurante ainda que seja pouco caro tem o preco que era de esperar para um local onde se paga a qualidade, ainda assim, vale a experiencia. Aconselho vivamente!"
"Magnifico e a minha avaliacao. O quarto mais parece um apartamento, tinha lareira uma casa d banho enorme, uma cama excelente. Fomos presenteados com uma bela garrafa de vinho e um servico 6 estrelas. A herdade e lindissima com excelentes zonas para passear,adorei o facto de termos bicicletas a nossa disposicao e podemos ir passear no lago em gaivotas ou canoas. Tem uma sauna disponivel para os convidados que neste fim de semana foi toda nossa.  Fizemos a visita guiada a adega que foi giro, ja tinha feito em destilarias de scotch esta foi boa mas nao ao mesmo nivel, algo que e compreensivel mas recomendo vivamente fazer!  O pessoal e impecavel! Este sitio no verao ou com calor deve ser espectaculo tambem diria que para um retiro de familia e o ideal, melhor que muitos resorts"
"Muito bom, sossegado, paisagem linda. Tudo muito bem cuidado o quarto excelente com lareira varanda vista para o lago! Acordamos com o som dos passaros cantando! Perfeito para festejar e namorar! Comida excelente e com o vinho perfeito a acompanhar! Vamos voltar com toda a familia!"
"Lugar fantastico! Muito bem decorado, acolhedor, com gente muito simpatica e disponivel! Lindo! Optimo para passar uns dias de verao pois tem uma piscina muito gira, barragem onde se pode andar de barco, cavalos, etc. comida otima! A regressar e recomendar!"
"Um espaco muito bem concebido! Bons vinhos, pessoal simpatico. Recomendo pararem e provarem algum dos vinhos da herdade com as iguarias sugeridas.  De inverno o final de uma tarde domingueira pode ser passada a lareira, com um bom copo de vinho na mao."
"Localizacao top, bem como toda a envolvente: tudo muito bonito, bem cuidado e excelentemente preservado. Recomendo a tour de tractor que da para ter uma perspectiva da fauna, das vinhas e da dimensao da propriedade. A melhorar, apenas o tempo de espera no restaurante que foi demasiado.  De resto, excelente. Recomendo."
"Ambiente confortavel, paisagem linda,experiencias novas. Toda a herdade esta muito bem tratada e fomos muito bem acolhidos. Quartos super confortaveis, agradavel passeio de trator pela quinta. Boa fauna e flora para visitar. Maravilhoso lago."
"Instalacoes muito boas, bons acessos, servico simpatico, fizemos visita as adegas com prova dos vinhos que como ja sabiamos sao fantasticos. A herdade e enorme. O quarto que nos deram era mais uma casa terrea com uma sala com lareira  e cozinha. Para voltar sem duvida."
"Para quem gosta de comer e beber bem. A natureza envolvente, as provas de vinho a visita a adega, e o maravilhoso nectar que e produzido nesta herdade...  O unico senao, foi o pouco tempo que ficamos (uma noite)..."
"Decidimos aproveitar um dos ultimos fins de semana com temperaturas de verao para conhecer a Herdade dos Grous. Para comecar com esta review diria que a experiencia superou as minhas espectativas a todos os niveis. O site nao faz justica a beleza da Herdade, mas e normal, como pretender transmitir a magia de uma propriedade de 730 ha em algumas fotos? Em primeiro lugar, destacar a simpatia e profissionalismo do pessoal, desde a recepcao ate o restaurante passando pelas empregadas de quarto... e uma mencao muito especial ao Joao, o monitor de equitacao. O quarto, situado na casa principal, tinha tudo o que se pode esperar de um quarto numa estancia de alto standing e mais ate. A propriedade dispoes de 2 zonas recreativas, com piscinas magnificas e tudo o que se pode imaginar para"
"Segunda vez que ficamos nos grous. Mais uma vez um espectaculo. Quarto amplo, com lareira, com varanda com vista para o lago. Oferta de uma garrafa de vinho, cesto de frutas e cafe. Se tudo ja estava bom e acolhedor, estes mimos so vem aumentar a nossa satisfacao.  Gaivotas no lago e redes para descansar. Animais e parque infantil para as criancas brincarem. Pequeno almoco bom com ovos mexidos, bacon, folhados de maca, frutos secos. Pena das panquecas e waffles parecerem congelados e os jarros de sumo nao estarem devidamente identificados.  Mas tal como disse no titulo: o optimo faz esquecer pormenores."
"E um lugar fantastico para passar uns dias relaxantes. O staff nao tem mais que nos fazer, tendo sempre um sorriso e uma palavra simpatica para com os clientes. Os quartos sao excelentes, com uma cama e almofadas maravilhosas. O pequeno-almoco e muito bom. Aconselho a prova dos vinhos!   E um lugar onde vale a pena voltar!"
"Simplicidade e natureza, tudo o que se podia esperar de melhor num hotel inserido numa herdade vinicola. O Staff e muito atencioso e ao mesmo tempo simples, fazem o hospede sentir-se sempre o mais a vontade possivel. Os vinhos e a comida... 5 estrelas! Precos acessiveis quando comparado ao habitualmente praticado. Certamente uma experiencia a repetir."
"A localizacao e muito boa com excelentes acessos, estando longe e ao mesmo tempo perto da civilizacao. Decoracao e arquitectura campestres muito bem conseguidas. Todos os espacos muito bem cuidados. Nota-se uma especial atencao aos pormenores. Para todas as deslocacoes dentro da propriedade e preferivel utilizar bicicletas que estao sempre disponiveis por todo o lado."
"Eu ja conhecia alguns dos excelentes vinhos da Herdade dos Grous, mas a estadia superou nossas expectativas, estando sem duvidas entre um dos melhores destinos de enoturismo que tive a oportunidade de experimentar. A herdade e enorme e bem cuidada, com lindas paisagens dos vinhedos, dos lagos e do tipico montado alentejano. Ha varias opcoes de lazer que incluem passeios no lago, duas excelentes piscinas para se refrescar do calor da regiao, alem de bicicletas disponibilizadas aos hospedes para percorrer a propriedade.   As instalacoes sao grandes e ao mesmo tempo confortaveis e aconchegantes. O quarto e muito amplo, com cama grande e confortavel, TV de excelente tamanho, decoracao com atencao nos detalhes, tudo de muito bom gosto. Roupas de cama e banho, roupoes e amenities de"
"O hotel e maravilhoso, super bem cuidado e com varias atividades legais. Adorei o fato de podermos pegar bicicletas a qualquer momento para percorrer a propriedade toda. O quarto e novo, espacoso e confortavel. Quando chegamos havia uma garrafa de vinho e uma cesta de frutas em cima da mesa como cortesia. O restaurante e excelente. Os valor das diaria e do restaurante sao bastante razoaveis. Os vinhos da Herdade dos Grous sao todos excelentes e pudemos prova-los todos.  Pontos negativos: O wi-fi nao funcionou bem no quarto, em alguns momentos nao era possivel conectar a rede. O horario do cafe da manha e super restrito (apenas de 09:30 as 10:30) sem qualquer justificativa plausivel para isso."
"Foi um excelente fim de semana, num lugar maravilhoso, relaxante, em convivio directo com a natureza, bicicletas para podermos percorrer toda a herdade, gaivotas para desfrutarmos do lago, piscinas para nos refrescarmos, tudo com muita comodidade, instalacoes muito boas e acolhedoras, refeicoes muito bem confeccionadas e variadas. Enfim ! 5 estrelas !"
"O alojamento na Herdade dos Grous e simultaneamente sumptuoso a aconchegante. Os quartos, sempre muito elegantes, bem arrumados e de generosa dimensao, convidam ao descanso... O pequeno almoco, de excelente qualidade e variedade, deixa-nos agua na boca. No restaurante, os pratos tipicos da regiao, sao servidos com a qualidade, quantidade e elegancia que faz jus a categoria do melhor que ja conheci."
"A herdade e linda e bem estruturada. A barragem, os percursos para fazer a pe, de bike, de canoa, de gaivota, as piscinas, os animais, etc. Tudo foi bem pensado para que seja considerado um dos melhores resorts de Portugal. Pequeno almoco de excelencia onde nao falta nada. O queijo de Serpa, a fruta, os doces tradicionais, os frutos secos, etc. O Restaurante e bem agradavel e prepara-se para um festival de sabores. O Vinho e a cereja no topo de bolo. Os quartos sao fantasticos com imensas cortesias/ofertas, onde o vinho da herdade esta incluido. O conceito de resort, foi adaptado a Herdade Alentejana, pelo casal Alemao com sucesso total. Nao percam esta experiencia de laser. Parabens."
"Espacos exteriores e interiores fabulosos, muito bem organizados com manutencao extremamente cuidada. As acomodacoes sao espacosas, extremamente comodas, apetrechadas e bem  decoradas De elogiar o staff , atraves do seu profissionalismo e simpatia constantemente demonstrada.  Os mimos com os quais fomos agraciados a chegada, fez-nos sentir agradavelmente acolhidos. Ficamos fas  da Herdade dos Grous... decididamente iremos voltar !"
"Fim de semana bastante agradavel, ideal para familias. A experiencia da prova de vinhos e o jantar extraordinarios. Os quartos espacosos e aconchegantes. Os miudos adoraram.  Este hotel e digno de repetir."
"Ultrapassou largamente todas as minhas expectativas, desde o acolhimento com funcionarios muito simpaticos e profissionais, as instalacoes excelentes com muito bom gosto e bem cuidadas ao envolvimento da Herdade que tem paisagens magnificas. A degustacao dos vinhos foi otima e o jantar fabuloso. A repetir sem duvida a curto prazo!"
"Um lugar fantastico e acolhedor para reunioes de trabalho, o alojamento e generoso e acolhedor, e as areas sao muito boas para teambuilding, o restaurante e regional e os produtos sao maioritariamente da propria Herdade, atividades para todos os gostos, foi a primeira vez que visitei, e espero la voltar com a familia."
"Lugar ideal para quem procura descansar e relaxar no meio da natureza e planicie alentejana....ambiente tipico.....leque variado de actividades turisticas...em suma excelente e sem duvida uma experiencia a repetir...parabens e continuem assim porque voces merecem...o Alentejo merece..."
"Das melhores experiencias enoturisticas disponiveis no nosso pais. Atendimento cuidado, herdade tranquila. Piscinas e bicicletas sem custo. Nao poderia ser melhor para quem quer descansar. Pequeno-almoco de optima qualidade. Quartos espacosos e imaculados. Adoramos."
"Tudo perfeito. O lugar e belissimo com ambientarao rustica tipica alentejana com um toque de luxo e funcionalidade. Tudo muito bem cuidado e aconchegante. Estavamos com nosso filho de 3 anos que adorou a herdade. Passeio a cavalo. Muito animais. Bicicletas com cadeirinha disponiveis para os hospedes sem taxa. Cafe da manha muito bom! Restaurante e servico impecaveis."
"Otimo local para disfrutar das paisagens e da gastronomia alentejanas. A herdade associa a atividade turistica a agricultura e a producao de vinhos, tudo em boa harmonia. Localizacao isolada e tudo espacoso, dos 700 Hectares da propriedade a dimensao dos quartos. Muitas opcoes para ocupar o tempo, sem ter que obedecer a horarios e a grupos. Bicicletas disponiveis por todo o lado, que facilitam as deslocacoes entre os alojamento e as restantes areas. Bom servico de restaurante com gastronomia alentejana com um toque gourmet e um pequeno almoco diversificado e com um ar fresco e caseiro. O servico e esmerado e atencioso sem ser chato...enfim aquele charme especial que os alentejanos tem para receber. muito bom."
"Excelente espaco para descontrair, empregados super simpaticos e prestaveis, vale a pena visitar/conhecer a adega e fazer um dos workshops existentes na herdade. A herdade proporciona muitas atividades aos seus clientes, vao desde bicicletas, passeios a cavalos, gaivotas e caiaques no lago, etc. Foi um fim de semana espectacular."
"Acabei de viver a festa de aniversario surpresa, mais romantica,divertida,desportiva de sempre. O profissionalismo,a simpatia e a elegancia de 5 esta em toda a herdade. Por sermos um grupo grande deu para varias pessoas  experimentarem os  variados desportos oferecidos desde andar de canoa, bicicleta, corrida, jogar tenis, bilhar, matraquilhos etc. e os comentarios foram unanimes. Maravilhoso! Os quartos sao tao amplos, confortaveis e tao acolhedores que nos temos que obrigar a sair. Como nao podia deixar de ser o vinho foi o convidado de eleicao e depois de uma visita guiada pela simpatica senhora Diana ficamos rendidos ao 23 barricas. No peq. almoco ate os mais pequeninos ficam com apetite, de tao variada que e a oferta. Poder ter partilhado esta experiencia com que amamos,"
"Que lugar maravilhoso! Super limpo e bem preservado, belas vistas, tranquilo, com uma grande variedade de atividades para escolher, bicicletas com um sit para bebes, um bom restaurante dentro, otimo cafe da manha (aqueles croissants, eu quero que todos os dias), a lista continua . . . O quarto era muito espacoso, a cama era grande e confortavel, grande armario tambem. Houve um pacote de boas vindas incluindo fruta, chocolates e uma garrafa do seu vinho muito bom (nao sou amante de vinhos, mas a Herdade dos Grous se destaca). A unica desvantagem, a nossa estadia foi muito curta! Definitivamente para voltar."
"Otimo resort com instalacoes agradaveis. Dormimos no edificio principal perto do restaurante. Outros quartos estao localizados em outros dois locais. Bicicletas gratuitas no resort para ir as diferentes piscinas e explorar os arredores. Muitos passaros, veados e raposas.  Otima comida e excelente vinho!"
"No ano passado fomos para a herdade da porta ao lado que apesar de ser adoravel nao fez realmente uma prova de vinhos decente. A degustacao de vinhos foi excelente, equipe encantadora, linda sala & jantar fabuloso. Arredores lindos"
"Tivemos grandes esperancas para a visita a este lugar, e nao ficamos desapontados. E um lugar incrivel, repleto de natureza. O alojamento foi perfeito, a equipe nao poderia fazer mais para util, e arredores foram folego. Uma expectativa de visitar uma vinicola poderia ser apenas para experimentar os vinhos, mas aqui ha muito mais para experimentar, foi verdadeiramente magico. Nos, sem duvida, visitar novamente, da proxima vez para uma estadia mais longa e pode ate mesmo se tornar uma coisa regular!"
"Fomos a esta adega por uma noite porque alguns dos nossos amigos adoraram. Eu nao estava tao impressionado. Os quartos e banheiro foram nice e confortaveis, mas carecido personalidade. A degustacao de vinhos foi muito caro para o preco medio de vinhos em Portugal e tenho de dizer que para alguem que ama degustacao de vinhos e beber, voltamos vazios entregues como eu nao acho que nenhum dos seus vinhos oferecido gosto superior para o preco. O jantar no restaurante no entanto foi excelente e todos os cursos preparados com perfeicao."
