Avaliacoes
"Nao tem recepcao disponivel 24 h fiquei a dormir no carro. Nao se deslocaram para fazer a minha entrada apos reserva por telefone. Liguei para os responsaveis que me despacharam e nao me deram nenhuma solucao. Resposta  fica para a proxima"
"No meio do Alentejo este local e ideal para descansar e recuperar energias. Local fantastico. Tudo excelente, bom pequeno almoco, boa comida ao jantar. A area da piscina tem varias espreguicadeiras e camas, ha sempre local para estender a toalha.  Quarto com tudo o que e necessario. Staff 5 estrelas. Fomos de bicicleta ate a zona dos animais, muito bonito, a minha filha adorou. Nao ha cadeira para criancas para adaptar a bicicleta, ja sabiamos disso e levamos a nossa. Passear de bicicleta ao final do dia no meio daquela calmaria e maravilhoso. Voltarei certamente. Recomendo!"
"Estivemos alojados por 5 dias nas sesmarias e posso dizer que e um local calmo, muito bem pensado e com muito bom gosto em termos de decoracao. So nao acho que seja bom para descansar para quem nao gosta de aranhas e insetos. Mas estamos no campo...  Pontos positivos: -Simpatia dos funcionarios; -Comida bem confecionada; -Boa piscina comum: boa para criancas e adultos; -Local bom para descansar.  Pontos negativos: - O pequeno almoco poderia ter mais diversidade; - A manutencao do quarto e so a constituida pela troca de toalhas e por fazer as camas, e so acontece apos pedido para que o facam (e-nos feita essa questao todas as manhas ao pequeno almoco). Nao houve limpeza absolutamente nenhuma no quarto, apesar do chao interior e exterior precisar muito, ja para nao falar das"
"Rodeado das mais belas planicies alentejanas, este alojamento prima pela simplicidade, conforto e comida maravilhosos. Cumprem em relacao a limpeza e regras de higiene com muito rigor, tanto no quarto como nas areas circundantes. A piscina e maravilhosa. Mas o que mais adoramos foi o excelente restaurante do alojamento. Comida regional alentejana, muito bem confeccionada. A repetir, esta experiencia maravilhosa."
"Pontos positivos: Lugar genuinamente alentejano e calmo, constantemente a ouvir a natureza. Area circundante linda e pura, com possibilidade de lidar diretamente com animais (burros, vacas, ovelhas, cabras) e usufruir da beleza duma barragem magnifica, ouvindo as ras e os passaros. Terraco panoramico com hipotese de visualizar o nascer/por do sol. Massagem de 4 maos maravilhosa. Sala de convivio/lazer bem decorada e acolhedora, com wi-fi gratuito. Limpeza do quarto e areas de em comum excelente. Simpatia e disponibilidade do staff 5 estrelas.  Pontos negativos: Cheiro desagradavel a esgoto na casa de banho, uso do SPA nao ser gratuito, cafe expresso ser pago."
"Gostamos do silencio da herdade.  O pequeno almoco e variado e a fruta e excelente. Faltou so um sumo de laranja natural que nestes sitios e obrigatorio na nossa opiniao.   O cafe a 1 eur pago como extra ao pequeno almoco nao faz muito sentido tambem.  O quarto 13 tem uma pequena piscina privada mas nao tem muita privacidade porque fica encostado a zona de passagem dos hospedes. O colchao era bom e a temperatura do quarto era excelente tendo em conta o calor que estava la fora. A casa de banho e enorme.   Zona da piscina e muito agradavel e as espreguicadeira de apoio sao muito confortaveis. Relativamente a agua estava com muito sal/outros produtos porque a nossa filha mais nova apos uns mergulhos esteve no dia seguinte sem ver nada e a nossa pele ficou muito seca. Deviam avisar"
"Excelente escolha. Lugar incrivel  O atendimento e optimo e os funcionarios super acolhedores e simpaticos. O melhor sitio para relaxar. Adorei toda a experiencia e aconselho vivamente!  Vou repetir sem duvida"
"Um lugar de excelencia. O ideal para descansar. O quarto 19 e uma maravilha. Parecia que tinha sido concebido para aqueles hospedes. Na mouche. Uma piscina otima e lugares suficientes para todos  sem necessidade de se levantarem as 6 da manha para os marcarem !! Ja agora,quer o por do sol quer o nascer sao deslumbrantes. A simpatia  dos colaboradores faz-nos sentir em casa. Bom pequeno almoco sem deslumbrar. O restaurante muito acolhedor e com pratos muito bem escolhidos quer para almoco quer para jantar O SPA fechado com fundamento nas regras pandemicas. Aceita-se. Mas os caixotes do lixo ? Com a pandemia , desapareceram. Tambem com o mesmo fundamento nao h uma casa de banho que sirva a piscina. Ou se vai ao quarto ...ou sofre-se. AH, mas podia ir ao restaurante! Nao porque"
"Passei um fim de semana em familia e foi bastante agradavel, o local e super relaxante, bastante pacato e um pouco isolado, que, nao sendo um ponto negativo, permite ter um merecido descanso, sem o barulho da passagem dos carros. Existe a possibilidade de dar caminhadas por dois percursos diferentes, de extensao variavel, seja a pe seja de bicicleta (uso gratuito). Podem ser avistados alguns animais como vacas, cabras e burros. Os quartos sao espacosos e modernos, alguns com uma pequena piscina privada. Staff muito simpatico e atencioso.  Estando em plena pandemia o cuidado com as regras de seguranca e bem aplicado: uso de mascara nas areas comuns, maximo de 4 pessoas em pe no buffet de pequeno-almoco, higienizacao das maos.  Pontos Fortes: Pequeno-almoco variado e muito"
"Gostamos, foi um fim de semana calmo mas, esperavamos mais. Em suma era tudo bastante descuidado, e com falhas em pormenores. O que nao se espera num turismo de 4 estrelas e que pratica este nivel de precos.   Pontos fortes: Area grande Animais por perto Muito calmo e silencioso Mesmo em marco estava calor - zona quente  Pequeno almoco bom!! Porem na segunda noite eramos os 2 unicos hospedes, e o pequeno almoco nao foi buffet, foi o que quiseram escolher numa mesa ja posta por isso as opcoes encurtaram bastante.  Quarto enorme. Cama muito confortavel. Banho turco bom!! Funcionarios simpaticos e prestaveis.  Pontos fracos: Limpeza limpeza e mais limpeza. Espacos comuns bastante descuidados (piscina, solario no spa, terracos). Muitas teias de aranha, mosquitos mortos e lixo tipo"
"O pequeno almoco foi muito completo, camas confortaveis, staff muito atencioso e disponivel, quartos espacosos mesmo no meio da calma do Alentejo. Perfeito para ir com a familia e aproveitar as ferias, seja verao ou inverno! Amei"
"Recomendo vivamente. Os passeios pela herdade onde vimos todos os animais, desde ovelhas cabras, burros, cavalos vacas.  Os pequenos almocos sao deliciosos e os quartos tem todo o conforto.  Local que ao vou esquecer."
"Pontos positivos: A cama era confortavel e a televisao tem canais por cabo. O pequeno almoco e bastante completo. E jantar tem buffet de sobremesas (as tartes sao otimas!). E tambem bastante agradavel poder comer as refeicoes ao ar livre nas mesas no exterior. O atendimento, apesar de toda a parte negativa descrita no comentario, e simpatico.  Pontos negativos: Ponto crucial para nunca mais voltar a este sitio: segundo o proprio funcionario da rececao, alteram a tipologia dos quartos de vez em quando sem mudar absolutamente nada nos mesmos. O que hoje e um quarto duplo, amanha pode ser um quarto familiar. So muda o preco conforme lhes apetece. Apos visualizar as fotografias dos quartos desta herdade, optamos por um quarto familiar porque nao nos agradaram os quartos de"
"Um excelente espaco para descansar em familia e com amigos; apesar de de sido so um fim de semana serviu para descansar. Todo o espaco e acolhedor e confortavel. Foi pena ter estado muito frio mas todos os espacos estao climatizados. Tenho pena de nao ter tirado mais fotografias do alojamento."
"Posso dizer que tudo aqui foi perfeito. O quarto, a piscina no quarto (!) a piscina exterior, a extrema simpatia e dedicacao dos empregados... Tudo! E um lugar maravilhoso, excelente para descansar! Para o ano irei certamente de novo!"
"Quando se tem de andar 2km por terra batida para chegar a um hotel e de esperar que valha a pena pois, as expectativas sao altas. Assim acontece com este hotel. Vale a pena o esforco para ficar absorto no cantar e chilrear dos passarinhos e acordar ao som da natureza. Os quartos sao acolhedores e imaculados (atencao que estamos no meio do campo...e natural que um gafanhoto ou uma aranhinha entrem sorrateiramente...). As camas sao altas por isso, cuidado se acordar e se levantar com as luzes apagadas... Casas de banho limpas e asseadas. Agua quente, de imediato, no chuveiro, sem ter de esperar uma eternidade que aqueca e sem desperdicio. Brilhante ideia de colocar a caldeira na casa de banho. O espaco circundante oferece um por do sol radiante e digno de ser contemplado. Pequeno"
"Adoramos tudo quarto com boa cama ,otima piscina e bar acessivel junto a mesma com varias opcoes de espreguicadeiras e que apetece estar ali o dia todo e um passeio muito giro pela herdade que tambem tem varios animais.E o pessoal muito simpatico e atenciosos .Tem tv a cabo .E um lugar privilegiado para ver o por do sol. Adoramos assim que puder voltaremos."
"Nao se entende o nome com um SPA que nao existe. Tirando esse aspecto trata-se de um santuario de repouso,com excelentes instalacoes no meio de nenhures. Estivemos em quartos com uma pequena piscina privativa. Pareceram-nos e foram a escolha certa em especial os que sao voltados para nascente.os quartos sao enormes,bem mobilados, com um quarto de banho tambem bom (este tem no entanto pouca luz. Fazer a barba ali...). Pessoal simpatico e muito disponivel para qualquer pedido que seja feito. Pequeno almoco muito dom com bons produtos e boa variedade. Para quem, como eu, e Alentejo dependente, este e um lugar onde so nao voltarei se Deus nao me deixar."
"Local otimo para uma se desligar do stress do trabalho, do dia a dia da cidade. Boa infraestrutura, piscina top, espreguicadeiras suficientes para todos os hospedes com sobras, quartos grandes e confortaveis, pequeno almoco com uma variedade suficiente, o jantar foi muito bom. Toda a equipa do sesmarias nota maxima pela simpatia e profissionalismo. Relaxar, ler um livro, ouvir o silencio do campo, uma pessoa fica como nova. Bom sitio para quem quer realmente desligar-se e recarregar energias. A repetir sem duvida."
"Uma surpresa no interior Alentejano! Gostei bastante do quarto, amplo e virado para a piscina. A casa principal tem uma sala de estar muito bonita e acolhedora, unico local com wi-fi. A piscina grande e muito limpa! Pequeno almoco muito bom.  Excelente relacao preco qualidade."
"Em Dezembro de 2018 fiz uma reserva atraves da Booking de duas noites de dia 8 a 10 de Junho e 2019. Recebi de imediato por parte do alojamento Sesmarias um email a pedir uma transferencia de 50% de modo a garantir a reserva. Assim fiz, senao quando no dia 4 de Maio (cerca de um mes antes da minha estadia) recebo um telefonema por parte do alojamento a informar que estao em Overbooking e nao me podem alojar porque aceitaram um evento. Agora pergunto: em Dezembro nao tinham este evento? Avisam o cliente um mes antes? Pior mesmo que a falta de etica profissional e servico ao cliente e mesmo a ganancia, pois ainda tiveram a indecencia de me pedir para eu cancelar na Booking.com (para nao pagarem taxa). Devo relembrar que quem cancelou a reserva foram eles. Ainda me foi sugerida uma"
"Este alojamento esta inserido numa vasta herdade muito interessante. Quando chegamos apos uma curta viagem em estrada de terra batida, normal por estas paragens, o que nos aparece tem ar limpo e  promete uma boa estadia. Simpatia e disponibilidade abundam por aqui, piscina em lugar muito agradavel e tranquilo. Quarto com muito boas condicoes, cama enorme e confortavel, silencio e tranquilidade. Muitos animais na area envolvente, possibilidade de realizar caminhadas e observar a fauna e flora desta zona. Jantamos no restaurante existente e ficamos com uma impressao um pouco negativa, poderiam ser mais originais ou entao apresentar pratos tipicamente Alentejanos, talvez se deva a pouca ocupacao e o facto de ser epoca baixa, ponto positivo, as entradas e a simpatia da funcionaria."
"Local maravilhoso em pleno alentejo para descansar. Alojamento fantastico pequeno e tranquilo. Atendimento fantastico Espacos exteriores muito bons limpos e conservados Pequenos almoco variado e com produtos regionais"
"Atendimento muito bom simpatia tudo bom .Comida pouca escolha para quem foi com meia pensao lazer piscina 5 * bicicletas para dar um passeio impossivel andar tudo velho andamos 500 metros e voltamos para tras spa que mencionava no prospecto nao existia enfim camas que para descansar era um pesadelo nao consegui descansar que era o meu objetivo e da minha esposa internet que nao dava nao correu bem por isso so dou 2 *"
"Espaco bastante agradavel para o repouso, limpo e cuidado, pessoal bastante disponivel e simpatico!! condicoes optimas e sem duvida bastante interessante. localizacao 5 estrelas longe de tudo, boa disposicao de todo o complexo!"
"Pequeno almoco fantastico, quartos muito comodos, piscina em declive onde da a possibilidade de ler um livro dentro de agua, as bicicletas disponiveis gratis sabem muito bem . Achei um sitio muito calmo e tranquilo onde o staff esta sempre disponivel.. Irei certamente repetir a estadia noutras ferias"
"Ja visitei alguns locais semelhantes no Alentejo e por isso esperava mais do Sesmarias. O espaco tem muito potencial, no entanto ha pormenores que deixam a desejar para o preco que se pratica.  O restaurante e demasiado elementar, deixa muito a desejar para aquilo que qualquer pessoa espera do Alentejo.  Os proprietarios nao sao pessoas propriamente acolhedoras. De uma forma geral a avaliacao e satisfatoria, acima de tudo pelo espaco."
"Nao me canso de todos os anos, desde que abriu e faz 4 anos, passar por la e ficar um fim de semana ou outras vezes mais. E como se estivesse em casa. Adoro o espaco, quartos amplos e com muito bom gosto, piscina fantastica, pessoal super simpatico e a comida e otima. Aconselho"
"Espaco agradavel com muito potencial, mas muito mal aproveitado (as fotografias enganam). A  entrada para a herdade e feita por um caminho cheio de pedras (que e muito bom para os pneus! ). Precos de estadia elevados, para a qualidade que oferecem. Meia pensao nao compensa, pois nao traduz a tipica comida alentejana (so as entradas e que ficam aprovadas). Infelizmente um sitio bonito, que nao surpreende!"
"Estive neste hotel num casamento e achei que o espaco tem todo potencial para ser uma unidade de luxo devido a infraestrutura, no entanto, o servico e qualidade de comida no restaurante fica abaixo de o que e espectavel."
"Fim de Semana fantastico. pequeno almoco servido com requinte e muita simpatia dos empregados.  Quanto ao local, terra a perder de vista e muitos animais para descobrir, desde cavalos a burros, passando por ovelhas e vacas.   Momentos de descanco e coisa que nao falta nas Sesmarias, para quem passar um fim de semana a relaxar.  Sem duvida um local a repetir."
"Passei um fim de semana neste espaco, estava a contar com melhor profissionalismo e qualidade. Desde do quarto que cheirava super mal a esgoto, puxava o autoclismo da sanita a agua saia pela base de duche cheia de lixo, chamamos o gerente o qual nao soube ser PROFISSIONAL a resolver a situacao (Quando o gerente nao da o exemplo, e normal que os restantes profissionais nao se importem). O pequeno almoco que iniciava as 9:00h , as 9:30h quando fomos tomar o mesmo ja nao havia comida praticamente nenhuma, falamos com a empregada que nos disse que ja nao havia croissant, nem pao pois demorava 20 minutos no forno.Tivemos quase que implorar para nos trazerem comida. No ato do check out no nosso quarto estava uma bebida marcada a mais e nos dissemos que nao tinhamos consumido, a"
"3 dias em que o alojamento tem espaco simpatico e a zona da piscina e boa no entanto fica um pouco por ai o que pode disfrutar , poucos baldes de lixo disponiveis, Wi-Fi apenas  disponivel na sala . E descrito como spa mas que servicos de spa realmente tem ?funcionarios simpaticos e prestaveis , ja o dono bastante sisudo e sem intervencao com os hospedes . A comida foi uma desilusao. O valor que se paga e o que se obtem nao estao em sintonia."
"o alojamento de 3 noites correu bem, no entanto ha pontos que deveriam ser vistos/revistos:  - bercos para bebes pessimos no que respeita a conforto, o que nos foi colocado estava estragado e quase nao tinha colchao sobre a tabua de madeira;  - caixote do lixo do quarto com pouca capacidade, tendo em consideracao que se tratava de um quarto familiar;  - edredons nas camas, quando se faziam sentir cerca de 40 graus, o que acaba por tornar a noite desconfortavel;  - a limpeza dos quartos nao e cuidadosa, havia comida antiga no mini bar do quarto, assim como algum cotao e rolos de cabelos aos cantos do quarto;  - o regime de meia pensao e demasiado caro para a qualidade e quantidade de comida servida ao jantar. comida sem grande sabor, servida em doses pequenas.  Contudo ha pontos"
"Fiz um reserva por telefone por volta as 11h da manha. No dia seguinte, pelas 16h, sou contactada para me informarem que tiveram overbooking e a minha suite seria para outra pessoa, pois esta tinha marcado mais um dia! Como alternativa apresentaram um quarto inferior pelo seu preco de tabela! Falta de profissionalismo."
"A simpatia de alguns colaboradores e inexcedivel. Em contrapartida os gerentes sao pouco empaticos, pouco calorosos. Uma denominacao de spa que nao se percebe porque. Nao tem terapeutas, nem piscina interior. Para jantar temos de reservar com antecedencia - o que e impossivel de saber a chegada - caso nao perguntemos tambem ninguem nos diz."
"Turismo rural muito aconchegante. Quartos amplos e confortaveis Cama grande com bom colchao Paisagem e silencio maravilhoso para descansar Funcionarios simpaticos e muito disponiveis  Pequeno almoco optimo com excelentes produtos caseiros Jantar possivel se pedido com antecedencia ( vale a pena experimentar uns petiscos alentejanas e a sopa de tomate). A repetir concerteza!"
"Este refugio alentejano tem tudo para ser perfeito. Fiquei hospedada numa suite com piscina privativa, onde e possivel descansar e usufruir de tudo na privacidade do quarto. Os quartos sao muito espacosos e bem decorados. Fiz todas as refeicoes no local, a comida era simples mas bem confeccionada. A propriedade e enorme, com muito espaco para passeios pedestres ou de bicicletas disponiveis no local. Perfeito para fugir ao rebulico da cidade. Obrigada."
"Todo o espaco e muito agradavel e simpatico. Bom para descansar a dois . Suite muito espacosa ,talvez demasiado minimalista mas confortavel. Pouco usamos as areas comuns. Chegamos tarde e saimos cedo apos um rapido passeio pela herdade. Pedimos o jantar e pequeno almoco no quarto ambos saborosos sem serem memoraveis. Pessoal simpatico e atento as  solicitacoes . Contras; a lareira do quarto nao funciona bem e tivemos de dormir de janela aberta para conseguirmos respirar... com 5 graus nao foi muito agradavel... mas o pior de tudo e a luz que entra ,vinda da piscina e patio,pois nao pode ser desligada."
"Desde o cenario maravilhoso onde se encontra, ate a decoracao da suite, passando pela comida divinal e acima de tudo a simpatia da Ana, Catia e restantes funcionarias foi tudo simplesmente maravilhoso. Obrigada pela experiencia que nos proporcionaram."
"Lugar magico no coracao do Alentejo. Piscina excelente que tao bem sabe nos dias de calor. Quartos muito agradaveis. O pequeno-almoco e bastante variado cheio de coisas boas, incluido uns doces maravilhosos. O staff e impecavel. Para descansar e sentir o Alentejo em toda a sua plenitude. Obrigado Sesmarias e ao seu simpatico e amistoso staff."
"Um sitio esplendido com todas as condicoes para um fim de semana perfeito...nao fora o atendimento  indelicado e rude na recepcao. Totalmente impreparados para o atendimento. Horario de saida estrito ao meio dia o que impede quem vem de longe para um fim de semana de aproveitar o resto de domingo. E uma pena, mas felizmente foi a nossa primeira ma experiencia no turismo rural, pelo que evitaremos futuras visitas a este local. Ha muitos outros."
"Lugar tranquilo com vista para extenso olival no meio da planicie alentejana onde se pode escutar o luar! Quartos confortaveis, limpos e luminosos. Pessoal atencioso e solicito. Boa e farta comida alentejana num ambiente descontraido e amigavel. Piscina apropriada para criancas e adultos, com envolvencia confortavel e sombras generosas. Aguardamos o tempo frio para numa proxima escapadinha desfrutarmos da acolhedora sala comum com a sua vasta lareira!"
"O quarto onde ficamos era excelente, a piscina optima as refeicoes muito boas. Apenas um reparo o acesso para alem de ser dificil acho que deveria ter uma sinalizacao mais visivel, tirando isso e um paraiso"
"Uma surpresa muito agradavel no meio de uma paisagem de cortar a respiracao.  Quartos muito confortaveis e com uma decoracao muito interessante.  A piscina e essencial devido as altas temperaturas que se fazem sentir na regiao.  Adoramos o terraco, principalmente a noite, com uma vista privilegiada sobre um ceu cheio de estrelas.  Pequeno almoco, com bolo caseiro delicioso.  Aconselho a passar por este refugio."
"Uma semana completa de passeios, sol e sombra na piscina... pequenos-almocos, almocos, lanches e jantares ...  Sempre no ambiente mais confortavel que o local e a simpatia do pessoal poderia proporcionar. Tudo e calma, descontracao e bom gosto!  Propostas de visitas a adegas e restaurantes nas redondezas, sempre acertadas!  Esperamos voltar, para bebermos o nosso rose Guadalupe, servido com simpatia, num dos alojamentos rurais mais fantasticos do interior do Alentejo (e ja conhecemos outros...)  Bem hajam por nos proporcionarem estes dias de relaxamento que tanto precisavamos."
"A familia alugou o espaco para uma comemoracao de 50 anos, e a escolha nao podia ter sido a melhor. Este turismo rural parece que sempre pertenceu aquele pedaco de Alentejo. A construcao esta em harmonia com a regiao. A decoracao e rustica e acolhedora. A piscina com 'praia' da logo vontade de meter o pe. E o terraco com vista para um Alentejo a perder de vista? E daquelas imagens que perdura na memoria. Pessoas muito simpaticas e uma tranquilidade impagavel. Recomendo sem pestanejar!"
"Sitio ideal para fugir a azafama da cidade... Longe da confusao... lugar extremamente tranquilo. Tem atividades como andar de bicicleta e a cavalo (este sob marcacao). Ideal para a familia. Tem quartos com piscina privada, magnificos! Staff acolhedor e discreto. Pequeno almoco magnifico. Para almoco ou jantar so sob reserva."
"Um local soberbo para quem quer ter paz e descansar. Comida excelente e quartos excepcionais. Para quem possui filhos tambem e boa opcao. Ler um livro a beira da piscina e a melhor escolha. E ha quartos com piscinas individuais."
"A inigualavel simpatia dos funcionarios, os maravilhosos quartos espacosos com uma piscina privada - ideal para dar um mergulho ao final do dia, as confortaveis instalacoes da piscina combinadas com a tranquilidade e o sossego do Alentejo, os saborosos pratos tipicos servidos no restaurante, tornam este espaco um autentico paraiso, que deixa saudades ainda antes de ir embora. Uma estadia perfeita, sem nada de negativo a apontar e sem duvida alguma a repetir. E de realcar a simpatia e disponibilidade de todos os funcionarios, que tornam o espaco ainda mais especial."
"O hotel fica mesmo no meio do nada, mesmo no meio do Alentejo! O quarto e agradavel com as suas comodidades. O pequeno-almoco e relativamente composto. A piscina e magnifica, onde se pode passar um bom serao nela na tranquilidade. Possui de um miradouro por cima do restaurante que proporciona uma vista fabulosa sobre a herdade. Apesar de ser longe para nos (Aveiro), valeu a pena a viagem. Contudo, notamos que de SPA, o hotel nao tem."
"Visitamos este Turismo Rural aquando do meu aniversario, atenciosos no atendimento, ficamos hospedados numa suite com piscina privada. Local limpo e tranquilo, ideal para descansar! Paguei a suite em regime de pensao completa, fomos informados do lanche da tarde mas nao o vimos.  O jantar foi estupendo, a comida espetacularmente confeccionada - a estadia valeu por isso! A noite relativamente bem dormida, atendendo a que a cama de casal nao era mais que duas camas juntas, e os cortinados pouco isolam a luz do exterior! Quando realizamos o check out e perguntamos pelo almoco, foi-nos informado que era uma modalidade ja nao existente pois nao fazia sentido servir uma refeicao a alguem que ja nao e hospede por ter realizado o check-out! Por quase tentativa de gentileza"
"Quarto fantastico, muito acolhedor e extremamente limpo, com vista para a piscina. O pequeno almoco muito fresco e abundante o suficiente. O sitio bastante isolado, mas facilmente acessivel, ideal para descansar da azafama da cidade, no coracao do Alentejo!"
"Passamos um optimo fim de semana, nesta magnifica unidade, onde fomos muito bem recebidos ja na sexta feira a horas tardias para entrar, providenciaram logo sopas, tosta e saladas de frutas, tudo com muita qualidade e simpatia de todo o pessoal envolvido. Nos restantes dias sempre muito atenciosos."
"Sitio fantastico, O pessoal e muito simpatico.A suite era maravilhosa. Sitio muito tranquilo para descansar, quando estamos na casa so ouvimos os passarinhos.  A minha unica sugestao, e que poderia haver uma pequena kitchenette para casais que tenham filhos. As vezes apetece fazer a comidinha em casa e ficar a desfrutar a vista do patio."
"Finalmente um espaco fabuloso, super cuidado e onde podemos passar uns dias em familia, esquecendo tudo o resto!  Pequeno almoco de elevadissima qualidade, bem como um lanche reconfortante servido a tarde, tudo para proporcionar aos hospedes uma estadia tranquila e formidavel! Vamos claramente regressar com a opcao de pensao completa, pois ali o descanso e rei!  Fiquei cliente!!!"
"Excelente sitio , com muito bom gosto . A equipa e muito voluntariosa e simpatica , os hospedes ficam a vontade e com a sensacao de estar em casa . Bons acesso apesar do pisso de terra batida . Em suma , a voltar ."
"Este hotel e excelente para desfrutar do sossego alentejano! As instalacoes sao limpas, confortaveis e bastante acolhedoras. O pessoal muito simpatico e eficiente. O pormenor de servirem um lanche a meio da tarde com um bolinho caseiro, cha, iogurte e limonada faz-nos sentir em casa e bem recebidos. O espaco exterior cuidado permite desfrutar da piscina e todo o espaco envolvente de forma bastante aprazivel. Um lugar a regressar certamente."
"Magnifico, extraordinario, unico, maravilhoso,.... Local, Pessoas, Comida da Da Alice, simplicidade, conforto, cuidado da Da Ana que esteja tudo a correr pelo melhor,..... o melhor mesmo e ir para poder avaliar. O que tem que melhor: Nada. O que tem de Bom: Tudo. Parabens e muito obrigado por terem feito de um fim de semana em Familia um fim de semana unico. Sugestao (ir com tudo incluido, e aproveitar para estacionar o carro e descansar)"
"Muito agradavel. Bom quarto (agradavel e grande), num local muito tranquilo, rodeado de natureza e vistas deslumbrantes. Staff simpatico, disponivel e preocupado com o bem estar dos hospedes. Os miminhos no quarto a chegada (uns biscoitos deliciosos) e o simpatico lanche sao agradaveis surpresas. Excelente pequeno almoco. Jantamos no restaurante e foi uma experiencia fabulosa. Comida caseira e feita com muito carinho pela Da Alice. Excelente cozinheira e muito simpatica e atenciosa."
"Fim de semana muito agradavel para descansar e conviver. O silencio e uma mais valia. O acolhimento foi muito bom. O ritual do lanche ao fim da tarde... Quarto muito agradavel e espacoso com excelente vista de paisagem rural. Cama confortavel. O pequeno almoco e excelente, com sumo de laranjas da propriedade. A equipa tudo fez para que nos sentisse-mos em casa. A lareira sempre acesa na sala de convivio convida. Recomendo vivamente."
"Lugar bastante calmo e sossegado em comunhao com a natureza, muito agradavel com staff simpatico e prestavel. Quartos acolhedores, jantar e pequeno almoco de boa qualidade. Estadia com pacote romantico com direito a jantar no quarto :)"
"Fim de semana para descansar. Sitio muito tranquilo. O silencio e uma mais valia. O acolhimento foi excelente. Como nao queriamos jantar serviram um cha e torradas em pao alentejano com um queijo maravilhoso. O quarto tem um pequeno terraco todo branco com vista pata o campo que e muito relaxante. O acesso e por um recanto com lareira com velas a acesas e um perfume convidativo. Cama enorme e com todo o conforto. O pequeno almoco e excelente, com sumo de laranja da propriedade delicioso. A proprietaria faz tudo para que nos sintamos em casa. A lareira acessa, o bolo caseiro de chorar por mais.  Podemos passear pelo campo em total silencio. Para descansar nao ha melhor."
"Paramos nas sesmarias para descansar, otima paisagem, sossego otimo para descansar e desfrutar do espacos calmos.  Pessoas do bem e muita simpaticas. Adoramos tudo.  A repetir 10estrelasssssssss  Aconselhamos ..."
"Fomos no inicio do mes de setembro ainda estava imenso calor a ideia era descansar e apanhar sol e este e o sitio ideal. Ficamos em regime de pensao completa o pequeno-almoco tem tudo o que e essencial de qualidade e fresco. O jantar e tambem em regime de buffett  com sopa um prato de carne e peixe e varias entradas e petiscos as bebidas estao incluidas, estivemos hospedados durante cinco noites e os pratos foram sempre diferentes e bem confeccionados. Ao almoco e perguntado aos hospedes o que vao querer de uma selecao de saladas, rissois, empadas, lasanha e algumas outras coisas, depois e so sentar e servem o que foi pedido previamente. Penso que este regime de refeicoes mais leves funciona bem para o verao nao sei se sera tao eficaz. O quarto era pequeno mas mais do que"
"Sao 5 min desde a estrada ate a recepcao, feitos numa estrada de terra batida, no meio de um descampado ate que...encontramos o paraiso, lindo, sossegado com um staff muito simpatico e eficiente...e a Dona Alice uma simpatia e uma cozinheira de mao cheia, incrivel..a repetir! Recomendo a toda a gente!"
"Que maravilha! Paz, sossego, tranquilidade. Excelente fim de semana, aconselho tudo incluido. Simpatia de todos e excelentes e modernos quartos e suites. A voltar brevemente para felicidade da mulher e filhos. Parabens!!"
"O que tem de bom? A piscina, a sala de estar e muito confortavel e acolhedora, o lanche oferecido sem qualquer custo a meio da tarde faz lembrar a casa da avo, o pequeno almoco e muito bom , o sossego e a paz e uma mais valia.  O que tem de mau? O acesso a herdade, e mau, nao primam pela simpatia, tirando a proprietaria, o quarto e fraco o colchao nao e nada confortavel, so chegarmos nao sabiamos bem para onde nos dirigimos visto nao ter identificacao da recepcao. O preco, Muito alto para o que e."
"O local, as refeicoes, o conforto do quarto, a limpeza e o atendimento. O atendimento das pessoas foi excecional, em especial a Andreia que estava sempre atenta a todos os pormenores. A piscina comum sempre muito limpa. Os quartos com piscina particular, dao um momento com os nossos filhos espetacular. O pormenor da fruta no quarto. As refeicoes ligeiras ao almoco sao espetaculares. Os passeios pela herdade, a pe ou de bicicleta sao fantasticos."
"muito boas condicoes comida caseira quartos optimos bom espaco staff muito simpatico da vontade de voltar passeios bicicleta optimos para dar volta na herdade muita simpatia dos donos e ambiente bastante calmo"
"A piscina exterior tem uma forma diferente e interessante, a zona em redor da piscina e silenciosa e permite descansar. No dia em que la estive havia criancas que respeitavam o silencio geral, apenas as criancas da casa(!) faziam barulho... No restaurante a variedade e insuficiente (2 pratos para jantar...) mas a qualidade e aceitavel. A chefe de sala e simpatica e esforcada.  A chegada ao local e feita tendo de passar sobre um fosso com umas placas metalicas, ou apontamos bem as rodas do carro ou enfiamo-las no fosso! (foi-me dito que e provisorio...) Depois temos um caminho de cabras com cerca de 2km em que se tivermos amor ao carro, nao passamos de 1a velocidade... a 10km/h!  Reservei uma suite com piscina privada. Ao chegar deparei-me com um pequeno tanque a entrada de um"
"Depois de 1 semana de praia, procuramos um sitio para descansar verdadeiramente. Em pleno Alentejo deparamo-nos com um oasis, pois tem poucos quartos, o que e sinonimo de tranquilidade, extremamente bem cuidado e decorado, mas e acima de tudo o calor humano que nos faz sentir em casa. Alem do profissionalismo, toda a atencao, e carinho que os funcionarios, em especial a D. Alice, e a Andreia colocam em tudo e fantastico. Faz-nos querer voltar. ( Isto para nao dizer que foi dificil deixar um sitio tao especial)"
"Gostamos de acabar as nossas ferias na paz e sossego do Alentejo. Desta vez estavamos capazes de voltar para o Algarve, de onde tinhamos acabado de sair.  A recepcao nao foi a melhor. Quem nos recebeu comecou por nos perguntar se tinhamos a certeza de termos feito a reserva ... pois nao encontrava a mesma. Foi necessario chamar o proprietario para verificar a situacao. Passado uns instantes la nos disse que tinhamos um quarto disponivel. Ficou a faltar um Peco desculpa pelo sucedido ... e Espero que gostem da vossa estadia ....  O quarto onde ficamos dava para a piscina. Era pequeno (as fotos enganam) e nao tinha espaco para arrumar a bagagem pelo que teve que ficar no chao junto a porta. Sentia-se um cheiro desagradavel muito forte na WC, ficamos sem saber se seria dos"
"Pela segunda vez neste espaco e mais uma vez incrivel a simpatia com que nos receberam. Tudo excelente, refeicoes, o espaco em geral, o quarto simples mas muito acolhedor. ficou a promessa de voltar pois ficamos com a sensacao de que soube a pouco (queriamos ficar mais dias). mais uma vez nao podiamos deixar de agradecer a d. alice, a andreia, ao sr. luis, a d. bebe e restante equipa toda a simpatia e gentileza com que nos receberam. aconselhamos a 100%"
"Quarto decorado com todo o pormenor, com cama em doussel entre outros mimos dum verdadeiro  hotel de 5 estrelas. Apreciamos muito  o pequeno almoco  servido  no quarto  e o fantastico  jantar servido a  luz das velas. Experiencia a repetir sem qualquer  duvida."
"Quarto com decoracao moderna e areas generosas, boa casa de banho, espacos publicos e de lazer optimos e sobretudo tranquilidade absoluta. Bom pequeno almoco, staff afavel e cordialidade dos anfitrioes. Tudo sao razoes para nao deixarem de visitar este Turismo Rural"
"Pela segunda vez que regressamos e parece sempre que chegamos a casa de amigos que nos recebem com todo o carinho e muita hospitalidade. Local ideal para quem quer fugir da cidade e parar um pouco aproveitado o melhor que tem a natureza."
"Espaco acolhedor e muito apresentavel, muito calmo e bem integrado no plano Alentejano, proprietarios simpaticos e prestaveis. Refeicoes tipicas da gastronomia local muito boas. Local ideal para descansar com o conforto necessario."
"Lugar idilico , que nos transporta para uma alternativa de vida fora da correria das cidades. Fomos recebidos como se fossemos convidados especiais , recomendo vivamente o pacote romantico que nos brindam com pormenores inesqueciveis. Voltar e uma certeza !!!"
"Excelente local para descancar Pacote Romantico fantastico com piquenique na Barragem a perder de vista. Decoracao do quarto com todo o mimo e bom gosto. Pessoal 5 estrelas com cuidados. Local certamente a repetir"
"Muita confusao com miudos, talvez por ser Agosto. Esperavamos encontrar mais calmaria. Talvez voltemos em epoca baixa para desfrutar do sossego que o lugar oferece. Tudo incluido e uma vantagem (quase obrigatoria pela localizacao) no entanto a oferta nao e muita. Faltou o pao alentejano.  Sitio fantastico para descansar uns dias a beira da piscina, longe de qualquer confusao.  Pessoal prestavel para qualquer coisa que seja necessaria."
"Recomendo este turismo rural, para quem quer descansar e fugir da confusao, quarto muito bom, bem decorado, um terraco para relax total, limpeza muito boa, a nivel da comida, tem que melhorar, tem que apostar na comida alentejana, mais variedade. As areas comuns tem que ser mais cuidadas. Mas volto com certeza a este lugar."
"Recomendo este espaco para quem procura um momento de verdadeiro sossego e desfrutar de paisagens lindissimas. Situado num monte alentejano, este hotel oferece momentos de tranquilidade mas tambem de divertimento, pelas diversas actividades que oferece (piscina, ping pong, bicicletas...). O regime de tudo incluido e um must, embora tenhamos ficado com a sensacao que podia ser mais variado, tendo alternativas para quem nao pode ou nao gosta de comer determinados pratos. O nosso quarto tinha um pateo muito catita que permite passar o fim de tarde a apanhar sol ou a ler, um pouco mais recatados. O que gostamos menos foi o conforto da cama que, apesar de ser king size, era uma juncao de dois colchoes, o que acabava por ser desconfortavel pela costura a meio que magoava as costas. O"
"O lugar perfeito para quem quer descansar.  O espaco e maravilhoso, a simpatia de todos contagiante e a paz que se sente e indescritivel.  Se forem namorar, nao deixem de fazer o programa romantico! 5*, tudo preparado com muito mimo! Vamos voltar!"
"O tempo parou... apesar de ser um fim de semana em ambiente familiar (2+3 filhos) deu para descansar e sentir o tempo passar muito devagar. Em ambiente familiar, com filhos pequenos, aconselho o regime tudo incluido pois as deslocacoes para entrar e sair da herdade com o calor alentetejano nao e aconselhavel. O que e aconselhavel e mesmo saborear a comida da D. Alice. O espaco esta com muito bom gosto e da uma grande liberdade as criancas, com varias actividades alem da piscina. A nao perder o por-do-sol alentejano(ver foto).... Por ultimo, mas de realcar tambem, a simpatia e hospitalidade dos donos"
"Sendo a primeira incursao ao turismo rural, sou sincero que ia um pouco a medo. Com tudo tratado pela minha cara metade, ia na completa ignorancia. E ainda bem...  Por muito que tente torna-se dificil criticar o que quer que seja. O ambiente muito caloroso mas que nunca chega sequer proximo de invadir a nossa privacidade, faz com que nos sintamos a vontade. O espaco tem tudo. Uma excelente piscina exterior, com ambiente que convida ao relaxe (enormes camas para deitar ao sol ou sombra), espaco de jogos com varias opcoes para entreter (foi optimo jogar ping-pong ao fim de tantos anos), bicicletas para explorar os 400 hectares da propriedade. Relativamente a comida, excepcional. Um lanche bastante agradavel incluido no preco, passando por refeicoes completas por valores"
"Atendimento muito bom e carinhoso. Quartos maravilhosos com espaco exterior. Muita privacidade mas ao mesmo tempo muito acolhedor. A area envolvente e simplesmente fantastica e natural. Refeicoes bem elaboradas com produtos tipicos. Perfeito para uns dias de descanso."
"Espaco moderdo e fresco que tem como expoentes maximos a simpatia dos donos e os petiscos da D.a Alice. Adequado para familias com criancas onde todas as solicitacoes sao prontamente atendidas no mais puro Alentejo."
"Ficamos por 2 noites e foi fantastico!   Descanso total.  Excelente acolhimento e atencao por parte da Bebe. Uma boa opcao jantar no hotel, comida caseira e tudo muito cuidado. Vamos voltar, mas desta vez levar o nosso filho, que vai adorar a piscina."
"Escolhemos este hotel para festejar com a familia e amigos um importante acontecimento. Ficamos com todo o espaco so para nos, o que fez com que nos sentissemos completamente em casa. Usamos a capela para a celebracao religiosa, fizemos todas as refeicoes e tivemos ainda muitos outros mimos. Toda a equipa que nos recebeu e tratou de nos foi incansavel. Foram dois dias perfeitos, que tanto os miudos como os  graudos adoraram. Mais simpatia e disponibilidade por parte dos proprietarios seria impossivel."
"Espaco excelente e ideal para quem procura um local calmo para descansar. A simpatia e disponibilidade dos donos e de todo o staff, torna a estadia muito agradavel. Quarto muito acolhedor, e o servico de restaurante impecavel!  Sem duvida, para repetir!"
"Tudo optimo!! Fomos no pacote Fim-de-semana Romantico e adoramos. Cada pormenor, a simpatia das pessoas, o sossego, a comida deliciosa. O quarto era super acolhedor, a cama muito confortavel, ja para nao falar em todas as surpresas que nos prepararam com todo o carinho. Uma experiencia a nao esquecer e para repetir!"
"Estabelecimento novo, ainda com pormenores por finalizar nomeadamente toalheiros na casa de banho. Amabilidade e simpatia dos donos, sempre de sorriso nos labios, servico de lanche na sala da lareira, marcacao de restaurante exterior. Alojamento espacoso, cama grande e confortavel, ar condicionado a funcionar bem. Pequeno almoco muito bom, com produtos naturais tais como leite, queijo e sumo de laranja; falta alguma charcutaria tradicional. Area exterior excelente para usufruir da primavera ao outono e com vista expetacular."
"Nos ficamos com a familia 3 noites la. O inicio da nossa viagem para as sesmarias foi um buraco enorme no pneu do carro, o pneu furou ao entrar na propriedade das sesmarias. A estrada e ruim e cheia de pedras pontiagudas. Quando chegamos, um carro antes de nos tinha a mesma coisa, estava sem pneu. . . Em seguida, fomos para o nosso quarto e nao era como prometido por fotos e descricao. Nos pagamos por um quarto melhor, que e chamado de Deluxe, mas eles deram um dos menores, nenhum espaco, nenhum sofa, nada. . Cama do nosso filho perto da nossa cama grande e quase sem espaco. Como estavamos com parentes, poderiamos comparar seus quartos e o nosso era um padrao definilty. Entao paguei mais por nada! Quando falamos com o gerente sobre isso, ela apenas nos disse que nosso quarto e"
"O quarto foi ok, no entanto nao foi chaleira, nao tabua de passar.  As instalacoes sao agradaveis, mas voce definitivamente precisa comprar sua propria comida ou ser prepeared para pagar um preco agitado para o jantar.  Cafe-da-manha foi bom, cafe e sucos frescos, alguns paes, cereais e frutas frescas.  O servico nao foi incrivel, talvez devido a falta de conhecimento de ingles.  A piscina estava muito suja, com pedacos ja no fundo. O mobiliario exterior tambem estava sujo, eles definitivamente precisavam ser preshure lavado.  No lado positivo, a paisagem ao redor e linda com oliveiras ao redor. Voce pode pegar algumas das bicicletas e explorar a area.  Definitivamente nao ficaria mais do que apenas uma noite embora."
