Avaliacoes
"Excelente vale bem a pena  Recomendo vivamente o Sergio e uma pessoa muito simples simpatico e muito acessivel  Mesmo bom para descansar    E bom para familias com criancas as senhoras que nos servem o pequeno  almoco sao muito simpaticas e mesmo muito bom"
"Area da piscina excelente, regras Covid muito bem organizadas e definidas, bem como assim bem comunicadas e fiscalizadas durante a estadia. Limpeza do quarto a chegada excelente. Area comum da casa sempre limpa e bem cuidada. Decoracao muito gira. Recomendo este espaco para descanso e tranquilidade."
"Junto a Monsaraz, na estrada para a praia fluvial de Monsaraz, este acolhedor espaco recebe confortavelmente os visitantes. Casa Tipica alentejana, quartos confortaveis e decorados a preceito, bom pequeno almoco alentejano, Inumeras actividades ao ar livre. Servico muito acolhedor, confortavel! A repetir? Sem duvida!"
"A estadia no Monte Alerta por todas as razoes foi de um tempo de descanso perfeito. Simpatia, ter sempre disponibilidade e fazer sentir que ha tempo para cada cliente, pequeno almoco muito bom, limpeza impecavel, bom gosto em toda a decoracao. Na piscina muito bem organizada a distribuicao de espaco, muito verde por todo o lado e sempre bem cuidado. As 2 senhoras que nos recebiam, no pequeno almoco,  sempre simpaticas prestaveis para qualquer coisa que fosse precisa. Resumindo, obrigatorio voltar!!! Muito obrigado"
"Que sitio fabuloso! Espacos muito agradaveis e diversificados. Recomendo vivamente. Excelente para passar uns dias de descanso longe da confusao. Otimo para familias! Donos extremamente acolhedores. Adorei!"
"Adoramos o espaco, acolhedor, cuidado, assim como a forma de como fomos recebidos. Atendimento cinco estrelas. Um espaco que nos permite sentir em casa. Zonas cuidadas e com muita privacidade. Obrigado"
"Nao podemos chamar ao Monte Alerta hotel nem alojamento. E sim uma grande casa onde somos recebidos pelo anfitriao Sergio como se fossemos da familia. Ali temos a sensacao de estar em nossa propria casa, onde podemos repousar e acalmar sem pressao de horarios.  Na minha opiniao, apenas um ponto menos positivo, em estadias longas os pequenos almocos nao sao muito variados."
"Quanto ao espaco em si e excelente, o anfitriao e excelente, a localizacao e excelente, a limpeza e excelente e as recomendacoes dadas foram excelentes. Vou voltar e ja recomendei a todos os meus amigos! Obrigado Sergio!"
"Muito bom e extremamente acolhedor! Muito bem localizado a menos de 5m de carro de Monsaraz tem um espaco exterior cheio de recantos para namorar ou conversar e a que nao falta uma nela piscina e jackuzi! O interior e de muito bom gosto e os quartos muito bem decorados! O proprietario ( Sergio) e s hospitalidade em pessoa! Recomendo vivamente !"
"Um local excelente para passar uns dias em perfeito relax.  Equipa muito simpatica. O anfitriao, Sergio, sempre simpatico e disponivel. Tudo perfeito. A noite, as estrelas nao deixam espaco livre no ceu!"
"Turismo excelente! Com um anfitriao fantastico, uma casa linda, muito bom pequeno almoco e uma localizacao fabulosa. Perto de Monsaraz, onde a paz e a tranquilidade adocaram o fim de semana . A vista das estrelas neste local e maravilhosa"
"Casa muito bonita a escassos minutos da Freguesia de Monsaraz e da fabulosa Praia Fluvial, que adoptou o mesmo nome. O anfitriao Sr. Sergio de uma simpatia e delicadeza extrema, deixou-me completamente a vontade, sentindo-me como se estivesse em casa. Quarto enorme, excelente colchao e muito boa almofada. Pequeno almoco divinal, com produtos caseiros, nomeadamente, bolinho feito na hora, diferentes sumos naturais e um excelente pao alentejano, entre muito outras coisas deliciosas,... Ao Sergio, Um Forte Abraco e Muito Obrigado pela forma como me recebeu em sua casa. SEM DUVIDA A REPETIR!!!"
"Foram uns dias de puro descanso. O Sergio(dono) e a restante equipa sao pessoas super prestaveis, atenciosas e simpaticas. O Monte e toda a area envolvente de Monsaraz e o sitio indicado para quem precisa realmente de repor energias, sem horas e sem pressas. Fugir ao ritmo da cidade. So tenho de agradecer todo o cuidado e atencao que tiveram connosco.  O Monte Alerta e um espaco com cerca de 180anos de historia, passados de geracao em geracao, assim como, as mobilias, pecas decorativas e salas. A Camila manda um beijinho especial para o Sergio."
"Atendimento 5*. Simpatia, limpeza , sitio fantastico para passar uns dias em familia ou ate mesmo sozinho !  A 1 minuto do Observatorio do Alqueva, e a 3 Minutos de Monsaraz , onde o nascer e o por do sol, sao especiais !"
"Adoramos todos a experiencia de uma semana no Monte Alerta. Esta propriedade e um autentico oasis no sope de Monsaraz com espacos verdes de exuberancia rara nestas paragens. E possivel descansar verdadeiramente pelo espaco envolvente, mas tambem porque os quartos tem um excelente isolamento acustico. A piscina e o centro de um jardim maravilhoso convidativo ao descanso e a mergulhos revigorantes. A hospitalidade dos proprietarios e do pessoal e assinalavel, assim como o esforco no cumprimento das normas da DGS para o Covid-19, pela seguranca de todos. Vamos fazer por regressar!"
"Completamente rendidos a beleza da quinta e a simpatia do dono, da D. Maria e da Patricia, que nos fizeram sentir em casa. Ficamos num quarto muito bonito com todas as condicoes para que desejenos voltar. Ficar nesta quinta permitiu-nos aliar o bom descanso ao passeio por algumas das emblematicas terrinhas do Alentejo. Ja para nao falar que trouxemos o nosso filho de 5 meses que adorou este ar puro que aqui se respira. Desejamos sem duvida voltar!"
"Hospedagem rural numa casa portuguesa secular, de decoracao cuidadosa e hospitalidade impar. Ambiente bucolico e acolhedor que preza pelos detalhes. Para descansar em contato com a naturez a ou em frente a lareira ..."
"Um espaco lindo, respira tranquilidade e simpatia. Os quartos sempre limpos. Excelente cuidado de todo o staff, desde o pequeno almoco, a limpeza sempre atempada dos quartos. Recomendo e lugar a repetir. O Sergio e restante equipa sao de uma generosidade extrema, sempre a procura do melhor. Da minha parte e restante familia, o meu muito obrigado."
"Um espaco super confortavel com uma decoracao classica e muito tipica. Local para desfrutar de tranquilidade em boa companhia. Pequeno almoco bom e quartos amplos. Mesmo no inverno a estadia foi 5 estrelas e fomos muito bem recebidos."
"A estadia no monte alerta, nao poderia ter sido melhor. Adoramos todos os pormenores, desde o acolhimento, a decoracao, os diversos espacos comuns, que nos fizeram sentir em casa. O pequeno almoco, igualmente, excelente. Uma experiencia a repetir."
"Bem localizado, tranquilo, limpo, recomendo vivamente a quem queria descansar e desfrutar da regiao pois ha varias iniciativas locais a descobrir. A simpatia de todos neste alojamento e fantastica. O pequeno almoco e bastante bom."
"Estadia excelente. Estadia com tudo o que esperavamos. Com uma higiene espectacular, Uma decoracao fabulosa, um pequeno almoco com produtos regionais e de grande qualidade e um anfitriao que mostra sempre a sua disponibilidade e simpatia."
"Provavelmente das melhores casas de campo do pais. Pequeno almoco fantastico simpatia do Stags Paz e tranquilidade perfeito para um fim de semana de sonho. Aconselho vivamente e um agradecimento especial ao Sergio que foi um grande anfitriao."
"Espaco magico, confortavel e acolhedor. Uma experiencia unica de verao e outra completamente diferente de inverno.  Instalacoes e servicos otimos Sergio, a Ana e restante pessoal da casa sao 10 estrelas. RECOMENDO"
"A casa, na familia do dono a 8 geracoes, e maravilhosa. Linda, super bem decorada, com uma energia super calma e positiva. E o sitio perfeito para descansar da confusao da cidade. De referir a simpatia do Sergio.  Um sitio, sem duvida, para repetir."
"Local muito bonito e bem cuidado, limpeza impecavel.  Pequeno almoco simples mas com qualidade. Ideal para quem procura sossego e refugio na natureza. Staff muito atencioso. Proximo da praia fluvial e do observatorio lago Alqueva (recomendo)."
"Muito bem recebidos, tudo estava impecavel, a repetir. Pequeno Almoco muito bem servido, as pessoas muito atenciosas. Os quartos e casa banho tudo muito bem apresentado. Espaco exterior jardim bonito . A Piscina limpa . Geograficamente o Castelo a 2 e a Praia 1 minuto de carro."
"Venho destas ferias totalmente encantada! O Monte Alerta foi sem duvida a melhor escolha, ate tivemos de reservar mais uma noite! So posso agradecer ao Sergio e a toda a sua equipa por nos terem acolhido tao bem! Voltaremos concerteza!"
"Um local com muita calma, tranquilidade e hospitalidade! E optimo para quem vai de ferias com criancas.  A sua localizacao e excelente para quem quer conhecer a regiao.  E sem duvidas um local a repetir.   O Sergio faz-nos sentir em  casa.  Recomendo sem duvidas."
"Local de excelencia para descansar e desfrutar da Natureza. Quartos muito confortaveis e com uma decoracao aconchegante. A piscina e maravilhosa, em que o clima propicia uns maravilhosos mergulhos. O anfitriao e de uma simpatia sem igual. A Dona Maria e uma excelente funcionaria, muito carinhosa e servem nos um pequeno almoco dos Deuses! Vamos voltar certamente!"
"Uma casa encantada, onde a paz vive!!! O Sergio e fantastico faz da sua casa a nossa casa. Recomendo vivamente,nao ha palavras para descrever mais, mas sim so estando neste lugar unico. Obrigada ao Monte Real.  Ligia"
"Ja somos repetentes no Monte Alerta e voltaremos de certeza. No Monte sentimo-nos felizes e em paz  Somos sempre recebidos como se fossemos da familia. As obras realizadas este ano ainda o tornaram mais bonito e acolhedor. O Sergio (nosso anfitriao) e maravilhoso, sempre com um sorriso e pronto a agradar a miudos e graudos. Obrigada Monte Alerta e ate para o ano !!"
"Ferias com a esposa e a cadela, tudo impecavel. A simpatia do Sergio (proprietario) que desenvolve todos os esforcos para dar o maximo conforto. A proximidade da praia fluvial e do castelo e mais um dos pontos positivos. Muito satisfeito."
"Monsaraz, uma escapadinha a repetir!!! Monte muito bem tratado, pessoal fantastico, quarto grande, toda a decoracao bem pensada, pequeno almoco simples e delicioso, a piscina otima. E um deck para apreciar a paisagem e relaxar. A praia Fluvial mesmo ali ao lado, e um passeio no Castelo ao por do sol. So nao consegui ir ao observatorio das estrelas ali ao lado.  Aconselho."
"A experiencia foi optima! O Monte e lindo de morrer, super cuidado e os empregados muito atenciosos e profissionais.  Os quartos sao espacosos e confortaveis, o pequeno-almoco delicioso. O monte tem a nossa espera o burro Juvenal que faz as delicias das criancas.  A situacao geografica do Monte e tambem excelente, pois esta muito proximo da praia fluvial e de Monsaraz."
"2dias de perfeito encantamento! Quarto espetacular, recepcao do Sergio 5*, servicos da casa muito bons e um pequeno almoco maravilhoso! A piscina e muito boa! De salientar nos arredores o castelo, a praia fluvial e o OLA. Espero repetir brevemente.."
"Lugar incrivel , agradavel , acolhedor e com atendimento do Sergio , o dono, espetacular ! Paisagem e hospedagem perfeitos ! Cafe da manha delicioso e com instalacoes muito bonitas e super limpas ! Piscina deliciosa !"
"Ambiente familiar e acolhedor. Sem duvida para repetir. Provavelmente a melhor vista sobre o Castelo de Monsaraz e um espaco digno de um livro de encantar... Desde o atendimento dos colaboradores a prontidao de satisfazer todos os nossos desejos por parte dos donos, este turismo merece 10/10 em qualquer ponto."
"Tudo perfeito o Sergio perfeito anfitriao levamos uma cadela e foi uma recepcao fantastica.Pequeno almoco extraordinario o sumo de morango e o bolo de canela celestiais. O ceu noturno .... So resta voltar"
"Espaco muito bonito tanto em construcao como decoracao, optima simpatia de todos, calmo, arrumado e limpo. A piscina e o jardim sao de encantar, tanto para passar o dia como para estar durante a noite observando as estrelas e a desfrutar de um bom gin. Nao tenho nenhum ponto negativo, aconselho a todos. Obrigado a equipa. Abraco Sergio e ate breve."
"Para comecar os Funcionarios  sao todas uma  maravilha, gente muito acolhedora, com muita  Simpatia. Um Monte Turismo Rural que nos transmite muita energia positiva. Tudo muito bonito.  Recomendas para todas as idade. Quem vai la uma x, volta sempre !!!  We will be back soon."
"Um hotel que encanta pela sua arquitetura,   bom gosto na decoracao e muitos pormenores. E como uma viagem repleta de historias espelhadas nos objectos que encontramos pela casa. Todo o espaco esta muito bem cuidado e limpo. Os quartos sao grandes e o colchao optimo! A salientar a simpatia do proprietario Sergio que nos pos a vontade  na companhia da nossa 4 patas Pinki. Um sitio sem duvida para voltar com mais tempo. Ate breve!"
"O Monte Alerta para alem de ser um ponto estrategico ao redor do qual ha muito para conhecer, e tambem um lugar interessante com requinte e com historia ou historias. Passamos ali  4 noites para comemorar o aniversario da minha mae. So temos a agradecer ao Sergio e aos seus funcionarios pela simpatia, pelo profissionalismo e pela otima hospitalidade. A casa e muito bonita, com piscina e jardins fantasticos que nos convidam a meditacao. Um verdadeiro retiro ecologico em pleno Alentejo. O pequeno almoco e otimo com produtos da regiao. Os quartos e salas sao surpreendentes. Uma boa relacao: qualidade/preco. Sim, vamos voltar e recomendamos! O Monte Alerta deixa saudades."
"Simplesmente fantastico, O Sergio fez questao que nos sentissemos verdadeiramente em casa.  Pequeno almoco soberbo de muita qualidade e diversidade.  Quartos todos de decoracao distinta, tendo em comum uma decoracao que nos transporta para um ambiente de relaxe e lembrancas antigas.  Camas excelentes.  Envolvimento exterior com varios recantos em voltada piscina, proporcionando isolamento e permanencia tranquila.  Por fim uma pequena barragem que proporcionou momentos de diversao que nao esqueceremos.  MUITO OBRIGADO"
"Monte com espacos muito acolhedores,  decorado com bom gosto, com pecas que nos transportam ao passado. Sentimo-nos em casa, nao so pelo local mas tambem pela simpatia e disponibilidade do Sergio, que nos tratou como amigos. A estadia de inverno com lareira acesa e ambiente propicio, foi muito boa."
"O Monte e simplesmente fantastico, cada recanto pensado com extremo bom gosto, cada olhar revela mais um pormenor delicioso, um sensacao de paz com a maravilhosa natureza alentejana. O calor que se faz sentir em agosto e equilibrado com mergulhos continuos na piscina, envolvida num jardim cheio de detalhes fantasticos, tudo muito bem cuidado. A casa e um descoberta continua de um sem numero de objectos extraordinarios e bem conservados. O quarto bastante confortavel e com uma decoracao simples, uma mescla entre o que e nosso e outras terras e outras culturas, entre o antigo e o novo, entre o tradicional e o moderno. O pequeno almoco, com varios produtos regionais, e delicioso e variado. Por fim de referir que as pessoas que trabalham no monte, e em particular o anfitriao, sao de"
"O ambiente acolhedor, a beleza de cada recanto dentro e fora da casa, a vista para as paisagens alentejanas e para o ceu mais estrelado, os cheiros, o pequeno almoco, o jardim, os animais, tudo isto podia bastar para recordarmos a experiencia no monte alerta como maravilhosa e inesquecivel... mas faltam as pessoas, a forma como nos receberam e o bem como nos trataram ao longo da estadia... adoramos tudo e todos. Ate o fantastico quarto das princesas =) sentimo-nos bem e pretendemos voltar. Obrigada pelas recomendacoes e obrigada pelo carinho. EXCELENTE"
"Lugar onde nos sentimos totalmente em casa. Casa decorada com excelente bom gosto, cada recanto uma doce descoberta. Jardim fantastico onde se pode desfrutar de uma piscina refrescante, ler um livro, dormir uma soneca ou entao simplesmente fechar os olhos, ouvir os passaros e apreciar o cheiro das flores. O Sergio e um anfitriao 5 estrelas, sempre disponivel e atento. Parabens, iremos voltar concerteza. Salvador, Lucinda, Rafael, Filipa, Joana e Frankie"
"Para quem gosta de ser bem tratado sera dos melhores sitios na zona..tudo muito agradavel e familiar..pequeno almoco diversificado e muito fresco..toda a area e bem tratada e de uma grande beleza..voltaremos sem duvida..obrigado"
"Sublime espaco. Tempo destilado na perfeicao. Atmosfera perfeita. Tudo nos deu a forma da felicidade. Voltar ou ir a terra que nos faz crescer. Os sons puros, o brilho da luz e da meia noite valem esta peregrinacao. Obrigado."
"Eramos 28 familiares, de varias idades, e tivemos o belo Monte Alerta em exclusivo. Melhor seria impossivel: estavamos como se fosse na nossa propria casa. Quartos optimos, pequeno almoco maravilhoso... tudo, mas tudo muito bom. Muito obrigada por tudo. Ficarao sempre nas nossas recordacoes. E quando a saudade for muita nos voltamos, de certeza."
"A simpatia e a forma como fomos recebidos neste magnifico monte foi espetacular. Quartos muito bons, zona da piscina magnifica e todo o espaco envolvente. Agradecimento muito especial ao Sergio que e um excelente anfitriao... sempre disponivel para ajudar a que tivessemos uma excelente estada aqui ... muito obrigado Sergio. Agradecemos ainda a Patricia, a Dona Maria e a outra senhora, muito obrigado por tudo. Adoramos... voltaremos de certeza e o mais breve possivel."
"Numa localizacao privilegiada, junto ao castelo de Monsaraz, observatorio e praia. Um espaco muito acolhedor, bem decorado. Senti-me em casa. Fui muito bem recebida.  O pequeno almoco e maravilhoso. O sumo de framboesa e qualquer coisa.  Os quartos muito confortaveis. Todas as condicoes para uns dias de descanso. O Sergio ( proprietario)e todos os restantes funcionarios,  uma simpatia.  As dicas do Sergio foram excelentes. Tudo correu muito bem. Espero regressar em breve para um mergulho na piscina e para o sumo de framboesa."
"Lindo o lugar,casa,cidade, uma experiencia para voltar novamente ! Estive com os meus caes( fox terrier ) e foram muito bem tratado pelo staf do hotel,como sabem esta raca precisa de muito espaco para descarregar as energias,e eles ficaram soltou no jardim,  sentimos  mesmo em casa !"
"O espaco e lindo, muito bem cuidado. Tem um grande jardim, com piscina. Os funcionarios sao muito simpaticos e sempre disponiveis. Ha uma grande preocupacao com o bem-estar dos clientes. O quarto era excelente. O pequeno-almoco e espetacular, muito variado, com bolo e sumos caseiros, queijos, fruta, varios tipos de pao.  Toda a zona envolvente e lindissima,"
"Como o Sergio (proprietario) bem o define, esse lugar e a sua, a nossa casa. Grande opcao na charmosa Monsaraz. Realmente algo diferente de uma pousada-padrao. La vc se sentira em casa, tomando um vinho na sala e se aquecendo na lareira. Sergio e sua familia la moram e isso nos fez ter a oportunidade, por exemplo, de bater um papo com sua vozinha (dona Antonia) na sala, escutando suas historias de vida. Onde mais isso poderia ocorrer? Sergio e jovem, uma pessoa diferenciada, com uma visao de mundo (englobando aqui os negocios, claro) bem interessante, daquelas pessoas que precisamos conhecer e ouvir de vez em quando para ter melhor esperanca na humanidade. Obrigado por nos receber tao bem e partilhar suas experiencias conosco. Infelizmente quando saimos o amigo nao estava e nao"
"Nao sendo o tipo de monte que mais me atrai, tem todas as condicoes para uns dias tranquilos, onde nos podemos alhear dos barulhos da civilizacao! Muito soft, com decoracao (nas zonas comuns) fantastica, mesmo a convidar para umas noitadas de conversa com os amigos. O quarto onde ficamos tinha pouca luz solar e nao oferece as mordomias das unidades mais recentes ... nao e por isso menos apetecivel. A piscina e fantastica e so e pena que a albufeira esteja a sofrer a seca que se vive em todo o Pais. O Sergio ... e super caloroso e hospitaleiro!!"
"Gostei muito. Acordar num ambiente rural rodeado de antiguidades, com uma decoracao muito bonita, encheu-me a alma.O acolhimento pelo Sr. Sergio foi fantastico e isto muito contribuiu para quase nos sentirmos em nossa casa. O exterior e relaxante e rodeado de vegetacao e foi um prazer tomar  la o pequeno almoco ,num sitio tao repousante e silencioso. Bom pequeno almoco acompanhado por sumo de fambroesas. Obrigada Sr. Sergio pela maneira simpatica como fomos tratados."
"Lugar encantador..tudo o que nos rodeia e fantastico. A herdade tem uma coleccao sem fim de varias antiguidades, o exterior e lindissimo. Gostamos muito do Juvenal, das ovelhas de tudo o que esta a volta da Quinta...lugar a voltar. O pessoal de Aveiro gostou e vai recomendar."
"Sitio verdadeiramente espectacular, staff muito simpatico, bem disposto e acessivel, decoracao pitoresca e muito bonita, quarto agradavel e confortavel e casa de banho enorme. O pequeno almoco foi maravilhoso, a piscina e fantastica, assim como o jardim envolvente e os animais. Sem duvida que recomendo e a localizacao tambem e muito boa. Um sitio para repetir."
"Fantasticas instalacoes de Turismo Rural, mas a maior valia com toda a certeza sao as pessoas que nos recebem de bracos abertos como membros da sua familia. Obrigado a toda a equipa e ate ja. Saudades ..."
"Foi uma estadia extraordinaria neste oasis alentejano.  Toda a envolvencia deste monte, com vista para o Alqueva e para o Castelo de Monsaraz contribuem para uma excelente estadia! O quarto grande e confortavel, bem iluminado e arejado, com uma decoracao muito agradavel e sobria, permite-nos descansar plenamente. Os deliciosos pequenos-almocos com fruta fresca e sumos naturais, ovinhos mexidos e bolinhos caseiros, trazem-nos um bom inicio de dia. Os jardins bem cuidados, a piscina e o bar com aqueles magnificos aspersores que nos refrescam enquanto tomamos uma bebida, ou comemos uma belissima refeicao leve, sem termos de sair, complementam a nossa estadia. E depois os donos... Os donos sao anfitrioes eximios, disponibilizando-nos tudo o que precisamos para que a estadia seja"
"Muito confortavel, ambiente familiar e acolhedor. A piscina optima e o jardim envolvente muito agradavel. Os quartos sao muito bons e confortaveis. A localizacao e excelente, vista desempedida para o castelo de Monsaraz e muito perto do lago da albufeira do Alqueva. Facil acesso a Reguengos de Monsaraz e Mourao. Se esta a procura de uns dias de completo relaxa e tranquilidade perto de Monsaraz, nao hesite, vale bem a pena!"
"Otimo local de descanso, muito sossegado e tranquilo. O ambiente foi sempre muito familiar e muito acessivel. Local excelente para observacao das estrelas. Interior da casa e indiscritivel, um autentico museu. Exterior com uma grande piscina e um grande jardim envolvente. Espero la voltar."
"O ambiente e muito familiar. O espaco e muito agradavel e tranquilo. Excelente hospitalidade por parte dos proprietarios. A comida e optima. Sentimo-nos completamente a vontade como se fosse a nossa casa. a repetir. Adorei. Excelente. Julia Rodrigues"
"A estadia de quatro noites no Monte Alerta foi perfeita para um muito necessario descanso. O quarto era enorme, com pormenores antigos mas com todas as comodidades da vida moderna. A casa e muito bonita e nem decorada. O melhor foi mesmo a piscina, suficiente para uma casa cheia e com muito espaco a volta para relaxar. O pequeno almoco e muito bom, com produtos regionais e num raio de 2 km ha pelo menos 4 bons restaurantes."
"O Monte alerta e um local unico de paz e tranquilidade com uma piscina espetacular. O interior da casa e algo unico...casa museu com muito conforto. Muita simpatia e belas tardes com gin sharish, referencia dos gins alentejanos."
"Regresso em 2017, para uns dias maravilhosos. Mais uma vez, parabens ao incansavel Sergio e a sua familia pelos bons momentos. Assim que puder, e voltar novamente. P.S. - As caipirinhas estavam deliciosas!!"
"Ambiente calmo, acolhedor, muito familiar. Boas condicoes de alojamento. Espaco exterior excelente. Fomos recebidos com imensa simpatia e postos completamente a vontade. E um otimo hotel para estar com criancas. Pequena almoco com um sumo de morango espetacular. A voltar."
"Optimo atendimento, staff e muito simpatico toda casa tem uma decoracao rustica e elegante vive se um sentimento acolhedor e espetacular , com lareiras antigas situadas por toda a casa, a piscina nao tem horario de fecho e tem uma optima vista. Os quartos suite sao grandes , contacto directo com animais e a natureza . Ideal para quem quer relaxar e desfrutar nas ferias quer de verao ou Inverno. Ps: o ceu a noite e dos mais lindos e estrelados que ja vi !!!!  Gostei de tudo"
"O que poderia ser um fim de semana de descanso, foi isso e muito mais, que cantinho fantastico que descobrimos bem perto de Monsaraz. A casa e todo o seu envolvente estao muito bem tratados e nos somos convidados a fazermos daquela a nossa casa, todo o tempo que la estivermos hospedados.   A casa que esta na familia ha 8 geracoes inclui dentro dela um nao mais acabar de pecas decorativas antigas, todas bem tratadas e que tornam a decoracao da casa ainda mais acolhedora, assim como as fotos da familia que vamos encontrando em varios espacos.  Os quartos sao enormes e todos muito bem decorados, mas os espacos no exterior realmente captaram a minha atencao, existem varios espacos de descanso, vegetacao de varios tipos, varios pontos com cadeiras/sofas/camas e claro, a minha"
"Sem grandes mordomias, fomos recebidos como se fossemos familia. Conhecemos o espaco interior e exterior.  Muita simpatia e humildade.  A voltar.  Por vezes menos e mais, e aqui isso aplica-se muito bem."
"Retiro ideal para um fim de semana ou mais dias. Sossego completo, piscina fabulosa, jardim fresco com relva e arbustos ideal para dias com 40-C ao sol! Bar com diversas bebidas, nomeadamente gin de origem local. Staff fantastico, sempre pronto a ajudar e com sorriso. Recebem-nos em casa deles como fosse nossa.  Obrigada! Vamos voltar!"
"Todas as instalacoes sao de muito bom gosto,sendo que o meu quarto ,alem de grande,estava muito bem mobilado e muito bem limpo.O mesmo a aplicar ao WC,anexo.O monte esta muito bem situado e bem cuidado,sendo que a area envolvente ao predio e a piscina ,alem de muito bem cuidados sao muito agradaveis,para quem queira descancarNo computo geral a nota de 0 a 10 sera de 9,5.Para visitar novamente"
"Nada a apontar, 5 estrelas, o Sergio e extremamente simpatico e fez-nos sentir em casa. A casa e muito acolhedora e tem ambiente fantastico. Os quartos sao espacosos, a decoracao tambem e impecavel. Recomendo bastante!"
"O Monte Alerta e uma casa de campo onde nao somos hospedes mas convidados da casa. Com um decoracao rustica, mas soberba e extremamente acolhedora, faz nos sentir numa casa de um amigo que vive no campo. O Sergio, bem como a sua mae (as pessoas que nos receberam) fizeram nos sentir como fossemos velhos amigos. E realmente um local para voltar e tornar a voltar. Nao tendo a impessoalidade de um hotel, tem todas as comodidades acrescidas de um hospitalidade que um de 5 estrelas, nao oferece. O unico senao foi ser so um fim de semana. Para voltar com tempo e usufruir de tudo"
"Monte Alerta e um espaco de lazer muito bem conseguido. casa muito bem decorada, com uma envolvencia fantastica, onde se pode realmente relaxar. Monsaraz muito perto. Quartos muito bons e optimo wc. Pessoal muito simpatico e pronto a satisfazer os desejos dos clientes. Pequeno almoco poderia incidir um pouco mais nos produtos exclusivamente da regiao., o que nao quer dizer que fosse menos bom."
"Voltamos ao Monte Alerta apos quase vinte anos desde a visita anterior. Estavamos bastante curiosos, pois guardavamos boas recordacoes, e tambem porque pretendiamos ver as mudancas entretanto registadas. A casa esta mais ou menos como nos lembravamos,quarto e wc amplos e bem equipados, o jardim, com a sua piscina,  esta muito mais frondoso (pormenor muito importante naquele local bem no interior do Alentejo) e as pessoas extremamente simpaticas e acolhedoras (tal como da primeira vez). Agora ja com a nova geracao a frente do projecto, o Monte Alerta e uma casa muito agradavel e que deve ser uma das apostas mais interessantes do Alentejo na vertente do turismo no espaco rural.  Ja me esquecia, mas nao posso deixar passar a simpatia da Maria que nos levou ao quarto umas fatias de"
"Propriedade cuidada, cheia de recantos, em que se pode ainda escutar o silencio .Uma casa que se pode considerar um pequeno museu, com quartos espacosos e confortaveis,cada um com as suas particularidades. Salas de estar confortaveis, com lareira, sempre bem vinda numa noite mais fria. Uma piscina suficiente para se desfrutar, inserida num espaco com muitas zonas de sombra.Pequeno almoco agradavel.A completar, a simpatia dos donos, sempre atentos, (o Sergio e omnipresente) ,completada pelo apoio do restante staff . Bons restaurantes perto, e o encanto do Alqueva. Sem duvida um lugar ao qual se volta."
"Hospedagem agradavel,cheia de pequenas decoracoes a condizer com o estilo da casa,com uma agradavel lareira na sala.vista bonita para um pequeno lago .estava inverno nao fomos a piscina que tem uma boa vista. Nesta altura do ano o jardim ainda nao estava no seu melhor."
"Recepcao impecavel por parte das pessoas que exploram o Monte, espaco confortavel, com optimas condicoes, quarto e wc amplos, pequeno almoco muito bom. Tem lareira, salas de estar, bar, piscina, jardim envolvente e lago. Ambiente muito acolhedor."
"Quarto amplo, confortavel. Excelente cama, casa de banho enorme, optimas condicoes. Pequeno almoco muito bom. Limpeza impecavel. Simpatia e boa educacao do pessoal, pequeno espaco de spa que faz frente a muito spa de luxo que por ai ha. Maos experientes e milagrosas da D. Vitoria.  Recomendo vivamente para quem quiser relaxar e sentir-se entre amigos. O monte e lindo. Parabens."
"Excelente espaco para relaxar, uma piscina espectacular, sala de refeicoes com um pequeno almoco muito bom e o pessoal muito simpatico e acolhedor, como bonus ainda temos a vista para Monsaraz que e deslumbrante."
"Um autentico paraiso em pleno Alqueva. Ideal para descansar, repor energias e passar bons momentos.  Senti-me em casa com a forma tao carinhosa como fui tratada.  Jardim bem cuidado, pequeno-almoco delicioso e quartos confortaveis. Nao ha como nao adorar."
"Quarto amplo com muita comodidade boa luminosidade e aquecimento e cama excelente.Os sofas sao muito confortaveis o que nos proporciona umas boas horas de descanso e de leitura.Casa de banho ampla .A noite e super agradavel estar com os amigos a conviver junto aquela bela lareira."
"O valor de 70.00 por noite nao se justifica face a qualidade das instalacoes.  1o - O parque de estacionamento nao tem iluminacao, o que considero uma falha grave, pois de noite nao se consegue ver nada e existe uns degraus para ir para as instalacoes.  2o - O espaco exterior esta com um aspecto desleixado   3o - Talvez fruto de ma execucao, no quarto onde nos colocaram, o WC tem um cheiro a fossa, provocado provavelmente pelo sifao que nao esta a bloquear o cheiro.  4o - O chuveiro nao tem suporte para se tomar banho com o mesmo fixo, sendo necessario estar com ele na mao.  Por estes factos e relacao qualidade/preco  e pessima."
"Uma perola alentejana, cada espaco conta uma historia e para quem e amante de antiguidades esta no sitio certo, a simpatia do anfitriao faz-nos sentir em casa. Pequeno almoco divinal, com produtos locais e uma lareira acesa so para nos. Foi pena ter sido por pouco tempo, vamos recomendar aos nossos amigos."
"O Monte Alerta foi uma boa experiencia ! As pessoas sao muito acolhedoras, sentiamos em casa. So podemos dizer coisas boas! Os quartos sao espacosos e com boas vistas, quer para o castelo quer para as paisagens alentejanas. Um sitio a ser visitado e revisitado!"
"Muito bom: bons quartos, decoracao fantastica, bom local para descansar sem esquecer o ambiente familiar e acolhedor. Sem duvida um dos locais a visitar novamente. Bons acessos a zona historica de Monsaraz."
"Esta unidade de turismo rural tem muito boa qualidade,quartos espacosos e com todas as comodidades,uma piscina que vai ate aos 3 metros de profundidade o que nao e muito normal encontrar e com uma boa vista muito sossegado. Bom pequeno almoco com variedade e produtos frescos. O quarto em fiquei instalado tinha vista para Monsaraz,lindo."
"O Monte Alerta foi uma maravilhosa descoberta!  E o local perfeito para descansar (sossego absoluto), com uma envolvencia fenomenal: piscina, jardim super bem cuidado com varios cantos de descanso (mesas, camas e ambiente zen), bar de gins acolhedor (Sarish Gin - lentamente destilado no Alentejo - e incrivel), quarto espacoso e confortavel com um terraco com vista, refeicoes cuidadas e saborosas e um atendimento personalizado que fez desta estadia uma experiencia inesquecivel. A repetir. Aconselho vivamente!"
"Quero partilhar as grandes experiencias que ja passei no Monte Alerta em Monsaraz, ja la estive uma dezena de vezes e fui sempre muito bem tratado , lugar fantastico , muito calmo , muito bonito, cinco estrelas . Vou la voltar."
"Segunda vez que visito Monsaraz e que fico neste turismo rural. E simplesmente o melhor dos melhores! Aconselho vivamente! Espaco muito agradavel, zona exterior muito bonita e com vida. A piscina e muito boa!"
"Monte Alerta, turismo rural, onde podemos descansar, Quartos confortaveis com uma vista Boa, natureza rural e outras. Noites agradaveis com ambiente familiar. Excelentes gins da regiao. Muito importantes as pessoas que estao a frente desta unidade. Colocam ao nosso dispor tudo o que e possivel para proporcionar um ambiente muito bom. Resumindo excelente."
"Uma experiencia a repetir. Desde o primeiro dia fomos recebidos como se fossemos da familia.  Uma piscina muito agradavel onde passamos a maioria do tempo. Os quartos tem optimas condicoes. Um Espaco 5 Estrelas!  Recomendo Vivamente"
"Foi uma agradavel surpresa a estadia no Monte Alerta. Obrigado ao Sergio e aos Pais pela simpatia e atencao com as criancas. O melhor elogio que posso fazer e dizer que me senti em casa num ambiente familiar! Os almocos junto a piscina sao simples mas muito agradaveis e com muita qualidade! Experiencia provavelmente a repetir no futuro!"
"Estive com a minha familia neste local, que recomendo para passar uns dias relaxados, a ouvir a passarada, a olhar o ceu estrelado do Alentejo. O ambiente e familiar e acolhedor.Nas proximidades esta Monsaraz, de visita obrigatoria, com excelentes restaurantes."
"Excelente refugio para quem procura sossego e uns dias para descontrair. A propriedade e acolhedora e sente-se uma otima atmosfera. O staff e incansavel. Os quartos sao otimos e o descanso reina. Sem duvida para regressar em breve."
"Tiramos estes 3 dias de fim de semana prolongado para ir ate ao Alentejo profundo. Nao obstante o calor que se fazia sentir, pudemos desfrutar de uns belos dias no Monte Alerta e contar com a simpatia do Sr. Sergio e da Vitoria. Excelentes instalacoes, piscinas fabulastica e a envolvencia e de ficarmos pasmados com as aguas do Alqueva. Experiencia que recomendo vivamente!!!!"
"Fim de semana prolongado com o objectivo de descansar. O local e fantastico com varios cantos e recantos que permitem a privacidade dos diferentes hospedes. O pequeno almoco e agradavel e variado e pode ser tomado na esplanada. O Sergio e muito simpatico e disponivel. Sem duvida um local a recomendar e a voltar!!!"
"Que delicia de espaco rural! Ideal para descanso, leitura, relax. .. A casa despretensiosa com decoracao rustica, e muito acolhedora. A piscina convidativa apesar de nao mto grande. Um bar de apoio onde o Sergio serve por ex gin descrevendo como e feito com tal carinho que nos poe a deseja - lo... Os jardins muito bem cuidados com plantas todas misturadas como eu gosto. A noite fica iluminado ao som de musica ambiente. A familia, habita a casa e connosco convive e interage frequentemente, sendo do mais gentil e disponivel que conheco.  Faz alguma falta o apoio da cozinha, a meu ver. O pequeno almoco e  caseiro e variado com sumo de fruta natural. Enfim... Nao convem elogiar mais nao vao perder a qualidade!  Esqueci-me de falar das gatinhas que vao ao jardim no momento da"
"Excelente espaco para relaxar e desfrutar da natureza! Atendimento excecional e personalizado!  Variadas opcoes de lazer! A noite,  nada como contemplar a perfeicao de um ceu estrelado, pincelado de estrelas cadentes!"
"Fomos recebidos de forma muito calorosa com um Queremos que se sinta em casa e, de facto, sentimos. A casa revela um ambiente familiar que nos acolhe por todo o lado, desde a decoracao tradicional, com apontamentos modernos, testemunho do passado que os conduziu ate este momento, ate a simpatia do Sergio e da sua mae que, gentilmente, partilhou alguma da sua rotina em momentos de conversa muito agradavel. O espaco envolvente e muito convidativo, adoramos os varios recantos dos jardins e a piscina, sempre frequentada, mas sem nos sentirmos apertados. Uma nota ainda para os animais domesticos que nos rodearam sempre de forma carinhosa. Por ultimo, o ceu! A noite proporciona um visao maravilhosa do ceu que a cidade nos nega. Fomos brindados com estrelas cadentes na noite de"
"Da simpatia de todos, sempre disponiveis em agradar. Das raridades que servem de decoracao a casa. Da localizacao e do envolvimento...enfim de tudo. Nao posso deixar de agradecer ao Sergio ter-me apresentado o Gin Sharish... Sem duvida a repetir..."
"Desde a simpatia e atencao do Sergio, assim como os seus pais, passando pelo bom gosto dos quartos assim como de toda a casa, o asseio e higiene das instalacoes, revelou-se um conjunto de fatores que conjugados fazem com que passemos, sempre que possamos, a ter como destino de escapadelas, o Monte Alerta."
"Acolhedor, decoracao de muito bom gosto, recantos no jardim para maior privacidade, boas sombras em toda a area, inclusive a volta da piscina. Atendimento familiar, porem nao invasivo. O local ideal para fugir a rotina."
"Quartos muito confortaveis e espacosos e com vistas deslumbrantes. Belas salas para descanso e leitura. Optima piscina e uma bela area envolvente com boas sombrsa e uma relva muito bem tratada. Belissimo servico de bar e sempre com boas bebidas."
"De realcar a abertura e simpatia do Sergio, quem nos recebeu e sempre se mostrou preocupado e atento ao nosso bem-estar. O espaco e muito bonito, com muitos pequenos recantos pensados para proporcionar um bom ambiente e conforto ao hospede. A noite permitiu-nos beber o melhor gin da nossa vida, conviver com alguem experiente e muito interessante num ambiente muito familiar. A localizacao e otima e a disponibilidade do proprietario e 5*. A repetir!"
"A ideia de passarmos 2 noites em Monsaraz levou-nos a pesquisa na NET de um sitio onde ficar. As fotos e a proximidade das muralhas de Monsaraz levaram-nos ate la. A escolha foi excelente. Tranquilidade, conforto, beleza e simpatia nao faltaram. Quem gosta de gatos vai deliciar-se com eles. O casal D. Vitoria e Sr. Sergio, assim como o seu filho Sergio fizeram sentir-nos em casa.  Alias nao posso deixar de frisar a disponibilidade para nos levarem onde quisemos ir jantar, uma vez que o nosso carro resolveu avariar."
"Salas muito bem decoradas, ao estilo antigo, com muito bom gosto. As lareiras no Inverno deverao ser um must. Sumo natural ao pequeno almoco de grande qualidade. Espaco exterior muito agradavel e cuidado, e uma piscina que delicia qualquer um inserida na deslumbrante paisagem do Alqueva. Simpatia de todos. Obrigado Sergio. Ah! e ja agora nao se esquecam dum gin, produto nacional muito bom! A gastronomia da regiao e fabulosa, com destaque para o Sabores de Monsaraz...Imperdivel! Por certo um programa a repetir"
"Sem duvida um retiro espiritual, com a sua paisagem natural e um museu a ceu aberto que e Monsaraz. Staff 5 estrelas, e muito preocupado em todos os pormenores. Piscina fantastica. Quartos com condicoes soberbas e uma vista sobre a vila de Monsaraz fantastica! Irei voltar com certeza!"
"Muito boas instalacoes, optima decoracao variada e enquadrada no estilo alentejano tipico ambiente muito calmo , com piscina, optimo pequeno almoco. Na minha estadia encontrei turistas canadianos franceses que sera talvez o turista mais dificil de satisfazer e estavam encantados e espantados com o sossego e a simpatia sobretudo. recomendo vivamente a estadia."
"Ambiente familiar, bem decorado quer no quarto (opcao moderno) quer nas salas. O Jardim exterior ficou aquem das expectativas. A piscina embora pequena , interessante, no entant, devido ao tempo frio nao podemos aproveitar. Pequeno almoco aquem das expectativas e nao gostamos da opcao das mesas marcadas. Boa localizacao Com espaco para melhorar"
"Para descansar nao ha melhor. Sitio calmo e acolhedor onde a simpatia da Vitoria e do Sergio senior fazem a diferenca pela positiva. Recomendo vivamente a passagem por este pequeno paraiso em pleno coracao Alentejano."
"Uma familia adoravel que sabe receber como ninguem. Salas e quartos confortaveis e acolhedores. O pequeno-almoco delicioso, com vista para a Natureza. O jardim bem cuidado, tudo pensado ao pormenor. Ideal para quem procura tranquilidade, silencio, e ouvir a Natureza. Piscina exterior, com o horizonte a perder de vista. Excelente localizacao junto a Monsaraz e Barragem do Alqueva. Um fim-de-semana inesquecivel, vamos voltar, ja sentimos saudades. Andrew & Maria"
"Monte Alerta um local onde as expectativas sao superadas. Familiar, ambiente descontraido e calma, entre os sons da terra e dos animais. Cuidado extremo ao nivel da satisfacao do cliente, preocupacao pelo eu bem estar.  Um bom gosto em tudo os pormenores, desde a decoracao interior quer exterior. Confortavel e acolhedor, sem snobismo dispensaveis +ara quem se quer sentir em casa. Pequeno almoco 5 estrelas. saimos com a alma lavada e com vontade de voltar. Obrigada"
"Ha anos que o Monte Alerta e o meu pouso de eleicao no Alentejo. Acho Monsaraz um dos lugares mais lindos do Mundo e ter uma casa assim, tao proxima desta vila mediaval, e um privilegio.  Trata-se um alojamento em espaco rural confortavel e acolhedor, ideal para quem procura tranquilidade e contato com a Natureza. Uma verdadeira casa de familia, onde somos recebidos com todas as atencoes. Os quartos sao bonitos e amplos e as bonitas salas comuns convidam ao bem-estar e ao relax.. O jardim super bem tratado e perfumado e um dos principais atrativos, assim como a piscina exterior. Recomendo ainda os tratamentos de SPA, que ja experimentei varias vezes, sempre com agrado. A proximidade com o Grande Lago do Alqueva e os seus atrativos e outra mais valia. Saliento ainda a simpatia"
"Uma casa de campo com cara de sitio. Poucos quartos mas grandes e bem equipados, numa casa aconchegante. Os donos sao excelentes e atenciosos. Fomos em Marco e pegamos a pousada vazia. Tem uma linda vista para a cidade de Monsaraz no alto do morro que fica a 3 min de carro. Otimo cafe-da-manha, com estacionamento, muito silencio e tranquilidade."
"A pousada Monte Alerta fica entre o Centro Nautico de Monsaraz e o centro da cidade. Um local maravilhoso para descansar e apreciar as estrelas! O atendimento e muito bom, o quarto amplo e arejado. Fiquei hospedada no quarto 7, com varanda."
"Instalacoes muito boas e limpas, localizacao privilegiada, proxima ao centro nautico, cromeleque, do futuro observatorio e da cidade de Monsaraz. Cafe da manha bom, com o basico. Atendimento um pouco impessoal para um hotel pequeno, mas nao compromete. Nao ha restaurante no hotel, porem ha opcoes bem proximas.   Quartos espacosos, arejados, bem iluminados, com agua quente e pressao surpreendente no chuveiro. Ha um quarto (7) que possui uma varanda com vista para as muralhas de Monsaraz, ao alto da colina. Em noites limpas e possivel aproveitar o ceu maravilhoso do Alentejo, com milhares de estrelas.  Como pontos a melhorar, o isolamento acustico dos quartos e a recepcao (nao ha).  Um lugar ideal para descanso e tranquilidade."
"Escolhemos este local para comemorar o nosso aniversario de casamento e nao poderiamos ter escolhido melhor. Muito bem localizado no sope das muralhas de Monsaraz. Tranquilo, sossegado. Contacto com poneis e um simpatico burro :) Quarto espacoso e bem cuidado, com decoracao rustica. Salas comuns com lareira acolhedoras. Donos atenciosos e bastante disponiveis. Foram 3 noites de alojamento muito relaxantes, longe do stress de Lisboa. A repetir."
"As fotografias apresentadas para promover este turismo rural nao correspondem a realidade. Os quartos estao sujos e a precisar de remodelacao. Tapete anti-derrapante da banheira estava cheio de fungos. O chuveiro partido. O quarto gelado. Pequeno almoco basico, sem produtos locais. O Wi-Fi so funciona numa sala. Escolhemos este alojamento por oferecerem servicos como a piscina e spa; contudo a piscina e envolvente estavam encerrados e o spa ate hoje desconhecemos em que consistia! Nao existe nenhum bar ou espaco que permita aos hospedes pelo menos tomar uma agua ou um cha! Nao aconselhamos a ninguem; definitivamente a nao repetir! Carissimo face ao que efectivamente oferecem!"
"Localizacao excelente. Quarto no andar de baixo, com uma pequena varanda com vista para um poco rodeado de buganvilias, calmo e excelente para descansar. Ambiente familiar, simpatia da dona da casa que me fez um cha a noite, animal de estimacao lindo e muito especial... Pequeno almoco excelente. Parque de estacionamento."
"O Monte Alerta e um autentico Oasis na paisagem Alentejana. Magnificamente bem localizado geograficamente, mesmo colado A Monsaraz e a barragem do Alqueva, proporciona um descanso magnifico quer em familia quer em casal. Os passeios em Kart pelas redondezas sao uma forma magnifica e divertida para conhecermos locais fora das normais rotas de estradas. A proximidade do Alqueva e a possibilidade de se efectuar um passeio de barco e outra das atraccoes a ter em conta.  Aliado a isso, o excelente atendimento e o magnifico espaco de lazer com piscina permitem momentos de relax. Nas imediacoes, uma visita ao restaurante Sem Fim e uma obrigacao. Cada visita ao Monte Alerta serve como vontade de la voltar o mais rapidamente possivel."
"Decoracao original, com casa rustica. Relativamente facil de aceder, com vista para Monsaraz.  Permite realizar varias actividades envolventes de natureza, e tambem spa. Donos extremamente simpaticos e disponiveis.  Optimo local para fim de semana relaxante."
"Limpeza exemplar. Quarto e casa de banho espacosa. Zona exterior muito acolhedora. Piscina e jardins perfeitos. O pequeno almoco  foi delicioso. Pequeno mimo a chegada. Maquina de cafe e capsulas no quarto e uma garrafa de agua."
"Casa de turismo de Habitacao das mais encantadoras quer a nivel de mobiliario quer da sua envolvencia, Oito geracoes por ela passaram sendo agora casa de turismo. Recepcao acolhedora de um dos membros mais novos da familia ,que nos fez um tour de apresentacao da casa. Quartos extremamente agradaveis e amplos .Pequeno almoco otimo ,e muita simpatia de todos os funcionarios. Perto da linda vila de Monsaraz ."
"Dos sitios mais agradaveis e acolhedores onde ja estivemos. Jardins, esconderijos, piscina, livros, karts e jantares em monsaraz. Sentimo-nos em casa. O maior erro foi passar apenas duas noites. Caso nao se consiga marcar, o Monte de Santa Catarina, mesmo ao lado, e da mesma familia e ira com certeza possibilitar uma experiencia tao boa quanto esta. Vamos de certeza voltar para para o ano!"
"Muito bom!   Ambiente familiar e atendimento atencioso. Paisagem fantastica e instalacoes muito acolhedoras. Ideal para relaxar. Bem localizado com bons restaurantes e o castelo de monsaraz. Os animais de estimacao sao um ponto extra!"
"optimas instalacoes,quartos amplos,bom servico de pequeno almoco.um vasto espaco exterior com uma boa piscina,e diversos animais lindissimos,aliados a extrema simpatia da Susana e marido,a voltar sempre que puder"
"Paz, tranquilidade, sol, calor, belas paisagens, animais de quinta, lago, piscina com bar de apoio, ceu estrelado a noite, pessoas excelentes, tudo isto pode ser encontrado aqui no Monte Alerta. O Monte e um paraiso paisagistico, a casa e bela a decoracao bastante adequada a casa, os donos sao simplesmente fabulosos, muito afaveis e prestativos, nao se cansam de agradar. A localizacao e soberba, para um lado a cerca de 1.5km temos o grande Lago do Alqueva onde o Centro Nautico nos permite fazer um sem numero de actividades de lazer, para o outro lado a cerca de 2km temos a belissima vila de Monsaraz. A gastronomia e do melhor. Apenas me faltou fazer a observacao do ceu noturno mas ficara para uma proxima vez pois irei voltar certamente."
"Proprietarios gentis e funcionarios muito atenciosos. O monte onde a casa esta inserida e particularmente bonito: tanto pela vegetacao que o envolve como pelos animais que o monte alberga. Decoracao convida ao relaxamento, sobretudo na zona da piscina (onde tem um bar onde podemos beber uns agradaveis gins). O pequeno almoco e fantastico (servem um bolo caseiro maravilhoso). O quarto e muito espacoso e bem decorado. Alem disto tudo, nao podemos deixar de referir o spa, a sala de cinema (onde infelizmente nao tivemos oportunidade de assistir a nenhum filme) e a espectacular maquete de comboios construida pelo proprietario. A voltar, sem duvida nenhuma!!!!"
"Um local fantastico! Monte muito bem decorado, nomeadamente o espaco envolvente da piscina. Adoramos os animais da quinta! Gostei da decoracao do quarto e a cama e extremamente confortavel, comparavel a hoteis de 5 estrelas. Limpeza excelente, ainda para mais que estamos no meio do campo. Nota negativa para o ar condicionado, algo ruidoso. Pequeno almoco abundante e adorei os bolinhos caseiros! Nota negativa, para as janelas da sala do pequeno almoco, abertas e sem redes mosquiteiras, havia abundancia de moscas, algo desagradavel quando se esta a comer."
"Ir sem expectativas e ao final do primeiro dia sentir-mos em casa, nao e facil de encontrar. Para fugir do stress das cidades o Alentejo e sem duvida um local de eleicao, mas sentirmo-nos confortaveis num espaco relaxante com paisagem deslumbrante nem sempre e atingivel. No Monte Alerta encontramos tudo isso e ainda a disponibilidade e simpatia dos proprietarios. A comecar por nao haver rececao, em vez de nos sentirmos nas entidades hoteleiras tradicionais e como chegar a casa de familia. Nao desfazendo dos restantes, procurem pelo Sergio e vao perceber que tudo se arranja ou pelo menos se tenta arranjar e sempre com um sorriso que nunca e forcado. Caso nao consigam o Monte Alerta pensem no Monte de Santa Catarina e logo ao lado e o modo de funcionamento e o mesmo."
"Excelente opcao para quem quer fugir da rotina citadina!!! Quartos soberbos com uma decoracao exotica, muito amplos e de uma higiene irrepreensivel!!! O toque da maquina de cafe/cha no quarto e TOP ;) Os jardim estao muito bem cuidados e apreciar um fim de tarde junto ha piscina a beber um Sharish com 2 dedos de conversa com os proprietarios e obrigatorio!!! Recomendo vivamente o passeio de Kartcross pelos percursos megaliticos da zona..."
"Adorei o espaco, a tranquilidade, o atendimento, a simpatia, o servico no geral. Recomendo, e prometo voltar. O ambiente e muito familiar. Os quartos sao muito simpaticos, coloridos, acolhedores. A experiencia de observar as estrelas foi excelente!"
"Tres casais, veiculo escolhido, mota, local Monsaraz. Foi nos aconselhado o Turismo Rural Monte Alerta por uns amigo e seguimos o conselho. E a vertente mais antiga de turismo rural: a casa particular dos proprietarios serve de hotel e assim e a 20 anos. Nao existe uma recepcao e as primeiras impressoes sao complicadas. A simpatia do proprietario e QB mais tarde conhecemos a proprietaria e comecamos a notar que nao e antipatia mas sim forma de estar e de ser. Os quartos sao simpaticos sem grandes luxos, so o basico. Wc com banheiros e sem grande conforto. Nao existe servico de restauracao, bar ou outro e mesmo o pequeno almoco e servido muito basico. Serve para descansar se for essa a intencao e pouco mais. Tem a mais valia de estar perto de Monsaraz."
"Excelente fim de semana em Monsaraz onde tive o privilegio de ficar alojada no Monte Alerta. Do alojamento, a envolvencia, ao jardim ao pequeno-almoco, a disponibilidade do staff e simpatia so tenho a dizer muito obrigado pelo excelente fim de semana que me proporcionaram"
"Um sitio com poucos quartos num local tranquilo, com muitas salas comuns confortaveis que nos fazem sentir em casa. No Verao uma piscina com uma vista maravilhosa, no Inverno uma sala de estar com uma lareira que convida a sentar e ler um bom livro."
"Vale a pena cada momento passado nesta casa, a simpatia com que somos acolhidos e o espelho da casa, a limpeza e o sossego andam de maos dadas. O pequeno-almoco, simples mas com produtos caseiros e da epoca deixam-nos rendidos. Os minutos custam a passar e o descanso fazem com que este seja um local magico. Aconselho!!"
"Excelente local para descansar. Muitissimo sossegado e pessoas com uma simpatia que ja pouco se encontra por ai. O espaco e muito acolhedor, e as pessoas estao sempre dispostas a ajudar no que quer que seja.  Estivemos alojados numa altura em que ja estava tempo de chuva, pelo que acabamos por nao aproveitar o jardim e a piscina, mas no verao deve ser fantastico passar ali umas horas a relaxar :)  O unico defeito e nao ter um restaurante incluido, principalmente numa zona onde a oferta nao e muita. Mas claro que isso e normal neste tipo de alojamento."
"Com as muralhas da pitoresca vila medieval de Monsaraz a vista, o Monte Alerta e um oasis de bem-receber e de sossego. As varias salas de estar, as lareiras alentejanas e uma muito confortavel sala de leitura, tambem com lareira (recuperador), e o local ideal para uns dias de descanso, em grupo ou a dois. Com a possibilidade de organizar um jantar na sala de refeicoes ou saindo para uma das varias opcoes de gastronomia regional por perto, este turismo rural deixou saudades e vontade de regressar. O pequeno-almoco alentejano estava perfeitamente adequado ao que e expectavel destes tipo de hotelaria, mais personalizada e com produtos tipicos  destaco o pao e os doces e compotas!! Os quartos sao todos diferentes e a decoracao do Monte Alerta e toda ela muito interessante, do"
"Muito confortavel e agradavel. Sossegado e com a tranquilidade propria do Alentejo. Para descansar, relaxar, namorar e passear. Tambem deve ser muito agradavel no inverno. A sala comum tem lareira. Belos pequenos almocos..."
"Alojamento 5 estrelas! Limpeza impecavel, pequeno almoco otimo com produtos regionais e um sumo de laranja acabadinho de fazer! A piscina e otima e esta bem tratada. Todo o monte esta muito bem arranjado e com gosto. Os donos sao muito simpaticos e o pessoal e educado. Monsaraz e um local lindissimo cheio de Historia e boa gastronomia e vinho. Aconselho assistirem ao por do sol  que e lindissimo com o Alqueva por baixo. As noites sao mais estreladas aproveitem e olhem a noite para o ceu."
"E um lugar calmo para descansar,  passei la uns dias e fiquei com sabor a pouco e tudo bom  as pessoas sao de uma simpatia, sempre limpo o quarto. aconselho passar uns dias no meio deste paraiso Alentejano."
"Anadava ha anos e anos a querer visitar o Alqueva. Finalmente decidimo-nos num fim de semana alargado de Maio a ir ate Monsaraz e aloja-mo-nos no Monte Alerta. Eu, que sou um confesso apaixonado do Alentejop, deslumbrei com a magia de tanta agua, com Monsaraz de paredes caiadas e pedras justapostas, a brisa fresca das noites de primavera, os dias ja quentes na piscina e depois de tudo o alojamento. Atendimento personalizado. Cuidadoso.  Atencioso a cada detalhe. Com um sorriso sincero e disponivel de quem nao faz as coisas por obrigacao mas sobretudo pelo prazer de partilhar e tentar transmitir aos demais a beleza nao so da paisagem mas de toda uma outra vida feita com mais calma, harmonia e poesia.  Alqueva, Monsaraz, Monte Alerta nao sao apenas uma trilogia quase perfeita, sao"
"A 2 horas da frenetica Capital a paz de espirito em forma de Monte que de Alerta so mesmo o nome! Local onde prazerosamente se perde a nocao de tempo e espaco.... Acolhimento familiar e requintado. Retiro como opcao ao entretem cultural e paisagistico disponivel em Monsaraz. Aconselho vivamente a quem valoriza a comunhao com a Natureza...voltarei em breve!"
"Um lugar fantastico para recuperar energias da forma mais natural. Espaco tranquilo, simples, confortavel, charmoso e agradavel. Tudo o que e preciso para respirar fundo, descansar, meditar ou tomar um banho de piscina. Um jardim cuidado e encantador. Pessoas agradaveis e encantadoras. Recomendo."
"O Monte Alerta e muito acolhedor, com uma excelente localizacao. A armonia com o espaco envolvente e a vista para o Castelo de Monsarz sao fantasticas. E um otimo local para relaxar e desfrutar do campo. A acrescentar a simpatia e profissionalismo dos anfitrioes que marcaram a diferenca. Recomendo vivamente e certamente voltarei."
"Fiquei agradavelmente surpreendido, as recomendacoes que me fizeram do Monte Alerta, pecaram foi escassas. Super atenciosas as pessoas do staff. Quarto muito acolhedor! Claramente um local que recomendarei!"
"A experiencia no Monte Alerta foi optima! Os anfitrioes, a casa, o jardim, a piscina, a comida e os arredores sao todos pontos a favor. O Monte Alerta, alem do conforto que oferece, disponibiliza inumeras atividades para entreter a familia toda! Foi um prazer e e certo que vamos voltar."
"A convite de amigos fui passar a dois dias fantasticos ao Monte alerta. Fui optimamente recebido pelos donos do espaco que tudo fizeram para que a minha estadia fosse perfeita. O Monte e perfeito para um equilibrio entre o repouso e algumas actividades, nomeadamente os KART s e os passeios de BARCO no Alqueva. Vou com toda a certeza voltar em breve e irei recomendar com toda a certeza a todos os meus amigos."
"O monte Alerta e o sitio perfeito para descansar em familia, ou com amigos ou mesmo sozinha! para alem do descanso o Monte tem alguns servicos que fizeram da minha estadia perfeita: massagens, jacuzzi outdoor e karts.  recomendo vivamente."
"E um bom sitio para descontrair e relaxar. Onde podemos encontrar boas pessoas sempre dispostas a ajudar. Fica numa boa localizacao e com uma boa atmosfera. Recomendo vivamente a irem visitar o Monte Alerta"
"Nao bastava o magnifico local onde se encontra, com vista para o Castelo de Monsaraz, o Monte Alerta e um verdadeiro paraiso...tanto os donos como os restantes empregados fazem-nos sentir imediatamente em casa recebendo-nos de forma calorosa, e estando atentos a todas as nossas necessidades...a casa e uma verdadeira obra de arte, tanto na estrutura, como em cada pormenor, quadro, movel...tudo no sitio perfeito para compor um cenario de fantasia dos tempos passados...a piscina e todo o jardim envolvente convidam ao descanso e a diversao...o pequeno almoco, todas as refeicoes sao confeccionadas com produtos locais e sao verdadeiramente uma experiencia gastronomica imperdivel...desde o momento em que entramos que tudo se transforma em paz e serenidade...os nossos parabens aos donos"
"Monte Alerta e dos locais mais apraziveis neste nosso Alentejo. Um silencio que se ouve, uma paisagem sem fim para o mais belo castelo de Portugal e para o maior lago artificial da Europa, um envolvimento unico. O meu local de repouso absoluto. Experimentei a bela colecao de Gin s e a nao perder o fantastico pao Alentejano no pequeno almoco. Uma palavra para a gente que coloca aquela maravilha a trabalhar: fantasticos. Para o ano, se Deus quiser, voltarei. All the Best. F. Magarreiro."
"O local onde se encontra o Monte e soberbo, pois estamos pertinho de varios locais a visitar. E sossegado, muito acolhedor e tanto eu como o meu marido nos sentimos literalmente em casa. O dono, Sr.Sergio, apaixonado por modelismo, simpaticamente nos mostrou a sala onde esta exposta a maquete dos seus comboios e que nos deixou deslumbrados. O quarto era muito bom, cama em dossel, com Tv plasma e a casa de banho grande. Toda a casa sempre muito limpa, as refeicoes sao excelentes, confecionadas pelo Sergio, que para alem de ser bom cozinheiro, e especialista em gins tonicos e nos proporcionou uma aventura nos seus Kartcross's que recomendo a 100%. Fizemos tambem uma sessao de observacao de estrelas, Dark Sky, que foi tambem muito interessante, num ambiente espetacular.  Todas as"
"Excelente para descontrair e relaxar. A piscina esta inserida num local muito agradavel, no meio de um jardim com relva a volta, permitindo desfrutar da mesma com tranquilidade e passar bons momentos. O ambiente do monte e agradavel e o pessoal e simpatico. Os quartos sao espacosos, bem decorados e bem equipados. Monte bem decorado e confortavel. Pequeno almoco adequado. Recomendo."
"Tem um quarto para familia muito bom, espaco bem decorado, confortavel e um pequeno almoco bem recheado, uma piscina quanto baste para o final de tarde depois do passeio, bem perto do Alqueva e de Reguengos,."
"E o Monte por excelencia! Descontrair e relaxar no seu ambiente zen, foi uma experiencia que nunca mais irei esquecer. Os jardins que cheiram a alfazema, os espanta-espiritos com o seu tilintar relaxante, sao dois dos muitos motivos para se visitar este monte. A casa esta decorada com muito bom gosto, os pequenos almocos ate horas tardias(para que se possa descansar), sao abundantes e variados. Ate sumos de tudo o que se possa imaginar feitos na hora. A piscina e optima para quando o calor aperta, rodeada de sombras apetitosas. A noite a vista para Monsaraz toda iluminada e soberba. Nao se deve esquecer de fazer um dos tratamentos que a Vitoria nos proporciona. Tudo isto(e muito mais), foi vivido por mim e pela minha familia, mais do que uma vez. Espero voltar em breve. Um Beijo"
"Ficamos encantados com a casa ,com o ambiente que se inspira nela e em toda a envolvente.As vistas sao soberbas,a calma que o jardim zen nos transmite e muito relaxante e uma optima piscina,muito limpa e cuidada. Gostamos de tudo; a decoracao de bom gosto, os optimos pequenos almocos com os produtos fresquinhos da regiao (pao quentinho ). Os quartos sao limpos,grandes e bem decorados. Recomendamos aos nossos amigos porque tambem nos gostamos muito.Tivemos o previlegio de conhecer a Dona Vitoria, Senhora de muitos saberes e optima conversadora,gosta-se dela facilmente( por acaso e a dona deste monte magnifico)"
"Para quem gosta de observar o ceu nocturno, por curiosidade no recohecimento das constelacoes, por deslumbramento ou para observacoes astronomicas empenhadas, este e o paraiso a escolher.  A poluicao luminosa e  praticamente insignificante, a tal ponto que M31, M44 e ate mesmo M33 sao objectos do ceu profundo detectaveis a olho nu. A magnitude limite atinge 6,3. Um local muito bom, lado a lado com o repouso confortavel e acolhedor. Nao muito longe, no vizinho Monte de Santa Catarina, podemos ter um telescopio de 12 polegadas a disposicao. O ambiente e acolhedor , repousante e muito agradavel. Tambem recomendavel para que la vai escrever um livro ou por os seus pensamentos em dia.."
"Se voce esta procurando descanso de qualidade, este e o lugar.  Destacamos a comodidade e a beleza da decoracao.  Recomendamos a todos os nossos amigos."
"O que uma surpresa adoravel Monte Alerta tem sido. Ficamos aqui por 4 noites e queria ter ficado mais tempo como ainda havia coisas que queriamos ver e fazer. Os nossos quartos eram enormes, com muito bem equipadas casas de banho e camas muito confortaveis. A casa e delicioso, cheiros linda (um factor importante para mim) e esta decorado de uma forma elegante rustico. A area da piscina e encantador e o delicioso cafe-da-manha com grande variedade de frutas frescas, fiambre, queijo, pao, bolos e montanhas caseiras de cafe. Vitoria e Sergio sao simpaticos e prestativos e Vitoria-nos preparado um jantar delicioso local em nossa primeira noite, o que nos lutamos para terminar! Nao perca um passeio em torno Monsaraz nos Karts com seu filho Sergio - uma viagem emocionante!"
"Este e um belo lugar para ficar. Foram 4 de nos e nos tivemos dois quartos. Ambos eram muito espacosos. Um tinha um amplo banheiro com pia dupla basin e o outro uma bonita varanda com vista para a frente da casa. Os anfitrioes, Sergio e Vitoria, nao poderia fazer o suficiente. Cafe da manha era um buffet, uma grande variedade de frutas, muito saboroso pao e bolos, bom cafe etc. A cidade de Monsaraz e um par de Kms de distancia e foi absolutamente impressionante. Nos ficamos 4 noites e curtimos explorar a area. Uma dica - pegue a viagem karting no por do sol com o filho de hosts (tambem chamado Sergio) - diversao garantida!"
"Excelente casa com uma so alma. Para qualquer opcao e um local perfeito. Para ir com as criancas, com os amigos, a fim de um fim de semana romantico ou simplesmente para descansar, e sempre uma boa escolha. Os jardins sao lindos e a piscina e muito bom tamanho. Monte Alerta localizacao e perfeita para aqueles que querem aproveitar a regiao e sei bem o que alqueva tem para oferecer. Sem duvida recomendo."
"Home care e espacos verdes  Espaco bem decorado e aconchegante  bom piscina  familiar  possui espaco para refeicoes  Possilidade comer comida tipica do Alentejo  Alentejo tipica paisagem  Possibilidade de excursoes em karts todo-o-terreno  Perto do Alqueva e para o Castelo de Monsaraz"
"Monte Alerta e um monte alentejano tradicional, um estabelecimento agricola antiga, tipica desta regiao de Portugal. A entrada e fabuloso: estacione o carro e voce ir atraves de um belo jardim, onde voce pode sentir o cheiro das flores e ervas la e voce pode ver os gatos espalhados por seu cochilo. No interior, voce imediatamente ver dois quartos muito acolhedores de estar, com uma grande lareira e pergunto-me como e que no inverno ... Passamos uma semana em Monte Alerta em Agosto e o Alentejo em Agosto e quente! No entanto Monte Alerta leva vantagem do edificio tradicional das tecnicas e tecnologias modernas (tambem conhecido como ar condicionado) para proporcionar uma estadia muito agradavel. Se voce e corajoso o suficiente para enfrentar a 38 oC, do lado de fora tem uma"
"Monsaraz e um mouro inesquecivel vila fortificada no topo da colina, quase unico em Portugal. O que O torna perfeito e as suas vistas panoramicas sobre o lago de Alqueva, o maior reservatorio artificial da Europa. Monte Alerta e uma quinta espacosa tradicional do Alentejo, com edificios atraentes e um jardim encantador com uma boa piscina, essencial durante o verao como essa e a parte mais quente de Portugal! O quarto era confortavel e bem equipados com uma moderna casa de banho. Victoria e Sergio sao anfitrioes maravilhosos. Alem de servir muito bons pequenos-almocos tradicionais e refeicoes a noite eles foram generosos com os licores depois do jantar produzidos localmente!"
"Monsaraz e um belo lugar para se visitar no Alentejo. Este hotel familiar esta perfeitamente localizado numa relacao privilegiada vista de Monsaraz. A piscina e a area envolvente e muito bom. E o ceu e incrivel para ver. O quarto era confortavel, mas muito simples e vazio. O cafe da manha era bom."
