Avaliacoes
"Excelente para uns dias de descanso em familia. Adoramos o espaco e as pessoas, que nos acolheram com grande simpatia e sempre disponiveis para ajudar! Ate a Bolota e a Giesta contribuiram para tornar a nossa estadia mais especial"
"Staff muito simpatico e sempre preocupado com o nosso bem estar, para quem aprecia um sitio sossegado e o lugar ideal, boas acomodacoes na casa onde tivemos, pequeno almoco muito bom e variado. A unica observacao menos positiva foi a questao da agua quente, que tendo em conta que a casa onde ficamos  tinha termoacumulador nao conseguimos tomar banho os 3 seguidos."
"O Monte do Giestal e o sitio perfeito para ir com criancas. Facil de chegar (1h30 de Lisboa), casas com cozinha, possibilidade de encomendar refeicoes prontas nos quartos (almoco e jantar), parque infantil, trilhos para fazer com as criancas, animais  na quinta, piscina aquecida. Boa relacao qualidade-preco. Alem de todas as comodidades, todos os funcionarios sao super disponiveis e de uma simpatia extrema. Recomendo fortemente."
"Vivamente recomendado. Todos muito simpaticos e atenciosos. Pequeno almoco muito bom. A casa muito acolhedora. Optimo Spa. Daria 6 estrelas se fosse possivel.  Muito obrigado a todos Rui, Catia e as Marias"
"Espaco super agradavel, ideal para uns dias de puro relaxamento e/ou convivio entre amigos e familia. Funcionarias super atenciosas e preocupadas. Infelizmente o spa estava em manutencao devido ao tempo de encerramento motivado pela pandemia covid-19. Faltou apenas isso para ser uma experiencia 5estrelas.   Mas sem duvida que e para repetir!!"
"Fiquei 2 noites no Monte, na Casa da Azinheira e so tenho pena que tenha passado tao rapido. Um espaco super acolhedor e bem equipado, pequeno almoco ainda em buffet assistido muito saboroso com produtos de qualidade e sempre com um bolinho caseiro a nossa espera. Encomendamos os jantares num restaurante sugerido (por opcao, pois a casa esta bem equipada para quem quiser cozinhar) pela menina da rececao e nao podiamos estar mais satisfeitos quer com a qualidade quer com os valores. Em ambos os dias foi-nos entregue em casa a hora combinada. Tivemos muita sorte com o tempo o que nos permitiu ainda usufruir do espaco exterior e piscina. Spa pequenino mas bem cuidado e muito acolhedor.  Recomendo sem duvida."
"Se procura lugar perto de tudo onde pode descansar, o Monte do Giestal e o sitio ideal... Acrescentamos um atendimento 5 estrelas e estamos no sitio perfeito. Ao final do dia, o por do sol e lindo... Esperamos poder voltar!"
"Uma optima opcao para uns dias de descanso em familia, adequado para ir com criancas. Gostamos muito do pequeno almoco, simples mas de qualidade, e apreciamos a opcao de podermos encomendar as refeicoes. O staff muito prestavel e profissional."
"Equipa incrivel, simpatia e servico 5 estrelas. Servicos otimos de refeicoes em casa, um jantar divinal e o pequeno almoco na cesta a lembrar um piquenique. Herdade com uma localizacao excelente a proporcionar o silencio necessario para fazer uma pausa da correria do dia-a-dia."
"Adoramos e certamente vamos regressar! As instalacoes sao excelentes, o Monte e lindo e todos os funcionarios sao sempre super prestaveis e simpaticos! Uma excelente escolha para relaxar e repor energias! Com criancas, como foi o nosso caso, a proximidade com os animais ainda melhora mais a experiencia!"
"Ficamos um fim-de-semana numa das villas a frente da piscina e foi uma experiencia fantastica. A villa estava muito bem limpa e era muito agradavel, as camas muito confortaveis. A herdade e linda e proporcionou uns passeios maravilhosos. O pequeno-almoco era muito completo. Tivemos tambem a oportunidade de experimentar a comida caseira que servem numa das noites, que adoramos. De realcar a simpatia dos funcionarios que foram sempre muito prestaveis e atenciosos connosco, tornando a estadia ainda melhor.  Para quem procura uma estadia com disponibilidade para levar caes, recomendo vivamente. O meu adorou. Uma experiencia sem nada de negativo a apontar e que pretendo repetir."
"Uma semana muito bem passada, o monte e fantastico, permite-nos sentir o ar alentejano, com serenidade e paz. Espaco de montado enorme para caminhar, conhecer e interagir com os varios amigos que se vao encontrando e descansar a sombra dos sobreiros:) As villas estao muito bem equipadas e a equipa do monte giestal e muito prestavel e sempre com um sorriso. O pequeno almoco e bom e nos tambem usufruimos das refeicoes caseiras que tem disponiveis (ementa variada e com oferta de gastronomia local), comida muito bem confeccionada. A piscina estava muito bem tratada e o pool bar em funcionamento, com sugestoes diarias de pratos e cocktails. O facto de acolherem tao bem os amigos de 4 patas e excelente!!!! Para repetir, sem duvida."
"Um empreendimento muito bonito e agradavel. Pessoal do mais simpatico, prestavel e profissional que se pode encontrar.  Um bar de apoio a piscina com bebidas e comida excelentes. Responsavel do Bar muito simpatico e prestavel.  Um local muito agradavel para passar um fimdesemana com a familia."
"Servico muito bom com grande simpatia e hospitalidade. As casas sao grandes e muito confortaveis bem decotadas e muito limpas. Os espacos exteriores muito bonitos com uma boa piscina, tem tambem uma piscina exterior. Servicos de refeicao bons e eficientes, bem como servico de spa."
"Ambiente bastante relaxante, staff bastante atencioso. Se tiver de sugerir alguma melhoria seria na limpeza dos utensilios de cozinha  que poderiam estar mais limpos, mas nada de especial e o sofa da sala poderia ser de melhor qualidade, contudo tudo estava bem, a casa bastante bonita e decorada de acordo com o ambiente envolvente. A piscina interior e com certeza uma mais valia para os dias menos quentes. o staff do pool bar bastante simpatico e serve uns Gins de frutos vermelhos, maravilhosos.  Foi o 8o aniversario do meu filho e o staff teve o cuidado de preparar um bolo caseiro, maravilhoso.  Para ir buscar comida, deve pesquisar pois nao ha muita escolha e o mais proximo que conseguimos ficava a cerca de 15 minutos de distancia, mas com comida bastante saborosa, como se"
"Localizado no Litoral Alentejano, no concelho de Santiago do Cacem na freguesia de Abela , o Monte do Giestal e um lugar magico que nos proporciona verdadeiro descanso e nos enche o coracao de momentos inesqueciveis e felizes. Somos desde logo recebidos calorosamente com toda a simpatia e sorrisos do staff espetacular, sempre disponivel para ajudar-nos em qualquer coisa que necessitemos e que nos encaminham para as pitorescas casinhas do monte alentejana, muito bem equipadas, confortaveis, limpas e asseadas.  A parti daqui, e so desfrutar de todas as comodidades, do deslumbrante espaco envolvente, refrescarmo-nos na piscina  ( existe uma para os mais pequeninos), fazer caminhadas tranquilas pela natureza, a pe ou de bicicleta, cumprimentar  as amorosas burras Bolota e Giesta que"
"O empreendimento e constituido por casinhas individuais muito acolhedoras. Os T2 tem 2 WCs completos, o que e uma mais valia. Grande area exterior para desfrutar da natureza e animais. Pequeno almoco algo limitado, mas e compensado pela qualidade e simpatia."
"Tao bom que parece mentira. Staff espetacular, muito simpatico e sempre disponivel para ajudar. Tudo muito limpo e asseado. Um sitio ideal para relaxar e repor energias. Ambiente muito simpatico e agradavel. As refeicoes sao muito boas e a precos acessiveis."
"A calma do monte alentejano, a simpatia de todo o staff, o espaco envolvente que deslumbra, sao razoes suficientes para trazer memorias de uns dias em familia maravilhosos. Atividades variadas (piscina, tenis, caminhada, bilhar), do agrado de todos."
"A casa T2 onde ficamos alojados e muito acolhedora. O local e muito sossegado e o facto de ter animais e espetacular para experiencias que ficam para sempre na memoria das criancas. Tem 2 piscinas fantasticas. Existe cuidado com a manutencao do espaco exterior. Fomos recebidos com muita simpatia e durante toda a estadia nunca nos faltou nada pois facilmente contactavamos por WhatsApp . Adoramos todas as refeicoes que nos entregaram numa cesta a porta. As criancas pedem para voltarmos e tenho a certeza que voltaremos. O Badoka Park, a Distilaria Black Pig Gin ficam a poucos km s, o moinho da Quintinha, o Museu da Agricultura de Abela... Estes foram apenas 4 dos locais que visitamos... Foram umas das nossas melhores ferias onde nos divertimos e descansamos tal como pretendiamos."
"Espaco espetacular, com uma envolvencia muito agradavel no montado alentejano, que podemos percorrer a pe. Casinhas muito bem equipadas, com uma limpeza irrepreensivel. Ideal para familias com criancas! Pequeno almoco saboroso. Espaco que permite uma estadia covid safe. Mas o melhor, e a excelencia do atendimento por parte do staff! Muito atenciosos, sentimo-nos em casa  altamente recomendavel !"
"O Staff, o monte, a piscina, o pao do pequeno almoco, o bolo de aniversario, tudo 5 estrelas. Os miudos adoraram e nao se vao esquecer desta experiencia. Voces sao incriveis em tudo o que fazem  vamos voltar em breve. Obrigada"
"A estadia foi maravilhosa. O staff e simplesmente 5estrelas, muito atencioso em todos os minutoa da estadia. Fizemos questao de pedir os jantares e almocos na casa que vem num cestinho muito simpatico. O pequeno almoco e delicioso,especialmente aqueles croissants e o sumo de laranja natural. A piscina nao teve muita afluencia, houve sempre cuidado ate pelos outros hospedes a nao estar a ser muito tempo usada pelas criancas. O percursos pedestre de 1,5km e muito agradavel para ver a paisagem e as ovelhas num contacto mais proximo. Mesmo com uma crianca com apenas 2,5 anos foi bastante divertido. As burras sao animais muito doceis, adoraram estar perto do meu filho enquanto davamos a comida. Para voltar sem duvida. Muito obrigada."
"Em tempos de pandemia, procuravamos um local tranquilo, com todas as comodidades para receber uma pequena reuniao de amigas que queriam fazer uma despedida de solteira. Escolhemos este espaco, ficamos numa casinha linda e foi incrivel, especialmente o carinho com que fomos tratadas desde o primeiro momento. Recomendo vivamente, seja para um grupo de amigos, para casais ou para eventos. E aproveitem para fazer um piquenique!"
"Fomos passar de sexta a segunda feira com mais 3 casais, e foi tudo excelente. As casas tem tudo o que e necessario para as proprias pessoas nao terem desculpas para nao deixarem as coisas impecaveis, e mesmo o que nao houver e so solicitar que de certeza que vao tentar solucionar. As piscinas bastantes agradaveis, o pequeno almoco com muita qualidade (hoje em dia com isto da pandemia, ja nao existe aquela coisa de comida exposta, mas e so pedir). Bicicletas disponiveis para passear, passear a pe tambem e possivel e bastante agradavel.  Quanto a equipa, e de dar os mais sinceros parabens, uma equipa de pessoas bastante jovens, todas de uma simpatia espectacular, e sempre bastante discretas mas sempre com tudo a funcionar na perfeicao...muitos parabens   P.s. - gostamos tanto e"
"Equipa muito simpatica e profissional.  Casas muitos confortaveis e acolhedoras, excelentes para familias. Fomos com o nosso cao que foi muito bem recebido. Um dos aspetos que para nos e muito importante. Refeicoes entregues em casa para nossa comodidade e muito bem servidas. Recomendo!"
"Boa com muito profissionalismo e afecto .  Sempre atentos ao pedidos que solicitamos .  Bom espaco para animais de estimacao.  Piscina interior muito agradavel e limpa .  Espacos exteriores, como o relvado bem tratado ."
"Excelente! O sitio, o staff, a limpeza, o sossego, as condicoes, a comida, o espaco, os animais... Ideal para uma fuga a dois, em familia ou com amigos. Sem duvida a repetir! Nada como o Monte do Giestal para recarregar energias."
"Nada a apontar. Simpatia, sempre prestaveis. Otimo ambiente, acolhedor, familiar, disponiveis. Recomendo para todos, familias ou so casais. Higiene mada a apontar, circuito e comunicacao potenciados minimizando contatos."
"Experiencia excelente, ambiente muito calmo, funcionarios muito acolhedores e prestaveis, p.almoco sempre a hora programda, refeicao de bochecha de porco preto divinal. Recomendo para quem procura um local perto da natureza e calmo para passar tempo de qualidade com a familia"
"A estadia no monte do giestal foi maravilhosa. As vilas sao muito confortaveis, o pequeno-almoco e bom, o espaco envolvente e muito bonito! As refeicoes podem ser entregues nas vilas o que e bastante comodo para quem fica hospedado com criancas! Experiencia a repetir!"
"Ficamos 5 noites numa casa de 2 quartos, que encontramos espacosa e confortavel, sem luxos. Lencois e toalhas de qualidade, boas janelas, cozinha bem equipada, casas de banho com algumas falhas - escoamento dos duches e dispensadores de sabonete deficientes. Dois dos tres candeeiros das mesas de cabeceira nao funcionavam e estavam em risco de curto-circuito.  A temperatura estava adequada apesar do frio la fora, gracas ao ar condicionado em todas as divisoes excepto casas de banho, que estavam bastante frias. A possibilidade de acender a lareira foi uma surpresa agradavel nesta estadia de Inverno!  Tem louca para fazermos as nossas refeicoes em casa com conforto, que foi a nossa opcao ao jantar mediante a encomenda para entrega em casa sugerida pela gestao do Monte. Notamos a"
"Excelente combinacao entre a natureza,servicos de hotelaria e Spa e a privacidade de uma casa com todo o conforto.  Obrigada a toda a equipa que tornaram esta estadia inesquecivel :)  D. Esperanca Obrigada pela partilha da receita do seu magnifico bolo de batata doce :)  Ate breve..."
"Estive no Monte do Giestal um fim de semana em familia (5 adultos e 5 criancas) para festejar os meus 40 anos. Foi perfeito, tudo! Casas optimas, muito bem equipadas e confortaveis.  Espaco exterior amplo, cuidado e com bastante espaco para passear a pe ou de bicicleta. Piscina e jogos para as criancas ao ar livre. Pequeno almoco muito bom e almoco entregue por restaurante tambem bom e a preco acessivel. O melhor de tudo: a simpatia das funcionarias, achei que ja nao havia disto. Sempre atentas as necessidades do grupo. Imensa paciencia com as criancas ao pequeno almoco, disponiveis a qualquer hora para o que fosse preciso. Ate me fizeram um bolo de anos surpresa. Recomendo 100% para passar uns dias longe da cidade."
"Espaco muito cuidado. Pessoal extremamente simpatico e profissional. Casas muito bem equipadas (maquina de cafe e de louca, por exemplo). Hipotese de levar caes. Excelente pequeno almoco. Excelentes hipoteses para jantar entregue nas casas a precos muito aceitaveis. Hipotese de piscina interior, massagens, passeios pela herdade... voltava ja"
"Viajamos em familia, com filhos pequenos e sentimos muito conforto. Toda a equipa foi extremamente simpatica e atendenciosa (muito acima da media). Muitas opcoes de entrega em casa e medidas de isolamento muito bem planeadas (importante nesta altura de pandemia). Sentimo-nos muito seguros sempre. Parabens! Queremos voltar."
"E mesmo como o titulo indica; Um oasis de tranquilidade. Perdido no meio dos montes, rodeado de sobreiros e onde o unico ruido existente e o das ovelhas a pastar, este local e o indicado para passar uns dias de puro descanso. As casas sao acolhedoras, com dois quartos, cozinha equipada e a bela da lareira para ajudar nos fins de dias ja mais frescos.  Tem igualmente piscina exterior e interior (era com hidromassagem), spa, servico de massagens e campo de tenis. O pequeno almoco e servido no bar (que tem igualmente refeicoes ligeiras) ou entao pode ser servido directamente na casa. Almocos e jantares podem ser encomendados e vem ter directamente a habitacao. Solucao ideal, ja que o Monte nao tem restaurante, e que permite nao ter que sair do local. Recomendo igualmente os"
"O Monte do Giestal fica numa zona de pleno sossego, ideal para quem pretende uma ferias para descansar, acordar somente com o barulho dos passaros ou com os  chocalhos das ovelhas. Pequeno almoco bom, sem grande variedade, mas o suficiente, sempre servidos pelos empregados, com todos os cuidados de higiene (somente duas a tres habitacoes no maximo na sala). Fica perto (20/30m) de algumas zonas como Porto Covo, Aljustrel, Grandola. Jantar encomendado todas as noites, e entregue hora marcada na nossa habitacao, comida muito boa e bem confecionada, e nada caro. Vinho Vidigueira otimo.  Atendimento 5*. Equipa jovem, com todos os cuidados com os hospedes, SPA para relaxar."
"Magnifico para uma pausa relaxante.  Staff jovem, simpatiquissimo, dinamico e eficiente. As habitacoes estao muito bem limpas, o material existente q.b. para uma pausa relaxante juntamente com a familia e amigos ."
"Primeira saida em familia pos COVID e o local nao podia ser melhor. O silencio, a tranquilidade e a sensacao de seguranca estiveram presentes desde o primeiro ao ultimo dia. Local incrivel para uma crianca. Apenas os degraus presentes nas casas causam algum constrangimento mas nada que nao se resolva. A piscina, o famoso sobreiro, os burros, a simpatia dos funcionarios. Tudo faz com que a vontade de regressar seja enorme.  Apenas um senao...o pequeno almoco apenas comeca as 9 horas, o que para quem vai com bebes e francamente tardio. A regressar....."
"Um sitio maravilhoso, com pessoas muito disponiveis, simpaticas e atenciosas! As casas sao confortaveis (colchao maravilhoso!), tem boas areas, estao bem equipadas e a decoracao e de muito bom gosto. Anseio pela oportunidade de voltar! Obrigada pelos dias maravilhosos que me proporcionaram!"
"5 estrelas Sitio lindo, pensado ao pormenor, casas rusticas com todas as comodidades e conforto.  Espaco exterior adequado a todas as estacoes  Com um sobreiro de 500anos, dois burros lindos entre outros animais Spa muito agradavel a precos espetaculares"
"Primeira viagem da familia a 4, e a escolha do local foi muito positiva. O pequeno adorou a piscina exterior, as casas (cujos quartos davam para separar por porta deslizante, o que facilitou a dinamica com uma recem nascida), o miminho que e ver o por do sol em familia em tao lindas paisagens, e as deliciosas refeicoes que, sob encomenda, entregam em casa em parceria com um restaurante da zona. O pequeno almoco e agradavel, mas apanhamos pouca reposicao face ao numero de hospedes. A repetir!"
"Experiencia excelente e um staff muito disponivel para tornar a experiencia unica. O Monte e terapeutico, com gastronomia local disponivel. Recomendo o Spa, com tratamentos naturais. O pequeno-almoco inclui produtos regionais"
"Otimo para ferias em familia, especialmente com criancas. A possibilidade de alimentar os animais (burros) ver ovelhas e estar no meio de campo e fantastica!  Ambiente muito tranquilo. Staff sempre simpatico e prestavel.  Alojamento limpo e equipado com tudo o que e essencial!  Piscina sempre limpa,porem com piso muito escorregadio (ponto mais negativo para mim, que com criancas pequenas ainda nos valeu alguns sustos. Seria imperativo mudar esse fator)  Pequeno almoco com variedade e qualidade. Apenas acrescentaria fruta fresca ao menu.  Possibilidade de encomendar refeicoes que vem entregar nas casas. E sao otimas!  Canais tv internacionais pouco interessantes, mais valia nem ter...  O ares condicionados podiam funcionar melhor em alguns quartos, ainda assim foram uma mais"
"Alojamento tipico do  Alentejo. Casas com boas condicoes mas no nosso caso, camas pouco confortaveis. No geral, otimo para descansar em familia. Para momentos de lazer tem Campo de tenis e piscina ( ponto negativo: piso da zona da piscina muito escorregadio)."
"Foi a segunda vez que ficamos no Monte do Giestal. Corre tudo lindamente. Simpatia TOP de todo o STAFF assim como a limpeza das casas.  Fica no entanto algums pontos a melhorar para levar a avalizacao excelente. - Melhorarem o servico de Internet. (Diria que ate RDIS com 20 anos e mais rapido) - Mais canais na TV. Temos 5 ou 6 e alguns deles de nada servem. - Facilitarem de alguma forma o transporte das malas para as casas. Quem fica 7 dias e com criancas leva sempre muita coisa. Sendo que andar a acartar de um lado para o outro dps de umas boas centenas de KM nao sabe muito bem. De resto ... OBRIGADO POR TUDO ;) A voltar."
"Fomos passar uma noite em familia e o espaco envolvente e estrondoso, com o sobreiro centenario em destaque.  O monte em si e um espaco cuidado com a piscina imaculadamente limpa. As casas sao limpas e tem o essencial (excepto o A/C) nao imagino ali uma noite quente, nesse aspecto tivemos sorte.  O pequeno almoco e fraquinho, devia ter um PA mais composto e com produtos regionais por exemplo (em vez das salsichas de lata ????). O valor cobrado a mim pareceu-me sem duvida acima do oferecido... podiam amenizar isso com o freeacess ao SPA, cobrar pelo SPA nao faz sentido, no meu caso pessoal nao iria usufruir, mas acho que nao fica bem na fotografia pedir um valor extra."
"Local ideal para uns dias de descanco e/ou convivio. As instalacoes estao impecavelmente cuidadas e limpas. O enquadramento e o tipico desta zona do pais e tem excelentes condicoes para uns passeios (ou corridas, como foi  o nosso caso) pelas zonas envolventes. As pessoas foram todas muito simpaticas e prestaveis tendo feito tudo para tornar o nosso convivio de amigos inesquecivel. Nota: Tem um dos sobreiros mais bonitos e imponentes que alguma vez observei."
"4 noites no Monte do Giestal. Fomos recebidos com muita simpatia, ficamos na Casa da Bolota, casas funcionais e muito confortaveis. Pequeno-almoco bastante agradavel, de destacar os bolos caseiros deliciosos e um sumo de laranja divinal. A area exterior e excelente para um passeio, respirar ar puro e encontrar animais no seu habitat. Uma delicia! O SPA e um extra maravilhoso, para relaxar e tornar a estadia ainda melhor. Todas as pessoas que trabalham no Monte sao uma simpatia, gostam do que fazem e nota-se! Tivemos o privilegio de visitar o ex-libris da herdade, um sobreiro com 300 anos de uma beleza estonteante. Somando tudo, foi uma estadia perfeita com muitos momentos para recordar. De realcar que a minha cadela adorou, foi muito bem recebida. Fica a dica para quem quer ir"
"Somos um grupo de 7 casais e passamos um fim de semana perfeito. Ficamos nas casas a volta da piscina o que deu para usufruir de belos mergulhos e por a conversa em dia.  As casas sao excelentes, muito bem equipadas. O pessoal e extremamente atencioso e simpatico deixando-nos sempre a vontade, como se estivessemos em casas. O pequeno almoco e muito bom e aproveitamos o espaco comum para fazermos os jantares com o auxilio da D.Fernanda. Que mais dizer? Recomendo, recomendo!"
"Monte do Giestal Casa de Campo para relaxar e respirar um ar puro sem poluicao esse e um ambiente agradavel alem de ter espaco para esta com o seu animal de estimacao, piscina interior e exterior ,Recomento !"
"Foram 3 dias de relax e contacto intenso com a natureza. Para alem do SPA e da piscina exterior, experimente ir conhecer os fantasticos animais da quinta! Peca uma bicicleta ao Staff (todos super simpaticos e extremamente prestaveis) e viaje pelos 73 hectares de sobreiros e paisagens relaxantes. Se o clima nao ajudar, tem snooker, damas, cartas, mikado, entre outros, para jogar no edificio principal ou ate no quentinho da lareira da sua vila!  Recomendo a todos os que gostam de turismo rural e de serem recebidos e tratados com todo o respeito, carinho e atencao!"
"Fomos passar um fim de semana a dois e foi espectacular.  Nada a apontar! O staff e uma simpatia, o espaco e super aconchegante, o spa muito relaxante e todos os pormenores foram perfeitos.  Parabens pelo otimo trabalho."
"Excelente  local para relaxar e carregar baterias.  Instalacoes fantasticas com um optimo SPA O jantar servido no quarto foi 5 estrelas, comidinha  de conforto , caseira, bem quentinha .. A repetir ! NOTA: Staff muito profissional  e sempre disponivel !"
"Adoramos este turismo nao so pela localizacao ( muito proximo de Lisboa ) como pelo conforto das casinhas onde nos sentimos verdadeiramente em nossa casa ! A casinha e muito acolhedora com Lareira ou opcao de ar condicionado ; virada para a natureza onde se respira paz e bem estar .   As refeicoes servidas em casa numa parceria com um restaurante que este turismo dispoe sao maravilhosas !! Entregues numa cesta de picnic ... veem realmente quentinhas e sao muito saborosas !!!   A melhorar fica so um apontamento ao SPA que para alem de muito frio tem alguns servicos que nao funcionam bem : sauna / alguns jactos da piscina  nao funcionam ... e tambem o aquecimento nas casas de banho das casas que tambem nao existe ... de resto tudo perfeito !!!!  Um elogio especial ao Staff que e"
"Excelente empreendimento para se passar uns dias em descanso. Piscina interior e SPA qb. Pequeno almoco tem tudo o que e preciso para comecar bem o dia. Tem canil para quem queira levar o seu cao existindo tambem a possibilidade de o ter dentro de casa (necessario assinar termo de responsabilidade). A voltar numa proxima oportunidade."
"O lugar inserido na natureza e lindo e muito bem cuidado. Fizemos uma comemoracao com um grupo grande de dois dias no Monte e ficamos muito satisfeitos. As casas (quartos) sao muito confortaveis, bem equipadas e espacosas. O servico e excelente, sao todos muito simpaticos e o ambiente e acolhedor. Tudo funcionou muito bem, a recepcao, o jantar, a decoracao do espaco, o atendimento e todo o servico. Recomendamos!"
"Prezo bastanta o bom acolhimento e simpatia de quem sabe receber, e no Monte do Giestal isso foi perfeito.  Achamos a PISCINA sem sombra de duvida uma das melhores onde ja estivemos, sempre bem LIMPA e bem cuidada. Estao de Parabens.  Agadecemos o queijinho Aletejano que nos foi oferecido no PA. Bem hajam.  Achamos que o PA deve ser melhorado, compreendemos o facto de estar incluido no preco da estadia, mas achamos que faz falta o queijo Altejano o presunto, mais produtos da regiao, nomeadamente fruta da epoca. Retirava os ovos e os seus acompanhantes pois nao fazem do pequeno almoco uma maravilha.  Foi uma estadia muito boa!! Todas as colaboradoras estao de Paabens.  Esperamos voltar um dia."
"Passamos 5 dias de ferias deliciosos. Para nos uma paz e descanso, paisagens lindas..para os miudos o divertimento na piscina e a liberdade do espaco. As casas sao adoraveis, com todas as comodidades e de limpeza impecavel. Tem cozinha totalmente equipada mas se nao quisermos cozinhar ha a possibilidade de encomendar a refeicao a bom preco que e entregue na casa numa cesta. Todo o staff foi simpatico e prestavel. Tem wifi mas muito fraca o que acabou por ser optimo e nos afastou a nos e aos miudos dos telemoveis :)"
"Adoramos, muito tranquilo, pessoal muito atencioso e simpatico, as instalacoes excelentes, desde o spa, piscina, quartos, jardim.... excelente e voltarei de certo.  Unico contra foi a internet que era muito lenta mas como queriamos fugir dos dias complicados, barulhentos e mexidos foi bom."
"Os alojamentos sao muito confortaveis e espacosos e encontram-se equipados com todos os equipamentos necessarios para cozinhar. O espaco exterior e muito agradavel e a piscina interior e espectacular nos dias mais frescos. O pequeno almoco e muito completo e saboroso. E possivel encomendar refeicoes que sao entregues nos alojamentos."
"Por mais que escreve sera dificil transmitir o prazer e a paz durante e apos a estadia na Casa da Lande. Local tranquilo, alojamento top, pequeno almoco delicioso, instalacoes diversas, funcionarios prestaveis... Bom demais. Recomendo e tenciono voltar mais vezes."
"Excelente sitio para relaxar e sair da nossa rotina citadina.  A paz e o sossego alentejano envolvem-nos. Muita simpatia e disponibilidade de todas as senhoras. Recomendo sem duvida uma estadia em familia, os miudos gostaram imenso de passar pelo salao de jogos logo apos tomar o pequeno-almoco. Continuem com o bom trabalho, Felicidades."
"Gostamos muito do conceito. O apartamento extremamente limpo e com muito bom gosto relativamente a decoracao. Staff simpatico e disponivel. So consideramos que o pequeno almoco poderia ser melhorado e com mais produtos regionais"
"Adoramos o local, ja fomos passar fins de semana em familia mais que uma vez.  As casas sao muito simpaticas, confortaveis, com todas as comodidades mas ainda assim muitos rusticas, simples, muito muito bom O local envolvente e simpatico, tranquilo, pouco que fazer mas a ideia e mesmo essa. Bom pequeno almoco, caseiro. Staff muito simpatico"
"Excelente local para escape de fim-de-semana. A casa/quarto tem dimensoes expetaculares sendo ideal para familias com filhos. As condicoes do SPA sao muito boas tal como a qualidade do servico de massagens. Staff muito atencioso e simpatico e possibilidade de pedir jantar para a casa/quarto e indiscutivelmente valor acrescentado, sobretudo pela qualidade da comida. Existe espaco para melhorias na oferta de pequeno almoco."
"A nossa passagem pelo Monte do Giestal foi, infelizmente, curta.  Gostamos de tudo, desde a casa que era enorme e estava super limpa e cheirosa, ao pequeno almoco que e maravilhoso, todos os funcionarios super simpaticos e atenciosos, o espaco exterior super cuidado, as burras e o cavalo que eram amorosos.  Levamos os nossos dois caes, que tiveram imenso espaco onde brincar, o monte e bem grande e eles, em determinadas zonas, podiam andar totalmente a vontade.  Ha um unico pormenor a melhorar. Como a recepcao fecha as 20h00 e so reabre no dia seguinte as 08h, sugiro que exista nas casas um mini bar com alguns snacks ou fruta, uma vez que o Monte se encontra distante de qualquer sitio onde se possa adquirir.  Esperamos voltar brevemente"
"Espaco ideal para descansar com a familia em pleno interior alentejano.  Retiro no meio das azinheiras com piscina e parque para as criancas. Pode levar o seu cao ou gato que e permitido. As criancas tem espaco, piscina, animais e jogos. Os adultos disfrutam da tranquilidade de as deixar andar a vontade sem problema. O jantar nao faz parte do hotel mas e encomendado na rececao. Trazem ao quarto numa cesta tradicional com comida tipica da regiao, como tal bom, em grande quantidade e barato. Uma dose chegou para dois adultos e uma crianca. Quartos amplos com cozinha totalmente equipada o que permite trazer comida se assim o desejar. O Staff e extrordinario. Sempre preocupado com o bem estar, super simpatico e atencioso.  Experiencia a repetir sem duvida."
"Visitei o monte do giestal no passado mes de Maio, numa viagem espontanea a dois. Foi extremamente agradavel, toda a disponibilidade e profissionalismo com que fomos recebidos. Ficamos hospedados numa moradia enorme, extremamente confortavel e acolhedora, adoramos a piscina e espacos verdes e recomendamos vivamente a todos os amigos e familiares. No entanto, vivenciamos uma experiencia menos agradavel que inevitavelmente marcou a nossa estadia e, nem tanto o acontecimento em si, mas a forma como nao foi resolvida a situacao deixou-nos desagradados. Por lapso - e acontece inumeras vezes - um dos biquinis ficou a secar pendurado no puxador da porta da casa de banho. Mesmo depois do check-out, e com muito gosto, continuamos a desfrutar do espaco e a usufruir da piscina e no momento"
"Comodidades excelentes num ambiente acolhedor com um pessoal muito atencioso e um servico personalizado. As casas sao otimas, super bem equipadas, com todos os pormenores, para um programa em familia. As criancas adoraram e fizeram amigos ..."
"O paraiso e aqui. As casas sao fantasticas. Decoracao muito simpatica e acolhedora. As funcionarias sao extremamente simpaticas e super disponiveis. O Spa e a piscina sao excelentes. Imperdivel! Vale mesmo a pena visitar!"
"Nao poderiamos ter escolhido melhor local para as nossas ferias. Tanto o espaco como as pessoas que nele trabalham sao do melhor. A casa que nos calhou estava muito bem equipada, ultrapassando inclusivamente as expectativas. Nao demos por falta de nada. Ate o WiFi e o suficiente para umas ferias que se querem de descanso. Servico excelente. Gostamos muito."
"Adoramos o alojamento,  os empregados muito simpaticos e atenciosos, a comida muito bem confeccionada. Local ideia para um fim-de-semana em familia. Iremos voltar a repetir. Recomendo este magnifico hotel."
"Ideal para paz e sossego, para namorar, family friendly, relativamente perto das praias. Espaco acolhedor, bonito e com boas condicoes, no meio do montado e com bela vista para ele. As casas sao grandes, cozinha toda equipada (incluindo forno), tem secador de cabelo, ar condicionado e lareira. Staff muito simpatico e atencioso. Tem um pequeno parque infantil e um espaco com livros infantis. Quando a nossa filha comecou a falar no cavalo foram logo buscar uma cenoura para ela lhe dar e a mae teve direito a prenda no dia da mae. Como ponto menos bom temos apenas a agua da piscina exterior que tinha bichos mortos a flutuar e o Sr da piscina viu e nao limpou. Mas a piscina interior compensou. Decididamente, pretendemos regressar!"
"Para chegar ao monte temos que passar por um caminho de terra, que pode ser duro para os carros mais baixos, contudo para a criancada ate e divertido. Ao chegar ao monte propriamente dito, e tal qual vemos nas fotos -lindas, confortaveis, tipicamente alentejanas, muito espacosas e com uma decoracao irrepreensivel. A kitchenette esta muito bem equipada, caso se pretenda fazer refeicoes em casa. Falemos de equipamentos: - piscina -  usamos e abusamos, o espaco em seu redor e bom, tem tambem uma pequena piscina para criancas  - spa - nao usamos, mas visitamos e podemos verificar que tem optimas instalacoes, bem completas com algumas salas de massagens, sauna e banhos turcos. - ginasio - pequeno , mas face ao numero de casas parece-me ser o suficiente. Estes equipamentos sao"
"Monte muito bom, calmo, para relaxar, para aliviar do stress, para ler um livro e para tomar um banho (fora ou dentro) na piscina. Excelente para estar em familia, como eu estive. Casas com boas condicoes para passar uma boa temporada. O pessoal tambem e muito simpatico e atencioso para com os hospedes (nao so no caso da minha familia). Espero regressar mais uma vez."
"Dias muito bem passados, casas espacosas, tipicas, mas muito confortaveis e com privacidade! Decoracao muito gira, com temas do Alentejo (sobreiros, cortica...) Pessoal muito simpatico, piscinas com boas areas! Espaco envolvente muito calmo, ideal para fazer caminhadas, desfrutar da natureza e relaxar!"
"Para chegar a herdade e necessario percorrer um caminho de terra batida. O caminho nao e longo mas o estado de conservacao e mais recomendado para um todo-o-terreno e obriga um veiculo utilitario a deslocar-se bastante devagar, transformando um percurso curto em algo que parece nunca mais acabar. Contudo, chegando a herdade tudo isto se esquece. As pessoas sao do mais simpatico que existe, sempre com um sorriso genuino estampado no rosto que nos faz sentir que somos bem vindos. As casas sao muito confortaveis e dispoem de ar condicionado muito eficiente e silencioso, com tubagens pelo interior das paredes e grelhas de saida de ar discretas que em nada prejudicam a arquitetura rustica das casas. A sala, com uma lareira bastante eficiente e um sofa a sua frente que nos permite"
"Passamos 2 noites em tempo frio e chuvoso mas a simpatia do staff aqueceu-nos a alma! Casinhas espacosas e bem cuidadas, aquecidas ao ponto e lareira pronta para noites de conversa. Gostamos do pequeno almoco e de toda a informacao q nos deram para tornar a estadia agradavel. Tiramos pouco proveito do spa mas esperamos voltar com mais tempo. Precos razoaveis para a qualidade das instalacoes."
"O monte fica mesmo no meio da natureza, tem que se andar um pouco em terra batida para la chegar. Toda a disposicao do monte e a sua genuina arquitectura alentejana sao uma beleza que dispoe bem. O servico e de uma simpatia inexcedivel. O pequeno almoco farto e reconfortante. O Spa e uma bencao para os dias de inverno, tudo funciona bem. Os quartos sao casas individuais T2, bem climatizados e com lareira que funciona muito bem. Imagino que seja perfeito na primavera ou outono."
"A 1h de Lisboa, a dois passos da A2, um monte reconstruido com muito bom gosto e com todas os requisitos para agradar a miudos e a graudos. O SPA nao e so para adornar o ramalhete, funciona e recomenda-se. 5 para acessos livre a agua a rondar os 30graus numa agradavel piscina interior. Moradias unifamiliares com cozinha, AC e lareira, tudo funcional. A lenha e reposta diariamente pela fada da lenha enquanto o apartamento e limpo e arrumado pela fada da limpeza, nunca as vi, mas existem mesmo. O pequeno almoco e qb, mas tudo muito saboroso. A herdade tem 70 ha com trilhos que facilmente se percorrem em agradaveis caminhadas no meio das ovelhas, mas cuidado com os dias de caca. Por fim a muita simpatia e eficiencia de quem nos recebe e ajuda em tudo o que e necessario, 5*. Nao"
"Foi facil chegar ao Monte Giestal , existem varias placas de orientacao em ambos os sentidos na estrada principal . Excelente recepcao e orientacao de todas as facilidades existentes tanto na Villa como no Monte. Equipamentos disponiveis na Villa muito bom e operacionais, assim como o servico de limpezas espectacular tanto no interior como nas zonas circundantes. Disponibiliza o Servico de refeicao c/ marcacao e entrega na Villa  que e um espectaculo e os pequenos almocos sao suficiente. Ginasio e Spa com equipamentos suficientes para um bom treino e um bom relax. Piscinas Interior dinamica e Exterior muitos boas . Podem contar com a excelente equipa : Andreia , Ana e a Lilia . Sugiro os seguintes itens: A) Disponibilizar maquina de cafe . B) Espaco por cima da piscina interior"
"Simpatia no atendimento e conforto a um bom nivel. Para quem procura descansar e recomendavel de preferencia fora dos meses de muito calor que se faz sentir mesmo com uma piscina para nos refrescarmos e as comodidades do ar condicionado nas casas. O isolamento tem a vantagem do sossego e a desvantagem de ter de fazer alguns quilometros  para encontrar um bom restaurante."
"Estivemos hospedados durante um fim de semana. Globalmente, a experiencia foi boa mas o litoral alentejano ja tem uma oferta concorrencial de (ainda) melhor qualidade. Pontos positivos: a simpatia do pessoal, a zona da piscina, a area, a limpeza e o equipamento das casas, o ramo de alfazema na mesa do pequeno-almoco. Pontos a melhorar: os artigos de higiene disponibilizados, mais produtos locais no pequeno-almoco, a qualidade do wi-fi."
"Segunda vez no Monte Giestal. Nada de negativo a apontar. Fica situado a alguns km de Santiago tendo a possibilidade de se fazer compras em Ermidas Do Sado ficando assim mais perto.  Lugar espectacular para descansar e relaxar por completo. Com excelente se vivo e simpatia de todo o staff. Recomendo a 300%"
"Excelente turismo rural, com casas muito boas e com a vantagem de aceitarem animais de estimacao. O monte e muito bonito, tem piscina e spa. O pequeno almoco e muito bom e se quisermos almoco e jantar podemos encomendar num restaurante proximo e eles trazem. A comida e muito boa e tem bons precos. E depois as meninas sao fabulosas, sentimo-nos em casa."
"A simpatia e alegria da Ana, Lilia e Andreia pagam por si so a estadia...  O espaco em geral, o apartamento, tudo foi perfeito... A repetir sem duvida... Gostariamos que a zona comum do hotel permanecesse aberta ate mais tarde para usufruirmos do bar, do salao de jogos, do convivio entre hospedes..."
"Monte muitissimo agradavel. Dispoe de diversas casas bem equipadas. O sossego e total. So se ouvem os passaros ou o gado, ao longe. Dispoe de piscina ao ar livre e SPA. O pessoal e extremamente simpatico e prestavel. Sao uns dias calmos, muito bem passados."
"E facil de chegar. O Monte e bonito, esta bem arranjado. Os quartos sao bons (recomendo o da bolota se for um T1 ou azinheira se for um T2) visto ficarem mesmo em frente da piscina. O SPA, piscina com jatos de agua, ginasio, etc. sao muito agradaveis (mas tem de se pagar, mesmo sendo um valor simbolico). Tambem existem bicicletas para andar no monte e campo de tenis. Recomendo um passeio pelo campo, vendo as ovelhas, cordeiros e o J inha, um simpatico cavalo. Os pequenos almocos sao bons e as refeicoes (almoco, jantar) podem ser encomendadas de fora, a precos acessiveis e com boa qualidade. Por fim, tenho de realcar a simpatia da Ana, Andreia e Lilia que tudo fizeram para nos sentirmos em casa. Recomendo e penso voltar. Ja agora, perto do Giestal tem o Badoca Park e o Museu"
"Este sitio e sem duvida um dos melhores turismos rurais onde ja estive! Comeca logo pela simpatia das meninas que nos recebem! Fazem-nos sentir que estamos entre familia e nao num hotel! As casas sao grandes e acolhedoras, a sala tem uma lareira que em tempo frio faz as maravilhas de toda a gente (tive de pena de nao estar frio suficiente para a acender!). A casa onde ficamos era a unica que tem duas casas de banho (as duas com poliban). O pequeno-almoco e simples mas tem tudo o que e essencial para o tornar muito bom! A piscina interior podia ser um bocadinho mais quente mas e grande e tem uma quantidade de postos onde podemos desfrutar de uns belos jatos de agua. So e pena ter de se pagar para usar a banheira de hidromassagem! Quando estivemos la, estava mau tempo e passou"
"Adorei!!!!! 5recomendo a toda a gente. Ambiente bastante agradavel e familiar!!!! Atendimento fantastico. Obrigada pela vossa atencao e disponibilidade a toda a hora. Um beijinho Lilia e Ana, sao umas queridas!!! Parabens ao Monte do Giestal."
"Um espaco muito bem conseguido, bonito, calmo, acolhedor, com todas as infraestruturas que se requerem para uns dias bem calmos no campo com a familia. A simpatia, a disponibilidade, a limpeza e os recursos sao, sem duvida, os pontos a valorizar. Sem duvida, para repetir."
"Bom alojamento com bom equipamento, o exterior e todo muito bem cuidado e tem duas boas piscinas, um para adultos e outra para criancas. Possui um pequeno parque infantil e corte de tenis, espaco de lazer com sala com snooker e pequeno bar. O pequeno almoco e bem servido, e as pessoas sao super simpaticas. Parece-me que seria uma melhoria se tivessem um pequeno restaurante, pelo menos para jantar e sob encomenda, visto que de carro ainda e necessario deslocarmo-nos bastante em terra batida para chegar a estrada e a algum local para comer. Ate porque num local destes muitas vezes nem sequer apetece ir para mais confusoes e ficar por ali. Gostamos muito de tudo!"
"As casas estao muito bem conseguidas, muito funcionais com cozinha equipada para fazer algumas refeicoes rapidas, o unico reparo pode ser para a televisao que podia ser um pouco maior. O espaco exterior esta excelente, tem uma piscina com muito boas dimensoes e outra logo ao lado para as criancas, o empreendimento fornece toalhas e tem muitas espreguicadeiras tambem disponiveis no patio superior perfeito para descansar e ler um bom livro. Tem um parque infantil razoavel com uma cama de rede bem perto para quem quiser descansar enquanto os miudos brincam, e tambem possui um campo de tenis, e um spa e uma sala com maquinas para fazer exercicio. O sitio e excelente para fazer caminhadas ou mesmo Btt (tem bicicletas a disposicao), e um cavalo muito afavel que as criancas adoram."
"Ja nao e a primeira vez que escolhemos este espaco para uma fugida da cidade e nao nos arrependemos. E sempre uma escolha acertada.  Muito agradavel, calmo e com a simpatia sempre presente nas pessoas responsaveis pelo Monte.  Recomendo o SPA, as casas junto as piscinas, o optimo pequeno almoco.   A cerca de 1 hora de Lisboa, certamente iremos regressar."
"Excelente espaco no Alentejo, a simpatia e o sossego imperam. O pequeno almoco e fantastico e com alguns produtos caseiros. So nao atribuo excelente porque nao servem refeicoes, apesar das casas terem cozinha muito bem equipada a sempre alguem que nao tem muita vontade de cozinhar!"
"Desde o atendimento, as casas, a piscina e a paisagem, foi tudo fantastico. Foram dois dias inesqueciveis onde pudemos desfrutar da tranquilidade do monte e toda a beleza que este tem para nos oferecer. Sem duvida, um sitio a conhecer."
"Fantastico local para relaxar e descontrair do stress do dia a dia. Fomos muito bem recebidos e muito bem tratados. Ambiente acolhedor aliado ao bom gosto de todos os espacos. Spa fantastico com direito a umas massagens mto boas. Local a voltar, rapidamente!"
"Um verdadeiro paraiso alentejano! Espaco muito cuidado, limpo e tipico. Os alojamentos sao excelentes e bem decorados. Muita simpatia de todos. Recomendo um passeio pelo montado (para la da cancela) para visitarem o sobreiro historico e o simpatico cavalo, que nao se cansava da nossa companhia!!! Tem um spa bem equipado com uma agradavel piscina interior, banho turco, sauna, etc. Resumindo fantastico!"
"Um monte muito agradavel, decoracao muito bem conseguida, constituido por casas muito bem equipadas e confortaveis. Ficamos alojados na casa do Zambujeiro, T1 para 2 ou 4 pessoas: cozinha bem equipada, nao falta nada, sala espacosa e quarto(s) agradaveis. Tem piscina exterior, animais em redor da quinta , um spa maravilhoso. Apenas o pequeno almoco nao correspondeu totalmente as expectativas. Recomendo vivamente para quem quer fugir a cidade e relaxar num ambiente verdadeiramente rural."
"No Monte do Giestal, sentimos que e dada atencao aos pormenores. As casas sao limpas, pensadas, onde nao falta nenhum pormenor. Ja fui de Verao e de Inverno, onde podemos acender a lareira, e aproveitar as tardes em casa ou em alternativa no SPA. Recomendo e voltarei em breve!"
"O servico , o hotel muito cuidado e o spa sao os ex libris deste turismo rural  As casas esta muito bem decoradas e muito funcionais  A piscina exterior e interior sao fantasticas. Esta tudo muito bem cuidado e sao sempre simpaticos com todos os pedidos A unica critica e as aguas dos banhos que e impossivel tomarem banho 2 pessoas seguidas e mesmo com a distancia de uma hora a agua e morna"
"Casas muito giras, ideal para ferias e fins-de-semana em familia. cozinhas das casas muito funcionais, pequeno-almoco na casa principal pode ser tomado ate tarde. Staff muito prestavel. Muito simpatico no Inverno com a lareira ligada."
"O espaco e idilico, o servico excelente, muita simpatia, optimos espacos e condicoes, pequeno-almoco muito completo. O meu filho adorou levar macas do pequeno-almoco para dar ao Jota, o cavalo que vive no monte."
"Excelente local para fugir da rotina diaria.  Tem spa, mas o banho turco tem um temporizador que, ou alguem vai la fazer reset, ou entao acabou :) A sauna tentamos colocar a funcionar mas nao fazia calor nenhum...  Os acessos sao os normais para o tipo de alojamento que e - buracos, valas, raizes...  O pequeno almoco e bom, e pode ser feito ate ao meio dia - muito bom!  Para refeicoes, se quiser fazer no local do alojamento, tem que ir buscar ao supermercado. Existe um ao pe, mas tivemos que ir a Santiago pois os outros ao pe ja se encontravam encerrados.  O Wi-Fi estava la, mas nao dava para usufruir - tal como a recepcao de rede (era inexistente)."
"E possivelmente um dos melhores empreendimentos do genero no Alentejo. Acima de tudo tem um staff extremamente dedicado (obrigado Ana pelo sumo de laranja delicioso e umas tostas brilhantes). As casas tem aquela traca alentejana unica e estao muito bem equipadas e decoradas. Tudo feito com atencao no pormenor. Conseguirem sem duvida tornar a minha estadia especial. Sem duvida voltarei!"
"O Monte do Giestal e daqueles sitios que vamos com uma expetativa alta e que, mesmo assim consegue superar as nossas melhores expetativas. O staff e atencioso, disponivel e amavel, sempre preocupado com o nosso bem estar, mas com um trato de amigos e nao de empregado que e para mim muito positivo. Para quem quer passar um fim de semana romantico ou em familia tem sempre com o que se ocupar. Desde a magnifica piscina ao ar livre, ao campo de tenis, ao snooker ou ao SPA, bem como outras atividades de ar livre que se podem fazer no local ou nas redondezas, como passeios a pe ou de BTT, as atividades sao inumeras. O pequeno almoco sem uma imensidao de produtos, tem o que de melhor se faz rusticamente, como o maravilhoso pao alentejano, entre outras variedades, doces caseiros, bolo e"
"Dos melhores sitios onde estive nos ultimos tempos (anos?). O Monte e excelente e o staff.... do Planeta da simpatia. O que qualquer unidade hoteleira sonha em ter, aqui e a 100%. Bom servico, limpeza total, disponibilidade das pessoas acima de qualquer expetativa. Faltaram as caipirinhas e o Gin no bar.... fora isso nao falta MESMO nada!  A dois, e um sossego;  Com miudos e uma delicia. Fazem-se amigos todos os dias... Tive todas as condicoes para conjugar, numa semana, um bebe de 4 meses e uma menina de 9 anos!  Perto ha restaurantes, centro de ciencia viva do Lousal - muito bom e as excelentes ruinas de Mirobriga. Sines e Porto Covo a 50 km Um GRANDE, GRANDE, GRANDE obrigado a Guida, a Lilia, a Ana e a Elia (e a todos os que nao consegui decorar o nome). A repetir, de verao"
"Foi uma agradavel surpresa a todos os niveis. O staff e fabuloso e sempre disponiveis, fazem-nos sentir em casa. As casas sao muito frescas, o que e importante com o calor do Alentejo. Os pequenos almocos sao excelentes. A limpeza e diaria e bem feita. A piscina e excelente, toda a envolvencia esta muito bem conseguida e da-nos a alma do Alentejo. O SPA era optimo... enfim gostamos de tudo menos de partir."
"Ficamos 5 noites e ficariamos mais. Local maravilhoso tudo e pensado ao mais pequeno pormenor!Equipa fantastica de uma simpatia extrema. As casas sao um mimo dignas de revista, decoracao de acordo com o ambiente vivido no campo, serenidade dentro e fora de casa. O spa e muito bom a agua da piscina e muito quentinha e as condicoes otimas!O pequeno almoco deixa saudades sempre com um miminho diferente todos os dias. Fizemos anos de casados e o staff ajudou a concretizar um dia maravilhoso cheio de surpresas! Dificil de para de felicitar o monte do Giestal pois quem vai certamente quer voltar!Obrigada e ate a proxima!"
"Tivemos uma tarde a usufruir do SPA e foi fantastico. As massagens sao super relaxantes e toda a atmosfera do Monte e impecavel. Lugar optimo para descansar e passar bons momentos em familia.  O Alentejo em todo o seu esplendor."
"Perfeito para descansar. A minha estadia foi no inverno, portanto nao usufrui da piscina exterior, mas ainda assim  a piscina interior aquecida e muito agradavel. Tem canil, o que permite levar caes. O atendimento e muito simpatico. Ha imensa privacidade, ja que as casas sao separadas. Recomendo."
"Perfeito para descansar, excelentes instalacoes, pequeno almoco fabuloso.. Mas se ainda e possivel, o ponto forte foi o acolhimento... Voltaremos certamente apesar do ligeiro preco elevado, apesar de termos aproveitado  uma excelente promocao de aniversario. Adoramos... Familia com filho de 3 anos que adorou principalmente a piscina interior."
"Ficamos hospedados neste hotel apenas uma noite, mas foi o suficiente para perceber que fizemos uma excelente escolha. A localizacao do hotel e perfeita para quem quer fugir da confusao. A casa onde ficamos e maravilhosa, simples, espacosa e muito confortavel. O staff foi muito simpatico, assim que chegamos mostraram-nos toda a herdade e deram-nos indicacoes sobre sitios onde comer ou programas para fazer durante o tempo que la estivemos. O pequeno-almoco foi fantastico, apesar de nao haver muita variedade, as compotas e os bolos sao caseiros, o pao muito mole, os ovos, queijo e os sumos sao fresquissimos. Pedimos para fazer check-out tardio, o que nao foi qualquer problema. A piscina e baixinha, nao permite mergulhar, mas tem uma especie de cascata que marca a diferenca."
"Estive hospedado nesta pequena vila e adorei. Perfeito para fazer um retiro com a familia ou amigos. O staff foi extremamente simpatico e prestavel, Espero voltar um novamente  aconselho vivamente. As casas estao equipadas, pequeno parque para criancas e ainda tem um cavalo para interagirem"
"Estivemos hospedados neste espaco durante 3 noites, com duas criancas pequenas. As casas sao muito confortaveis e acolhedoras, com cozinha equipada com o essencial. o spa e  muito agradavel e todo o staff foi extremamente simpatico e prestavel. Apenas provamos o pequeno almoco, e era muito bom.  Fica situado literalmente no meio do nada, e o acesso ate ao hotel e  por um caminho de terra batida. mas vale muito a pena, pois as condicoes apresentadas pelo mesmo sao excelentes. Situa-se a +- 17 km a Este de Santiago do Cacem."
"Se quiser relaxar com a sua familia e o local certo para ser. As casas sao adequadas as necessidades das familias e a piscina e excelente para brincar com as criancas. Os recepcionistas sao muito simpaticos e muito prestativos."
"Nos (minha esposa, dois filhos (19 e 17) e eu fiquei aqui por uma noite como uma parada a caminho de Lisboa a nossa villa de ferias. Depois de um longo dia de viagem chegamos por 8.30para uma recepcao calorosa do recepcionista. Ela foi muito atenciosa e amigavel e informativo (felizmente para nos ela tinha um bom ingles e eu entendo melhor com ela frances, espanhol e alemao). O alojamento era espacoso o suficiente para os quatro de nos, limpos e confortaveis, com equipamento suficiente para nossas necessidades. Os apartamentos sao agrupados em torno de uma agradavel piscina com uma piscina infantil separada. No entanto, eles sao suficientemente distante para permitir privacidade. As areas comuns sao bem proposto composto de caminhos, superficies arrelvadas e canteiros de flores."
