Avaliacoes
"Estive hospedado neste hotel de 1 a 3 de julho. As instalacoes sao bastante razoaveis, o pessoal e impecavel de simpatia, o problema e a famigerada central de reservas. Nao transmite ao hotel os pedidos que lhes sao feitos,  e gera sempre uma grande confusao na hora do chek-in. Os quartos nao sao o que pagamos, nem respeitam os pedidos que fizemos. Depois nao ha possibilidade de troca porque supostamente esta tudo cheio! Mas Tripadvisor e Booking tem os quartos que pretendiamos disponiveis. Uma confusao!!!"
"O quarto tinha uma grande lomba no chao de madeira ... Por debaixo da cama e dos moveis o chao de madeira tinha uma cor esbranquicada , nao era sujidade , mas tinha um mau aspeto ... O quarto deve ter tido uma grande inundacao , e nao foi devidamente arranjado. A minha namorada por pouco nao dava um grande trambolhao durante a noite , por ter tropecado na grande lomba do chao .de madeira. Este e o ponto muito negativo . O pessoal que esta no hotel e simpatico , mas pouco interessado , porque  nunca teriam atribuido o quarto em que fiquei a um cliente . Uma falha muito grave . O turismo em Portugal , comeca a ficar muito complicado ...."
"Hotel muito bem localizado, charmoso, atendimento irrepreensivel, o jantar com excelentes entradas (queijos e enchidos), comida divinal e bem servida. O servico e competente, atencioso e simpatico. Recomendo e pretendo repetir"
"Estive entre os dias 5 a 7 de Setembro hospedado neste hotel, o qual deixou muito a desejar, tendo em conta a sua avaliacao de 4 estrelas e o seu preco de casal por noite. O ponto mais positivo foi de fato a simpatia do funcionario da rececao, os colchoes sao horriveis, uma pessoa acorda de manha sem vontade de ir passear para ver a natureza tal sao as dores nas costas quando se levanta, inadmissivel para um hotel  com esta classificacao. Os quartos deixam muito a desejar, precisam urgentemente de obras de modernizacao. Pedi 2 bebidas ( um mojito e uma caipirinha) a um funcionario numa das mesas onde esteva sentado junto a piscina por volta das 19:10, ao que o mesmo disse com uma certa arrogancia que ja nao servia, pois iam comecar a preparar a sala de jantar para a abertura as"
"O hotel e acolhedor com bonitos jardins, estando a piscina ladeada por um sobreiro e alfarrobeiras. O chao dos quartos devia ser reparado pois apresenta algum desgaste. O quarto virado para a piscina e jardim tinha uma grande varanda. O hotel oferece uma boa esplanada para almocos e jantares e a comida servida e boa. O pequeno almoco tambem e bom e farto Os colaboradores do hotel sao muito simpaticos e prestativos. Tambem pode ser feita observacao das estrelas mediante marcacao o que vale a pena. Recomendo"
"Edificio historico com pormenores interessantes mas pouco cuidado, especialmente no mobiliario exterior e no pavimento em volta da piscina que esta bastante danificado. O jardim e agradavel. O quarto era bom, apesar da televisao nao ser sequer um LCD. Muito estranho para um 4 estrelas. A comida e bastante boa, tanto o pequeno almoco como o buffet do jantar, com grande variedade de saladas e bem confeccionaras.  A localizacao e muito boa, e possivel ir a pe facilmente para a praia da tapada grande e visitar as ruinas da mina, num espaco envolvente muito bonito. O staff e muito amavel e disponivel, apesar de se perceber alguma desorganizacao."
"Dirigi-me ao hotel numa segunda feira de Setembro para almocar. Sou recebido com pouca simpatia. Perguntei se podiam almocar 3 pessoas e disseram-me que nao. Fiquei sem saber se tem restaurante ou nao"
"NEGATIVO: Areas comuns do hotel sem ar condicionado, numa altura de temperaturas acima dos 40 nao se compreende. TVs dos quartos ridiculas, dos anos 90. Nao existe qualquer controlo do uso das espreguicadeiras na piscina, existem hospedes a marca-las as 10h quando so as utilizam depois das 17h. Ausencia de sinal Wi-Fi nos quartos (pelo menos do edifico novo).   POSITIVO: Simpatia do Staff. Localizacao. Piscina e espacos exteriores bem cuidados.   A MELHORAR/SUGESTOES: Colocar A/C nas areas comuns. Substituir TVs dos quartos. Uma piscina interior abriria outras oportunidades de visita em epoca baixa ate porque as imensas caminhadas possiveis seriam bem mais agradaveis em tempo mais ameno.  Se aconselho? Sem duvida. Uma localizacao magnifica, super tranquilo mesmo em pleno agosto."
"Tem uma optima localizacao para quem pretende ir a praia Fluvial e passear as Minas de Sao Domingos. Pode se fazer tudo a pe. O Hotel tem aereas grandes e tem um observatorio de estrelas, mas apenas aberto em dias de ceu limpo. A televisao do quarto era muito antiga, ainda das quadradas e estava dentro de um armario. Na era do Led , o hotel tem demasiadas lampadas de halogeneo."
"Hotel com um ambiente extremamente agradavel  inserido num local aprazivel. Os quartos sao confortaveis e limpos. Talvez renovar as televisoes. O pequeno almoco e o jantar  agradaveis (embora considere que se deva melhorar um pouco a qualidade das saladas). Staff sempre atencioso e simpatico. Incluir no pequeno almoco e jantar produtos alimentares sem glutem O ambiente exterior com um bonito jardim e piscina apetecivel."
"Muitissimo agradavel, localizacao estrategica para quem passeia por estas bandas, renovado, bom servico, limpissimo, gostamos imenso. Buffet para o jantar de grupo variado e excelente. Muito bom! Wifi gratuito nos quartos, nas zonas comuns nao ha e mesmo rede de telemovel dependendo dos operadores."
"Hotel agradavel, com excelente ambiente exterior tanto no hotel como na envolvente - vila, praia fluvial e complexo mineiro. Excelente para repousar na epoca baixa e fazer uns passeios culturais e ambientais."
"Excelente pequeno almoco; a necessitar de algumas remodelacoes nos quartos junto a recepcao (roupa de cama e tv desactualizada); grande diferenca termica entre as diversas salas; as lareiras no Inverno deveriam estar todas acessas; Staff muito atencioso e simpatico!"
"Hotel muito confortavel, ambiente agradavel, ideal para uns dias de repouso, facil acesso e boas condicoes para estacionar, caso se desloque em viatura propria, apenas uma nota menos positiva, em caso de estadia em meia-pensao, o buffet e pouco variado!"
"Espaco muito bonito, afabilidade dos funcionarios, bom quarto e uma excelente piscina. Para quem goste de tranquilidade. Pontos negativos ou a melhorar: falta de funcionarios para um espaco com tantos pontos de interesse, Tv antiquada nos quartos,"
"Bom para descansar em familia com varias atividades para os miudos. Jardim e piscina muito agradavel.  Excelente localizacao junto a Praia Fluvial Tapada Grande.  Bom restaurante. Optimo para observacao astronomica."
"O hotel tem como enquadramento o alentejo interior no seu melhor: natureza, pequenas localidades, povo modesto e acolhedor, mas principalmente uma gastronomia fantastica. Qualquer cafe vos serve sandes e petiscos com pao manifico, produtos fresquissimos e locais, simpatia e simplicidade de qualidade. O hotel em si esta um pouco envelhecido em algumas estruturas e comodidades, mas nada que estrague a estadia, sobram os interiores amplos, o pequeno almoco farto e regional, o espaco exterior verde, cuidado e cheio de arcadas com redes que convidam ao descanso junto a piscina. O calor abrasador do alentejo nao tem igual e a sensacao de refresco sabe ainda melhor naquela piscina com bar. A casa principal era o antigo palacio dos ingleses que exploravam as minas e os seus espacos"
"hotel simples mas perfeitamente enquadrado na classificacao que tem, recomendo vivamente pelo espaco exterior, uma piscina e espaco envolvente muito agradavel e tranquilo, ainda para mais que o hotel e pequeno, pelo que das tres vezes que fui, nunca encontrei uma piscina lotada, pelo contrario, ha sempre espreguicadeiras disponiveis, redes no jardim etc. Uma coisa menos positiva, e que o servico de bar da piscina e um pouco limitado."
"O hotel, embora de 4 estrelas, apresenta uns quartos com a qualidade de 3 estrelas. A mobilia e bastante antiga, Cama, armarios, uma TV de caixa grande..nao faz muito sentido. Nao ha cama de casal?? O hotel devia investir numa remodelacao de quartos,ja que apresenta um restaurante lindo."
"Hotel de uma maneira geral desconfortavel com decoracao simploria e temperatura ambiente baixa. Quarto a condizer. Tabuas no chao, decoracao desagradavel e sem aquecimento. Ar condicionado avariado e sem outro aquecimento disponivel. 4 estrelas? Nao brinquem! Ao nivel de pensao manhosa."
"Mais uma escapadinha em casal... mais uma agradavel surpresa! Local amplo, limpo e com um optimo staff. Os quartos sao bons com varanda com bonitas vistas sejam para a piscina ou para a praia fluvial. Bem localizado para um turismo especifico, como fui la de inverno e bastante calmo para passear nas Minas de Sao Domingos e descobrir um pouco da historia local."
"Calmo, pessoal simpatico e atencioso, bem limpo. Pequeno almoco decente! Bem situado para um turismo algo especifico principalmente no outono!! Bom para descansar e dar umas voltinhas a pe!!! E claro, ir visitar o Pomarao!!"
"Agradavel e limpo. Hotel amplo com excelentes vistas seja ela para a praia fluvial ou para a piscina. Quarto agradavel, espacoso, varanda simpatica perfeita para um final de tarde se o calor do Alentejo assim o permitir.  O unico senao foi a cama serem 2 de solteiro e nao uma de casal e nao da para juntar pois fica um espaco enorme entre elas.  As almofadas achei muito rijas, mas a simpatica senhora da limpeza arranjou uma almofada mais leve (este e um aspecto que o hotel esta a prever melhorar).  Staff do hotel - excelentes profissionais e muito simpaticos. A zona da piscina e do jardim sao fantasticas. O restaurante do hotel pratica uns precos um pouco elevados e a oferta na Mina de Sao Domingos e pouca. Alternativas sao Mertola que fica a 17km ou Serpa que fica a cerca de"
"Um local ideal para descansar em casal ou em familia e desfrutar da natureza, podendo aproveitar a piscina, caminhar ate a praia fluvial da tapada e aproveitar para conhecer a gastronomia regional tao Boa! Os funcionarios sao simpaticos e prestaveis. Os quartos ficam um pouco aquem do restante hotel com uma decoracao mais antiquada e televisao muito antiga com poucos canais, bem como o ginasio que tem maquinas muito antigas e em mas condicoes. Sem duvida um local a revisitar! Otima relacao qualidade preco."
"Antes da chegada ao Algarve resolvi fazer uma parada neste simpatico hotel, muito sossego, uma noite com um luar esplendido somente houve um problema, os mosquitos teimavam em nao dar sossego. As instalacoes sao no geral boas somente uma televisao plana (lcd)  e  que esteve em falta ja os crt's pertencem ao passado."
"Foi a segunda vez que estivemos neste hotel e encontramos a mesma envolvente de natureza e tranquilidade que e seguramente uma das suas maiores valias. Os quartos sao confortaveis e bem dimensionados e o servico equilibrado. Jantamos uma vez no restaurante: a comida estava bem confeccionada e o servico foi cuidadoso. O unico senao sera alguma escassez de organizacao e de pessoal que se sentiu seja no check-in seja no pequeno almoco - incompreensivel a existencia do voucher. Constitui uma excelente base para explorar e conhecer os despojos das antigas minas."
"Por ordem: Colocaram-nos num quarto de deficientes sem informacao previa: Quarto cheira mal e a resposta e que de manha nao cheirava; Piscina carregada de folhas (mas a agua estava limpa); Principal atraccao do hotel um observatorio astronomico esta fechada; Banheira de hidromassagem do quarto nao funciona; Melhor de tudo ate agora, ao pequeno almoco nao tem funcionarios nem pratos nem talheres e se formos a recepcao reclamar aparece a miuda que esta na cozinha a preparar as refeicoes.  Fraquissimo, ainda dizem que a desemprego no interior. As pessoas fazem falta nao as querem e contratar"
"Hotel muito limpo e com pessoal simpatico, mas com coisas a desejar para o que seria expectavel para um hotel de 4 estrelas. Televisao do quarto bastante antiga e sem todos os 4 canais portugueses. Nao tinha candeeiro na minha mesa de cabeceira, e nao tinha eletricidade na ficha que estava por perto. Pequeno almoco sem referencias da regiao e um pouco incompleto."
"Hotel tranquilo, com staff simpatico e atencioso. Quartos espacosos e limpos- Pequeno almoco agradavel. Piscina agradavel, com manutencao cuidada. Certamente um hotel a revisitar para uma estadia mais prolongada."
"Hotel agradavel para um fim de semana de descanso, por exemplo. Mas para 4 estrelas tem de melhorar bastante: no mobiliario de quarto, nos produtos de casa de banho, na luminosidade e conforto das zonas comuns...enfim, tem potencial para ser muito merlhor, e a zona onde se insere merece sem duvida um esforco nesse sentido"
"Um hotel em termos de localizacao muito boa senao fantastica, uma envolvente tranquila e bem proxima de locais possibilitam desportos nauticos e passeios bicicleta e caminhadas. No entanto o hotel apresenta um ar austero e pouco acolhedor. Os quartos sao bons em dimensao mas pouco comodos em termos de conforto necessitando de remodelacao a nivel das camas e assim como a decoracao. Tem um pequeno almoco sem grande variedade. O hotel nao tem um bom servico de acompanhamento ao pequeno almoco nao existia um unico empregado a assistir no pequeno almoco e na recepcao a funcionaria pouco gentil. Poderia ser um excelente hotel se houvesse um pouco mais de atencao ou personalizacao do servico e algumas pequenas renovacoes."
"O Alentejo Star Hotel ( ex Hotel Sao Domingos ) e um verdadeiro tesouro de tranquilidade. A zona envolvente e optima para relaxar e passear em familia. O hotelconjuga perfeitamenta o moderno e o classico, notando-se claramente a mao do arquiteto. Os quartos muito confortaveis, sendo o unico repararo a televisoes algo antiquadas. Quanto ao restaurante nada a apontar. Comida bem confecionada, optimo servico, e com precos justos! Recomendo e ireiregressar"
"O hotel ja acusa o peso dos anos e a precisar de nitidas reparacoes. Denomina-se por Alentejo Star Hotel, que ninguem sabe onde e. Ficamos a saber que na localidade da Mina Sao Domingos e conhecido por Hotel Sao Domingos. Felizmente e o unico, por isso o engano esta limitado. O colchao e muito duro e os produtos de higiene muito escassos. Quem chega ao final do dia e toma um banho, fica sem produtos para o banho da manha seguinte. Apesar de pedir na rececao, nao houve deposicao. Os funcionarios sao simpaticos e esforcam-se por agradar. Contudo, nota-se que para alguns falta-lhes alguma formacao na area do turismo e trabalham em regime de part-time. A rede Wi-Fi e uma lastima. Para quem precisar de aceder a internet para trabalhar, e melhor prevenir-se com um hotspot. Os quartos"
"O hotel bem localizado junto a uma paisagem lindissima.  A fachada correspondente as fotos sendo muito agradavel! Gostamos muito do jantar nomeadamente da simpatia do chefe de sala e restantes funcionarios. A sala era muito bonita com uma lareira e com aspecto intimo e acolhedor.  A comida estava muito saborosa apesar que para quem nao queira gastar muito nao seja o sitio indicado (50  no total ).   O pequeno almoco e servido numa divisao muito pitoresca com um forno antigo.. Em termos de variedade e um pequeno almoco simples mas agradavel.   Em relacao ao quarto,  este tem uma banheira excelente para um banho relaxante,  todo o quarto e espacoso e muito limpo.   Relativamente as coisas menos agradaveis do hotel: o chao do quarto estava gasto, a internet e limitada (sendo que"
"Estadia muito calma e com a tranquilidade desejada. Os quartos sao amplos e confortaveis. Espaco envolvente bastante acolhedor. Tem parque infantil para as criancas e bastante espaco para correr... O pequeno almoco e completo, no entanto, poderia ter mais algumas variedades - pao, bolo caseiro, compota, etc... Voltaremos certamente."
"Um hotel agradavel e tranquilo. O pessoal bastante atencioso e simpatico. Boas condicoes, quartos com boas dimensoes e varanda com cadeiras e mesa. Tem wi-fi gratuito. A televisao encontra-se dentro de um armario sendo um modelo ja antigo. Contudo tem varios canais a disposicao. Tudo muito limpo. Dispoe de ar condicionado eficaz. Nada a dizer em relacao a higiene.  O quarto de banho dispoe de produtos para banho, secador mas sem creme para corpo (nao seria mal adicionar uma embalagem). O hotel comporta 2 piscinas, uma para adultos e outra para criancas. Tem bar junto a piscina. Perto do hotel dispoe de uma piscina fluvial muito agradavel. O nosso quarto tinha vista para a zona das piscinas e praia fluvial. Nao jantamos no hotel mas tomamos pequeno-almoco e posso dizer que muito"
"A longos anos que sempre no inicio de Setembro vou para este Hotel. Tem imenso conforto e e o ideal para descansar, nao esquecendo a praia fluvial ali ao pe que possui bandeira azul, tem nadadores salvadores e um snack bar de apoio. O pequeno almoco do hotel e bom. Nas redondezas tem alguns pequenos restaurantes tipicos alentejanos. Pode efectuar uma visita a antiga mina de Sao Domingos e ver o lago com agua acida."
"Hotel super Tranquilo junto ao Gaudiana. Pequeno almoco com compotas deliciosas. Quartos super confortaveis. Staff Super atencioso. Excelentes Vistas. Da para ver as estrelas e tudo! Atendendo as comodidades do hotel tem boa relacao qualidade/preco."
"Hotel tranquilo numa zona muito agradavel. Superou claramente a expectativas do que iria encontrar. Pessoal simpatico.  O pequeno almoco poderia melhorar, apresentando maior oferta, condizente com as estrelas que ostenta. E pena a piscina ser algo diminuta, e com pouca area de cadeiras. Notamos algum excesso de cloro, talvez para compensar menos manutencao? Nao experimentamos o restaurante, resolvemos tentar a gastronomia fora do hotel. Por ele e pelo sitio, certamente iremos repetir a experiencia."
"Adoramos a estadia, e um local muito agradavel com uma mistura entre campo e praia. Excelente localizacao, o Hotel e simplesmente um amor, com um excelente servico, adoramos o nosso quarto com vista para o rio, o sossego o conforto. Enfim e sem duvida uma estadia a repetir porque soube a pouco. Obrigada"
"O Hotel Sao Domingos e muito tranquilo. Todo o hotel esta muito bem cuidado, seja em termos de limpeza, interiores e espacos exteriores. A piscina e boa, com apoio de bar. Tambem tem piscina para criancas. Bom para relaxar. Tem uma sala que se chama sala dos telefones com alguns jogos e brinquedos para criancas. O Staff e simpatico e prestavel. A dois passos da Praia fluvial da Tapada Grande."
"Ficamos 5 dias neste Hotel. Adoramos o profissionalismo e simpatia dos empregados, sempre prestaveis e atenciosos.  O Hotel tem muito boas instalacoes e condicoes, e quase diria que e melhor em alguns aspectos que outros de 5 estrelas em que estivemos.   O quarto e amplo e espacoso, com boas condicoes e tinha um terraco enorme, excelente para passar noites quentes de verao estendido na espreguicadeira a ver as estrelas.  A zona do jardim e bonita e a piscina e excelente. Tem salao de jogos, ginagio e uma sala para as criancas brincarem... Tudo muito limpinho e arranjadinho. O espaco envolvente e bonito e a praia fluvial e perto da perfeitamente para ir a pe em caminhada...  Os unicos pormenores nao tao importantes, mas que podiam melhorar: - O pequeno almoco era suficiente, mas"
"Hotel muito simpatico, os funcionarios sao muito amaveis e prestaveis. A limpeza  do espaco e irrepreensivel. A piscina muito bem tratada com um acesso a um bar. Os unicos pontos negativos que me fazem nao dar a nossa maxima e a TV no quarto do seculo passado, com muitos poucos canais disponiveis. Apesar de querermos descansar seria util um canal infantil para a pequenada. O pequeno almoco podia ter mais variedade."
"Hotel fantastico para descansar e aproveitar a piscina e a fantastica praia fluvial a poucos metros do hotel. Deck da piscina a precisar de ser mudado e as camas podiam ser mais confortaveis. Staff mt atencioso e simpatico."
"Hotel com uma localizacao bastante agradavel. Muito bom para descansar. Sem barulho ou confusao. Todo o hotel esta muito limpo e cuidado. Rodeado de um jardim muito bem tratado onde as flores e as arvores tem uma placa com o nome, origem e nome cientifico.  Os quartos sao simples mas limpos e muito confortaveis. Quase todos tem uma pequena varanda com mesa e cadeiras. Cama muito confortavel, casas de banho limpas, espacosas e funcionais. De negativo apenas o modelo antigo e so com 4 canais da televisao e os produtos de banhos de fraca qualidade. O hotel tem uma pequena, mas agradavel piscina com servico de bar.  O pequeno almoco e variado e pode ser tomado numa varanda exterior. O restaurante serve pratos tipicos da regiao, bem confeccionados e a um preco simpatico. O Hotel tem"
"Um bom hotel com excelente localizacao, e optimas instalacoes. Os quartos sao bons limpeza irrepreensivel equipados com o necessario . Teem tambem varanda e mesa com cadeiras. Uns dao para a piscina outros para a praia fluvial. E o mas e porque lamentavelmente a televisao ,que pensava ja nao haver modelos daqueles, esta escondida num armario e fica de lado quando se puxa. Para mais tem unicamente os quatro canais classicos e mal. Recomendaram me ir para a sala do hotel se queria ver outros canais, e quando perguntei o que dizia aos outros hospedes que ja la estavam encolheram os ombros."
"Hotel muito agradavel, situado bem perto da margem da barragem. O pessoal muitissimo simpatico e prestavel. Excelente pequeno almoco, o jantar e bom, nao va o chef trocar nomes aos nossos pratos tipicos."
"Hotel inserido num local calmo, junto a uma belissima praia fluvial. O edificio e antigo, muito bem restaurado com salas simples mas funcionais e com decoracao adequada. Os espacos envolventes sao bons com uma belissima piscina. A simpatia do pessoal e de notar."
"Hotel muito agradavel e tranquilo. Bastantes areas verdes, o que nao e tao habitual num Alentejo mais arido. Staff da recepcao extremamente educado e prestavel. Piscina exterior muito aprazivel e quartos amplos com varandas privativas. Comida restaurante boa. Peq. almoco pode melhorar, nomeadamente com opcoes produtos locais e alternativas mais saudaveis como pao centeio e leites aveia/soja, uma vez que ha ja uma enorme percentagem de pessoas que nao bebem leite origem animal."
"Hotel em zona tranquila de qualidade media.  Ficamos na parte nova do hotel. Os quartos estao a precisar de renovacao. A cama fazia barulho por todo o lado. O colchao e as almofadas eram muito desconfortaveis. Existiam 4 almofadas no quarto e eram todas demasiado altas e duras. A televisao ja esta ultrapassada e com o inconveniente de estar de lado e dentro do roupeiro. No wc estavam 3 monodoses de gel de banho e 1 de champo (so um e que podia lavar o cabelo). Jantamos no restaurante do hotel e foi-nos servido um refrigerante que ja tinha passado a validade ha cerca de um ano (!). A funcionaria pediu desculpa pelo sucedido. Deixamos isso escrito no questionario (tivemos a amabilidade de nao escrever no livro de reclamacoes) e nem um pedido de desculpas por parte da gerencia, o"
"Hotel bom mas nao me parece que seja para 4 estrelas ou pelo menos eu estava a espera de mais, nomeadamente na decoracao/conforto dos quartos. Pareceu-me precisar de algumas melhorias. Gostei do pequeno-almoco e do restaurante do Hotel."
"gostei bastante do hotel, corredores grandes e iluminados, quanto ao 4o e grande e acolhedor, so e pena nao terem ainda LCD's e mais luz nas varandas.... Quanto ao pequeno almoco, penso que deviam apostar mais em qualidade e nao tanto na variedade.... De resto adorei tanto o interior e o exterior do hotel."
"Um lugar muito agradavel, um ambiente simpatico, ideal para descansar, quarto espacoso e confortavel, um bom e variado pequeno almoco, funcionarios simpaticos. Aconselho vivamente a quem pretenda sossego e contacto com a natureza."
"Um hotel ideal para namorar ou para passar uns dias em familia. Funcionarios simpaticos e um ambiente familiar. Servico de qualidade. O servico de restaurante e excelente. Os funcionarios sao como uma familia, comecando pelos gerentes ( o Goncalo e o Bento ) e acabando em todos. Um bom espaco envolvente. A ANA E EU RECOMENDAMOS VIVAMENTE."
"Conforto aliado a tranquilidade. Ideal para uns dias em familia! Isolado do mundo numa das mais belas vilas de Portugal! Terra de uma cultura imensa, excelente gastronomia e hospitalidade sem igual! Dias quentes e noites iluminadas pos milhares de estrelas!"
"Gostei: - Despretensioso; - Ambiente saudavel e tranquilo; - Simpatia; - Espaco envolvente; - Pequeno almoco; - Carta de vinhos. Nao gostei: - Nota-se algum desinvestimento na manutencao do edificio e equipamentos.  Das minas de Sao Domingos resta-nos este filao que me enriquece sempre que por la passo!"
"O hotel e muito agradavel. Com uma decoracao moderna, mas bem integrada na casa (que era a casa dos donos da mina). Bom pequeno almoco, bom jantar. Quartos grandes e de qualidade razoavel. Os empregados foram muito simpaticos e muito prestaveis, ja que nos atrasamos e tivemos de fazer o checkout mais tarde que o permitido. Nenhum problema levantado, muito bom! No geral foi uma experiencia muito boa e a repetir."
"simpatia da recepcao, o chao do quarto um pouco gasto, ja se justificava um LCD nos quartos para um hotel de 4 estrelas, jantar maravilhoso, servico rapido e eficiente, simpatia do pessoal. Tirando estes pequenos senaos, lugar calmo e tranquilo para passar uns dias."
"Boa recepcao, empregados prestaveis, saliento o Ze que nos atendeu em 2 jantares com um atendimento profissional. Recomendo a conhecerem nao so o hotel como a historia da Mina S. Domingos e o seu passado que pode ser conhecido em profundidade na exposicao disponivel no museu e a fazerem o percurso da exploracao mineira."
"Num preco equilibrado, a estadia foi de uma noite de fim de semana. Boas instalacoes, talvez um pouco pequeno o segundo quarto, piscina adequada e servico atencioso e tambem certeiro na dica do restaurante a paragem nos Corvos :)  Cobertura do wifi a melhorar :)"
"Hotel em espaco tipico Alentejano, com muita paz e tranquilidade ! Area de Praia Fluvial mesmo em frente ! Varios Restaurantes na regiao, alguns mesmo ao lado, assim como em localidades vizinhas...como por exemplo a bonita localidade de Pomarao, com o Rio Guadiana a seu lado !"
"Para la chegar percorremos a monotona (mas bonita) paisagens alentejana que nesta altura do ano prevalecem os tons de castanho. Quando la chegamos deparamos com um pequeno oasis constituido por uma bela praia fluvia (com pequenas ilhotas acessiveis a nado) e pelo Hotel Minas de Sao Domingos. Um hotel redesenhado a partir de uma estrutura antiga, mas que manteve os tracos originais. Tem uma belissima area exterior onde esta situada a piscina. O unico senao que encontrei e faltarem algumas espreguicadeiras quando estao muitos hospedes. Os quartos sao amplos, bonitos e bem equipados. O restaurante e muito bom, recomendo claramente. O pequeno-almoco ficou algo a desejar."
"O hotel situa-se na antiga moradia dos administradores ingleses da Mina de Sao Domingos. E um hotel calmo com espacos muito agradaveis, especialmente na zona da antiga moradia e na zona envolvente. O servico e esforcado e amavel, embora um pouco inexperiente. O restaurante e simpatico com uma zona aberta para o jardim e precos um pouco acima da media. Existem outros restaurantes na zona. O observatorio celeste, e interessante, e  nao so para as criancas. Junto ao hotel avista-se uma boa praia fluvial em contraste com a paisagem quase lunar das ruinas da antiga mina a algumas centenas de metros. Como pontos negativos, mas que para mim nao foram significativos, aponta-se o aparelho de TV obsoleto com poucos canais, bem como o desgaste do soalho em alguns pontos da parte nova. Em"
"O hotel Sao Domingos, localizado nas Minas de Sao Domingos, entre as localidades de Serpa e Mertola, e um hotel de quatro estrelas, que fica localizado a antiga casa dos proprietarios da Mina de S. Domingos. Restaurado, tem excelentes quartos, um dos quais para pessoas com mobilidade reduzida. Tem espacos ajardinados, piscina, e, um observatorio lunar.para quem quiser observar as estrelas e claro a Lua. Os funcionarios primam pela simpatia e gentileza. O Hotel Sao Domingos, e um optimo lugar para quem quer repousar e restabelecer energias.  Por todas estas qualidades e atrativos, voltei este ano, onde levei amigos para poderem desfrutar e apreciar aquilo que eu ja sabia. Tive umas feria repousantes, e de certeza que voltarei. ,"
"Um Hotel muito calmo e sossegado, com instalacoes modernas e em excelente estado.  Muito bem localizado, com uma vista fantastica tem em epoca baixa precos muito bons. Nos quartos cabem facilmente camas extras para os mais pequenos se necessario.  Um fim de semana passado em familia onde o atendimento e simpatia marcou em muito pela positiva a visita.  Sem duvida um sitio a revisitar no futuro.  O restaurante peca por ter poucas opcoes para jantar mas existem por perto muitos sitios bons e baratos para se poder comer."
"Uma estadia muitissimo boa e agradavel. As instalacoes, exceptuando o soalho dos quartos, que mostravam em alguns pontos, sinais evidentes de desgaste, muito boas. Limpas, arejadas e cuidadas, com uma decoracao muito condizente e ecletica. O staff sempre a postos para qualquer solicitacao. Ginasio, sala de convivio, bar, biblioteca, sala de brincadeiras para os miudos, tudo impecavel. O restaurante embora caro, tem uma oferta simpatica, mas que deveria ser melhor acautelada. O unico senao e mesmo a intermitencia do sinal wireless, que deveria mesmo ser mesmo revisto. qualquer tipo de dispositivo movel era incapaz de se ligar. Os portateis com sorte algumas vezes. Qualidade-preco, dos melhores que ja se viu. Recomenda-se!"
"O hotel e agradavel e asseado, com um espaco envolvente campestre e relaxante. A zona da piscina e muito agradavel. O pessoal e simpatico e o servico ate nem e demorado. Contudo, nota-se que a equipa e reduzida, e que as pessoas precisam de formacao. Tanto no servico de bar da piscina como no restaurante, deixam a loica por levantar nas mesas, o que da mau aspecto. A carta do restaurante que esta nos quartos nao e exactamente igual aquela que nos e apresentada no restaurante. Mais uma vez, tanto no servico de bar como no restaurante, havia alguns produtos em falta. E se estamos no Alentejo, nao haver sericaia ou gaspacho e falha grave (ambos constam da ementa, mas nao havia quando foram pedidos). O quarto era espacoso, com wc com banheira e uma varanda agradavel. O colchao e"
"Hotel localizado proximo das minas, muito agradavel o espaco. O restaurante bastante calmo com pratos vejetarianos. Infelizmente fomos no inverno e nao deu para desfrutar da piscina que parecia optima. A experimentar. A unica questao a apontar e o servico e a simpatia que pode melhorar."
"Ficamos num quarto duplo a caminho do Algarve depois de uma tarde a conhecer a margem esquerda do Guadiana e fomos para ali. Apesar de estarmos em Novembro e nao podermos utilizar a piscina ou a praia fluvial foi optimo para descansar um dia. Os quartos sao espacosos, o ambiente foi acolhedor e calmo. Foi possivel visitarmos as minas de S. Domingos de bicicleta do Hotel. Com popias e aguardente de medronho a mistura, nao podia ser melhor."
"O hotel Sao Domingos, localizado nas Minas de Sao Domingos, entre as localidades de Serpa e Mertola, e um hotel de quatro estrelas, que fica localizado a antiga casa dos proprietarios da Mina de S. Domingos. Restaurado, tem excelentes quartos, um dos quais para pessoas com mobilidade reduzida. Tem espacos ajardinados, piscina, e, um observatorio lunar.para quem quiser observar as estrelas e claro a Lua. Os funcionarios primam  pela simpatia e gentileza. O Hotel Sao Domingos, e um optimo lugar para quem quer repousar e restabelecer energis."
"Os quartos, sao muito bons. Se ficar num quarto antigo da casa do governador da mina, entao vai ficar maravilhado. Jardins muito bonitos, sente-se o aroma das flores e ervas aromatricas. Piscina e muito simpatica e relaxante. Servico pode melhorar. Espero que sim agora que a gerencia e nova. Experimentem sem exitar."
"Visitamos o Hotel sao domingos e ficamos muito decepcionados com o fraco servico prestado-em pleno mes de ferias, ha falta de ingredientes para confecionar simples snacks! Tb o observatorio so esta aberto ao sabado....durante as ferias nao ha sabados, domingos, ha apenas dias com vontade de ver as estrelas!!! Muito decepcionante. As camas sao super desconfortaveis e o quarto muito impessoal e frio. Restaurante fraco e com um servico muito amador. Ma relacao qualidade preco."
"Hotel calmo e relaxante. Bem enquadrado no espaco onde foi implementado.  Staff muito acolhedor e atencioso e sempre disponivel para resolver qualquer situacao. Pequeno-almoco devera ser considerado bom apesar de pouca variedade. O restaurante possui um menu variado e a comida e boa. Nesta semana apanhamos uma onda de calor e a temperatura chegou aos 42,5o por isso so no quarto com o ar condicionado no maximo. Recomendo para quem quiser realmente descansar!! Perto do hotel ha a praia da TAPADA com uma agua quentinha!!"
"Optimas Instalacoes, optimo atendimento muito simpaticos e acessiveis. Passei tres dias relaxantes, com a mina de sao domingos a menos de 2km de distancia.. O pequeno almoco pequeno almoco era bastante bom, as refeicoes sao um pouco caras, mas tirando isso sao deliciosas..Recomendo.."
"Junta-se o util ao agradavel, praia de agua doce e campo alentejano.... uma combinacao perfeita!!  O descanso no jardim, a piscina tudo combina com o hotel.. Alem disso a comida tipica alentejana fas as delicias de qualquer pessoa."
"Instalacoes e atendimento simpatico O restaurante do hotel sera de evitar apesar do ambiente agradavel"
"Eu queria falar so maravilhas deste hotel mas nao consigo...A volta as Minas de Sao Domingos foi uma viagem ha muito aguardada pela nostalgia de uns anos atras.  O entorno por si parecia-me tao magico na altura que achei que esta Estalagem seria a cereja em cima do bolo para um retorno de descanso com spa.  Pelo menos e uma parceria que tem com uma conhecida empresa de vouchers.  Tinha combinado com 3 semanas de antecedencia a ida com o horario de tratamento spa (que nao existe objectivamente).  Apos a nao recepcao de e-mail confirmatorio com os dados e horarios, liguei pessoalmente onde fui informada do horario disponivel, nao o que queria, mas o que havia.  Quando chegamos de noite, as luzes exteriores estavam apagadas o que dificultou a passagem do parque de estacionamento"
"Um projecto arquitectonico bastante coerente, onde se juntam dois edificios com dois estilos bastante diferentes. O resultado e um espaco de charme, luminoso e amplo, onde reina a tranquilidade. O agradavel enquadramento paisagistico reforca todo este ambiente. Os quartos sao simples (poderiam ter mais elementos decorativos), no entanto, todos apresentam uma espacosa varanda de onde se tem uma vista privilegiada sobre a praia fluvial. Ambiente muito calmo e tranquilo!"
"O hotel e muito acolhedor empregados muito simpaticos, Um hotel em que nos sentimos a vontade, uma paz absoluta, pequeno almoco muito bom com ingredientes de qualidade, e um hotel com muito bom ambiente."
"Antes de mais, este hotel nao fica em Beja, embora apareca no TripAdvisor como o numero um dos hoteis de melhor valor em Beja. Na verdade, esta a cerca de 60 kms de distancia e nem sequer fica no distrito de Beja. O Tripadvisor precisa resolver isso. O hotel e bastante remoto, em uma pequena vila e proximo a um belo lago com uma praia artificial. Era um convento, convertido ha 20 anos e acho que nenhuma obra foi feita desde entao. Ele precisa urgentemente de reforma. Tudo esta um pouco cansado. Os funcionarios minimos foram simpaticos e prestativos, especialmente a adoravel senhora servindo cafe da manha. Nosso quarto era grande, com duas camas de solteiro e colchoes bastante duros. O banheiro era grande, mas com banheira e chuveiro sobre a banheira, o que nao seria adequado"
"Cheguei aqui para um bom acolhimento, check-in rapido e amigavel. Fomos levados ate nosso quarto que era adoravel. Escolhemos um quarto superior e ele veio completo com banheira de hidromassagem, roupoes de banho, etc que foram todos excelentes. A cama era um pouco firme mas os travesseiros eram realmente horrivel. Grumos e old. O quarto era mobiliado para um bom padrao e incluiu uma televisao que, embora um pouco antigos funcionou bem. Ele esta escondido em um armario, juntamente com o mini-bar e cofre. A casa de banho com banheira de hidromassagem foi bem equipados com agua quente, uma variedade de artigos de higiene e toalhas que poderia ter sido de qualidade e tamanho melhor, mas foram ok. Uma coisa boa foi que a sanita e bide foram separados e com outra bacia de mao de"
"Durante uma viagem de bicicleta pelo Alentejo, fiquei 1 noites aqui e nao podia ser melhor. As boas-vindas e o check-in os procedimentos eram bons e rapidos. Bicicletas foram Wellcome e qualquer inconveniente para o guardar no quarto, se voce tiver uma bicicleta especial e deseja. Os Quartos sao muito confortaveis e actualizada. O televisor esta concluido fora de moda e precisa ser substituido urgentemente. A nossa ultima noite decidimos jantar no hotel. Estavamos um pouco preocupado se a comida estava boa, como todos os outros dias que chosed restaurantes que mostrou ser excelente. Nao ha motivo para definicao concenr como tivemos uma grande refeicao em um quadro surpreendente em uma agradavel sala de jantar. provei alguns pratos tipicos do Alentejo e pagou um preco muito"
"Muito bom, areas, perfeitamente localizado junto ao rio e tao tranquila, que e a deve. Bom para casais que querem fugir, e relaxar em um ambiente romantico. Boa gastronomia e vinhos locais. Tambem fomos para a praia local, que tambem e bom."
"Hotel Sao Domingos esta maravilhosamente restaurada casa senhorial. A decoracao e muito bom gosto, ele e moderno nos quartos, e o bar, mas a sala de jantar e o salao principal tem ainda os assoalhos de madeira originais e algumas pecas de mobiliario mais velhas. E muito chique sem ser pretensioso. Existe um sentimento de paz para este hotel. Os corredores e os quartos sao muito tranquilo e se refrescar e os funcionarios sao simpaticos e acolhedores. Andre nos cumprimentou com um sorriso e nos fez sentir muito bem-vindo. A area da piscina e adoravel e muito limpo. O nosso quarto era lindo, tinha uma enorme banheira e varanda com vista para a piscina. Nao havia mobilia do patio na nossa varanda. O hotel fica proximo de uma praia de lago que parecia bom mas nao tivemos tempo para"
"E a minha terceira estadia neste hotel e eu manter divertir-se! Penso que e um bom lugar (bons quartos, bom cafe-da-manha, boa piscina, bom ambiente), com uma muito boa localizacao e funcionarios simpaticos. Eu realmente nao concordo com as pessoas que consideram caro e eu penso que e Good value and free wifi. No entanto, o restaurante e um downpoint. A comida e apenas ok (e talvez eu esteja a ser agradavel acerca disso) e o servico tambem poderia ser melhorado. Este hotel (de quatro estrelas que vive ate esse padrao) merece melhor. E isso pode ser feito!"
"I teve chance de ficar no hotel sao domingos, para o conhecido Mertola ISLAMICO Festival. O hotel foi oferecendo um pacote especial, que muito Interessada me.  Primeiro, DEVO esclarecer que esta nao e a 5 estrelas estabelecimento alguns mencionados, mas, na verdade, uma 4 estrelas hotel. Ele fica em uma pequena Bonitinha e cidade historica, mas que atualmente e claramente Abandonada.  A estadia nao comecar bem, como havia um mal entendido na recepcao, uma vez que foram declarando que a minha estadia comecar um dia antes. Felizmente ESTOU organizadas e foi capaz de mostrar a e-mail conversa proving que a minha estadia deve iniciar o dia em curso.  Mas a sala foi nice, simples com um nice sacada. A piscina foi grande e proximo a ele, ha um pequeno belos jardins. O unico aspectos"
"de tudo, por lagos, campo, vilas pitorescas, um lindo cenario, voce finalmente, siga ate Sao Domingos, cerca de 15 minutos fora da cidade de Mertola. Este e o capital de paz e um silencioso. O predio em si tem foi totalmente modernizada de alto padrao com todas as comodidades necessarias, incluindo, academia, etc. e nao esqueca os grandes de casal terminou banho com os quartos standard! O restaurante do hotel e moderno e o menu e boa, mas se quiser real amostra para o alentejo, siga 5 minutos para o Little Village de Moreanes, e procure o restaurante chamado Alentejo. Great tradicional Alentejana ambiente, comida e servico, todos em um resonable preco."
