Avaliacoes
"Estadia muito agradavel. A herdade e bonita e bem cuidada, a cama confortavel, optimo pequeno almoco, todos muito simpaticos. Optimo programa com criancas ou para um fim de semana em contacto com a natureza. Fomos muito bem recebidos e tencionamos voltar."
"Qualidade dos quartos, excepcional simpatia e disponibilidade de toda a equipe, a flexibilidade que demonstraram no check-in, aliado a localizacao da propriedade e ao excelente pequeno-almoco fazem com que seja uma excelente escolha para um fim de semana de descanso, uma reuniao de equipe de trabalho ou mesmo um evento familiar. A nao perder."
"A Herdade das Barradas da Serra e optima para descansar e desfrutar da natureza, ouvindo as ovelhas a balir. O espaco exterior esta muito bem arranjado e gostamos de ficar nos quartos ao pe da piscina. O pequeno almoco e muito bom, preparado com produtos da herdade e servido com simpatia."
"O local, as pessoas, a comida... tudo fantastico. Adoramos o espaco, e o facto de ter a piscina mesmo em frente aos quartos, permitiu-nos ter a bebe por perto e com facilidade logistica.  Fica muito proximo das praias do Carvalhal e do pego (20 min de carro). Tem actividades interessantes para entreter durante varios dias.   Como sugestao deixaria apenas o rever as redes mosquiteiras colocar nas portadas das varandas.  mas deixo nota 10... foi muito bom mesmo... Pretendo regressar."
"A Herdade Barradas da Serra e um lugar encantador, que nos convida a desfrutar de hectares de natureza e de acomodacoes acolhedoras e meticulosamente decoradas. O pequeno-almoco e a cereja no topo da estadia - delicioso, preparado com produtos da herdade e servido com simpatia.  A herdade e maravilhosa e a familia Dias e um exemplo vivo da arte de bem receber. Um lugar a recomendar, e onde queremos muito voltar."
"Excelente localizacao, decoracao cuidada e um servico sempre atento ao Cliente. Para alem de aproveitar os espacoa interiores, a Herdade tem muitos trilhos na serra a explorar. A cereja em cima do bolo e o pequeno almoco, e excepcional! E o meu tefugio de eleicao!"
"Quartos espetaculares. Ambiente muito acolhedor onde nos sentimos em casa. A repetir sem qualquer tipo de duvidas.  Os anfitrioes sao de tirar o chapeu. Toda a familia envolvida no negocio, um exemplo a ser visto e para seguir.  Obrigado"
"Os quartos optimos, a piscina optima, um ambiente muito tranquilo e o pequeno almoco maravilhoso! Nao jantei mas tive pena porque o ambiente e muito acolhedor. Muito perto da praia do pego e do Carvalhal."
"A Herdade e lindissima e muito bem cuidada.  Existem percursos bem sinalizados a fazer para poder conhecer melhor. O pessoal e muito atencioso e os quartos magnificos e muito confortaveis. Lencois excelentes. A limpeza diaria dos quartos tambem foi para nos uma  mais-valia. Gostamos particularmente do pequeno almoco servido no exterior que tinha uma boa seleccao de produtos. Existe igualmente a possibilidade de fazer refeicoes ligeiras, servico que aproveitamos e com o qual ficamos muito satisfeitos. O silencio e calma sao parte do ambiente geral o que foi perfeito para descansar. Talvez por isso mesmo nos pareca menos apropriado para familias com filhos usufruirem da zona da piscina. As praias sao tambem facilmente acessiveis."
"Absolutamente incrivel. Quartos fantasticos, servico inacreditavel. E sempre dificil quebrar a barreira daquele desconforto intrinseco de dormir em hoteis longe de casa, no entanto tenho de assumir que na herdade isso foi possivel. Fomos passar o fim de semana em familia e pareceu-nos que nunca tinhamos saido de casa.  Devo tambem atencao especial ao excelente saber receber da familia Dias, sempre muito disponivel e com uma simpatia inexcedivel, personalizado na mae Elsa.  Nao posso esquecer todas as refeicoes maravilhosas que foram servidas. Desde o jantar com bochechas e bacalhau aos pequenos almocos com um sumo de laranja fresco e um pao tradicional e delicioso.  Por fim, os quartos...muito bem equipados, com uma decoracao de bom gosto, extremamente cuidados e super"
"Escolhemos a HBS para descansar, recuperar energias, aproveitar o tempo a dois e disfrutar do Alentejo. A HBS e extremamente bem localizada, perto da praia, rodeada pelo campo e natureza alentejana e perto das vilas de Grandola e Melides. A herdade e bastante tranquila, acolhedora, perfeitamente integrada na natureza circundante e com todas as facilidades e servicos que se pode desejar. O servico e de proximidade, simpatico e muito proativo. Ideal. Aconselho vivamente."
"A herdade reflete a essencia pura do Alentejo que alia na perfeicao a natureza, o trabalho no campo e a nobreza de bem receber. Sentimo-nos em casa, ou melhor, na casa e no espaco com que sempre sonhamos no campo. As areas sociais refletem o extremo bom gosto e a elegancia de onde se destaca a grande lareira chao de sala. O alojamento alia o conforto a arquitetura rustica muito bem conseguida. Uma seria mais valia e o servico de refeicoes onde o atendimento prima pela excelencia e profissionalismo, destacando sabores autenticos e genuinos de uma carta muito equilibrada e diversificada. Apesar de nos sentirmos inteiramente no campo rapidamente alcancamos as praias da regiao, o que faz da localizacao estrategica da Herdade das Barradas da Serra, o meu local de escapadinha de fim"
"Fim-de-semana, com a natureza, boa gastronomia, sem pressa, descanso em abundancia, bom gosto, muita paz, alegria e retemperando as energias da melhor maneira que conheco- com amigos! Voltarei sempre!"
"alojamento 5 estrelas, quartos super confortaveis, comida otima local, as pessoas sao super disponiveis e muito simpaticas. excelente sitio pra descansar e carregar baterias..um fim de semana a repetir muito brevemente! obg a todos!"
"Herdade  muito bonita e bem cuidada. Alojamento, servico e refeicoes com nota muito positiva.  Excelente para os praticantes de BTT, circuito e trilhos fantasticos para todos os gostos e niveis de dificuldade . Nos quartos, apenas duas notas que nao sendo muito relevantes na avaliacao geral, merecem um comentario. a tv de quarto podia ser maior e com mais canais e a banheira e excessivamente escorregadia, podendo provocar acidentes a pessoas de mais idade."
"Um lugar onde tudo se equilibra.  Natureza, espaco, arquitetura, decoracao , gastronomia, servico, tempo. Tudo aqui funciona de forma harmoniosa e magica , proporcionando uma experiencia unica e relaxante."
"Lugar fantastico, bem localizado, super limpo e cuidado, quartos grandes frescos e bem cheirosos, otimo pequeno almoco com varias opcoes. A Herdade e enorme, com varios caminhos a percorrer, uma piscina grande e calma para relaxar. O cao da Herdade e um querido e faz parte da experiencia. Eu voltarei sem exitacao e recomendo a qualquer pessoa que queira passar uns dias no Alentejo, perto de tudo mas longe de todos, muito calmo e ao mesmo tempo perto das belas praias Alentejanas."
"Amabilidade da anfitria, edificios com historia, espacos verdes, tranquilidade do campo, paisagens maravilhosas. As melhores praias do mundo muito perto. Super pequeno almoco fenomenal. E muito importante, com medidas de seguranca face ao covid."
"Conseguimos uma noite por acaso numa das casinhas com cozinha. Muito bem construido e decorado com muito bom gosto. Fomos recebidos pela proprietaria que e super simpatica assim como todo o staff. Queriamos ficar mais tempo mas nao foi possivel pois estava tudo esgotado. E um pedaco de paraiso em pleno Alentejo com um sossego fenomenal ideal para descansar e relaxar na piscina que e otima. A comida e fabulosa tudo confecionado com muito amor e cuidado. Ambiente familiar e muito sossegado. A Herdade esta a 20 minutos da praia de Melides que e fabulosa. Adoramos e vamos voltar. Simplesmente o melhor turismo rural que ja ficamos. Os nossos parabens aos proprietarios."
"A repetir. Servico personalizado e familiar. Pequenos almocos inesqueciveis  com surpresas diarias  e a familia Dias como anfitria perfeita.  Quartos muito acolhedores e bem decorados. Aconselho a estadia para familias, casais e para eventos de empresa."
"O prazer de ser recebido com um nivel de qualidade irrepreensivel, num ambiente que respira tranquilidade e onde a atencao aos detalhes deixa claro que nada e fruto do acaso. Tudo isto embrulhado na simpatia de todos os que, com um sorriso, nos fazem ter vontade de voltar.  Voltaremos! "
"Foi uma surpresa muito agradavel a visita a Herdade. O espaco esta muito cuidado e tem todas as condicoes de seguranca necessarias nesta altura que atravessamos. Fomos muito bem recebidas e mimadas pelos anfitrioes. Foi uma maneira diferente de conhecer a zona e passar um aniversario. Recomendo vivamente para quem gosta de sossego e para descobrir ou redescobrir esta zona. Obrigada. Vanessa Nunes"
"Excelente servico , optimos quartos. Almocamos uma excelente canja de garoupa e umas favas. Passeio de btt organizado pelo anfitriao . A familia Dias nao pode ser mais simpatica e eficiente  Vou voltar e recomendar."
"Alem da natureza envolvente da propria herdade e do excelente bom gosto nos diversos pormenores arquitetonicos e decorativos, a nossa experiencia encantadora foi ainda mais potencializada pelo atendimento muito especial e personalizado que superou as nossas expectativas de celebrar uma data especial.  Nossos agradecimentos a toda equipa da Herdade das Barradas da Serra que tornaram o nosso passeio memoravel.  Retornaremos de certeza e, para a proxima, levaremos conosco amigos e familiares."
"A Herdade e linda, sao todos super simpaticos e super prestaveis. Tivemos um pequeno episodio de saude que nada teve a ver com o hotel e prontamente nos disponibilizaram um estudio para podermos cozinhar, visto termos uma filha pequena. Esta tudo muito bem cuidado, desde a decoracao aos jardins. Vamos voltar! Adoramos!"
"Tudo foi perfeito na Herdade Barradas da Serra!! A Herdade esta situado num local tranquilo e magnifico entre a natureza. As instalacoes, com uma decoracao maravilhosa, proporcionaram um excelente conforto e bem estar nesta escapadinha de fim de semana. O pequeno almoco, muito variado e de muito boa qualidade, e servido com carinho e simpatia, nao so da proprietaria Elsa como de todo o staff. A companhia do Benji (um cao muito educado e  patusco), ainda torna mais agradavel esta refeicao.  Obrigada Elsa, Luis e Francisco (proprietarios) por terem pensado em todos os pormenores e estarem sempre presentes, providenciando para que nada falte. Adoramos e voltaremos. Leonor e Luis"
"Um turismo diferentes dos outros, pois ve-se que estao sempre a melhorar. Quartos impecaveis, sossego,pequeno almoco com muita qualidade, muitos caminhos para passear (pe, bicicleta), anfitrioes muito prestaveis e simpaticos. E com a vantagem de ficar muito perto da praia, podemos ter campo e praia. Obrigado"
"Excelente surpresa !!! Uma local muito agradavel em pleno Alentejo! Hotel muito tranquilo, no meio da natureza. --- Optimos quartos --- Tudo muito limpo --- Jardins muito bem tratados --- Excelente pequeno-almoco --- Muita simpatia por parte dos Proprietarios e do Staff --- Sempre disponivel para satisfazer os pedidos dos Clientes  O local e simplesmente fantastico e ideal para descansar, ouvindo o silencio da planicie alentejana. A relacao qualidade-preco e justa e mostra que e possivel fazer bem, receber bem e fazer o hospede sentir-se em casa, sem praticar precos causticantes... Muitos parabens!"
"A Herdade das Barradas da Serra e dos poucos locais que nos permite realmente relaxar e abstrairmo-nos do stress do dia-a-dia. E ideal para ir em casal e deixar os miudos em casa. O silencio permite-nos estar na piscina ou simplesmente passear na Herdade e esquecermo-nos que estamos perto de Grandola, proximidade essa muito conveniente para a noite em 10min estar no centro de Grandola a jantar. O pequeno-almoco e 5 estrelas, com produtos frescos e locais. Os quartos sao confortaveis e bem decorados. Todo o staff e de uma enorme simpatia."
"Propriedade magnifica, alojamentos com tudo o que e necessario, areas exteriores muito bem cuidadas com arquitetura paisagistica apropriada, piscina de uma limpeza irrepreensivel, espaco comum acolhedor, alpendre a convidar a longos seroes, tudo isto somado a grande simpatia e profissionalismo da proprietaria e de todo o seu staff. Todas as condicoes para se especializar com sucesso num destino exclusivo a adultos. A repetir em qualquer epoca do ano."
"Paz e Tranquilidade numa casa pensada para nos proporcionar bem-estar. Quando saimos, quisemos de imediato marcar outro fim de semana...infelizmente sem exito porque tudo ja tomado para a data que nos convinha. Gostamos imenso: da paisagem, do bom gosto do conjunto arquitetonico e da adaptacao muito bem conseguida, do quarto comodissimo e espacoso, do optimo pequeno almoco, da simpatia. Vamos voltar...se nos deixarem um quarto vago!"
"A proprietaria e o seu staff sao muito simpaticos e profissionais, e muito agradavel sentirmo-nos tao bem recebidos a chegada. A herdade encontra-se muito bem cuidada, o espaco e acolhedor, os quartos sao espacosos e muito bem decorados, e notorio a atencao ao detalhe. As zonas de laser e estar sao muito agradaveis, mesmo com ocupacao maxima sentimos que existe privacidade e espacos que apelam ao sossego e descanso.  O pequeno almoco e caseiro e variado, nao perder os sumos naturais e os bolos caseiros.  Recomendo!!"
"Recomendo vivamente!Espaco muito bonito, tipico alentejano, com alguns pormenores engracadas alusivos a cortica. Muito Acolhedor, staff simpatico, decoracao rustica e cozy , pequeno almoco generoso e caseiro, e o cantar dos passaros e as vistas do montado, criam o contexto para um desanuvio a repetir. Um bom refugio para abrandar com paz e sossego."
"Somente a uma hora e pouco de Lisboa com acessos espectaculares entra-se num mundo a parte com quartos super espacosos e bem decorados, uma simpatia fantastica por parte dos proprietarios e staff. Excelente pequeno almoco e possibilidade de se fazer belas caminhadas. Numa palavra - TOP!!!"
"Turismo rural de excelencia. Os quartos sao espacosos,confortaveis e decorados com muito gosto. Espacos exteriores impecaveis! Dispoe de piscina exterior e trilhos para percursos pedestres. Pequeno almoco de qualidade,servido ate as 11 horas . Todos os colaboradores sao muito simpaticos e atenciosos. Recomendo esta experiencia que eu, certamente , irei repetir."
"Adoramos!   A herdade, a localizacao, o tratamento, a comida.... TUDO... um verdadeiro paraiso!  Pessoas fantasticas, o espaco e maravilhoso e esta tudo muito bem cuidado. Somos sempre bem MUITO BEM recebidos!  O acolhimento e disponibilidade de todos foi EXCELENTE. O espaco e deslumbrante e sossegado e esta proximo das melhores praias da Costa Alentejana. Do melhor para descansar e repor energias - muita tranquilidade! Ja estamos com saudades de TODOS (incluimos aqui o Benji e o Zacarias!)  Voltaremos certamente a repetir muitas vezes!  Muito obrigada!"
"A herdade e enorme , de facil acesso ,localizado perto das praias magnificas, de locais a conhecer e restaurantes excelentes .Os quartos , suites e estudios sao otimos para todos os tipos de estadia .pequenos almocos deliciosos com produtos caseiros . Tambem servem refeicoes ligeiras durante o dia . Limpeza sem defeito . Piscina imaculada e bem tratada . Ha imensos espacos de lazer e descanso , relaxantes . Os donos sao muito amaveis , sempre presentes .  Funcionarios excelentes . Tem percursos pedestres para fazer com varios graus de dificuldade . Muito obrigada por existirem e nos tratarem tao bem"
"Encontramos em um so lugar beleza, tranquilidade e uma recepcao de primeira qualidade.Nada nos faltou! A proprietaria, muito amavel, nos ensinou tudo sobre a regiao, com sugestoes de passeios e restaurantes. Nos sentimos em casa. Regressaremos com certeza!"
"Tudo 5 estrelas. Localizacao excelente, tudo aquilo que o Alentejo pede... Funcionarios super simpaticos, proprietaria 500 estrelas. Maravilhoso espaco Aconselho vivamente  Ate o cao da propriedade deixou saudades  Obrigado por tudo, Irei regressar"
"Considero ser excelente a todos os niveis. Conforto, tranquilidade, pequeno almoco bastante variado, a beleza da herdade e sem duvida de salientar. A herdade e indicada para efectuar caminhadas, corrida trail ou btt, com trajectos onde se pode admirar a fauna e flora locais."
"Nada melhor e mais tranquilo do que passar um dia nesta Herdade , a simplicidade tambem tem que ser apreciada, o pequeno almoco fantastico , servido com uma enorme simpatia , a proprietaria e a familia sempre dispostos a tudo para que nada falte. Vou seguramente  regressar."
"Adoro a tranquilidade a natureza, o enquadramento e os pormenores decorativos, atendimento muito profissional com o pequeno almoco com sabores tradicionais. Percursos pedestres fenomenais com ribeiras naturais de agua limpida, avistando cavalos e carneirinhos e outras especies espalhadas pela serra!"
"Espaco muito bem organizado, estruturado e muito acolhedor. Respira-se natureza e tranquilidade neste maravilhoso turismo rural. Perto da praia de melides e de outras praias. Servico excelente e pessoal muito profissional. Voltarei de certeza."
"Herdade bastante bonita organizada, excelente para descansar, passear e usufruir das instalacoes com excelente decoracao, quartos muitos bons e o pessoal bastante simpatico e prestavel. Muitas Felicidades a todos."
"Herdade de gestao familiar, com excelente qualidade, verificada nos mais pequenos pormenores.  Decoracao formidavel, cuidado extremo na limpeza e manutencao dos espacos exteriores, com destaque para o telheiro/alpendre reconfortante onde podemos beneficiar de toda a paz e serenidade. Pequeno almoco com otimos produtos caseiros. A herdade dispoe de circuitos, com paisagens magnificas, devidamente marcados. Beneficia de uma localizacao formidavel, proxima da entrada da auto-estrada e de facil acesso as praias. Claramente uma referencia de alojamento de qualidade. Parabens."
"Numa curta estadia pude apreciar a excelente localizacao e toda a atencao dada a integracao de um alojamento de alta qualidade numa herdade em laboracao. A piscina e o pequeno almoco ficam na memoria!  Na verdade, para alem do calor abrasador nos espacos exteriores, nao me consigo lembrar de nada menos positivo na experiencia."
"Propriedade muito bonita. A gestao hoteleira e muito profissional e marca a diferenca. Nao e so uma herdade com uns quantos para alugar. e um hotel rural com muita qualidade. Excelente pequeno almoco, quartos muito confortaveis. Nao deixe de fazer um dos percursos dentro da herdade."
"Fiz uma pesquisa exaustiva ate me decidir por este espaco. Optei por alojar-nos na suite para uma estadia a dois. Foi uma boa escolha, um quarto grande, calmo, com uma cama de casal grande, sofas, terraco e casa de banho. A suite estava decorada de uma forma rural mas clasica, com muitos pormenores giros, nao entanto tenho a dizer so uma coisa menos positiva. Em relacao qualidade-preco eu estava a espera de uma suite mais impressionante, com uma banheira maior por exemplo com possibilidade de poder encher a banheira enteira com agua para poder relaxar.   A equipa da Herdade e excelente, muito amavel e simpatica. O pequeno almoco foi incrivel, muito completo e numas instalacoes tanto exteriores como interiores muito agradaveis.   Gostavamos especialmente da variedade de"
"Excelente local para relaxar, a dois, entre amigos ou em familia. Muito proximo da saida da auto estrada. Fantastica recepcao por parte de toda a equipa. Trilhos fabulosos, nao deixem de levar calcado pratico porque qualquer trilho vale a pena. Pequeno-almoco soberbo."
"Fomos recebidos com muita simpatia neste canto de calma no meio do verde. Quartos confortaveis e agradaveis. Linda sala com uma lareira deliciosa. Tem uma piscina que deve ser muito agradavel no verao, estamos desejosos de a experimentar tambem. Vamos regressar, soube a pouco."
"Ja tive oportunidade de conhecer alguns espacos do genero em Portugal, mas nada comparado com a Herdade das Barradas da Serra, pelo enquadramento e ambiente, pela qualidade dos quartos e espacos em que circulamos, e tambem pela qualidade de servico e simpatia como fomos recebidos. Sera definitavamente daqui em diante o meu local de eleicao e refugio, para regressar sempre que me for possivel."
"Com uma piscina exterior com espreguicadeiras, aluguer de bicicletas para poderes usar em passeios em familia e a unidade tambem dispoe de um bar e um snack-bar. Os quartos e suites estao decorados com vista a tirar o maximo proveito da  luz natural. Grande parte dos quartos com acesso direto para o terraco e para a area da piscina. Todos os quartos sao climatizados e tem uma televisao, area de estar, cofre e casa de banho privativa com secador de cabelo e produtos de higiene pessoal gratuitos.  O acesso Wi-Fi esta disponivel gratuitamente neste alojamento de turismo rural. O pequeno-almoco e servido todas as manhas na propriedade, varios restaurantes locais estao disponiveis a uns escassos 5 minutos de carro.  O hotel encontra-se localizada numa propriedade rural com 600"
"E um local muito agradavel para relaxar, com um excelente atendimento, com tudo aquilo que uma pessoa precisa quando vai passar um fim de semana em paz e sossego para o litoral alentejano. Ja estive em varios lugares ao longo da Costa Alentejana e este foi, de longe, o melhor. Sitio a regressar, sem duvida!"
"Um excelente local de repouso com todos os detalhes para nos fazer sentir em casa desde o jornal diario a revista de decoracao ou de viagens, a manta, a musica ambiente, aos sumos na cama..... Um pequeno almoco fantastico  e acima de tudo um acolhimento pelos donos excepcional e caloroso."
"2 dias em Setembro. Tudo impecavel e a pensar no conforto. Bom gosto, muito limpo e com optimo pequeno almoco. A dona e o Staff de grande simpatia. Recomendo para uma fuga a 2 a 100km de Lisboa. A melhor praia do pais esta a 15m (Aberta Nova), e gastronomia da regiao muito rica. Parabens ao HBS"
"Do melhor para descansar e repor energias, muita tranquilidade, bom gosto e simpatia aos molhos. Para os miudos tambem e otimo porque a natureza a volta e do melhor e andam a vontade dentro da herdade. A repetir muitas vezes."
"Na sequencia da marcacao de um salto de para-quedas, Eu e a minha namorada reservamos uma noite na Suite junior deste estabelecimento. Ao fim de 15 minutos , ja nos haviamos arrependido de termos reservado apenas uma noite. Um espaco muito bem cuidado com pessoas extremamente simpaticas e prontas a ajudar, recomendo vivamente tanto para escapadelas romanticas como para familias que gostem de relaxar, envoltos em natureza. Experiencia 5* , sem duvida para repetir."
"A Herdade das Barradas da Serra e o paraiso no Alentejo. A beleza da paisagem, o conforto dos quartos e dos outros espacos sociais, e a inesgotavel simpatia das pessoas que nos receberam tornaram a nossa estadia inesquecivel. Para alem de podermos usufruir da tranquilidade da herdade, podemos tambem participar em varias atividades, tais como caminhadas, passeios de bicicleta, entre outras. E de referir ainda o excelente brunch/pequeno-almoco com uma enorme variedade de produtos regionais que primam pela qualidade. Destaca-se tambem a localizacao da herdade, que constitui a combinacao perfeita entre o campo e a praia, apenas a uma hora de Lisboa. E a estadia perfeita tanto em epocas mais quentes (a piscina e fantastica), como em alturas mais frias (a lareira na sala-de-estar e"
"Apesar de uma estadia curta, deu para sentir um ambiente familiar, muito acolhedor, e uma vontade enorme de voltar em breve, com mais tempo!  O alojamento e confortavel e bem equipado. Nota-se uma grande preocupacao com cada detalhe.  O ambiente e rural e temos a possibilidade de praticar caminhadas, com 04 percursos marcados, e tambem o aluguer de bicicletas para a pratica de BTT.  A localizacao e excelente, na encosta das Serra Grandola mas proximo do centro da vila."
"Senti-me em casa na Herdade. Descansamos em familia, o acolhimento e disponibilidade de todos foi excelente. O espaco e deslumbrante e sossegado. Apropriado para qualquer tipo de estadia. Proximo das melhores praias da Costa Alentejana."
"A herdade, pela sua localizacao, reune o melhor de 2 mundos: praia e campo num cenario idilico. Os funcionarios sao muito atenciosos o que torna o servico excelente. Esta tudo muito cuidado e organizado. Ideal para uma estadia romantica ou em familia. A repetir muito em breve!"
"Localizacao estupenda, recepcao calorosa, tudo corre as mil maravilhas. Optimo para descansar, para viver na natureza. Excelente gosto na decoracao. Muito bom para as criancas conviverem com animais e no campo. Recomendo vivamente!!!!!!!!!"
"A Herdade encontra-se num sitio mto bonito com uma vista sensacional sobre os campos alentejanos. Foram umas ferias mto relaxadas, a piscina e optima, ficamos num dos quartos standard e achamos q tinha um tamanho acima do q se encontra normalmente nos hoteis. Toda a herdade esta decorada com gosto e a organizacao e excelente e mto prestativa. O pequeno almoco era optimo com produtos frescos e da zona. Mtos espacos para se estar a ler ou simplemente a apanhar a brisa da noite. Esperamos regressar mais vezes para carregar baterias!"
"Espaco optimo para descansar e desfrutar a natureza! Espaco com requinte, muito organizado e bem cuidado! De realcar a amabilidade dos proprietarios e funcionarios. E a nossa terceira vez, recomendamos vivamente!"
"O melhor turismo de habitacao onde ja estive. Pequeno almoco delicioso, quartos amplos e muito limpos, excelente atendimento. Perto de boas praias e restaurantes. Piscina e zona envolvente muito boa, tudo muito bem cuidado, tudo perfeito. Herdade muito bonita. Recomendo vivamente."
"Excelente herdade para passar uns dias em tranquilidade e perfeito relax. Os donos da herdade uma simpatia e sempre prontos a ajudar no que se mostrar necessario, lembro que necessitei de gelo para beber um whiskey ja passava da meia noite e gentilmente o gelo apareceu no meu quarto. Quarto confortavel e bem decorado e um pequeno almoco buffet de grande qualidade com produtos frescos e saborosos. Uma piscina agradavel e bem tratada. Gostei e recomendo."
"Estive no passado fim de semana e pela 1a vez, nesta Herdade. Adorei... Herdade que convida ao descanso, para recarregar baterias... Sitio muito organizado, confortavel e muito agradavel. Os proprietarios, extremamente amaveis, disponiveis e muito simpaticos, fazendo-nos sentir, em familia e ente amigos. Quartos confortaveis e agradaveis. Servico de pequeno almoco, buffet, com muita qualidade. Queremos voltar e recomendo vivamente esta Herdade. Vao gostar tanto, como nos gostamos."
"Herdade muito simpatica, onde tudo e pacifico e organizado. Os donos da herdade sao muito simpaticos e disponiveis para que o hospede tenha o maximo de bem estar possivel. Lugar propicio para quem quer ter uns dias de paz e sossego, longe do rebulico e stress da cidade."
"Encantador e autentico hotel no meio da natureza. Os quartos sao adoraveis. O servico e muito gentil. O cafe da manha e delicioso e mencao especial para o delicioso azeite da casa que voce pode comprar para trazer de volta para casa. Recomendo vivamente a Herdade das Barradas da Serra e espero voltar em breve."
"Uma joia. Voce sente imediatamente em casa e a vontade nesta propriedade muito bem cuidada. A anfitria e os funcionarios demonstram esta genuina e unica sensacao de hospitalidade portuguesa. Quarto amplo e confortavel. Adoravel e variado opcoes de cafe-da-manha. Nos jantamos duas vezes - luz mas opcoes saborosas. Ficamos 3 noites e esperamos voltar. Fui duas vezes caminhando na plantacao de carvalho (5 a 10 km de caminhada). Tranquila, mas a 15 minutos da agitacao a beira-mar. Minha combinacao perfeita de elegancia da natureza e verdadeira hospitalidade."
"Se viajar para a regiao de Comporta / Gr ndola, esta e uma otima opcao. O proprietario e a equipe fizeram tudo o que e necessario para garantir que nossa familia aproveitasse a casa de campo e o que a regiao tem a oferecer. Praias da regiao sao fantasticas."
"O lugar perfeito para desfrutar de um pouco de paz e tranquilidade no campo, embora muito perto de algumas praias agradaveis. A estrutura e nova e bem mantida. Nos apreciamos ter uma caminhada na quinta eo cafe da manha foi incrivel. A unica nota negativa e que o proprietario mantido refazendo estavamos apenas ficar uma noite, e entao ela fez quando reclamamos que o wifi nao estava funcionando em nosso quarto. Ela apenas sugeriu tentar ligar e desligar o roteador e nao tomou nenhuma acao para resolver o problema."
"Meu marido e eu ficamos na Herdade das Barradas da Serra para duas noites e nao foi o suficiente!! Em Primeiro lugar, as coordenadas de GPS sao no local. O hotel esta perfeitamente localizado: 5 min/ carro para chegar ao centro de Grandola, longe o suficiente para ser realmente calmo e para ver Sky incrivel clara a noite! Se voce gosta de contemplar os comeca, voce vai adorar a estadia aqui! E nao se esqueca, a apenas 20-30 min. ate a praia de Troia ou Comporta. E para aqueles que estao vindo de longe, a auto-estrada fica apenas a 10 min de distancia. Em segundo lugar, os quartos sao lindos! A decoracao, a atencao ao detalhe, a limpeza - simplesmente perfeito. Os quartos sao amplos, com uma cama king size, area de estar, A/C no quarto e banheiro, nice area area de estar na"
"Nos ficamos 2 noites aqui, e foi realmente impressionante. Cada quarto e tao unico e o nosso quarto estava impecavel e muito grande, com uma cama king size e area de estar. A noite voce pode tomar um cafe ou cha a beira da lareira e ler um livro. Recomendamos este lugar para uma estadia relaxante no Portugues Alentejo rural."
"Um lugar esteja no maravilhoso para alcancar a paz de espirito. Excelente localizacao, perto de praias incrivel, Grandola, bela natureza e rodeado por varios lugares com comida deliciosa. Herdade Barradas da Serra e um dos melhores lugares ja estive, os anfitrioes sao extremamente agradavel com uma hospitalidade de 5 estrelas. Eu vou definitivamente recomendados e voltar!!"
"Se hospedar no herdade das Barradas da Serra foi um verdadeiro prazer. O Farm fica em uma paisagem calma e tranquila, voce compreender o Real significado de ferias como voce nao muito. A atmosfera foi muito simpatica, todas as instalacoes foram moderno, limpos e em perfeito forma e ainda assim voce ainda pode ver e sentir a historia que e contada por todos os Old cork farm edificios que sao agora convertidos em casas.Alem disso recebi informacoes muito sobre o PORTUGUES tradicao de producao de cortica do anfitriao, o Sr. luis dias, muito interessante!"
