Avaliacoes
"A experiencia foi simplesmente incrivel. O espaco e maravilhoso, uma vista deslumbrante para qualquer local onde se olhe: seja a vista para a barragem, que parece um oasis no meio de toda a paisagem alentejana, seja para os jardins com arvores e flores mil. A agua e quente e calma, tem canoas e paddles a disposicao para passear pela barragem ou apenas apanhar sol ao gosto do movimento da agua. As refeicoes sao super variadas e apenas deliciosas! Feitas com ingredientes locais ou ate cultivados la, e atendem as restricoes dieteticas dos hospedes. Quando a comida esta pronta para ser servida, somos chamados pelo som de um bongo que se ouve em qualquer local da quinta.  Por fim, as pessoas. O atendimento e incrivel, todos sao super simpaticos e atenciosos, senti-me em casa - sem"
"Fomos sem expetativa muito alta e acabamos deslumbrados.  Bem, nao sei onde comecar. E incrivel!!! Tudo!!!! Sao arvores de todas as especies para chamar todo o tipo de passaros (paixao do Frank, o proprietario); sao flores mil, quartos rusticos e especialmente pitorescos; e uma agua da barragem quentinha; e uma vista que so visto!!! E e uma simpatia de casal!!! Muito atenciosos, pacientes e otima cozinheira!!! As refeicoes sao feitas com muitos dos produtos que eles proprios cultivam. E giro que as refeicoes sejam feitas com todos os hospedes que quiserem e tiverem marcado, ao mesmo tempo apos o som do gongo. Isso mesmo, de um gongo.  Na barragem podemos utilizar uma SUP ou canoa e dar uma volta e mandar uns mergulhos e trambolhoes.  Adoramos!!! E de voltar!!!"
"A Quinta e incrivel.  A vista da barragem e maravilhosa. A agua e quente e a disponibilidade de paddle e canoas torna a experiencia muito divertida.  O servico e excelente e a comida e a melhor parte. Todos os dias servem refeicoes organicas e bastante variadas,e impossivel nao gostar.  A possibilidade de ter caes e outro ponto muito positivo para quem nao quer deixar os seus companheiros em casa.  Por ultimo, as pessoas. Todos os funcionarios eram muito simpaticos e atenciosos, definitivamente tornaram a estadia muito agradavel.  Merecem 5 estrelas."
"Este sitio e muito bonito a comida e fantastica e o facto de podermos ir nadar na barragem torna-o ainda melhor a vista e incrivel e e um lugar muito relaxante, mas os colchoes dos beliche nao sao nada confortaveis."
"Fica no meio de nada e proxima das aguas da barragem de Santa Clara  Lugar onde impera a paz e a calma, nem poderia ser de outra forma pois neste local a TV nao existe, o telemovel nem sempre tem rede, mas nao estamos fora do mundo pois a rede de WI-FI e boa. Nao vejo que seja uma desvantagem mas sim uma vantagem pois permite o relacionamento pessoal. Tem um pequeno ancoradouro com canoas, stand up paddle e barcos e possibilita uns mergulhos no rio, com uma agua quentinha Fizemos as refeicoes la, porque para sair sao 4km de terra batida.A Comida e boa mas o preco cobrado e excessivo. A higiene e cuidada quer nos quartos quer no espaco de alimentacao. A noite as estrelas tem um brilho que so ali podemos ver."
"Ha ja tres anos que nao passo sem visitar este pequeno e viciante paraiso,  normalmente passo 2/3 noites neste local mas saio sempre completamente revitalizada e com a sensacao que estive muito mais tempo neste local magico. Aqui  sentimos-nos muito perto da natureza, Nao temos televisao nem frigo-bar no quarto, mas temos umas instalacoes muito confortaveis e acolhedoras , um grande saber receber e uma bela piscina isto e a Barragem de Sta. Clara onde a agua e mais quente do que no mar. Termos ao nosso dispor kayaks, prancha de stand up paddle e barcos para uso sem qualquer custo adicional e um ponto a favor. Imperdiveis sao os jantares as 20 h em ponto, a comida deliciosa feita na hora pela mao da Daniela, o facto de sentarmos-nos todos na mesma mesa (quase sempre com"
"Um lugar maravilhoso com paisagem deslumbrante, o facto de nao se ter rede de telefone torna-se um privilegio que permite um maior convivio entre os hospedes, com a natureza, optimo para descansar e relaxar. A nivel das refeicoes o preco/qualidade e mau, dado que nao escolhe as refeicoes,o preco e carissimo para o que servem, sendo que se quiser ir jantar fora o restaurante mais proximo fica a 20 km dos quais 4km em terra batida sem iluminacao e com alguns pontos muito ingremes de estrada"
"Um local unico e magico, onde nos sentimos unicos e especiais, a envolvencia do local, de quem nos recebe, todo o requinte das refeicoes faz com que queiramos voltar e voltar e voltar.... Acabamos por sentir que fazemos parte daquele local!  Adoramos Obrigada Mark, Da Fatima, e Da Dulce e Daniela, mesmo nao estando durante a nossa estadia, foi ela que nos acolheu no primeiro contacto.  Voltaremos em breve Claudia & Nuno - Junho 2015"
"Otimo espaco, vista deslumbrante, quartos acolhedores, hospitalidade de todos, incluindo dos animais, desportos aquaticos... Um verdadeiro paraiso! Perfeito para quem tem animais e gosta de andar a vela :)"
"A Quinta do Barranco da Estrada e realmente um Paraiso em Portugal.  O Frank e a Daniela oferecem aos seus hospedes um ambiente familiar e acolhedor.  Os jantares em grupo sao uma optima maneira de termos um serao animado. A Quinta do Barranco da Estrada e o sitio ideal para relaxar fora da confusao da cidade e da praia. Esperamos voltar em breve! :o) Elisabete e Andre"
"Adoramos a nossa estadia, o Frank e a Daniela sao muito simpaticos. Adoramos os jantares e almocos em conjunto, parece que estamos em familia, a comida e simplesmente maravilhosa, senti-me como um juri do concurso masterchef, os quartos sao muito acolhedores tambem. Na barragem podemos usufruir de kayaks e gaivotas. Apesar de nao haver televisao existe internet, mas nao e muito rapida. O Frank e a Daniela disponibilizam varios livros, dos que vi nenhum em portugues, aconselho a levar algo para ler, seja livro ou revista, ha varios sitios para os desfrutar, seja perto da agua ou no jardim."
"Neste local de grande tranquilidade, somos esmagados pela beleza da paisagem e , em paralelo, nao existem momentos de aborrecimento .. O lago, os barcos, os anfitrioes ..  Foi uma surpresa os jantares em conjunto, todos os hospedes e anfitrioes a mesma mesa, numa troca de vivencias, de nacionalidades, que se prolonga ate aonde a nossa conversa o desejar. Um extra : massagem shiatsu da Daniela .. Um relaxe perfeito para um lugar perfeito. A regressar no inverno para ver a chuva cair no lago atraves da janela rasgada da sala"
"A partir de uma pesquisa de ultima hora na internet contactei a Daniela por telefone e desde esse breve contacto senti que a familia estava a ser  bem-vinda na casa de Daniela e Frank. Estivemos la um unico dia...mas sentimos um calor e uma vontade de ficar hipnotizadora: seja pelo espaco, seja pela espectacular paisagem, a calma e sossego, seja pelas familias e pessoas que la estavam hospedadas, seja pelo agradavel periodo de refeicoes em familia na fantastica sala/comedor... na mesma mesa hospedes e staff!!! :-) , seja pelos caes, seja pelo charlatao de Harry ( o papagaio), pelo simpatico e prestavel staff, seja pela Daniela que mima a cada um dos hospedes com uma atencao e olhar de amigo de veras que acolhedor e dificil de encontrar... Voltaremos?, sem duvida. Recomendamos?"
"Lugar onde nos reencontramos na profundidade do que somos, do que pensamos ser ou do que gostariamos de ser. Um recanto onde encontramos a paz interior. Quando la chegamos, deixamos para tras tudo o que queremos deixar, sobretudo aquilo que perturba o nosso espirito e no reencontro com a Natureza, abracamos a vida. Caminhar e apreciar a plenitude das redondezas, num sobe e desce, em que o verde, o castanho e o azul sao o cenario num registo quase unico. A paisagem sobre a barragem de Santa Clara domina o ambiente e a serenidade das suas aguas envolve-nos os sentidos. As aves fazem-nos companhia e os seus voos fazem-nos pensar sobre a importancia em tracar um rumo... O ambiente e muito acolhedor, uma familia feliz que partilha connosco a sua rotina diaria, sem esquecer Harry, o"
"A quinta do barranco da estrada(paradiseinportugal) e sem duvida um sitio muito especial. Consegue aliar  conforto com proteccao a natureza, simpatia dos proprietarios com espaco livre, convivio com introspeccao. Num local tao isolado como este, e fantastico ver o esforco feito pelo staf para que tudo funcione tao bem, o que me agradou bastante.  Um dos momentos que mais me marcou foram sem duvida as tertulias, que acontecem a hora de jantar.A interculturalidade a volta de uma mesa de jantar onde todos participam e onde podemos partilhar ideias e ideais, e a cereja no topo do bolo. Apos um dia de descanso a contemplar todp O verde que nos rodeia e entre um mergulho e um bom livro o que mais desejamos, uma excelente refeicao e dois dedos de uma boa conversa (acompanhado com um"
"De qualquer parte de Portugal se vai de carro, com estradas boas e paisagens de tirar o folego, tranquilas e com o sol a nos acompanhar por toda a viagem... e na chegada o melhor ainda nos espera!Otima comida,boa disposicao e uma vista esplendorosa e para os amantes dos animais a recepcao e calorosa. Voltarei de certeza, vale a pena!"
"Sem duvida um verdadeiro paraiso...dificil de descrever pela dimensao de bem estar que la encontramos. Recomendamos a visita qualquer pessoa, la encontramos familias de diferentes nacionalidades e ate pessoas sozinhas em busca da paz e de energias positivas. Os proprietarios sao pessoas simples com o amor, a simplicidade e o respeito estampado no rosto. Estivemos apenas dois dias que deixaram enormes saudades...Um sitio encantador onde o verdadeiro sgnificado da vida e transmitido em cada canto da quinta. Aproveitamos para deixar um enorme beijinho para duas princesas que la conhecemos e que recordamos diariamente ( Flora e Carolina). Nao deixem de visitar, nao so pelo prazer de desfrutar da Natureza mas tambem pela licao de vida que de la irao tirar...Frank, Daniela, Flora e"
"Que super localizacao para umas ferias de outono. . . a Quinta fica no meio de sua paisagem natural e pacifica, com vista para as aguas azuis de um enorme lago. Um verdadeiro jeito - de - tudo. . . mas mantendo todos os confortos de casa! Nascer do sol maravilhoso, super comida - obrigado Daniela, clima perfeito - 24, vinhos portugueses e vida selvagem. . . mesmo nesta epoca do ano - no final de outubro, grandes passaros para avistar - obrigado Frank, borboletas e lontras! ! ! O lago e lindo para nadar ou pegar um dos caiaques para passear por esse trecho de 25 milhas. Eu certamente recomendaria este destino. . ."
"Esta foi a nossa terceira visita a Quinta e sempre foi um grande prazer. De qualquer forma, foi melhor desta vez, em parte porque tambem viemos com quatro amigos porque, pela primeira vez, nos envolvemos em uma das expedicoes de observacao de passaros de Frank - uma exploracao durante todo o dia, a partir das 5. 00:00. Eramos bastante ingenuos nessas questoes e ainda temos quase tudo a aprender - mas era obvio o suficiente que a viagem foi excelente.   A Quinta e um lugar extraordinario: e seriamente bonita, tranquila e relaxante e, acima de tudo, um lugar contagiante para se estar. Tambem nao ha nada animador nesse contentamento: e uma reacao natural a ambientes encantadores, quartos confortaveis, a excelente comida de Daniela, excelente companhia - e, nao menos importante, uma"
"Otima localizacao para relaxar. Minha terceira visita para uma otima observacao de passaros e companhia com Frank. O jantar de Daniela foi maravilhoso e muito saboroso. Acorde cedo para receber ofertas excepcionais, incluindo Great Bustard, Golden e Bonelli's Eagles e muito mais."
"Meu parceiro Steve e eu acabamos de voltar de cinco dias incriveis neste lugar.  Voamos para Faro e foram 90 minutos de carro ate o Paraiso em Portugal.  O resort (parece a palavra errada, pois nao e de todo comercial) fica por uma longa estrada particular que se abre para uma bela vista do lago.  Tivemos um quarto Kingfisher e a vista era incrivel. Imagem adicionada abaixo.  Daniela e Frank sao tao acolhedores que parecem um incrivel lar longe de casa, com cafe da manha, almoco e jantar em oferta. Eu recomendo que voce pegue! A comida e tao lindamente caseira, e as refeicoes em comum tornam a noite divertida e interessante. A sala de jantar tambem tem uma grande janela com vista para o lago.  Os vinhos oferecidos sao todos bons e com precos razoaveis.  Eu nao recomendaria"
"Esta foi a minha primeira visita a Portugal e este foi um dos destaques. Frank e Daniela sao anfitrioes muito gentis; A comida de Daniela e excelente, os quartos sao basicos, mas muito agradaveis e o cenario e espetacular.  Minha principal razao para vir aqui foram os passaros, e nao fiquei desapontado. Tanto Frank como Tony sao muito instruidos e me deram muitos bons passaros e tambem foram uma otima companhia.  As refeicoes comuns sao um prazer, pois sao mais uma refeicao em familia oferecida por Frank e Daniel, com pessoas de todas as esferas da vida compartilhando suas experiencias.  So posso recomendar este lugar e espero sinceramente poder voltar."
"Tivemos uma semana brilhante na Quinta. Frank e Daniela nos fizeram sentir bem-vindos desde o inicio. O quarto era simples mas acolhedor. E tao bom que nao ha TV! Os jardins eram exuberantes com o cheiro de jasmim, e havia muitos lugares para se sentar e apreciar a vista e o sol. O espaco de ioga ao ar livre veio muito util no periodo da manha para uma pratica rapida. Depois, um mergulho no lago. Nos amamos a comida - absolutamente tudo isso! Cafe-da-manha, almoco e jantar foram todos delicioso. As refeicoes em uma mesa comunitaria facilitaram conversas interessantes com outros hospedes. Nos fomos em uma viagem de birdwatching de um-dia com Frank que estava pasmando. Para nos vagarosos observadores de passaros era talvez um pouco demais - nos normalmente nao sairiamos em uma"
". O maravilhoso lago e um otimo ambiente, um oasis verde, otimo lugar para relaxar, bela area e maravilhoso oferece. Explore a area e descubra como e a vida real de Portugal. a comida era muito boa"
"Este lugar e um oasis encantador no sul de Portugal, com belos jardins, deliciosa comida fresca e anfitrioes deliciosos. Os quartos sao confortaveis e limpos tambem. Fomos a dois passeios de observacao de passaros e esta claro que Frank e um guia / fotografo experiente e sabe exatamente onde encontrar as especies que voce esta procurando. O jantar de estilo familiar e uma otima maneira de se conectar com viajantes de todo o mundo e contribui para a boa experiencia neste alojamento."
"Posso encontrar uma pequena critica a nossa semana aqui? Nao pense assim. Great comida, grande empresa, excelente oferece, confortaveis, tranquilidade, grande quantidade de passaros, borboletas, flores, sem pressao (exceto para chegar a refeicoes no horario, ou estar pronto para o microonibus no tempo se indo em uma excursao). Voce nao tem que ser 'em' vida selvagem e natureza para desfrutar aqui - a tranquilidade e para todos (alguns dos outros convidados foram apenas aqui para relaxar). Mas nos estavamos aqui pela natureza. No final de marco, eram principalmente passaros. Na proxima vez, vamos um mes depois para ver mais borboletas e libelulas - assim como mais alguns passaros.  Melhores coisas - tudo isso  Piores coisas - ter que ir para casa"
"Acabamos de ter duas noites fantasticas com o Frank e a Daniela, que foram muito acolhedores e garantiram que nos sentimos bem tratados e em casa no seu paraiso no meio do Alentejo. As fotos contam a historia de como e um lugar adoravel, mas o calor da conversa bem-vinda e interessante o torna ainda melhor. Muito obrigado"
"Meu marido e eu e nossos 2 filhas com idade entre 11 e 15 tiveram um tempo fantastico na Quinta. Voce se sente bem-vindo a partir do momento que voce chega e todo o lugar tem uma atmosfera descontraida e amigavel que tambem se transfere para os convidados. Refeicoes onde todos desfrutam da deliciosa comida que Daniella e sua equipe evocam e uma otima maneira de conhecer os outros hospedes. Nos apreciamos uma boa mistura de nacionalidades. O cenario e deslumbrante e para os observadores de passaros, Frank e o guia perfeito, feliz em compartilhar seu profundo conhecimento de passaros com os observadores de passaros menos interessados, como nossas filhas e os mais avidos como seus pais e a dosagem da informacao para se adequarem. Nos se hospedado por 3 noites e e dificil deixar -"
"A localizacao e remota, mas nao deixe que isso o deixe ficar. A partir da 1 rua contato com o Paraiso para a nossa partida a experiencia foi brilhante. Voce e bem-vindo a experiencia da familia Frank e nao e algo que voce esquecera. Atmosfera descontraida e amigavel no jantar onde todos comem juntos em uma mesa lindamente definida. Frank & Danielle sao os anfitrioes perfeitos. Este e um lugar para relaxar e curtir a vida. Paraiso de fato."
"Esta foi a nossa terceira visita a Quinta e, como de costume, foi fantastico. A Quinta esta situada a beira de um grande reservatorio. Este e o destino ideal para aqueles que querem ficar longe de tudo. Nenhum ruido de transito e sem poluicao luminosa.  Frank & Daniella sao anfitrioes fantasticos. A culinaria de Daniella e excelente. Vale a pena ir para isso sozinho. Por um custo extra, Frank o levara para passeios de observacao de passaros. Seu conhecimento de onde e quando encontrar as aves nesta area e incomparavel.  Este e o local perfeito para umas ferias relaxantes longe de todas as pressoes da vida moderna. Paraiso em Portugal resume perfeitamente"
"Minha esposa e eu passamos uma semana aqui em maio e eu concordo com os comentadores Mad H e Donna M que tem ambos descrito La Quinta perfeitamente. Na verdade, eu nunca fiquei em um lugar mais relaxante e Frank e Daniela foram anfitrioes maravilhosos com pessoal de apoio amigavel. Uma semana maravilhosa em um lugar lindo com otima companhia."
"Frank, Daniela e equipe foram brilhantes! Eles garantiram que tivemos um grande momento e foram cuidadas. Foi exatamente o que estavamos procurando em termos de localizacao e qualidade de servico. Eles foram muito atenciosos ea equipe da cozinha certamente sabia como fornecer uma festa para os nossos hospedes; Todos em todos todos ficaram encantados! Se voce esta olhando para sair da cidade para uma pequena pausa, yoga retiro, birding, festa de casamento ou apenas para relaxar no lago Santa Clara, entao este e o lugar para voce. Eu nao poderia recomendar mais!  Rebeca e Ramon Benavent"
"Acabei de passar uma semana magica no Paradise em Portugal e foi um paraiso absoluto. Provavelmente o lugar mais relaxante que ja fiquei na minha vida, este e um retiro verdadeiramente rural com vista para um belo lago no coracao da encantadora regiao do Alentejo de Portugal. O proprietario Frank construiu o local praticamente do zero por mais de 30 anos. O jardim e uma alegria absoluta, em cascata pelas encostas da encosta ate o lago e projetado para atrair o maximo de vida selvagem possivel. As andorinhas entram e saem do edificio principal onde estao aninhadas e, do outro lado do parque de estacionamento, ha um esconderijo para que voce possa observar os Golden Orioles. Ha borboletas por toda parte. Voce pode pegar barcos ou pranchas de paddle no lago e desfrutar de um"
"Nos ficamos em La Quinta Paraiso em Portugal durante uma semana, com a finalidade de birding com Frank e Tony. Na chegada, percebemos o quao especial e este lugar. A propriedade esta situada com vista para um belo lago azul, flores em toda parte e passaros cantando constantemente. Frank e Daniela sao os anfitrioes perfeitos, com hospitalidade que faz com que uma pessoa se sinta completamente confortavel. Os quartos sao amplos, muito limpos, tranquilos a noite e tem vista para os jardins. Este nao e um lugar de festa. Aqui voce pode relaxar em uma cadeira confortavel, fora de qualquer caminho nos jardins, e apenas estar com a natureza. Nos tivemos viagens de birding incriveis com o Frank, um verdadeiro profissional, e vimos muitos passaros especiais e paisagem deslumbrante. Ele"
"A palavra basica foi usada em relatorios anteriores e eu gostaria de usar a palavra rustico. Voce nao vai encontrar todos os confortos modernos de hoteis convencionais aqui, sem TV, sem ar-condicionado, sem cha / cafe fazendo regalia nos quartos ou secadores de cabelo (como um residente fez comentar sobre a nossa visita) simplesmente porque todos o poder e solar e tao limitado. Os quartos sao limpos e arrumados, chuveiros sao agradaveis e quente (que encontramos em todos os momentos do dia). Atividades aquaticas atendidas. As refeicoes sao servidas comunitariamente em torno de uma grande mesa, mas sem um menu apenas uma saborosa refeicao de 3 pratos. A posicao e isolada apenas algumas residencias dentro de muitas milhas quadradas. Eu achei que me senti mais como um hospede"
"Nos originalmente reservado 'Paraiso em Portugal' para as viagens de observacao de passaros, mas ha muito aqui para deliciar os observadores de aves e nao-birders tanto. O cenario e impressionante: fica no alto da colina acima do lago, cercado por um jardim suntuoso com cantos sombreados e ensolarados para se espalhar e relaxar. Muitas vezes a cancao do passaro e a unica coisa que quebra o silencio.  Todos os quartos tem sua propria area de sit - out com belas vistas do lago que esta disponivel para natacao (ortese antes de meados de maio) e passeios de barco. Nao ha industria colocando nada no lago - a agua fornece irrigacao para uma grande area do sul de Portugal - e parecia incrivelmente convidativa mesmo nos ventos frios de marco.  O servico e eficiente e informal e as"
"Fomos ate a Quinta, como parte de um grupo e devem ser voltar no proximo ano sem qualquer duvida. Ha muito que e bom, sobre este tesouro escondido - mas o cavalo e a mensagem que Frank & Daniela sao um caloroso e acolhedor casal que trabalhar muito arduamente para oferecer uma relaxada e confortavel, otimo preco e localizacao deslumbrante onde voce pode totalmente desligar ou passar o dia fazendo luz de intenso esforco fisico. A paz e alucinante - nao ha avioes, carros, barcos a motor ou poluicao luminosa muitas vezes e igual - ceu de paz completa. Transportes: A viagem e facil; no aeroporto, pegue um taxi ou carro para o resort, ou, como fizemos a 10 minutos taxi hop da estacao de trem e depois a 7 euros, 1 hora viagem para a estacao rural onde Frank ira encontra-lo e o feriado"
"No final de uma a quatro km de estrada de terra, situado em um luxuriante jardim numa colina, com vista para um lago grande, e o lugar perfeito para os amantes da natureza.  Birding e a principal atracao. Frank e o guia notaveis nesta parte de Portugal, e em dois dias e meio, vimos cerca de 90 especies. Mas voce nao precisa ser um passaros para desfrutar Quinta. Voce pode relaxar, tomar um pequeno barco no lago, ou vagabunda sobre as colinas locais.  As acomodacoes se inclina em direcao a mais basica em vez de lado luxuoso, mas estavamos completamente confortavel. Quinta esta fora da grade, mas tinha muita agua quente e ate mesmo uma ligacao a Internet.  As refeicoes sao um negocio de familia, com pessoas entrando Frank, Daniela, e qualquer que seja o de seus seis filhos"
"Nos visitamos pela primeira vez a Quinta, Frank, sua familia e equipe ha 4 anos e me perguntava se tudo o que ao vivo ate as nossas memorias. Nao devemos ter dado a alguns minutos, pensei. Claro que ainda era maravilhoso. Excelente a observacao, boa comida, excelente empresa e bonito, intocada paisagem fez as nossas semanas estadia perfeita. A unica desvantagem foi a musica ao vivo de um nightingale quando tivemos a 5 h inicio na manha seguinte, e uma vida dura! Nos sempre visitar um lugar uma vez para umas ferias mas uma vez que voce tem sido para a Quinta tem de voltar e sem duvida que voltaremos para uma terceira visita. Obrigado mais uma vez, Frank e Daniela. Judith & Tony"
"Idilico; isolado; ambiente descontraido; oasis: todos descrevem a incrivel guest lodge que Frank e Daniela continuar a correr em Portugues do Alentejo. ultima vez que visitei ha quase 20 anos. Vai voltar em algum lugar sempre corre o risco de que ele nao sera tao bom como voce se lembrar mas e ainda melhor. E dificil para adicionar qualquer coisa para os comentarios existentes. Todos Eles sao totalmente exacto. Apenas va!"
"Uma vez que voce navegou o seu caminho ao longo do 4km pista pela primeira vez voce e imediatamente impressionado com o isolamento perfeito da Quinta. Fomos recebidos por um Nightingale cantando no jardim e uma vista maravilhosa sobre o lago.  Este e realmente um paraiso e nos rapidamente fez bem-vindo por Daniela e Frank. O nosso quarto era agradavel e confortavel, mas se estiver a procura de luxo a costa do Algarve com todos os outros!  Os Excelentes refeicoes preparadas por Daniela foram tomadas en famille com a familia, funcionarios e outros hospedes. Este foi um momento relaxante e muito agradavel de se atualizar com os destaques das actividades de dias dos outros hospedes.  Se voce e um observador ou tem apenas um grande interesse em aves este e o lugar para vir. O"
"Por uma vez a publicidade previa nao e por a experiencia real - este e um belo lugar para ficar, se voce quiser apenas para descontrair ou, como nos, voce esta em uma organizada bird-watching viagem. Tudo faz top marcas - como se espera aqui, os quartos de estilo chale nao sao 5 estrelas luxo, mas eles sao muito confortaveis e bem equipados, e logo a direita para a localizacao. Se voce estiver viajando de carro aqui, como a pista da estrada ventos para cima, para baixo e ao redor, melhor para que primeira viagem em plena luz (em especial como voce vai imediatamente sera recompensado com a linda vista)!"
"Muitos lugares promessa Paradise e desiludir. Esta e a verdadeira coisa. 4Km por uma estrada privada voce passo do seu carro em terracos, jardins com paisagismo que conduzem a um lago. Os arbustos floridos te cercam e a cancao de passaros enche o ar. Daniela da-lhe as boas-vindas com comida caseira que e absolutamente delicioso e muito deve aos abastecimento local de ingredientes. Aqui e um lugar para fugir da agitacao do Algarve, tao perto mas tao longe. Paz e tranquilidade sao as tonicas deste lugar especial. Ele nao e apenas um hotel. Voce faz parte da comunidade enquanto voce esta la, partilhar as refeicoes com a familia e outros hospedes e capaz de dar conselhos sobre o que voce faz. Voce pode apenas relaxar nos jardins, ler, escrever, pintar ou escrever. Para reservar"
"Nos catalas iam para a Quinta do Barraco para descontrair depois de um tempo frenetico. Perfeito em todos os sentidos. Acolhedor, descontraido, belas paisagens - realmente e o paraiso. Fomos no inicio de Maio, quando as flores foram, mas o claro, o lago sem mozzy foi muito era para nadar, embora os dias foram confortavelmente quentes, nao quente. A comida e vinhos excelentes e atenciosos anfitrioes Frank e Daniella. Apenas uma hora ou assim o carro do Aeroporto de Faro. Nao posso culpa-lo"
"refugio de Frank e Daniela de paz e tranquilidade nao pode realmente ser descrito, voce tem que estar la!! O conhecimento do homem e estonteante, e os locais de varias especies sao todos bem pesquisado, esperamos que dando-lhe sucesso. Os quartos sao perfeitos para a localizacao e se manter fresco para se voltar. A comida e variada e apreciado por todos os hospedes. O que mais posso dizer, so que ele sera um prazer retornar e renovar a amizade, e claro ver mais passaros!!"
"Passei 2 semanas no Paraiso em Portugal e e um campo muito hotel, location. A vista para o lago e toda a area ao redor sao incrivel. A comida e fantastica. E Daniela e Frank e muito acolhedora. E um lugar magnificent Mile. Com em torno das loucuras, um lote de aves e um super lugar para nadar. Eu adoro ele. Obrigado, muito obrigado a todos voces."
"Este lugar e maravilhoso e tranquilo e perfeito em todos os sentidos. Ele esta anos luz de distancia dos comerciais e um lixo partes do Algarve. Esta e realmente a ficar longe de tudo. E um oasis de calma e um paraiso no meio do campo. Para Alem do ambiente, a atmosfera e calorosa e acolhedora e menos como estar longe e mais como ficar com bons amigos que voce ja conhecida por anos. Os anfitrioes sao genuinos e as boas-vindas em sua casa. Nada e demais e eles realmente querem que voce tenha um bom tempo. E antidoto total para o estresse e tensao da vida quotidiana. Ha passeios e canoagem se voce sentir como ele, mas ha tambem o perfeito relaxar em uma bela definicao se voce quer apenas a doss no sol e ler um bom livro. A observacao de aves elemento e uma revelacao e a alegria -"
"Tivemos a melhor semana sempre ficar na Quinta em Alentjo . Nos nao vamos esquecer a experiencia com pressa. A primeira coisa que notei foi o perfume das flores em todos os lugares e as vistas. A hospitalidade e amabilidade com modestia e humor dos proprietarios Frank e Danielle apenas fez o holiday. Suas filhas eram muito divertido tambem, e como para os seus animais de estimacao para a familia que conhecemos todos eles!.  Frank e Daniella sabe tanto sobre a vida selvagem e partilhar os seus conhecimentos com um leve toque. Eles tiveram tempo para nos mostrar tudo, a viagem de aves foi incrivel, vimos inumeras aves, incluindo pequenas corujas e uma aguia Imperial, comemos comida deliciosa e ficamos em um quarto muito agradavel. Estou em falta ja e nao pode esperar para voltar."
"Apos as inundacoes e chuva interminavel no Reino Unido que queriamos encontrar sol mas que tinha que ser sol com atitude - ou seja, nao estar em uma praia. Quando encontramos a Quinta online fomos atraidos pela observacao de aves em oferta e o majestoso afastamento da regiao.  Quando chegamos, foi imediatamente acolhido por Frank e Daniella, seus familiares e os quatro caes os quais foram para se tornar os nossos amigos. Jantamos juntos todos os dias -muitas vezes com outros hospedes, e Daniella nao poderia ter sido mais bem planejadas, suficientes para uma dieta restrita.  Sobre os dias em que ficamos em casa que apareceu ao longo de um caminho ao lado um riacho entre os carvalhos vindo em passaros, lagartos, sapos e faixas de javalis selvagens, ou nos nos sentamos no terraco"
"Em Primeiro lugar ouvimos falar em paraiso em Portugal, em Birdfair - depois de ler os comentarios, e a nossa recente estadia foi muito curto. Esteja preparado para as 4km de carro para baixo uma faixa dura para chegar a Quinta, mas o nosso Fiat Punto contratado foi capaz de lidar! A hospitalidade soberba fornecidos por Frank, Daniella e familia. Localizacao, no meio do nada, foi tranquilo e relaxante e uma boa base para passaros, passeios a pe, etc. O nosso dia com Frank (em seu Deposito) foi bem pena o inicio pre-amanhecer para obter as nossas primeiras vistas de abetarda na bruma para iniciar uma birding do dia memoravel. Agora, e sobre o nosso deve rever a lista!"
"Tendo apenas sido solicitado por um artigo online sobre o Alentejo, eu de repente lembrou-se os 10 dias idilicos a minha esposa e eu passamos a este lugar em Maio de 1996!!  Estou muito satisfeito por ver que o 'Quinta' e pujante e e obvio que continua a suscitar o louvor que certamente merece. A minha esposa estava se recuperando da cirurgia e o cuidado e atencao que recebemos dos proprietarios (tenho a certeza que foi Frank e sua esposa) foi fantastica. Outros destaques: o repartee animada em torno da mesa de jantar comum, as historias de Frank e sua familia que chegam em Portugal por um onibus London-ex ( ?? ), comedor de minha primeira incursao em uma abelha, a noite gloriosa aroma de jasmim, a visao do sapo macicos no gramado apos uma chuva e minha primeira captura de um"
"Ela tinha sido 16 anos desde a ultima vez que nos passaram um tempo na Quinta do Barranco da Estrada e nao decepcionou. Frank e Daniella foram anfitrioes perfeitos. A comida, vistas e a companhia foram excelente e esperamos nao deixar que tanto tempo para a nossa proxima visita."
"Sensacao muito sorte de ter sido capaz de visitar a Quinta para um tempo 2nd, tendo Entes ele muito ha 2 anos. Otimo para estar de volta, fica melhor e melhor. Assim, Harry se pisam o papagaio e ainda entreter-nos! Tudo o mais maravilhoso como sempre - apenas o lugar para a paz e sossego com os belos jardins e deslumbrantes vistas do lago. Sempre divertido e interessante para conversar com outros hospedes a refeicao. Frank e Daniela, com a familia e a equipe, a cuidar-nos tao gentilmente. Nos agradecemos todos, ver voce em breve!"
"Despreocupado pacifica, mas as boas-vindas calorosas possivel no final de 4km de trilha acidentada. Excelente localizacao, e absolutamente encantadora experiente (vida de passaros e a primeira guerra mundial) do excentrico anfitriao, Frank, que 26 anos na construcao deste lugar e sua bem merecida reputacao.  Daniella, a sua (austriaca, nao como eu esperava, Portugues) esposa e a adoravel, utilmente sane um da parceria e um bom cozinheiro, e vai bem fora de seu caminho para tornar confortavel. Obrigado, Daniella.  O comer e en famille: todos os hospedes durante uma longa mesa, dando origem a discussoes multinacionais interessantes e agradaveis. Memoravel, especial, muito diferente e ja convidando-nos novamente."
"Ficamos aqui como parte de um tour aproximado e o lugar e um oasis maravilhoso - exuberantes jardins com vistas fabulosas do - e acesso a - o belo lago. Frank e Daniela e sua familia sao anfitrioes maravilhosos e nada e demais. A comida e grande, tambem, que e tao bem porque o afastamento da localizacao significa que existem algumas outras opcoes. Nos dividimos o quarto de jantar com algumas vegetarianos e os visitantes de muitas nacionalidades que tudo parecia impressionado com tudo o que Daniela. Explorar a paisagem local, caiaque, telescopios, ou apenas relaxar em um lugar bonito - este foi um excelente feriado."
"Isto para nos foi uma viagem de volta para o Alentejo apos 35 anos de ausencia. O que um maravilhoso voltar. zona rural de intacta, acomodacoes unicas com vistas, aves fantasticas em todas as direccoes e um cara que leva voce para ve-las em 5h da manha! Um lago de sua propria para mergulho e vela em alimentos frescos e caseira para morrer. Frank, Daniella e a familia acolheu-nos a sua casa e nao estragar-nos ate nos a esquerda. O que mais voce poderia pedir?"
"Totalmente Frank brilhante e Daniella sao anfitrioes fantasticos em um ambiente muito bonito. Este e um lugar especial longe da multidao enlouquecida. Comida e a companhia agradavel. Nao va por favor como queremos manter isso para nos mesmos e para muitas pessoas que sera dificil."
"Uma bela Quinta com apenas alguns quartos em um ambiente remoto deslumbrante com jardins e vistas deslumbrantes sobre o lago. Nos apreciamos os jantares e cafes da manha encantadores, e se comer com o Frank, Danielle e sua familia e os outros hospedes todas as noites (uma nova experiencia de ferias para nos, mas muito) Meu marido e um amante passaros, portanto, levou as opcoes de passaros a dias com o Frank que foi fantastico. Ele foi extremamente qualificada e muito boa companhia, e saiu do seu caminho para dar-lhe uma birding do dia fantastico que incluiu pouco e Grande Bustards, Grande Passaro malhado, Calandra Lark, e muitos outros. Ele tambem percebi que eu nao estava tao interessado em aves-me, mas ainda assim saiu de seu caminho para se certificar de que eu gostei muito"
"Minha esposa e eu ficamos aqui por 5 dias para comemorar nosso primeiro aniversario de casamento. Sendo que ja viveu no meio de Paris para os ultimos 2 anos, estavamos procurando algo tranquilo, em um belo cenario natural, que me senti off-the-grade. A Quinta completamente entregue: O cenario natural e fantastico. Existem os passaros do campo (para que Frank e um excelente guia), bosques de arvores de cortica, ervas selvagens picantes, e um lago enorme que e surpreendentemente desprovida de embarcacoes motorizadas (exceto para o barco, fui pesca de robalo em um dia).  A Quinta tambem gera todo o seu proprio poder, principalmente do solar, portanto, e literalmente fora da grelha.  O que nao esperava era a simpatia excepcional dos anfitrioes e outros hospedes. Normalmente A"
"Este e um lugar unico. Surpreendentemente bela. Em um lago. Excelente para observar passaros, passeios a pe ou apenas de salientar e relaxante. Bastante dificil de encontrar, mas vale bem o esforco. Se voce para oculos paraiso em Portugal  voce tera muitas informacoes. Ele e lindo. Recomendo vivamente o separado mas as refeicoes sao na casa principal com fabulosas vistas sobre o lago. Empresa sempre interessante. Altamente recomendado."
"Um grupo de 8 de nos recentemente devolvido de uma estadia de uma semana na Quinta. O bem-vindo era quente, o ambiente descontraido e Frank e Daniela nao poderia ter feito mais para tornar a nossa visita mais agradavel e confortavel. Os observadores do grupo estavam muito grato aos excelentes indicacoes impressas do Frank para os melhores locais para observar passaros. Nada era demais para eles - cafe-da-manha mais cedo, mesmo lotado cafe-da-manha para excursoes muito cedo. A comida foi excelente e a vista espetacular. Um lugar muito especial gerido por pessoas muito especiais.."
"Este e um lugar unico, em um local remoto onde passaros e o unico som. Os quartos sao acolhedores, o - esses queijos maravilhosos excelente cafe-da-manha e presunto, tantos paes, cereais, frutas e Daniela produz deliciosas refeicoes a noite que voce comer uma mesa grande com a familia e os outros hospedes. Ela e Frank sao simpaticos anfitrioes e trabalhar duro para se certificar de que todos estao satisfeitos. Frank gentilmente nos deu uma birding do dia embora nos nao tinhamos reservado com antecedencia, e ele fez um esforco real para encontrar-nos como muitas aves como possivel em dificeis condicoes de tempo. Seu conhecimento dos passaros e toda a area e incrivel, e o trabalho que tem feito para criar a Quinta e incrivel. O nosso tempo poderia ter sido melhor, por isso, nao"
"A situacao da Quinta e fantastico, localizado em uma colina em meio exuberante, exuberantes jardins com vista para o lago. Este e um retiro rural tranquilo, para que nao seja perturbado por trafego. Os sons que voce vai ouvir sao o Golden Oriole & rouxinois cantando.O alojamento complementa a bela paisagem, e impecavelmente limpo e confortavel com uma excelente ducha. As rosas frescas e jasmine em nosso quarto acrescentou um toque delighful & naturalmente veio direto do jardim. Fomos recebidos por Frank & Daniella como parte da familia & instantaneamente que se sinta em casa. As refeicoes sao tomadas em torno de uma grande mesa de jantar; excelente comida da empresa & Daniella excelente feita a noite voar. Frank e um brilhante birdguide & nossos dois passeios de um dia com ele"
"Estamos destinados a ir a pe da Quinta para os nossos 3 dias la. No entanto, uma vez que tinha encontrado Frank que apressadamente mudou nossos planos e pediu-lhe para nos levar no dia seguinte. Ele fez, possivelmente a melhor decisao, que precisam, nos teriamos imaginado um dia bem generalizado; off. No entanto ele introduziu-nos a uma emocionante viagem 12 horas pesquisar o nosso passaro maravilhoso da area . Ele fez com entusiasmo e energia e conhecimentos sempre sentiu que nao foi apenas um prazer para nos, mas uma inspiracao em si. A sua paixao pelo o que ele faz, bem como a generosidade de espirito muito especial com que ele e Daniella executar a Quinta, para uma experiencia verdadeiramente o aquecimento e vida formam. Estaremos de volta."
"As indicacoes do aeroporto ate a Quinta pegue ao longo das estradas tranquilas de pais com praticamente nenhum trafego, voce apenas a confianca as indicacoes do Frank e voce vai chegar ao lodge. Fomos recebidos pelo aroma de Jasmim, um lago de reluzindo e caes amigaveis (Napoleon regras dominavam a aqui!). Passamos quatro dias observacao de passaros com o Frank suficientes para um passaros menos experiente, bem como um experiente. Embora os dias comecou cedo, eles estao relaxados e muito interessante - foi n't apenas Birding, foi Portugal. Tanto Frank e Daniela e apaixonado sobre o ambiente e que mostra com a forma como a Quinta foi criado e e executado. As refeicoes foram excelentes, uma refeicao vegetariana diferente foi servido cada dia - nada era demais. Foi tao bom que vou"
"Acabamos de voltar de nossa segunda visita a este lugar fantastico, realmente e o Paraiso. Nos estavamos em um holiday birding, mas desde que voce desfrute de boa comida, amor e ser bem recebido em um cenario magico longe das multidoes, voce vai cair no amor com a Quinta do Barranco da Estrada. Frank e possivelmente o melhor guia de passaros em casa deliciosa de Portugal e Daniella refeicoes deve classificar com alguns dos melhores cozinheiros. Os quartos bonitos sao confortaveis e bem decorados, todos com vistas deslumbrantes sobre os jardins e o lago. Com certeza vamos visitar novamente."
"Acabamos de chegar em casa uma semana na Quinta do Barranco da Estrada que e tambem conhecida como Paraiso, em Portugal, e certamente ela correspondeu ao seu nome. A hospitalidade da Daniella e Frank e inigualavel, comida e alojamento onde excelente e voce se sentira em casa, logo que voce entra pela porta. O cenario e absolutamente fora deste mundo em que procuram um lago com exuberantes jardins cheio de passaros. Nos fomos com o nosso filho Matt para fazer uma semana de observacao de passaros e passei 2 dias fora com o Frank cujo conhecimento local foi segundo nao e ele tambem nos deu informacoes sobre a grande sites todo o sul de Portugal. Apos uma dura de passaros dias nos apreciamos fabulosa comida preparada por Daniella e uma grande empresa com outros visitantes em sua"
"A Nossa visita em meados de Abril-se agradavel clima quente seco que fez um contraste gritante de que nos deixamos para tras no Reino Unido. Daniela, Frank e assistentes nos fez muito bem-vindo em sua casa adoravel. Nos apreciamos varias viagens birding excelente com o Frank para uma variedade de habitats selvagens com o bonus de prados floridos nesta parte preservada de Portugal. Voltando a tarde nos apreciamos o lindo jardim e vista para o lago com uma chavena de cha ou uma cerveja refrescante de frio. A casa saborosas refeicoes caseiras foram apreciados em uma mesa comum com os nossos anfitrioes e outros hospedes. No geral um excelente feriado."
"Nao e um lugar facil de encontrar mas que foram dadas instrucoes detalhadas de Faro nos levar la sem um engate. Uma localizacao deslumbrante, ao lado de um lago com jardins tranquilos apinhadas com aves. O nosso quarto era confortavel com um patio isolado. Daniella e Frank fez-nos sentir muito bem-vindo e nada era demais. Cafe da manha era estilo continental e abundante. Jantares foram boa cozinha de casa comido em uma mesa grande com os outros hospedes comum (e quando nao completa o resto da familia).  Existe uma boa seleccao de vinhos locais com precos bastante razoaveis. Birding com o Frank e muito de educacao. O seu conhecimento e habilidade de encontrar diferentes especies e inigualavel. Viagens entre os locais era uma oportunidade de educar-nos sobre tudo, desde a cultura"
"Paradise em Portugal e o que eles chamam & Paradise e ! Um belo cenario com vista para o lago, jardim cheio de flores e passaros, boa comida caseira comido em conjunto com a familia e outros residentes e confortaveis quartos com terraco proprio. A abundancia de passeios da Quinta em si ou pode ser deixados e recolhidas a partir das areas mais distantes. A observacao de passaros organiza viagens de Frank sao soberbo - que vale a pena subir os primeiros! As unidades podem estar fora para as planicies para o Grande Bustards ou para a costa para cegonhas ninhos de mar - na verdade, voce ira experimentar & nome & Frank encontra-la para voce. Seu conhecimento de aves, area local & Portugues vida fazer viagens interessantes e boa diversao. Nesta epoca do ano a paisagem e um tapete de"
"Este e realmente um refugio remoto - nao tente encontrar pela primeira vez no escuro! A pista nao pavimentada da Quinta parece interminavel mas proporciona uma vista fantastica. A atmosfera criada por Frank, Fabiano e a familia e muito caloroso e acolhedor & nos apreciamos a roaring fire como o tempo estava um pouco decepcionante. Nos tivemos um fantastico dia a observacao, que nos trouxe grandes vistas da localidade nele assim como emocionante ver passaros e todos os tipos de informacoes interessantes sobre a paisagem de Frank. Meu unico comentario e que nao seria bom se houvesse alguns restaurantes locais - o local mais proximo que sao quase uma hora de carro! Mas nos tivemos um par de adoravel refeicoes na Quinta com interessantes vinhos portugueses. E apenas mais uma hora"
"Nos realmente apreciamos a paz e cordial hospitalidade da Quinta, e o excelente home-cooked refeicoes. O exuberante jardim, esta bastante um verdadeiro oasis, e o junto ao lago e perfeita para um mergulho refrescante ou placa sobre a agua quente no verao e dia. Os quartos sao limpos e confortaveis, com muitos personagens. No jantar-tempo nos conversamos com pessoas interessantes de varias nacionalidades ao redor da mesa, e gostei do sempre mudar vista em frente ao lago. Frank e um excelente bird-guia e sabe onde encontrar a gripe aviaria especialidades do sul de Portugal. Altamente recomendado."
"Nos reservamos este lugar na forca de fotos. Parecia perfeito para uma escapadela de do-it-todos holiday, e foi! O cenario e incrivel, e nao ate mesmo no seu melhor, como nos fomos em meados de Novembro quando pouco foi em bloom. Nos reservamos a muito curto prazo e somente as pessoas do lugar como foi a sua ultima semana. Trabalhando na industria turistica nos mesmos, damos pensamento Frank & Fabiano poderia ter-nos dado um pouco cool recepcao sobre esta conta e ser desesperado por suas proprias ferias. Nada disso! Eles nao poderia ter sido mais acolhedor. A sua empresa, e que as criancas, foi maravilhoso, ambiente descontraido e conversavel. Nada era demais, o quarto era limpo, com um woodburner tinha que desejavamos, da cama extremamente confortavel e a comida excelente."
"Esta foi uma experiencia incrivel com uma paisagem deslumbrante e arredores tranquilos.Frank e Laura foram maravilhosos anfitrioes.a culinaria de Laura era grande, com jantar ser bastante uma ocasiao. Fizemos uma observacao de passaros viagem com Frank e com o seu conhecimento de aves e a sua capacidade de identificar-los para um passeio muito interessante. Vamos voltar."
"A minha primeira visita a Portugal, e tambem a primeira vez que tenho dado feedback sobre TripAdvisor, e La Quinta foi o lugar perfeito para comecar o nosso feriado. O local tem uma atmosfera incrivelmente relaxante e os anfitrioes, Daniela e Frank, nao poderia ter sido mais encantador. O nosso quarto era muito confortavel e as refeicoes fornecidas todas as noites estilo da familia foram delicioso - frescos ingredents simples e bem preparados. O lago foi otima para natacao e o cenario sobre os passeios locais deslumbrante. Nos amamos o lugar e recomendaria."
"Se voce pode encontrar o seu caminho aqui e bem a pena. Os arredores sao pacificos e idilica. Frank e Daniela eram os nossos anfitrioes adoraveis e que nos fizeram sentir como sempre temos sido uma parte das suas vidas. Jantares foram servidos em estilo familia com toda a gente comer em uma grande mesa de jantar e normalmente a mesa toda estava envolvido em conversas animados com topicos variando de osga-turca a politica dos EUA e, em seguida, para as maravilhas de vinho portugues, todos a menos de 16 minutos.  Nao ha nada chique aqui, mas valeu bem a estadia. Ir para o campo, as pessoas, a culinaria, o relaxamento. (E nao se esqueca de falar com Frank sobre as aves!)"
"Este hotel (se pode chamar-lhe que, mais de uma casa realmente) e o lugar perfeito para o tipo de familia que gosta do deserto rural. O lago e maravilhoso para piscina: quente e perfeitamente claro. De fato, nao foram tempos quando eu tinha uma pequena bebida como eu estava nadando ao longo. Existem animais encantadores: os nossos filhos apaixonei com os caes. O barco de vela, canoas e gaivotas desde o meio ideal para explorar a grande lago. O calor dos anfitrioes Frank e Daniela foi inigualavel e nos sentimos quase como parte da sua familia pelo tempo que tivemos foi um dia ou dois. Porque outros hospedes parecia se sinta dessa maneira demasiado, que sentia voce sabia-los bem. Nao plano de ficar aqui se desejar luxo polido ou ser tratados como a realeza pela equipe do hotel"
"Eu nunca tinha escrito nada no Trip Advisor antes, mas La Quinta foi tao especial que decidi. E dificil descrever porque nao e como nada tenho visto antes - um cruzamento entre ficar em casa de alguem e um hotel muito confortavel.  Daniela e Frank que propria e execute o lugar sao um casal fabulosa que que voce se sinta em casa desde o inicio, como fazer as suas excelentes funcionarios. Daniela e Frank e adicionar todos os tipos de coisas que voce pode encontrar em qualquer outra nunca - como Frank tendo o cafe-da-manha com a sua parrot ao seu ombro (o parrot e um tarte pelo caminho e nao como outras mulheres), o aloe vera (a partir de uma planta nos seus extensos jardins) para o meu se bronzearem nariz, e Daniela capacidade para cozinhar o mesmo pratos diferentes para um"
"Apenas cheguei de minha viagem no Paradise em Portugal ! Posso voltar para la agora ???  Palavras mal pode descrever a minha estadia neste lugar incrivel!!! Mas eu tentara. .. Paradise em Portugal esta localizado em um local remoto no Alentejo, duas horas e meia de Lisbonn mas e definitivamente vale a viagem e todos os esforcos para encontrar, !!! Quando chegar, Daniela, Frank e os seus funcionarios middel boas-vindas com as suas grandes coracoes e pode simplesmente relaxar e desfrutar da excelente ambiente : o lago e a natureza ao redor. Eu realmente gostei do ambiente calmo e relaxante do local, mas o que torna a viagem verdadeiramente unico e a amabilidade dos funcionarios e a fusao-pot de pessoas pode encontrar la!  Passei 5 grandes dias no Quinta com o meu irmao (15) e"
"Olhando atraves das minhas fotografias eu percebi que eles so dizem metade da historia sobre o Quinta - as vistas e o cenario. A outra metade e Frank, Daniela e sua familia alargada e assistentes. A Quinta esta bastante unico. Nao e um hotel, nem um B&B. convencional e um pouco como estar em casa alargada de alguem, onde todos se reunir para tempos de refeicao. Em conjunto com o Frank's e Daniela e com bondade e isto e o que realmente o faz. Curiosamente, atraves de alguns sob forma de serendipidade, a mistura de pessoas e nacionalidades que obtenha lancado juntamente normalmente fazer por um tempo muito sociavel - muito mais do que em um hotel de padrao.  Posso ver que o Quinta nao e o copo de toda a gente de cha - e remoto para os padroes da maioria das pessoas e partilhando"
"Eu passei apenas uma semana aqui e voce nao vai encontrar qualquer outro lugar muito como esta. Frank, Fabiano, a familia e toda a equipe faz o seu melhor para tornar a sua estadia confortavel. Passei 4 dias Birding a area com Frank e tivemos um grande momento e vimos algumas aves maravilhosas. Frank e Laura tem uma grande paixao para as aves, a natureza e o seu ambiente. Agora estao a lutar para salvar a ultima area do pantanal no Algarve antes e perdido para sempre. A culinaria de Paulo foi delicioso e foi feita a partir de ingredientes locais frescos. Estou admirado com a ela poderia fazer todas as refeicoes e servem todos, enquanto a comida era ainda quente. Tivemos em estilo familia sessao que eu achei muito agradavel porque todos nos Sab e comemos na grande table. Isso"
"Mergulhe-vos a este lugar magico. Frank e Laura tem uma construcao envirorment inesquecivel que atrai hospedes verdadeiramente interessantes. Cozinheiros de Laura excelente comida que e criado a partir de ingredientes locais frescos, apreciado na sala de jantar com a sua maravilhosa Proscenio espetacular estilo arch janela aberta com vista sobre o lago. Frank e um anfitriao maravilhoso, ractonteur brilhante e builder extraordinario: tendo construido este hotel verdadeiramente rara proprio. Todo o soberbo espaco: pedra chalet rooms, lindos jardins, escadas para o lago e pontoon tem Cleary foi um trabalho de amor mais de vinte anos. Tudo sobre Quinta do Barranco of Estrada faz com que voce se sinta aberta e livre, mas simultaeously incluido em uma familia quente maravilhoso com os"
"Limpa profundamente apreciamos a nossa estadia aqui como parte de um feriado para caminhar com microbacias. O tempo estava demasiado quente para uma caminhada por isso nao tomavamos um dos passeios e para um dia excelente de observacao de passaros com Frank. Nos apreciamos as refeicoes comuns conversando com a todos os hospedes e a familia. O lago foi otimo para se refrescar apos as nossas actividades de dias - natacao, vela e caiaque"
"Como um grande e maravilhosa. Um verdadeiro paraiso cheia de hapinness. Em primeiro lugar o lugar e unico - e perto da agua e tem belo jardim. Segundo as pessoas (Daniela,Frank,familia,a equipe) sao tao doce que fazem-nos sentir-se em casa - eles cuidam de nos como familia e fazer-nos ter um grande momento. A melhor parte das ferias para mim foi no jantar - deliciouse de tempo comida e super-conversas agradaveis com os hospedes do em qualquer parte do mundo. E por isso que gostaria de voltar novamente. Hoppefully ve-lo em breve."
"Esta e a parte dos sonhos ... total tranquilidade nas margens de um belo lago em meio uma paisagem natural. Tudo foi feito para assegurar que os visitantes se sentirem totalmente relaxado e mimados. A formula e perfeito do grande comunais mesa de jantar onde as familias e a equipe socializar alegremente com os hospedes, os diferentes pontos com espreguicadeiras e vista para o lago para que todos possam ter um momento privado e tranquilo, a jardins lindamente mantida com o inebriante aromas de jasmim e de rosas, excelente cozinha magicamente evocado por Daniela, a maravilhosa orquestracao de tudo pelo maestro Frank e o divertido companhia dos filhos ... nao esquecendo Harry o papagaio do curso e as quatro pes caninos amigos que acompanham e guia-lo em suas caminhadas. E se vinha"
"Nos estavamos em um periodo de ferias para caminhar e tive a sorte de permanecer aqui por tres noites. E um local maravilhoso, em particular se desfrutar da paisagem e da natureza. O cenario e lindo, o lugar e tao tranquila e ainda ha tanta coisa acontecendo. Os passeios sao bem planejados e cheio de variedade e a vida de passaros e incrivel. Frank e Danielle fez-nos bem-vindos a partir do momento em que chegamos. A noite todos comemos em conjunto e este foi muito divertido como todos os hospedes estavam tendo um tempo tao bom, ajudou naturalmente pelas refeicoes soberbas. Um otimo lugar."
"Nos recentemente ficamos aqui com os amigos enquanto de ferias para caminhar e apreciamos cada momento. Nos nos sentimos parte de uma grande familia, com Frank & Daniela, da sua familia encantadora, funcionarios e outros hospedes sentados ronda uma grande mesa comer comida deliciosa e como para os rolos nas refeicoes pre-embaladas .... soberbo! A Quinta e bastante isolado mas nao ha muito para o manter ocupado, com o pe, observacao de passaros, o belo jardim, piscina no lago, caiaque, vela e ate mesmo gaivota ou simplesmente relaxar e descontrair. O alojamento e atraente, limpo e confortavel. Nao sendo um amante de caes devo confessar que ser bastante ferido por as personalidades dos seus caes que foram muito divertido. Paradise em Portugal! Como e verdade!"
"Nao ha realmente muito a acrescentar aos outros comentarios. Se voce quer uma pausa pacifica, passar o seu tempo a relaxar, a uma curta caminhada, observacao de passaros, pesca, natacao, etc, no lindo cenario entao voce vai apreciar este lugar.  A Quinta esta situado em jardins fantasticos e os anfitrioes Daniaella, Frank e o resto da familia nao poderia ser mais hospitaleira e simpatica.  Excelente comida em uma grande mesa comum, onde os hospedes e a familia sente-se em conjunto. alguma forma funciona e as noites eram sempre interessante e agradavel.  Tempo foi otimo como seria de esperar em Portugal em Junho.  Os ultimos 4 km levam ate ao Quinta e um, ERM, interessante drive.  Um lugar especial ao contrario em qualquer outro lugar que eu fiquei e eu I would recommend to"
"Minha mae e eu passamos duas noites no Quinta e desejava para mais. O momento em que entramos para fora do carro a fragrancia espantosa de jasmim e citrinos Blossoms da as boas-vindas. Foi muito bom e um pouco chuvoso, mas que nos forneceu encostas deslumbrantes coberto de flores silvestres. Este e um lugar verdadeiramente especial! Maravilhoso para relaxar ou sair e explorar as colinas e vales. Apreciamos Birding enquanto esta sentado no patio e na sequencia das indicacoes do Frank para alguns bons pontos passaros. Os jardins sao exuberantes e carregados com lindas flores. Os quartos sao espacosos, limpos e adoravel com flores frescas adicionando um belo toque. Frank, Daniela, da sua familia, pessoal, e animais de estimacao recebe-lo com calor premente. Se estiver a viajar para"
"Quinta rustico encantador. Familia de charme. Belo cenario com vistas e jardins do lago desdobravel para baixo para o lakeside cheia de passaros e outros animais selvagens. Vim para 4 dia pausa em Maio para descontrair e relaxar e fez exactamente isso. E um refugio preferido de caminhantes e os observadores de passaros por isso, se isso nao e para voce - voce pode obter todo o lugar para-se alguns dias. Nos descansados, ler, swam no lago, saiu na gaivota. controle remoto e e acessivel apenas atraves de uma trilha acidentada de sujidade - mas a afastamento e parte da atracao e o ultimo foi feita facil para nos como o Quinta enviou o seu controlador local de taxi para recolher-nos a partir do Aeroporto de Faro. Cozinha caseira e jantar e comuns em torno de uma mesa grande com a"
"E interessante que a maioria dos comentarios sao o amigo de Frank, que e porque, quando voce deixar este lugar maravilhoso que o amigo de Frank e Daniela. Essa e a diferenca que este lugar, e um Hotel ordinario, que se tornaram parte da familia em um curto periodo de tempo. As criancas e caes sao todos parte de. O seu triste que Lateralmente o cao preta morreu, porque ele era como um animal amigavel calorosa e vou perder ele quando eu ir novamente. A familia nao pode fazer o suficiente para agradar a culinaria de voce e Daniela, o estilo de buffet de almoco e particularmente bom porque voce pode comer o quanto voce quer e como uma variedade. Os quartos sao muito limpo e encantador, os novos banheiros sao uma mudanca bem-vinda e novamente feito com tal bom gosto, Lateralmente"
"A minha familia passou uma semana aqui e tivemos um tempo maravilhoso. A familia sao muito calorosa e acolhedora mesmo os caes que voce se sinta em casa! Frank e um muito bom guia de passaros e tomou o meu pai e eu em dois dia completo expedicoes ambos foram muito sucesso. Se voce tiver sorte com o tempo, pode relaxar a beira do lago e tomar sol, sabendo que sao de um punhado de pessoas na area. Ficar aqui tem a vantagem de nao ter de se preocupar com cozinha/comer como Daniela e um cozinheiro maravilhosa que agita-se difunde finos no almoco e jantar. Se voce esta procurando uma location away from ocupado/turistico locais para relaxar, relaxar, ler um livro, aproveitar o sol, sair em alguns canoas ou gaivotas e fazer alguns excepcional observacao de passaros. Entao eu recomendo"
"Para um unico longe de tudo' ferias relaxantes em um belo cenario, este e o lugar! Frank e Daniela e familia sao excelentes anfitrioes, nada e um problema e voce se sentir verdadeiramente bem-vindos a partir do momento em que chegar no final da pista para a Quinta. Fatima e Dulce compoem o feliz e muito eficiente 'da equipa da casa, tendo trabalhado com Frank durante muitos anos. Escolhemos comer o grande casa de Daniela alimentos cozinhados com a familia e outros hospedes a noite que foi uma grande experiencia e muito apreciado. Eu recomendo o Quinta a todos os que amam uma pausa pacifica em um ambiente rural e pesonally adoraria voltar novamente um dia."
"Enquanto em hol em Portugal o meu marido tinha de ter uma pequena operacao e viemos aqui para convalesce. O que e uma excelente escolha. Paz e beleza, boa comida e boas pessoas, e montes de adoravel, amistosos caes. Banheiro grande com enorme banheira. O nosso quarto era atraente, com bonita roupa de cama, e acordou para o aroma do jasmine com jardins floridos que adornados nossa varanda e uma de morrer com vista para o reservatorio lake. Eu nao podia resistir um passeio matinal em torno dos belos jardins e foi intrigado com o canto dos passaros variado e som plopping ocasional de peixes saltos no lago. Barcos e gaivotas estavam disponiveis para explorar o lago e as ilhas. Recomendo vivamente este lugar se quiser para se afastar de tudo."
"Uma verdadeira joia escondida!  Frank e Daniela sao excelentes anfitrioes e eles fazem voce se sentir imediatamente em casa. Nao perca as refeicoes caseiras de Daniela e certifique-se de perguntar sobre paixao de Franks para as aves. Nos nao fossem /nao sao observadores - mas podera tornar-se um antes de sair La Quinta!  Certifique-se de imprimir as instrucoes - com aqueles que, a um passeio facil ..."
"Se quiser relaxar este e o Place. E um oasis no meio de nenhum ....tivemos uma muito tempo e sentida em casa, gracas ao Frank, Daniella e a familia que muito bondade e realmente util ate o fim (ate mesmo ajudou a alteracao o carro la rueda).  Um lugar voce dreaming para voltar...como fazemos"
"Nos se hospedaram no Barraco da estrada por 4 noites com nossa em vez criancas barulhentas. Frank e daniela foram muito aconchegantes, fazer us se sentir muito como parte da familia.  Os quartos sao muito aconchegante e possuem vista para o lago e para o jardim que sao deliciosos.  No final do jardim ha um pier com pedalinhos, canoas e barcos a vela.  Jantar no Quinta todos os hospedes ,tornando este um grande familia evento.  Gostariamos pegue a este momento para agradeca Frank e daniela para uma estadia maravilhosa e a apenas para que ele saiba que vamos voltar.  Boa sorte com o restante da temporada,  philip, Margarina e os meninos."
"Este beautuful Place e um refugio de paz e traquility. O Vista espetacular para o lago sao inigualaveis .o cenario muda horas como o semaforo que trocar sobre a agua.   O hotel auto e simples e confortaveis, cercado por belos jardins e tranquila com sombra sopts no diferentes niveis, que levam a agua.   Frank e daniela oferecem maravilhosas, suas divertidas noitadas ate, comida fresca e criar o aconchego de uma semana house festa.  Frank tem uma conhecimento e entusiasmo para locais passaros e a zona rural ao redor.  Enquanto pele Daniela oferece reaxing massagem para comlete um dia de descanso.   O entre as criancas foram happy de relaxar, ler, nadar, tomar sol e se de todas as pressoes da vida moderna."
"Este foi o segundo visitar o Quinta e nao taxis retornar. O jardim com vista para o lago e cheio de interessantes wildlife e a paz esta a apenas incomodem com o coaxante dos sapos e singing pelos rouxinois que vivem neles! O hotel tinha tres longo dia explorar muitas variado habitats e muito tempo para a Back no Quinta para relaxar e explorar. Os quartos sao confortaveis, com vista para o lago e a comida excelente. I muito apreciado atmosfera agradavel."
"Se voce procura um ferias em uma localizacao deslumbrante, em um ambiente descontraido, com excelente comida e charmoso company - nao procure mais - o Quinta do barranco de estrada proporciona e muito mais.  Como voce siga pela via de acesso em direcao a Quinta atraves de uma para brincadeiras de flores, divisar peixes como o Lake oferecem um excitante. Frank e daniela sao ususally para se encontrar o novo desembarque, com seus encantador criancas e charmoso - nao mencionar a mais amigavel, mais bem-comportado caes de Portugal.  A comida, que foi excelente durante toda a estadia, foi servido na area de refeicoes com vista impressionante com vista para o lago .familia e os hospedes jantaram no local e interessante mistura de visitantes acrescentado ao descontraido agradavel"
"O Hotel teve um Super estadia relaxante no Quinta. O hotel Frank e daniela sao super-amigavel e realmente fazer um esforco para fazer com que suas ferias sejam um sucesso. Da atmosfera familiar no jantar permite fazer amigos rapidamente (de todas as idades) e conversas apenas paradas para saborear a comida, e saborear foi. Frank e um Super birding guia e tomamos vantagem de seu conhecimento da area. Nos sera!"
"Nao se pode requisitado um melhor lugar para iniciar o nosso Headwater uma curta holiday do Alentejo.   Se desejar localizacao deslumbrante, wildlife, otima comida e uma atmosfera amigavel, o Quinta e, sem duvida merece uma conferida!   Frank sabe algumas coisas de aves tambem!"
"A principal Reclamacao sobre a quinta e que seja feito a volta do agitado, cinza London ainda mais dificil de usuais a trabalhar azul. Este lugar e perfeito para uma pausa relaxante longe da agitacao da cidade. O unico sons voce ouvir sao os passaros e sapos chirpping, e ha linda vista para o lago de cada aspecto. Frank e daniela claramente Trabalhou muito dificil para criar um confortavel aconchegantes refugio em uma regiao rural.   Minha unica Reclamacao e que estava tal com Franks aconchegantes pacote de os amantes que queria para todos com me mas estas Londres apenas nao corresponde a arborizado vales e creaks para explorar a direita na sua porta... um perfeito se!"
"Sitrting no jantar com a grande vista para o lago, aves agarre perto e muito longe, flores floridos, noite aromas, conversas nascente e falling, deep tranquila, que gostaria de ser em qualquer outro lugar. De manha natacao em aconchegantes agua fresca, peixe com altura e sempre os passaros."
"Otimo lugar para descansar. O hotel como uma familia e voce esta convidado para participar cada evento. Realmente uma experiencia unica. O Place tem um view e e muito, com apenas 10 quartos. Muito, muito bem!"
"Este e imperdivel para aqueles que desejam um tranquilo e pausa relaxante. A vista do hotel foi espetacular. A localizacao nao poderia ser mais privilegiada. Os quartos sao limpos, simples e muito confortaveis com banheiro. A atmosfera e amigavel. Vila local e charmoso e leva 20 minutos de carro.  O hotel tem vista para uma enorme reservoir que podem ser alcancados a pe por uma curta onde voce encontrar uma area onde voce pode relaxar e nadar, bem como uma canoa ou pequeno barco.  As refeicoes sao servidas durante todo o dia em uma agradavel area de refeicoes, onde voce uma vista fantastica.  e o lugar perfeito para fugir para quem quer se afastar fromeverything e experimentar alguns paradise!"
"Frank mcclintock's Quinta do barranco da Estrada tem tudo: Dom, sombra, descobrira que, apresenta comedias, deliciosa comida e uma selecao de vinhos que celebram sua Fascinacao com ornitologia. Ha mil lugares para se em sua paradisiaco jardim com terraco que leva a um lago que e mais um playground; com canoas, barcos a vela, pedalinho, e suave natacao a ilhas proximas. Nos especialmente amei o caes: INCLINADAS molly, pesca, mike Cultivadora e mel. Quando voce ha - por que?"
"Este e um bem organizadas, acolhedor operacao um real interesse em que procuram apos's clientes. As inumeras equipe oferecem boa comida, accomodation e sugestoes sobre os arredores. O proprietario criou o local mais de duas decadas e tem com sensibilidade adequados do predio e jardins muito belas cercanias. Ele e um especialista orithologist proviiding praticas sobre, por exemplo, o melhor chances de turisticos great bustards. Enquanto a comida e bom ha uma pousada para mais caros comer! Maravilhoso uma curta country."
"O mais isoladas & panoramica localizacao que voce pode desejar para estadia em. O Quinta chegou na via uma 4OK estrada de terra e fica em uma colina suave cheia no lago onde um pequeno plataforma com Dom espreguicadeiras espera. A localizacao e como impressionante, isolado e romantica, como que pode desejar - este e um lugar para relaxar e tomar vista para o mais possivel - o Andorinha suite com seu proprio jardim e bem recomendado para dar ainda mais retiro"
"Nos catalas iam em busca de wildlife (especialmente aves e dragonflies) e com Franks dica do especialista ajuda a muito. A estadia no Quinta foi verdadeiramente agradavel e nos sempre se sinta bem-vindo como se parte da familia. Nao realmente na turistico trail (mas contribuem para a atmosfera de aventura) que ainda podem chegar a costa oeste e Plains sem muito dificuldade. Nos vamos voltar para ver nossos novos amigos no Quinta e provar novamente Daniella's Great culinaria."
"Este e um maravilhoso, pequenas refugio intimista - especial mundo criado por proprietarios Frank e daniela. Os quartos e as areas comuns sao grandes e a comida (servido estilo familiar) e maravilhoso. Cafe-da-manha inclui um maravilhoso variedade de queijos, suco de laranja fresco passadas minutos antes e servido. E um lugar para relaxar, mas tambem uma boa base para Great side viagens. O hotel fica no final de uma nao pavimentada, mas bem-cuidados 4 km road. Se a ideia de uma viagem e ir para a Autoroute e queime o km, este lugar nao e para voce. Mas se quiser vista incrivel de colinas, lagos e flores silvestres, voce ira adorar esse entrance road e o interior em volta.    Pode east ate a incrivelmente bela e sob preenchidas automaticamente plains, West ate a costa e Great"
"Muito simpatica equipe dada por US um maravilhoso alguns dias no Quinta. Uma grande ftme apenas relaxar o lago, sentido no canoas e o veleiro e saborear o clima de paz. Frank e Daniella, que partem a quinta foram realmente cordial e pronta a nos ajudar com qualquer coisa que queria. Um lugar muito especial para encontrar!"
"O hotel esteve para o Algarve para muitos anos e Decidiu tentar se hospedar mais ao norte. Gostaria se obter algumas informacoes na Quinta do barranco da estrada na Birdfair no Reino Unido e Observava bastante agradavel.    Nos tontamente tentou acessar utilizando Satnav chegar e terminou discado stuck em alguns estradas de terra que necessario um 4X4. Uma vez DECIDIMOS trust as placas TEREMOS e ignore o computador que encontramos sem problemas.    Adornados met as expectativas. O hotel esta as margens de uma grande lago com uma fantastica jardim grandes para a costa. Apos a viagem a paz e a tranquilidade foi exatamente o que e necessario.    Em nosso primeira manha TEREMOS nos pediu Frank, o proprietario, pegue a US out birding. Nosso principal alvo foi Abetarda e, a menos de"
"O hotel fez o Easyjet voo de Liverpool a Faro e depois se alugar um carro para Drive North para a Quinta. O hotel nao sabe que ela no momento mas esse foi o aniversario da encarnacao revolucao. O hotel foi norte da Espanha antes mas nao para Portugal ou ate mesmo Algarve. que esperam servico, assados zona rural I foi maravilhado com flores, verdejante grama e o cor verde. No entanto i desde aprendeu que este nao ultima long :-  ( a quinta foi surpreendentemente facil de encontrar, dado claro as orientacoes e foi diferentemente algo que eu tinha esperada.controle remoto, tranquilo, tranquilo sao o facil palavras para descrever.  O Quinta fica em uma encosta ... o que deve ser 100 ou tao m2 uma grande lago. As vistas sao deslumbrantes e ha um belo jardim corrida ate o Lakeside."
"O cenario e um maravilhoso -- que cercam uma perfeita reservoir -- a comida e gourmet-em estilo de culinaria (mais British de portugues) -- mas se voce planeja ficar aqui para explorar Beja (pelo menos uma hora e meia de carro) ou explorar Portugal e sua populacao, voce nao que aqui. Os quartos sao bastante rustico e, embora limpa, porque voce esta no meio de nenhum, cercado por uma bela vegetacao, alguns lagartas e outras descoberta arrepiante crawlies talvez inevitavel. (Os hospedes do Cidades (estilo europeu e americano) foram mais surpreendido, que do rural ou suburbano-Bretanha.) e definitivamente um bom lugar para um dos amantes esconderijo quando voce realmente deseja ocultar -- nao boa para conhecer e explorar a regiao, desde o Road para a Quinta e longo e windy (e bar"
"Reservado atraves [--]e teve um maravilhoso. Frank e um excelente e divertido host. Este e um estabelecimento pequeno no meio de idilicas paisagem - tranquila, nao ha estradas, a apenas uma grande tranquilo lago, perfeito para natacao, windsurfe e vela.    Alimentos organicos (principalmente) e casa feita. Os quartos sao simples, mas se refrescar e confortaveis.    Eu altamente recomendar. Voce atender interessantes pessoas aqui!"
"Temos apenas devolvido de uma semana viagem a este lugar muito especial. Ele foi especial porque nao so foi meu aniversario enquanto nos, mas I tambem foi propostas para, e todos os funcionarios no Quinta feitas que, uma magica experiencia memoravel. O Quinta fica em meio a mais belos jardins e foi o amor construido e desenvolvido pela proprietario, Frank. O quarto possui vista impressionante em Santa Clara dam, e a atencao aos detalhes com flores frescas no quarto e maravilhoso pinturas, que nos descobertas foram obras pelos proprietarios avo. A comida foi absolutamente esplendida, bobby, e um excelente chef. O dam/Lake foi maravilhosamente impecaveis e claras e ate mesmo apesar dos ventos frios do ano, muito refrescante para um mergulho apos uma sessao na sauna! Ha pouco ou"
"Quinta do barranco de estrada    o Quinta e maravilhoso B&B em um isolado e localizacao deslumbrante do sul de Portugal. A partir do momento de sua chegada voce e recebido com o mais vista espetacular, e a mais calorosa das boas-bem-vindo. Cada quarto com vista sobre um jardim tropical encostas um belo lago com nada das montanhas. No conforto de sua terraco que podem assistir a vista e muitas aves em abundancia incluindo o Red rumped andorinhas e bee cospe fogo.    Frank, o proprietario, e um profissional passaros guia para o sul de Portugal e sintam divertidamente as muitos visitantes do jardim e regiao, ou recomendar onde ir para ver mais. Ou para quem prefere seu proprio guia, Frank vai passeios a pe ou 4X4.    Alem disso uma variedade de atividades podem ser feitas do Quinta"
"Website - (---)  Este lugar e magica. VISITEI recentemente com meu namorado, depois de passar uma semana se bronzeando ao Dom no Algarve praias. Ele leva cerca de uma hora para chegar de carro (ou uma hora e meia se, como nos, voce inclined para ir um pouco lost!), e foi uma adoravel Drive. Achei que quando chegou que ja sensacao relativamente descontraido, mas ACHEI errada - nos passado 3 dias no hotel e a esquerda sentir totalmente revigorado.    O quarto que se hospedaram no foi belo - Fotos no website nao o faz justica! Ele foi adoravel para estadia, limpo, que tambem real personalidade e charme - todos frequentemente um raro. O banheiro, foi amplos, arejados e maravilhosamente bem-eqipped com uma grande chuveiro e belo grande banheira. O restante do hotel e pequeno e"
"Meu Noivo e I passado tres noites aqui e veio casa sensacao tao descontraido ele poderia tres meses. Este e um estabelecimento joia de um hotel - totalmente tranquilos, um lindo cenario, um deep azul-turquesa do lago para voce, deliciosos caseiras e equipe maravilhosa. Voce pode ser mais ativos se quiser, mas estarao restritas se estabeleceu para uma caminhada atraves do vale com a promessa de uma cerveja no final, e passaros viagem com Frank, o proprietario, que foi fantastica e foi absolutamente encantador para ser guiada por alguem que foi tao obviamente aficionados por locais wildlife. Oh, e o andorinhas de Zocalo um passo do jantar mesa foi um real. Foram necessarios us apenas algumas horas para chegar la de Londres, mas um mundo do estresse da vida, e absolutamente"
"Paraiso em Portugal e seu website endereco e e exatamente o que ele e! tranquila, tranquila e relaxante, do Enlouquecidas multidao com a natureza e vista para deliciosos. Great hospitalidade, Great comida, grande empresa. O melhor lugar que encontramos enquanto viajam de Portugal e nao podemos taxis que retornar ha um dia. Altamente recomendado!"
"Este lugar e imperdivel para quem quer ver o interior e seus habitantes - duas patas, quatro patas e Forrado tipo! Nos alugou um carro de Lisboa. Nao acreditar que voce ler etc pelo menos algumas de etc sobre tempo aproximado de Portugal. O Hotel teve um fantastico tempo tempo aproximado para a Quinta do barranco do estrada. Ha algumas otimas paisagens e observacao de vida selvagem se ficar na toll Road e a pequena estradas. Este retiro um pouco fora do caminho, que foi exatamente o que queria. E tao tranquila. As estrelas estao incrivel. A comida e excelente. O lago e refrescante. Ele tem tudo! Pedimos tambem que Frank, o proprietario, nossos wildlife guia para um dia. Seu conhecimento da terra, sua historia, e passaros identificacao com foto verdadeiramente impressionante. Ele"
