Avaliacoes
"Conhecia este lugar de referencias em revistas e teria tudo para ser como parecia. Finalmente visitei e mesmo assim surpreendeu; e ainda melhor do que pensava. O ambiente, as pecas de design (inesgotaveis, ha sempre mais a descobrir), o conforto, a beleza arquitectonica e natural, a comida e por ultimo a atencao e educacao. Em resumo, a rocar a perfeicao. Voltaremos certamente, tantas vezes quanto for possivel."
"Mais uma vez o Alentejo demonstrou o quanto tem de bom para descansar . Excelente esta unidade  , parabens ao Francois que tem um don natural de bem Receber as pessoas . So experimentando e que se consegue dar sentimento  a estas palavras ...... unico aspecto negativo .. ter de ir embora ESPETACULAR"
"A Villa Extramuros e um daqueles locais que queremos guardar como segredo, mas do qual e impossivel nao falar! E a fusao perfeita entre a arquitetura e o design e o respeito pela tradicao alentejana. Cada recanto e uma surpresa! O pequeno-almoco e soberbo, a piscina inesquecivel e a simpatia dos proprietarios contribui para a saudade que sentimos ao vir embora!"
"Alem das instalacoes fantasticas, muito espacosas e decoradas com muito bom gosto, e impressionante o atendimento do Francois. Recebe-nos como se recebem os amigos. Faz-nos uma visita guiada pela Villa, explica-nos o conceito e faz-nos sentir em casa. Depois, respira-se a calma que o Alentejo nos oferece! Impressiona ainda a preocupacao que os proprietarios tem em recorrer aos produtos da regiao. Aconselho vivamente uma visita a este magnifico espaco."
"Villa design com boa localizacao  e com um staff especialmente atencioso, simpatico e agradavel. Ficamos num quarto deluxe muito bem decorada...  Piscina e espaco exterior muito agradavel e apresentacao geral da villa muito interessante e com um design bastante moderno.  Um pequeno almoco tipico com produtos fresquinhos e agradeveis.  Um fim de semana em familia num paraiso... Obrigada pela sua atencao e carinho.  Voltaremos em breve...sandra e gael"
"Projeto e decoracao com preocupacao em cada detalhe. O bom gosto e beleza estao em toda parte. A vista dos quartos e do por do sol na piscina sao deslumbrantes. O servico e impecavel, os proprietarios sao atenciosos e se esforcam em agradar aos hospedes atraves de mimos, dicas, reservas de restaurantes e passeios."
"Adoramos a Arquitectura e o bom gosto da decoracao, pecas lindas de design e  artesanato local  escolhidas pelos proprietarios. A estadia foi muito  agradavel, pequeno almoco muito bom  com sabores regionais. Quarto confortavel e limpeza impecavel. O Proprietario Francois e muito simpatico e com boas sugestoes de locais para visitar."
"Ha alguns anos que tinha tido conhecimento desta magnifica casa atraves de uma revista; desde logo desejei poder vir a ficar la! Este ano aconteceu. Tudo foi perfeito, a envolvencia da propriedade, bem como o seu afastamento da estrada, faz-nos chegar a um espaco so nosso cheio de tranquilidade e paz. No entanto, todos os acessos sao rapidos e com estradas renovadas ate a entrada da propriedade. A chegada a este idilico paraiso nao podia ser melhor, desde a calorosa recepcao do Francois e Jean-Christophe que prontamente nos mostraram todo o espaco (interior e exterior) e nos fizeram sentir imediatamente em casa, a toda a inebriante e incrivel decoracao. Para qualquer canto que se olhe, percebe-se que tudo foi pensado ao pormenor e construido com paixao; apetece-nos trazer"
"Linda propriedade, integrada a natureza e decorada com muito bom gosto. No terreno ha oliveiras centenarias e do hotel e possivel avistar o vilarejo de Arraiolos. Os quartos sao muito confortaveis, o atendimento e personalizado e o cafe da manha e delicioso. Com certeza, esta e uma das melhores opcoes de hospedagem no Alentejo."
"Imperdivel para quem adora arquitetura e decoracao, o bom gosto dos proprietario deixa o  lugar lindo, alem de se destacar em uma paisagem cercada de oliveiras centenarias e no horizonte a vista de Arraiolos e seu castelo. Nos sentimos em casa e fomos super bem atendidos e recebidos. Queremos voltar!!"
"A casa tem um design fantastico e com muito bom gosto; o pequeno almoco e excelente; os donos sao simpatiquissimos e muito prestaveis.  Mesmo estando a chover torrencialmente foram 2 dias muito bem passados. Mais que aprovado!"
"Simplesmente apaixonados pelo local! Os proprietarios sao extremamente simpaticos e atenciosos. Ficamos quatro dias hospedados, e ainda ficariamos mais tempo se pudessemos! A Villa e muito bem decorada e com espacos muito agradaveis. As salas, piscina, quartos, tudo maravilhoso e bem projetados de modo que voce possa aproveitar ao maximo a iluminacao e a paisagem natural.  A Villa e bem localizada pois e muito facil e rapido de se descolar para outras cidades, para fazer um bate-volta.  Amamos o fato do hotel ser bem intimista por receberem poucos hospedes, e todo o servico acaba sendo bastante atencioso e focado, uma experiencia totalmente diferente da maioria dos hoteis.  As recomendacoes de Francois, um dos proprietarios, sobre a regiao do Alentejo, devem ser todas seguidas!!"
"Ao chegar a Villa Extramuros, somos agradavelmente envolvidos por um belissimo olival que rodeia a elegante e moderna arquitectura da Villa. Quando entramos, os espacos comuns, brilhantemente decorados com um misto de pecas tradicionais alentejanas e o melhor do design internacional, imediatamente nos acolhem e fazem sentir em casa. O quarto de decoracao depurada e de linhas sobrias, contem uma das camas mais confortaveis em que ja dormimos, o que contribuiu para um descanso ainda mais perfeito na paz do Alentejo. Os espacos exteriores sao uma continuacao do bom gosto que encontramos no interior, com destaque para a zona da piscina. A simpatia e amabilidade dos proprietarios, foram fundamentais para um sentimento de tranquilidade, repouso e bem-estar. Muito obrigado a ambos!"
"Excelente escolha para familias pequenas ou casais em viagem pelo Alentejo. O proprietario e hiper simpatico e educado. Os quartos sao um espectaculo e o local e belissimo e com excelentes e desafogadas vistas. O pequeno almoco e um primor e de alta qualidade com produtos caseiros e regionais. Toda a decoracao e de muito bom gosto, e a limpeza e um dos pontos a destacar por ser impecavel."
"Localizacao privilegiada, arquitectura e decoracao de extremo bom gosto. Aqui consegue-se relaxar e descansar em profunda paz e harmonia com a natureza. A piscina, o patio protegido, as varias zonas de estar (dentro e fora da casa) muitissimo agradaveis, bem como a musica ambiente- de um bom gosto irrepreensivel.O pequeno almoco, com produtos locais de excelencia, muito bom e variado ( destaco as compotas caseiras) Por ultimo e nao menos importante, a simpatia dos anfitrioes. Sempre atentos e prestaveis, deram-nos optimas sugestoes para passeios e incursoes gastronomicas. Voltaremos de certeza. Sem duvida alguma, o melhor refugio que ja experimentei. Claudia e Andre"
"A pouco mais de 1 hora de Lisboa, encontra-se este pequeno paraiso mesmo na encosta de Arraiolos. Com um look Mad Men o Villa Extramuros e o sitio ideal para uma escapadinha da vida agitada da cidade. Uma perola rara num Alentejo profundo. O Villa Extramuros e uma sitio cozy que convida a longas horas de preguica, com excelente seleccao musical por parte dos propritarios que oferecem o requinte do bom gosto frances  juntamente com um toque dos produtos locais regionais. Excelente bom gosto desde a decoracao - que nos faz querer viver em pleno Alentejo - ate a preparacao personalizada das refeicoes. O conforto e o enquadramento paisagistico dos quartos e TOP. Um sitio sublime, a voltar muitas e muitas vezes."
"Um ambiente muito acolhedor numa casa soberba, rodeada de serenidade! O local perfeito para recarregar baterias ao som da natureza e da (excelente) musica suave sempre presente... Um local onde, definitivamente, voltaremos!!"
"Este lugar e incrivel! Desde pequenos-almocos maravilhosos com cores soberbas, a todo o design, arquitectura (os quartos e casas de banho eram tao espacosos, e a varanda privada e optima ao por-do-sol!) E grande sentido de beleza em tudo, nao podiamos pedir mais durante as nossas ferias . A piscina e grande e espacosa, a propriedade e suficientemente ampla para dar bons passeios e sentir o verdadeiro sentimento do Alentejo. Francois foi muito acolhedor e nos deu otimas dicas para a regiao. Alem disso, uma nota para todos os cuidados e limpeza durante esse periodo tao cobicoso - tudo foi tao bem tratado que nos sentimos realmente seguros o tempo todo.  Esperamos definitivamente voltar em breve a esta joia escondida, cheia de alma e beleza. Diana e Rui."
"Escondida no campo, esta deslumbrante vila e o local perfeito para relaxar. Hospitalidade maravilhosa dos proprietarios e funcionarios nada demais. Arte interessante e espacos com curadoria e como ficar em uma galeria. Area da piscina foi incrivel. Recomendaria."
"Perfeicao! Todos os pormenores sao perfeitos - a localizacao e central mas tranquila e escondida entre oliveiras antigas, a bela arquitectura e interior, o tamanho eo conforto dos quartos, os deliciosos pequenos - almocos ea piscina azul - cobalto, aninhada entre flores silvestres e com muitas espreguicadeiras confortaveis e pequenos lugares para ser no seu proprio Francois e Jean - Christophe foram anfitrioes generosos que saiu do seu caminho para tornar a nossa estadia memoravel. Um pedaco do ceu que definitivamente voltaremos."
"A Villa Extremura fez parte da nossa lista de refugios favoritos na Europa. Devido ao toque muito pessoal dos proprietarios e todo o conceito parece um pouco mais como ser um convidado pessoal em uma casa por um tempo. Muito calorosa recepcao - muito elegante interior - 1001 magazins interessantes para descobrir; -) - muito alta qualidade - muito boa cafe-da-manha - muito nice piscina - muito nice atmosfera. O que mais precisa? Se ha uma coisa que encontramos um pouco dificil foi a proximidade de bons restaurantes. Em nosso ponto de vista os melhores restaurantes estao em Evora, entao voce sempre precisa pegar um carro e as vezes voce apenas deseja relaxar e nao dirigir 10-20 km novamente apenas para o jantar. E por isso que uma noite aproveitamos a oportunidade de um jantar"
"Nos apreciamos 5 noites aqui, 4 em um dos cabanons e 1 na casa principal em um quarto superior na casa principal e ambos os quartos foram surpreendentes. O Cabanon olhava para as oliveiras e a sala da casa tinha uma vista fantastica da cidade. O estilo moderno e atencao aos detalhes e fabuloso onde quer que esteja na propriedade. A casa principal e impressionante para dizer o minimo. No exterior existem varios espacos ao ar livre no patio / terraco para se sentar tranquilamente e ler ou desfrutar de uma bebida. Pequeno-almoco no patio entre as laranjeiras e idilico e tambem servido lindamente com conservas frescas, mel local e pastries portugueses surpreendentes. Os proprietarios ea equipe sao muito simpaticos e prestativos e feliz para reservar restaurantes locais ou dar"
"Meu amigo e I se hospedaram no Villa Extramuros em setembro por tres noites, e a estadia foi fantastica. E um desses lugares muito raros que entregam em areas - area circundante deslumbrante, arquitetura e design discreto e bonito, ambiente relaxante, cafe da manha delicioso, tipo resposta a consultas. . . Posso continuar por muito tempo. Passar alguns dias no Villa Extramuros foi um destaque absoluto da nossa viagem a Portugal no ano passado, e estou ansioso para voltar algum tempo para passar dias descansando na bela piscina, com o melhor gelato que eles tem de Lisboa (se bem me lembro corretamente)! Merci Francois."
"Tivemos uma experiencia maravilhosa nesta casa elegante gerido por anfitrioes generosos e amaveis. O ambiente tranquilo, belos quartos e servico impecavel sao um tratamento especial! Muito na esperanca de poder voltar."
"Nos se hospedaram no Villa Extramuros no inicio de julho deste ano. A nossa estadia foi um saco misto, mas principalmente decepcionante. Quatro de nos vieram passar alguns dias na villa por recomendacao de um querido amigo que havia desfrutado um ano antes. Infelizmente, encontramos a nossa estadia incrivelmente decepcionante. As atitudes de Francois e Jaques (os proprietarios) eram inospitas na melhor das hipoteses e hostis na pior das hipoteses.  Em um esforco para fazer essa revisao equilibrada, vou comecar com o bem - os arredores da vila sao lindos. E em um local remoto, pacifico e tranquilo. Os quartos sao espacosos e modernos, embora nao tao frescos como eles parecem online, eles sao limpos e bem conservados. Os chuveiros sao abastecidos com shampoo Aesop e lavagem do"
"NOS NAO PODERAMOS AMAR ESTE HOTEL MAIS! ! ! ! ! Minha esposa e eu passado o primeiro dia de nossa lua neste pitoresco wonderland e totalmente o bar muito alta para o restante de nossa viagem. Ficamos na Suite Junior e adorei cada aspecto do quarto, do exterior de cortica para a decoracao moderna e surpreendentemente colhida para a privacidade extra! ! ! A comida e fantastica ea piscina e tao relaxante e confortavel que voce pode se perder la durante todo o dia. Francois, que administra a villa, e extremamente gentil e atencioso e torna a estadia muito agradavel. Recomendaria a todos que visitam Portugal para aproveitar o tempo para visitar."
"Despretenciosamente elegante com pecas de designer, foi como se hospedar em um museu moderno (mas nao minimo). Linhas retas e desenho geometrico do edificio misturam-se de forma inteligente com uma mistura ecletica de decoracao e pecas coletivas. Tudo estava bem - curado e quente. Os anfitrioes abrem graciosamente sua casa para estranhos em um esforco para compartilhar com aqueles cujo sonho era viver em tal lugar, mas nao podiam pagar (ou talvez voce pudesse?); )  A vila localiza entre oliveiras com 5 quartos (ou 7, nao me lembro). Sao cerca de 20 minutos para Evora e Estremoz, menos para Arraiolos e 45 minutos para Monsaraz. Privado e sereno, com 5 gatos a verifica-lo com olhos atentos. Mesmo quando os quartos estavam lotados, os convidados eram quietos e respeitosos, quase"
"Eu tenho vindo a visitar desde que li sobre este lugar em uma revista um tempo atras - a nossa lua de mel parecia ser a oportunidade perfeita.  Minhas expectativas eram tao altas que eu estava um pouco preocupado com a minha estadia nao iria atende-los. Eu nao preciso me preocupar - os proprietarios criaram uma obra-prima em todos os sentidos e cada detalhe foi considerado.  A arquitetura e impressionante como e a decoracao, eu so queria ficar e viver la para sempre.  A area da piscina e muito bom gosto e voce esta bem no meio da natureza.  Os quartos sao enormes com belos terracos com vista para a paisagem alentejana. Eu queria ficar no banheiro de marmore durante todo o dia (mas isso seria um desperdicio!).  Os restaurantes recomendados nas proximidades Arraiolos foram"
"Eu quase nao quero mesmo escrever um comentario sobre este lugar, na esperanca de que ninguem o encontre, por isso nao fica muito ocupado. Mas esse lugar e tao incrivel que todo mundo merece saber. A casa esta alem do conforto - parece uma extensao da sua propria casa. Prepare-se para passar dias inteiros ao lado da pitoresca piscina com um livro ou passe algum tempo explorando as cidades locais e pitorescas. Este hotel e perfeito."
"Muito diferente de qualquer outra acomodacao nesta area. Exclusivamente elegante de uma forma simples e contemporanea, e repleto de uma serie de curiosidades modernas, algumas esquisitices retro, alguns pedacos de kitsch e uma montanha de livros e revistas.  Basicamente projetado como um quadrado de concreto de dois niveis austero (com terracos necessarios) construido em volta de um quadrilatero, ele fica entre varios acres de oliveiras e um ocasional rebanho de ovelhas. E distintamente facil de ver a partir da estrada principal N4 a sul de Arraiolos, mas nao tao clara quando se esta dirigindo em direcao a ela; descemos uma longa estrada sinuosa e depois, com apenas um poste de sinalizacao indicando onde virar, subindo um caminho levemente inclinado ate a propriedade em si. Ha"
"Optamos por ficar no Villa Extramuros no final das nossas duas semanas em Portugal e foi, sem duvida, o ponto alto da nossa viagem. Ainda estamos conversando sobre isso com amigos e sonhando com um retorno algum dia.  Francois e Jean Christophe conseguiram combinar o seu gosto frances com aspectos distintivos da cultura portuguesa para produzir uma experiencia magica para os seus hospedes. O edificio e uma maravilha arquitetonica que se enquadra perfeitamente na paisagem alentejana. Ele foi projetado para dar visoes de quase todos os comodos, e nos amamos especialmente a vista de um quarto do castelo de Arraiolos nas proximidades, iluminado a noite. Como outros comentaram, a arte moderna que os anfitrioes organizaram ao longo dos espacos da a impressao de que se vive num museu."
"Meu marido e I se hospedaram no Villa Extramuros por tres noites no final marco e teve uma incrivel. A casa e absolutamente linda, com elementos de design que reflectem os materiais locais e clima: paredes de cortica de arvores locais suavizar o quadro de concreto modernista, marmore de Estremoz nas proximidades e usado em toda a propriedade para efeito bonito, claraboias e grandes portas de vidro deslizantes permitem luz natural suave inundar em toda a casa, e cortar alecrim e laranjas da propriedade cumprimentou-nos em nosso quarto. Produtos de Esopo e piso aquecido nos banheiros foram um toque de luxo e fez tomar banho uma alegria. Toda a comida e deliciosa e muito do que e sazonal e local para Arraiolos, incluindo mel de uma fazenda nas proximidades e suco fresco das"
"E assim que tudo deve ser feito. Vivendo a vida. Mobiliar uma casa. Aproveitando as ferias.  O bom:  - Voce pode sentir que e uma visao incrivelmente meticulosa, detalhada e de bom gosto que se tornou realidade. E uma obra de arte viva, onde cada detalhe foi cuidadosamente selecionado.  - A sensacao de privacidade, serenidade, paz, calma e tranquilidade e incomparavel.  - E como viver em sua revista favorita. Esta cheio de espanto.  - Dois anfitrioes generosos e uteis sao garantidos para tornar a sua estadia incrivel.  - Voce se sente honrado e sortudo por conhecer este lugar, onde a qualidade esta em toda parte, desde os banheiros de marmore, os produtos Aesop, o colchao, os moveis.  - Cafe da manha artesanal faz um otimo comeco para o dia  - Todos os conselhos de restaurante"
"Nos ficamos na bela casa concebida e organizada de anfitrioes muito atenciosos, mas nao intrusivos. O lugar e impecavel, tranquilo cercado por nada alem de plantas e sol. Deixe sua mente ser hipnotizada por essa beleza e luxo de silencio intocado. Aprecie a excelente qualidade da comida que e servida, seja o cafe da manha, uma suntuosa sopa para o jantar ou simplesmente um delicioso cafe da tarde. E a simbiose perfeita para fugir de tudo, mas a vizinha Evora tem algo a oferecer, se precisar de um pouco de distracao. Nao hesite em perguntar a seus anfitrioes que eles vao tentar. . . Estive em muitos lugares, encontrei este em uma revista. Primeiro pensei outro retiro super caro, mas nao - qualidade acessivel e excelente valor. Para ser devolvido. . . ."
"Meu marido e eu passamos duas semanas viajando por todo Portugal para a nossa lua de mel, e embora toda a viagem foi muito magico, a nossa estadia no Villa Extramuros foi a nossa parte favorita. Tudo sobre este local e impecavel, desde o design e o servico para as vistas. Tivemos a piscina muito bem para nos enquanto estavamos la, e amamos tendo um pequeno-almoco da preguica cada dia no nosso terraco. Se voce faz a viagem, nos tambem recomendamos verificar para fora a cinha Herdade do Esperao, cerca de uma hora de distancia."
"Se voce gosta de seu B&Bs projetado com interiores frescos e elegantes (como nos) voce vai adorar Villa Extramuros. Um belo lugar para a selvagem e escarpada paisagem alentejana que, embora apenas a 20 minutos da cidade de Arraiolos e perto de outras propriedades, sentir que estao a milhas de distancia de qualquer lugar.  Meu marido e eu tivemos 5 noites no Villa Extramuros e fiquei em Quarto Superior 4, que era enorme, com um par de grandes sacos de feijao para relaxar. Eu simplesmente amei acordar, sair na nossa varanda a vista de Arraiolos e o som do pastor marcacao suas ovelhas e o arranjos de seus sinos. Esta foi, em seguida, seguido por um pequeno-almoco simples mas saboroso pequeno-almoco servido por Francois no patio central. Trata-se dos prazeres simples que sao os"
"Extremamente elegante, pequeno hotel boutique na zona rural do Alentejo. A justaposicao de sensibilidade a meados do seculo dos proprietarios e a arquitetura moderna crua do edificio com o pais ao redor - azeite de paisagem arvores, a cidade medieval de Arraiolos, os rebanhos de ovelhas - e realmente magico. Apenas cinco luxe, quartos espacosos e modernos (com vistas deslumbrantes sobre a zona rural) faz com que voce quase sentir como e o seu proprio refugio privado. O cafe-da-manha deliciosos servidos pelos proprietarios, um relaxante e tranquila area de piscina com uma enorme piscina de borda infinita, e decoracao alto estilo em toda a propriedade. E os proprietarios vao lhe indicar os melhores restaurantes, pontos turisticos e comerciais na area. O Alentejo - ate mesmo a"
"Este lugar parece casa, os proprietarios estao a fazer o seu melhor para ajuda-lo e recomendar-lhe excelentes restaurantes e butiques em torno da area ou em Portugal. Nos ficamos duas noites em quarto 5 na nossa lua de mel e este refugio tranquilo e definitivamente vale a viagem. So podemos aconselha-lo quando vai para Portugal para ficar la."
"Ha lugares onde voce sempre quer voltar ... Villa Extramuros e o lugar que eu gostaria de voltar uma e outra vez ... O simples tem tudo para fazer ferias maravilhosas! A bela ( Alentejo regiao de localizacao ainda nao e turistico, para chegar la e tem por si mesmo!), vila/quartos/jardim tal como referido por muitos outros estao bem concebidos e muito confortavel. Os proprietarios sabem o que fazem e que torna o lugar ainda mais especial como eles fazem parte os lugares favoritos em Portugal ... Por isso, se voce apenas precisa de ideias para restaurantes, locais de interesse apenas a pedir-lhes e certeza de que voce sera surpreendido com as suas sugestoes ... Dar um tente e voce nunca vai querer voltar aos grandes hoteis ..."
"Francois e Jean-Christophe criaram uma Villa extraordinaria em Arraiolos. O ambiente acolhedor da uma sensacao relaxante de se hospedar na casa de amigos. O seu gosto requintado e visivel em grande escala, bem como nos detalhes das pecas de design que recolheram. E uma bela combinacao de frances, portugues e em estilo escandinavo.  Ficamos em uma suite que tinha a vista de cortar a respiracao mais sobre um campo de oliveiras, a piscina, um rebanho de ovelhas e a vila de Arraiolos. Foi simplesmente magico ...  Um dos melhores lugares que ja experimentei. Altamente recomendado e definitivamente um lugar que ira visitar novamente."
"Os nossos quatro noite se hospedar no Villa Extramuros foi nada menos do que uma experiencia extraordinaria. O villa, um conjunto arquitectonico pedaco, oferece aos seus hospedes uma combinacao especial de luxo, hospitalidade calorosa, high end design e estetica, de serenidade e as belas paisagens do Alentejo - Arraiolos. As suites deste pequeno hotel de luxo sao grandes e confortaveis, a decoracao e de primeira qualidade que combina modernos parisiense chique em conjunto com uso elegante de materiais locais autenticos e as deslumbrantes vistas de oliveiras ou o castelo de Arraiolos que estao a ver de todos os lugares. Acima de tudo, nos apreciamos o tratamento de tipo de Francois e Jean-Christophe , os proprietarios, que nao guardar qualquer tempo ou esforco para nos servir e"
"Nos ja passamos uma semana no Villa Extramuros e gostariamos de voltar para la. Francois e Jean-Christophe sao anfitrioes maravilhosos, o Villa e absolutamente deslumbrante e a comida foi excelente! Foi como um 5 estrelas casa de luxo longe de casa. Nos hospedamos em uma das suites com uma vista maravilhosa, dois terracos privados e um enorme banheiro (os produtos de banho boreal sao apenas o toque final para o marmore maravilhosa e quarto concreto). Nos amamos utilizando a area comum a noite para ler as muitas revistas e livros em um molde muito elegante em redor, com musica suave, um copo de vinho e algumas azeitonas. A area da piscina e do patio sao maravilhosos e tranquilos locais durante o dia, puro relaxamento. E altamente recomendavel ter jantar no Villa. Jantamos la 4"
"Excelente, eu vou comecar com as calorosas boas-vindas pelos dois exercitos, entao o incrivel decoracao privado cantos para ocultar e ler e, em seguida, descobrir o jardim com outros hospedes com o pequeno-almoco. A vista do quarto ou devo dizer uma suite, ofuscando, a aldeia mais proxima com a sua luz de capela a noite a bela . Acordar para degustacao e o mel local, pao e queijo para o pequeno-almoco foi uma delicia. Os dez dias que passei no villa com a minha namorada foi inesquecivel. Eu recomendo o villa para quem deseja-lhe para encontrar uma joia rara. Muito Obrigado pelo otimo servico. Posso fazer uma reserva para o mes de novembro ? Ray"
"A combinacao de ambiente, natureza fantastica, arquitetura e design, bem como cheiro e sabor com um carinho incrivel dos dois proprietarios grandiosas Francois e Jean-Christophe (e nao esquecer o Lulu, Riri e Toto) torna o Villa Extramuros tao adoravel e unica.  Mesmo em nossos sonhos que nao poderia imaginar um lugar melhor para passar as nossas ferias!"
"Recentemente, passei duas noites no Villa Extramuros e Entes tudo sobre ele. O edificio moderno esta muito bem decorado e o servico prestado por Francois foi acolhedor e descontraido. O Pequeno-almoco foi feita com ingredientes frescos locais como eram os nossos jantares. A noite fomos servidos especialmente preparado um jantar no patio com velas e musica suave. A piscina era lindo, especialmente com as oliveiras e a paisagem circundante. Villa Extramuros e de cerca de uma hora fora Lisboa e vale a pena a curta viagem para passar algum tempo na zona rural e pequenas aldeias. Simplesmente perfeito!"
"Passamos 2 dias com as bonitas villa Extramuros contemporaneos. Para aqueles que sao fas de arquitetura e design interior e o lugar perfeito para ser. E tambem uma casa muito tranquilo, cercado por oliveiras e nos tivemos quase todos os dias um por-do-sol incrivel. Voce nao se sentem oprimidos para falar com os outros hospedes como a arquitetura pecas sobressalentes a sua privacidade. Jean Christophe & Francois sao anfitrioes discretos e bons conselheiros para visitas. Eles fazem voce se sentir relaxado. Eu definitivamente recomendo o villa para quem procura paz, design, leitura e visitar a regiao rural colorida do Alentejo."
"4 Noites em este lugar maravilhoso e simplesmente adorei. A Villa e muito bem feito e decorados com bom gosto muito! Ficamos em dois quartos diferentes e gostamos tanto! Camas confortaveis, bonitas casas. Os proprietarios sao rapazes descontraidos e facil de lidar. Eles estavam sempre la quando precisamos alguns conselhos sobre a area local ou quaisquer outros pedidos ou perguntas. Nos estavamos comemorando aniversario e jantar uma noite e foi muito bom! Grande vinho tambem! O Pequeno-almoco foi muito bom e incluidas casa compotas caseiras, bolos locais etc ... Nao grande escolha mas preferem menos mas grande qualidade, que foi o caso aqui. A Villa esta localizado perto da pequena cidade de Arraiolos que e de 15 a 20 minutos a pe. Alguns locais para jantar ou almoco que serve"
"Arraiolos e muito bonito, bem como ao redor dos fios citys do de Evora (patrimonio mundial da UNESCO) e Monsaraz - UNIC - com o seu Castelo. O Villa Extramuros e do magnifico sabor com um excelente architecture e design requintado. Os quartos sao confortaveis, bem decorados e maravilhosos pontos turisticos. Tudo isto combinado com o tipo mais servico torna o perfeito refugio na zona rural do Alentejo berlinense."
"Apenas passamos 4 noites no Villa Extramuros e estao muito satisfeitos com a nossa estadia. Estou de origem portuguesa e tenham viajado em torno de um lote, em Portugal e no estrangeiro, e a Vila Extramuros traz um alto padrao de servico. A arquitetura e muito bem pensado, o nosso quarto superior era muito grande e a vista uma (completamente isolado) varanda era como um postal, com vista para a vila de Arraiolos, ou as estrelas a noite. Villa Extramuros tem uma piscina muito agradavel de piscina e areas de estar relaxantes. Voce tem o seu cafe-da-manha, almoco ou jantar leve no patio isolado quente, ou na varanda, onde voce vai comer enquanto admira o por-do-sol, no uma paz absoluta e tranquilo. A localizacao e perfeita: 1h de carro de Lisboa, a 20 minutos de carro de Evora, a"
"Simplesmente o melhor lugar em Portugal! Conceito de maravilhoso, bem-vindo agradavel, melhores dicas, relaxante e refrescante! Nao poderia ter pedido um lugar melhor para ficar e nos I would recommend to otheres. a procura de algo diferente. Obrigado novamente e espero voltar em breve."
