Sentiment, Review
"Positive", "muito bom"
"Positive", "castelo bem conservado com torre de menagem altiva e exuberante pena fechar a horas proibitivas pode se dar a volta por fora e tirar umas fotos"
"Positive", "bonito mas podia ser melhor"
"Positive", "castelo bonito numa zona central de beja nao se paga para entrar nem para andar pelas muralhas a vista e bonita e tranquila existe um parque de terra gratuito ao lado do castelo"
"Positive", "no entanto apesar de existirem pessoas dedicadas nao se vende qualquer tipo de recordacoes"
"Positive", "tambem nao e possivel subir a torre o que foi uma desilusao"
"Positive", "a rever"
"Positive", "bem preservado"
"Positive", "e central e tem uma torre bem alta"
"Positive", "serve de referencia para quem circula perto de beja"
"Positive", "a partir do castelo percorremos as ruas e parte antiga da cidade ate aos pontos de interesse e restauracao"
"Positive", "vista magnifica sobre a cidade"
"Positive", "e agradavel passear pelas muralhas e usufruir da vista de o que dali se tem sobre a cidade apesar de nao ser possivel visitar o interior da torre ja tinha fechado o percorrer as muralhas valeu sem duvida uma visita nao so por ser uma das principais atracoes da cidade mas pela sua vista"
"Positive", "castelo simpatico para passeio e uma vista de o sobre beja"
"Positive", "o castelo tem uns degraus ingremes mas largos o que facilitou a subida e descida mas nao aconselhado a idosos dando uma vista fantastica de o de beja e da paisagem alentejana"
"Positive", "torre muito bonita"
"Positive", "bela e uma das capitais de distrito do alentejo dizem que o alentejo e terra de castelos logo o castelo de beja tinha de ser imponente correspondeu as expectativas sobressai a torre a fazer lembrar a torre de belem esta bem conservado e para passear nas muralhas nao se paga a cidade de beja e muito pacata e limpa aconselho depois da visita ao castelo uma refeicao regional na cidade"
"Positive", "castelo de beja"
"Positive", "romantico a luz do luar majestoso durante o dia encanta quem o visita assim como a cidade com os seus recantos e ainda o museu convento da conceicao riquissimo de gastronomia estamos falados simplesmente do melhor que ha em portugal a cidade pax julia de onde cesar queria oferecer a paz e a cidade dos amores proibidos como aquele entre a soror mariana alcoforado com o seu tenente frances beja princesa da planicie vale bem a visita"
"Positive", "a principal atracao da cidade"
"Positive", "apesar de nao ser possivel visitar lo interior da corre o castelo vale sem duvida uma visita nao so por ser a principal atracao da cidade mas pela vista do topo das suas muralhas"
"Positive", "reliquia"
"Positive", "que beleza"
"Positive", "a cidade e linda e muito calma gastronomia de eleicao acessos muito bons e modernos"
"Positive", "muitas herdades adegas e hotel de expoente maximo vila gale clube de campo a cerca de km onde pode fazer passeios de balao"
"Positive", "castelo beja e sua torre menagem"
"Positive", "estrelas e a maior torre menagem da peninsula i erica do seu topo consevue se vislumbrar todos os concelhos a volta do concelho de beja"
"Positive", "paragem obrigatoria"
"Positive", "paragem obrigatoria em beja e o icone da cidade o castelo permite uma interessante visita que termina com a magnifica vista na subida ao cimo da torre"
"Positive", "poderia estar em melhor estado de conservacao e com alguma especie de guia historico para os visitantes o que nos deixa um pouco perdidos na sua visita"
"Positive", "castelo"
"Positive", "infelizmente estava fechado por motivo de reformas inclusive no lado de fora so pudemos ver o lado de fora mas vale a visita"
"Positive", "pequeno e charmoso"
"Positive", "nada de mais vale a pena so pela vista dos campos castelo muito pequenino mas incrivelmente bem conservado"
"Positive", "muito bem conservado"
"Positive", "monumento que surpreendeu pela positiva"
"Positive", "muito bem conservado e limpo e com vista impressionante da sua torre sobre beja e arredores"
"Positive", "sem duvida o ex libris desta cidade"
"Positive", "a torre mais alta de portugal"
"Positive", "para alem da vista fabulosa que do alto da torre se consegue ter da magnifica planicie alentejana em dias de boa visibilidade e possivel ver a serra algarvia as suas muralhas percorrem grande parte da cidade sendo possivel ter uma ideia de como eram as ruas e as casas da altura a nao perder"
"Positive", "muito lindo"
"Positive", "local muito bonito subindo na torre a vista e maravilhosa vale a pena a visita ao castelo ao museu regional e a igreja nossa senhora dos prazeres"
"Positive", "agradavel"
"Positive", "bom sitio para se visitar em beja"
"Positive", "fui no sabado na parte da manha e estava aberto ate ao"
"Positive", "vista bonita sobre a cidade"
"Positive", "tem uma loja para comprar recordacoes"
"Positive", "staff simpatico"
"Negative", "regular"
"Positive", "apenas um muro de pedra com restauracao recente como tantos outros existentes em toda a europa torre fecha na hora do almoco e recomendavel ir ao fim da tarde e subir as escadas ingremes com muito cuidado e atencao"
"Positive", "muito bonito"
"Positive", "vale a pena visitar a loja de turismo e la dentro suba a torre e tem uma vista espetacular sobre a cidade"
"Positive", "belo castelo"
"Positive", "torre de menagem imponente para os apaixonados deste tipo de turismo vale bem a pena a nao perder passando por estes lados"
"Positive", "excelente vista"
"Positive", "castelo em bom estado que permite ter uma excelente vista sobre beja e regiao circundante bom local para deixar o carro e passear pela cidade"
"Positive", "torre bem conservada"
"Positive", "do castelo praticamente so sobra a torre de menagem que da para ver que e sujeita a manutencao e ja foi alvo de recuperacao bem feita um barzinho no patio da para tomar uma bebida para refrescar"
"Positive", "o grande miradouro de beja"
"Positive", "um ponto turistico obrigatorio para quem queira conhecer beja situado bem no centro desta cidade alentejana tem uma paisagem privilegiada sobre toda a cidade e arredores o castelo e bastante enigmatico transportando nos para a epoca medieval de uma beleza inigualavel tanto de dia como de noite vale bastante ve lo com os seus proprios olhos e aproveitar para tirar umas boas fotografias"
"Positive", "cartao postal de beja"
"Positive", "o castelo esta muito bem conservado e possivel circular por todo entorno junto a muralha tendo vista da cidade a torre possui tres salas intermediarias interessantes e boas para parar e tomar um folego pois sao mais de degraus nos metros de altura sendo a mais alta da peninsula iberica o ingresso e gratuito infelizmente pois este patrimonio merece um cuidado para evitar a acao de vandalos que nem sempre se dao conta por exemplo que uma foto pendurada no pescoco da estatua pode derrubar e quebrar um patrimonio de mais de anos"
"Positive", "bom passeio"
"Positive", "bom passeio para relaxar e aproveitar a vista sobre a cidade cuidado com o calor eheheh aproveitar as vistas"
"Positive", "optimo local para iniciar a visita cultural"
"Positive", "ao subir ao castelo e possivel ver toda a cidade e os seus arredores vista deslumbrante e ambiente medieval"
"Positive", "o castelo esta muito bem conservado tem entrada livre e acesso a torre de menagem de onde se tem uma magnifica vista sobre toda a cidade"
"Positive", "esta limpo"
"Positive", "esta limpo conservado e tem acesso gratuito"
"Positive", "a torre tem uma vista muito interessante"
"Positive", "aparentemente e so o que tem para oferecer"
"Positive", "bem interessante"
"Positive", "castelo com boa conservacao aberto ao publico para visitacao tem um banheiro torre de degraus proporciona bonita visao vale a pena"
"Positive", "vista panoramica da cidade"
"Positive", "o castelo encontra se bem conservado e permite a partir da sua torre de menagem uma vista panoramica da cidade embora nao se pague para visitar deveria haver um funcionario que controlasse o espaco dispoe de um cafe no seu interior e de wc embora nao exista sinaletica indicativa das instalacoes sanitarias"
"Positive", "visita ao castelo"
"Positive", "interessante conhecer e ver a vista das muralhas do castelo mas pode ser um passeio rapido em minutos e possivel ver tudo"
"Positive", "castelo muito belo"
"Positive", "top"
"Positive", "entrada livre"
"Positive", "torre de menagem acessivel"
"Positive", "vista espetacular de toda a cidade"
"Positive", "recomendavel para quem tem interesse por monumentos historicos"
"Positive", "vista deslumbrante subindo as degraus"
"Positive", "visitar o castelo em baixo e uma coisa mas subir os cerca de degraus e de facto uma proeza que vala bem a pena pela vista deslumbrante que nos proporciona os degraus sao faceis de subir e tem intervalos para descanso mais acima comeca a estreitar e temos que esperar pelos que descem ou caso contrario os que sobem nao podem subir e descer ao mesmo tempo em simultaneo a vista dos quadrantes e indescritivel ir a beja e nao subir a torre e como ir a roma e nao ver o papa"
"Positive", "um dos castelos mais lindos com certeza"
"Positive", "o castelo de beja tem uma arquitetura muito bonita se mantem como um dos mais bonitos da regiao seu jardim e sua estrutura interior e bastante conservada e o mirante e muito bonito"
"Positive", "vale a pena conhecer"
"Positive", "torre muito bonita"
"Positive", "a torre do castelo e lindissima"
"Positive", "poderia ter algum funcionario no local a controlar as subidas e descidas pois existem passagem apertadas"
"Positive", "a vista das planicies um pedaco de historia"
"Positive", "ao visitar beja vale a pena ir ao castelo sem limitacao no acesso permite ter uma vista agradavel na torre de menagem"
"Positive", "monumento a visitar em beja"
"Positive", "se for a beja nao deixe de visitar este monumento e de subir a torre de menagem do castelo se levar criancas pode ser um pouco cansativo mas proveitoso porque os miudos divertem se a subir e imaginar os guerreiros"
"Positive", "castelo de acesso facil muito bem cuidado e preservado pateo limpo e cheio de verde pode se subir a torre com entrada gratuita pessoal muito simpatico merece uma visita"
"Positive", "um pequeno castelo dentro da cidade"
"Positive", "bem preservado e perto do centro com melhorias recentemente implementadas vale a pena subir para ver a vista e sentir a atmosfera do passado"
"Positive", "passeio"
"Positive", "um sitio descontraido com uma vista muito boa da cidade de beja acredito que seja um local bom para tirar umas boas fotografias com amigos e familiares recomendo"
"Positive", "lindo castelo"
"Positive", "este castelo encontra se num bom estado de conservacao da sua torre de menagem bem conservada tem se uma vista sobre toda a cidade"
"Positive", "inesquecivel"
"Positive", "maravilhoso o por do sol visto do castelo e ainda mais esplendoroso pisar em locais historicos tao bem conservados causa muita emocao"
"Positive", "mal recuperado"
"Positive", "penso que o governo deveria de fazer melhor na recuperacao dos castelos como o de beja"
"Positive", "nem tudo e lisboa e porto"
"Positive", "este castelo com uma historia fantastica e do mais antigos bem como o que tem a torre da menagem mais altas do pais devia de ter uma programa de recuperacao mais adequado e nao serem usadas materias fora de epoca que destroem toda a fachada"
"Positive", "bonito porem pequeno"
"Positive", "um pequeno castelo no centro da cidade visitei apenas por fora estiva de passagem pela regiao e entrei na cidade para ver o castelo e gostei"
"Positive", "viagem no tempo"
"Positive", "passear por um castelo medieval e com viajar no tempo o passeio e gratuito andar pelas muralhas e subir ate o topo da muralha e desfrutar de uma vista de o e maravilhoso"
"Positive", "lindo"
"Positive", "castelo muito bonito e em otimo estado de conservacao tem uma vista espetacular da cidade e tanto por fora como por dentro e realmente deslumbrante"
"Positive", "portugal no seu melhor"
"Positive", "recomenda se vivamente a subir ao castelo e ver a vista deslumbrante sobre a cidade de beja"
"Positive", "as escadas ingremes o estreitas dificultam ou ate mesmo impossibilitam pessoas de mobilidade reduzida pouco ou nada se pode fazer para melhorar este ponto vale a pena mesmo visitar"
"Positive", "agradavel mas sem elevador"
"Positive", "subir ao cimo da torre de menagem proporciona uma vista unica sobre a planicie alentejana a torre deste tipo mais alta de europa e tanbem o ponto mais alto do alentejo as escadas sao muitas mas compensa o esforco"
"Positive", "otimo passeio"
"Positive", "um belo passeio a torre da menagem muito alta oferece uma vista linda compensando os quase duzentos degraus"
"Positive", "agradavel surpresa"
"Positive", "foi uma agradavel surpresa visitar este castelo apos as obras que teve"
"Positive", "aproveitei para visitar melhor e de facto e dos castelos mais bonitos com melhores vistas sobre a planicie alentejana"
"Positive", "apesar de estar fechado a noite aconselho a visitar o seu exterior pois o jogo de luzes as arvores torno o local fantastico"
"Positive", "atencao as carteiras e coisas de valor pois e um local com algumas pessoas com ar duvidoso"
"Positive", "castelo simples mas com vista espetacular"
"Positive", "o castelo e pequeno mas encontra se em bom estado conservacao e limpeza"
"Positive", "esta no centro historico de beja e num dos pontos mais altos da cidade"
"Positive", "no seu interior tem a casa que pertencia ao governador da cidade agora convertido parcialmente em bar cafe"
"Positive", "o que merece a sua visita e a torre com mais de degraus para subir com mais de m de altura"
"Positive", "tem varias paragens intermedias possiveis creio que sao sala onde se pode ler um pouco da historia de cada uma assim como descancar as pernas"
"Positive", "no topo esta uma vista deslumbrante sobre a cidade o"
"Positive", "e que a torre do castelo acaba por ser o mais alto edificio em toda a cidade de beja"
"Positive", "so por isso merece visitar"
"Positive", "local interessante e bem preservado"
"Positive", "falta um pouco de informacao mas a construcao esta bem preservada pela posicao privilegiada ali devia ser o local de vigia que identificaria qualquer movimento no sentido da cidade a entrada e gratis e o passeio leva uns minutos"
"Positive", "dica antes de ir se informe sobre os horarios por exemplo na hora do almoco o local fica fechado"
"Positive", "interessante"
"Positive", "vale pela esplendida vista da torre de menagem que compensa o esforco da subida poderia estar mais bem conservado e atrativo para locais e turistas"
"Negative", "vista boa mas mal aproveitado"
"Negative", "vista boa mas mal aproveitado"
"Positive", "nao tem material iterativo ou explicativo dentro do museu nao faz sentido"
"Positive", "apenas duas placas simples e com pouca informacao"
"Positive", "merecia outra gestao sobretudo nos dias de hoje em que os turistas estao mais exigentes mais cultos e procuram enriquecimento cultural"
"Positive", "a torre e a melhor atraccao"
"Positive", "bem conservado bem servido por um estacionamento ha um cafe em seu interior e uma vasta area para explorar a torre e a melhor parte"
"Positive", "torre espetacular"
"Positive", "no castelo de beja destaca se a torre com quase metros que proporciona uma vista fantastica sobre a cidade e a sua envolvencia a entrada e gratuita e existe estacionamento por perto vale a pena visitar"
"Positive", "vista panoramica"
"Positive", "a visita ao castelo consiste essencialmente na subida a torre de menagem a mais alta da peninsula iberica com os seus metros de altura"
"Positive", "a entrada e gratuita"
"Positive", "relaxante"
"Positive", "e uma visita com um sabor a viagem no tempo"
"Positive", "os miudos adoraram facil acesso ha estacionamento a volta tem uma vista fantastica e e possivel ter refeicoes parto"
"Positive", "aconselho a visitar"
"Positive", "ferias em beja"
"Positive", "local a visitar e para quem nao tiver vertigens e estiver bem preparado para subir os degraus da torre do menagem a vista compensa"
"Positive", "castelo lindissimo"
"Positive", "castelo muito bem conservado e que permite umas vistas soberbas subir a torre e olhar sob beja e espanha e fantastico a senhora que nos atendeu foi muito simpatica e prestavel e o preco sao uns simbolicos euros"
"Positive", "vista maravilhosa"
"Positive", "a torre de menagem e linda e tem uma vista deslumbrante lugar fantastico para visitar em qualquer tipo de situacao seja em familia ou com amigos"
"Positive", "o castelo de beja esta muito bem cuidado sendo possivel subir a torra e desfrutar das vistas fantasticas sobre a cidade de beja visita obrigatoria"
"Positive", "muito bonito e vem conservado"
"Positive", "adoramos a visita castelo muito bem conservado e muito bonito digno de se ver as pessoas que la trabalham sao muito acolhedoras e simpaticas"
"Positive", "fantastico"
"Positive", "bem recuperado em bom estado de conservacao imponencia e com uma vista fantastica sobre a planicie alentejana entrada gratis"
"Positive", "simplismente lindo"
"Positive", "amei toda a cidade povo receptivo clima agradavel e monumentos incriveis incluindo este muita historia e cultura a se desfrutar"
"Positive", "se voce esta em beja vale conhecer mas nada de especial apenas subir para ver a vista da cidade isso se nao tiver problemas com escadas"
"Positive", "intervencao e recuperacao do edificado do castelo com mais valia para os visitantes"
"Positive", "espaco envolvente cuidado facilidade no acesso e boa circulacao no espaco de muralha excelente local de visita"
"Positive", "castelo altaneio"
"Positive", "com uma vista deslumbrante o castelo de beja presenteia nos com uma vista sobre a vasta planicie alentejana magnifica"
"Positive", "lindo castelo de beja"
"Positive", "o alentejo e lindo quente e lindo"
"Positive", "torre de menagem sem duvida linda"
"Positive", "vale a pena visitar o alentejo"
"Positive", "um excelente local para visitar"
"Positive", "a torre do castelo tem vistas fantasticas sobre a cidade de beja e gratuito e tem parque de estacionamento perto do local"
"Positive", "a perder de vista"
"Positive", "impressionante torre de menagem"
"Positive", "conforme descrito permite ver a kms de distancia em todas as direcoes"
"Positive", "bem arranjado gratis e de facil acesso"
"Positive", "perceber os porques e conhecer z historia que que e e faz o nosso pais"
"Positive", "triste e ver a falta de respeito que certas pessoas tem pelo patrimonio nacional"
"Positive", "fazer inscricoes estupidas em estatuas com seculos de existencia"
"Positive", "a mais alta"
"Positive", "a mais alta torre de menagem do pais"
"Positive", "muitas escadas para subir para encontrar uma vista de cortar a respiracao"
"Positive", "castelo bem conservado sendo possivel caminhar nalgumas muralhas"
"Positive", "castelo beja"
"Positive", "vale a pena visitar o castelo de beja de facil acesso e gratuito permite subir as muralhas ate ao topo e contemplar a vista da vasta planicie"
"Positive", "viagem portugal"
"Positive", "vale a visita sim afinal pontos historicos e em lugares diferentes aos grandes centros e de grande transito de turistas sempre vale a pena para quem esta passeando de evora para regiao de lagos parar para esticar as pernas e conhecer afinal esta no caminho recomendo sim"
"Positive", "e um castelo pequeno mas tem a sua historia"
"Positive", "apesar de ser pequeno vale a pena visitar tem uma torre que se pode subir e ver a paisagem esta situado no centro e tem um parque para estacionar as viaturas"
"Positive", "parabens pela conservacao"
"Positive", "este espaco esta muito bem conservado a vista e fantastica e permite ver toda a cidade do topo da torre uma situacao muito interessante e ser de visita gratuita o que e cada vez mais raro"
"Positive", "super conservado"
"Positive", "eu fico muito contente quando vejo castelos bem conservados pelo mundo este estava muito mesmo conservado pode se entrar sem pagar nada"
"Positive", "uma torre para subir"
"Negative", "os restos do castelo de beja com uma torre reconstruida"
"Positive", "a subida ao cimo da torre vale o esforco sao degraus em espiral mas a vista la de cima e espetacular"
"Positive", "o miradouro de beja"
"Positive", "um belo monumento a visitar e possivel ver toda cidade de cima das torres lugar cuidado e limpo entrada gratis vale bem a visita"
"Positive", "fantastico"
"Positive", "gostamos muito do castelo mas gostariamos de destacar principalmente a amabilidade do senhor funcionario que nos recebeu no posto de turismo um bem haja e obrigado pela simpatia"
"Positive", "a bucolica beja e seu castelo"
"Positive", "beja e uma pequena cidade do alentejo muito graciosa pela sua simplicidade pelas casinhas brancas pelo vagar do seu cotidiano o castelo de beja e bem interessante a muralha e a torre foram revitalizadas do alto da torre podemos ver a cidade toda"
"Positive", "bonito castelo"
"Positive", "bonito castelo muito bem cuidado por fora nao foi possivel ver por dentro vale a pena passar por la pois e unico a visita a um castelo"
"Positive", "extraordinario"
"Positive", "chegamos ja quase na hora de fecho da torre do castelo na verdade esta ja deveria estar fechada mas como a senhora do posto de turismo estava com visitantes nao o fez mais cedo apos uma breve troca de informacoes a senhora disse para irmos a torre dado que ela ainda tinha de subir ao topo para fechar tudo"
"Positive", "subimos e a cada fase desta torre fantastica ficavamos cada vez mais maravilhados com a beleza de algo construido numa epoca em que nao havia maquinas como hoje"
"Positive", "quando chegamos ao topo a senhora juntou se a nos e apesar de ja estar mais do que na hora de saida perdeu tempo a explicar nos tudo o que questionamos sobre a cidade sobre o castelo tenho pena de nao me lembrar do nome da senhora mas a simpatia nunca sera esquecida"
"Positive", "e a vista deste local sobre a cidade de beja e sobre a planicie toda a volta e de cortar a respiracao"
"Positive", "vale a pena"
"Positive", "castelo muito bonito torre de menagem das maiores da peninsula iberica bem conservado vista lindissima sobre uma cidade parada no tempo"
"Positive", "castelo bonito vale a pena"
"Positive", "o castelo e muito bonito tem paisagens lindas muitas escadas para chegar ao cima da torre o unico sitio de beja que vale a pena ver"
"Positive", "cidade parada no tempo"
"Positive", "terca feira cidade velha e sem vida parada no tempo o castelo estava fechado a zona da mouraria achei pouco interessante demasiado simples palacetes degradados incluindo o da gnr enorme e uma parte das parede a cair o parque da cidade pouco cuidado e com algum lixo se nao fosse as laranjeiras carregadas de laranjas a dar a sua graca"
"Positive", "passeio"
"Positive", "gostei sitio muinto tranquilo para passar calmo sossegado com vistas muinto bonitas quando poder voltarei"
"Positive", "nada especial"
"Positive", "so gostei da vista para os arredores de beja apesar de haver um cafe no interior nao e nada de especial"
"Positive", "regresso ao passado"
"Positive", "simplista e sui generis mas tem muralhas e uma torre com muitos degraus"
"Positive", "visita em m mas com exercicios de pernas a preceito"
"Positive", "cheio de charme e rico em historia"
"Positive", "beja cidade medieval apos anos do dominio mouro al andaluz islamico foi retomada e reconstruida pelo rei de portugal torre de metros de altura com nova estrategia para ataque e defesa com tres niveis de torre e e em pontos diversos com criacao de muralhas com passadicos mais largos e com agulhas para ataque vertical"
"Positive", "a visitar em beja"
"Positive", "um bonito castelo no meio da cidade de beja com vista a paisagem alentejana nota se na torre principal uma reconstrucao recente com pedra atual que tendo em conta o lado positivo nao deixou que o castelo ficasse em ruinas mas por outro lado esta presente a atualidade o que descaracteriza um pouco mas e um monumento a nao perder por quem passa por ali"
"Positive", "mais um castelo altaneiro"
"Positive", "mais um pouco da nossa historia subir a torre do castelo so e aconselhavel a quem nao sofra de vertigens e que tenha ingerido uma bela refeicao"
"Positive", "tipico do alentejo"
"Positive", "um castelo que como quase todos no alentejo vale pela vista a vista e magnifica com planicies a perder de vista"
"Positive", "otimo passeio"
"Positive", "um passeio pela historia de portugal o castelo de beja e uma visita obrigatoria em beja"
"Positive", "a vista e simplesmente incrivel vale a pena percorrer cada corredor e cada escadaria do castelo"
"Positive", "mas va com um tenis confortavel a caminhada e longa"
"Positive", "torre altaneira"
"Positive", "a mais alta e bela torre de menagem de portugal avistada a quilometros quando nos aproximamos de beja vale a pena subir ao seu terraco e ver todo o alentejo"
"Positive", "um castelo impunente onde a sua torre menagem e referencia nacional"
"Positive", "uma visita a este local e certa de conter muitas historias para recordar no dia de amanha"
"Positive", "melhor local do alentejo para visitar com a maior e melhor torre de menagem de europa optimo para um passeio familiar ou em casal"
"Positive", "lindo castelo"
"Positive", "o pessoal nao fala muito de beja mas gostei muito da cidade em especial do castelo tem uma imponencia tremenda e uma vista muito ampla em dias limpidos de sua torre central vale muito a visita"
"Positive", "pequeno mas divertido"
"Positive", "e um bom sitio para uma pequena e rapida visita"
"Positive", "o castelo esta bem arranjado e da para chegar ao cimo da torre"
"Positive", "castelo e torre de menagem muito interessantes"
"Positive", "o castelo e a torre de menagem merecem sem duvida uma visita da torre de menagem bem imponente pode se apreciar uma vista bem agradavel sobre toda a cidade de beja e possivel chegar ate ao topo da torre"
"Positive", "e uma visita gratuita"
"Positive", "bonito castelo com vista imponente"
"Positive", "bonito castelo com vista imponente e gratuito o unico ponto contra sera o acesso impeditivo a pessoas com deficiencia mas sera dificil resolver"
"Positive", "linda vista la de cima e gratis"
"Positive", "entrada livre possibilidade de subir na torre e ter uma linda vista"
"Positive", "no centro de beja estacionamento a volta do castelo gratis"
"Positive", "torre de menagem imponente"
"Positive", "as vistas do castelo para as planicies alentejanas sao um encanto e cansativo mas vale a pena subir ao topo da torre de menagem"
"Positive", "recomendo"
"Positive", "belo monumento"
"Positive", "sabendo se da sua existencia porque sinalizacao nao existe vale muito a pena visitar muito bem conservado e rico em patrimonio historico uma torre de menagem a valer o esforco de subir a metros por escada vista vislumbraste"
"Positive", "uau"
"Positive", "vista deslumbrante espaco bem conservado com algumas explicacoes interessantes a subida a torre nao foi facil para as criancas mas adoraram a aventura"
"Positive", "castelo mais lindo do alentejo"
"Positive", "fui um diversos castelos e este e o mais bonito do alentejo prepare se lara subir os degraus da torre pois a vista e imperdivel"
"Positive", "uma ida ao castelo"
"Positive", "nao muito grande mas depois de admirar mais este monumento pode ver uma vista ampla e abrangente de beja cidade"
"Positive", "bela vista"
"Positive", "castelo muito bonito com uma vista magnifica sobre a cidade e a planicie alentejana"
"Positive", "ideal tambem para quem gosta da historia de portugal"
"Positive", "torre de menagem do castelo"
"Positive", "a torre foi restaurada e e possivel visita la ate ao ultimo nivel a vista e maravilhosa sobre a cidade de beja e os terrenos que a circundam"
"Positive", "belissimo castelo belissima vista"
"Positive", "belissimo castelo muito bem preservado vale a pena a subida a torre custa um bocadinho mas a vista sobre a cidade e magnifica"
"Positive", "consegui chegar ao topo do castelo que tem uma vista magnifica dobra a cidade"
"Positive", "recomendo a todos aqueles que se interessam por historia alem disso esta muito bem conservado e a chegada ao topo temos uma vista deslumbrante sobre a cidade de beja"
"Positive", "visita historica"
"Positive", "bonito o local com optima vista recomendo a tem gosta de historia ou de uma bela vista da para ver beja em toda a sua area"
"Positive", "fim de semana"
"Positive", "visita agradavel com excelente vista panoramica da cidade de beja e dos campos agricolas adjacentes espacos cuidados e limpos torre de menagem muito bem cuidada"
"Positive", "passagem por beja"
"Positive", "a visita a este castelo e imprecindivel tudo muito bem cuidado se tiver coragem suba a torre sao degraus mas vale a pena pela vista"
"Positive", "uma majestosa vista sob a planicie"
"Positive", "e a maior torre da peninsula iberica com uma vista majestosa sob a planicie"
"Positive", "tem uma manutencao excelente e um bom posto turistico no local"
"Positive", "renovado castelo"
"Positive", "o castelo de beja e ponto de paragem obrigatorio para quem visita esta cidade do interior alentejano"
"Positive", "com umas vistas graus no topo da torre sobre toda a cidade a verdade e que este espaco leva nos de novo para os idos tempos dos reis e das rainhas"
"Positive", "as suas infindaveis escadas conduzem nos a magia da historia de portugal e que culminam no ultimo piso que oferece um vislumbre quase magico a partir da sua torre principal"
"Positive", "a torre cimeira sobre a cidade"
"Positive", "o castelo de beja foi alvo de obras de conservacao o que o deixou muito apelativo e bem enquadrado na malha urbana da cidade a sua torre destaca se no centro historico da cidade a visita ao castelo e a sua torre e obrigatoria para se ter uma panoramica geral da cidade"
"Positive", "familiar"
"Positive", "um dos castelos mais encantadores muito bem conservado custa um pouco subir as escadas mas quando se atinge o topo e uma sensacao maravilhosa ver a vista panoramica da nossa cidade e a planicie alentejana quem visitar uma vez vai ficar encantado e volta de certeza com mais familia ou amigos"
"Positive", "atraccao principal ou prato principal"
"Positive", "e dos poucos castelos de portugal que ja visitei e nao paguei para entrar e mesmo assim esta impecavel e bem conservado parabens a quem toma conta do castelo"
"Positive", "ate perder de vista"
"Positive", "um espaco estimado e bem preservado tanto no exterior como no interior apos alguns degraus a vista do topo da torre e ate perder de vista aos sabados de manha podem contar com uma pequena feira as suas portas"
"Positive", "muito agradavel"
"Positive", "castelo muito bonito e limpo a torre e lindissima nao se paga para visitar tem loja no interior para levar uma lembranca"
"Positive", "visita ao domingo"
"Positive", "belo local para tirar fotos entrada gratuita nao e exatamente um castelo apenas as muralhas e uma torre nao deixe de subir ate o cume da torre para admirar a paisagem"
"Positive", "mais alta torre menagem da iberia"
"Positive", "excelente vista muitos degraus possibilidade de melhorar o espaco boas informacoes no posto turismo"
"Positive", "ex libris da cidade"
"Positive", "reza a lenda que que sobe a sua torre altaneira para apreciar a magnifica planicie alentejana se enamora na cidade e dela mais nao se esquecera"
"Positive", "beja encatadora"
"Positive", "o castelo de beja esta muito bem recuperado e permite que entremos numa outra epoca da cidade contando a historia do nosso pais"
"Positive", "alentejo"
"Positive", "fantastico espaco e excelentemente conservado subida torre de menagem e imperativo de visitar subir as escadas vale a pena"
"Positive", "beja"
"Positive", "castelo historico e no geral bem conservado nas escadarias o piso esta muito gasto e torna se especialmente perigoso para as criancas"
"Positive", "ademiravel"
"Positive", "nao tem nada de especial com a excecao de subir a torre de menagem vistas maravilhosas sobre a planicie alentejana vale a pena subir aqueles metros"
"Positive", "visita aconselhada"
"Positive", "vir a beja e nao ver o castelo e lamentavel e um castelo simples que pode ser visto em ou horas bastante fotogenico"
"Positive", "medieval e bem conservado"
"Positive", "na interessante cidade de beja no baixo alentejo esse castelo fortaleza apresenta se muito bem cuidado situado no centro da cidade chama a atencao pela imponente torre de menagem vale bem a visita"
"Positive", "torre de menagem muito interessante"
"Positive", "o castelo de beja vale a pena visitar pela sua torre de menagem a mais alta de portugal"
"Positive", "do topo da torre tem se uma vista espectacular conseguindo se ver todo o baixo alentejo"
"Positive", "simples porem muito legal"
"Positive", "situado no centro da cidade e possivel visita lo por completo"
"Positive", "entrada e franca e sem guias"
"Positive", "vale a pena subir a sua torre e ter uma vista muito boa de toda a cidade e regiao"
"Positive", "gostei"
"Positive", "adorei o castelo de beja e espero que o castelo mantenha se vivo eu recomendo pessoas a ir ao castelo tem uma vista fantastia"
"Positive", "vale a pena visitar"
"Positive", "prepare se para subir"
"Positive", "mas a subida compensa excelente vista sobre a cidade"
"Positive", "um dos ex libris da cidade"
"Positive", "local interessante"
"Positive", "o castelo e o sitio historico vale a pena conhecer porem a area historica de beja deixa muito a desejar para quem nao estiver com um guia pois nao existe nenhuma informacao que indique os locais mais interessantes tornando o passeio muito cansativo pois ficamos dando volta sem saber para onde ir"
"Positive", "historia medieval"
"Positive", "castelo muito bem arranjado com espaco de passeio e com a oportunidade de ter uma das melhores vistas sobre a cidade de beja"
"Positive", "mais um castelo"
"Positive", "com uma vista espectacular sobre beja as muralhas estao bem conservadas mas no exterior o cheiro a casa de banho publica prolifera"
"Positive", "bonito"
"Positive", "e interessante tem uma vista espectacular sobre a cidade de beja recomendo e um destino a nao perder"
"Positive", "excelente conservacao"
"Positive", "visitei beja com uns amigos e ficamos encantados com a conservacao do castelo e com a vista da torre de menagem gratuito"
"Positive", "pouco atractivo"
"Positive", "por fora parece atrativo mas infelizmente nao conseguimos visitar por dentro pois estava fechado e nao tinha nenhuma informacao sobre o funcionamento"
"Positive", "torre de menagem imponente"
"Positive", "a torre de menagem e unica com os seus cerca de metros e algo que nao tinha visto ate hoje os matacaes seteiras verticais no topo da torre que nos dao um calafrio de altura e do conceito de defesa muito bonito e bem recuperado"
"Positive", "vista soberba sobre a cidade"
"Positive", "castelo muito bem conservado com a torre de menagem mais alta da peninsula iberica"
"Positive", "para alem da existencia de um posto de turismo no interior em excelentes instalacoes o castelo esta muito bem conservado e da torre de menagem tem se uma vista de o sobre a cidade e regiao soberba"
"Positive", "do alto se avista toda a cidade"
"Positive", "bonita torre de menagem que permite no topo avistar toda a cidade bem conservada entrada gratuita"
"Positive", "em boas condicoes apenas a torre de menagem"
"Positive", "para quem esta em beja vale a visita mas nao espere muito o castelo para quem olha da rua parece imponente mas apesar de bem cuidado carece de maiores interesses a nao ser a torre de menagem que ainda guarda alguma historia"
"Positive", "mais um castelo muito bacana"
"Positive", "sou obrigado a dizer que beja nao foi a cidade que mais gostei no alentejo embora tenha ficado num hotel muito bacana convento de sao francisco e tenha boas opcoes de enoturismo"
"Positive", "o castelo de beja e bem bacana fica dentro da cidade e a noite e mais bonito ainda"
"Positive", "torre imponente"
"Positive", "o castelo esta muito bem conservado tem uma torre altissima e bastante imponente pareceu me faltar algum dinamismo para transportar o visitante para a epoca medieval sugeria um simples video com a historia relatada deste belo castelo"
"Positive", "um vista maravilhosa"
"Positive", "uma vista maravilhosa da cidade e da planicie inserido num centro historico igualmente bonito e com sitios tipicos alentejanos onde pode petiscar"
"Positive", "vista bonita"
"Positive", "bonito castelo com vista encantadora sobre a cidade no entanto poucos motivos de interesse no interior"
"Positive", "pequeno castelo"
"Positive", "um pequeno castelo que esta muito bem cuidado muitas escadas para chegar ao cimo da torre mas vale a pena a vista da torre e muito bonita e conseguimos ter uma bela panoramica da cidade"
"Positive", "banal"
"Positive", "esta bem conservado no entanto os motivos de interesse sao bastante reduzidos ate mesmo pelas dimensoes do espaco bastante pequeno da para observar grande parte da cidade mas nada mais pouco interessante"
"Positive", "encantador"
"Positive", "o castelo de beja e o ex libris da cidade o castelo e de uma imponencia invulgar e tem a torre de menagem com uma lindissima vista"
"Positive", "escadas e escadas e escadas mas valeu a pena"
"Positive", "como estavamos de visita passamos pelo castelo de beja"
"Positive", "achamos que de uma forma geral tinha um aspecto cuidado e limpo"
"Positive", "a torre era alta mas valeu a pena a subida"
"Positive", "vale a pena a visita bem recuperado e umas vistas optimas"
"Positive", "o castelo esta muito bem recuperado e tem umas vistas muito boas da cidade o posto de turismo tem um bom mapa da area beja e arredores q toda a inf importante"
"Positive", "excelente torre"
"Positive", "um castelo que me surpreendeu uma torre bem cuidada limpa e com vista sobre a cidade bastante segura para visitar com criancas"
"Positive", "uma vista bonita la do alto"
"Positive", "uma vista bonita la do alto em que podemos ver toda a cidade de beja o espaco podia ser mais bem aproveitado"
"Positive", "vista panoramica da cidade e arredores"
"Positive", "o castelo de beja e otimo para reviver a historia de portugal oferece uma vista fantastica sobre a cidade e suas planicies"
"Positive", "local incrivel"
"Positive", "melhor monumento para visitar na cidade de beja"
"Positive", "conseguimos ter uma perspectiva da cidade e arredores"
"Positive", "beleza na cidade"
"Positive", "o castelo de beja e uma beleza na cidade de beja que merece ser visitada"
"Positive", "o seu ambiente e envolvencia com restaurantes tipicos da cidade faz com que se passe uma bela tarde na zona historica da cidade"
"Positive", "impressionante"
"Positive", "a vista do cimo da torre e espectacular recomendo a visita pois e um local unico com muita historia"
"Positive", "muito bonito com uma vista maravilhosa"
"Positive", "vale bem a pena visitar nao e muito grande porem e muito interessante subir todos os degraus para no fim contemplar uma vista muito bonita da cidade de beja"
"Positive", "bonito castelo"
"Positive", "castelo muito bonito podemos visitar todos os espacos incluindo subir ao cimo do castelo restaurado recentemente"
"Positive", "castelo"
"Positive", "este e mais um bonito castelo de portugal parte da torre teve que ser restaurada ha pouco tempo vale a pena a visita"
"Positive", "castelo impressionante e muito bem preservado"
"Positive", "fui a beja de passagem nao estava com grandes expectativas sabendo que e uma cidade relativamente pequena mas fiquei muito impressionado com o castelo que estava em excelentes condicoes para alem de um tamanho imponente principalmente a torre principal recomendo"
"Positive", "a mais bonita torre de portugal"
"Positive", "para mim e a mais bonita torre de menagem que portugal tem"
"Positive", "ja e possivel subir a torre e apreciar a beleza da paisagem"
"Positive", "visita obrigatoria"
"Positive", "espaco renovado e cuidado com uma torre de menagem unica na peninsula iberica oferece uma vista magnifica sobre o baixo alentejo ir a beja e nao subir ao cimo da torre e perder a oportunidade de ver uma das mais belas vistas do baixo alentejo"
"Positive", "castelo de beja"
"Positive", "muito giro apesar das muitas escadas vale a pena visitar este castelo no cimo da torre de menagem tem uma vista excecional o exlibris da cidade de beja"
"Positive", "monumento obrigatorio"
"Positive", "vistas lindas principalmente que subirmos a enorme escadaria da torre mais alta do castelo aconselho a levaram folego mas a paz que se sente no topo e demais"
"Positive", "o melhor castelo da rota de alentejo"
"Positive", "foi o unico que pude visitar a torre uma subida de tirar o folego compensado pela belissima vista no topo maravilhoso e imperdivel"
"Positive", "fim de semana em beja nao podiamos deixar de visitar o castelo a torre e bem bonita subimos tudo ate la acima e ficamos a apreciar a vista depois seguimos para as muralhas contornando as mesmas fomos depois pelo lado de fora sempre junto ao castelo tudo muito bonito e arranjado gostamos muito vale a pena"
"Positive", "caatelo e torre de menagem de beja"
"Positive", "parabens as gentes de beja e provavelmente um dos castelos mais bem cuidados e preservados do pais a torre de menagem e lindissima"
"Positive", "historia de portugal"
"Positive", "este e belo castelo cujo a torre foi objecto de obras de restauracao e e possivel visita la e subir a sua parte superior onde temos uma bonita vista da cidade e tudo gratuitamente"
"Positive", "depois de remodelado ficou melhor"
"Positive", "ampla visita sobre a cidade e planicie alentejana naquela que e a mais alta torre de menagem da peninsula iberica"
"Positive", "bonita vista"
"Positive", "passamos por beja vindo de evora para faro na intencao de uma paradinha para um cafe"
"Positive", "cidade pequenininha com esse castelo que pode ser visitado sem ingresso"
"Positive", "fecha as h para almoco bonita vista da cidade um lugar para uma paradinha de minutos para conhecer este lugar e seguir viagem"
"Positive", "vale a pena visitar"
"Positive", "foi todo recuperado bom trabalho excelentes vistas da torre de menagem vale a pena subir e contornar as muralhas"
"Positive", "sitio muito bonito vale a pena a torre e a envolvencia valem muito a pena a cidade tambem e um sitio muito bom para visitar"
"Positive", "excelente estado de conservacao"
"Positive", "visitei durante uma escapadinha de fim de semana em familia o castelo encontra se em excelente estado de conservacao recomendo vivamente a subida a torre de menagem onde poderao desfrutar de uma vista incrivel sobre as redondezas visitamos tambem uma exposicao que estava a decorrer na casa do governador fica no interior do castelo"
"Positive", "magnifica paisagem sobre o alentejo"
"Positive", "local a ter em conta numa visita a beja magnifica vista na torre principal sobre as extensas paisagens de beja local historico com varias paragens onde se pode ler a historia do mesmo afixada nos locais de visita posto de turismo dentro das muralhas e sempre aberto"
"Positive", "legal"
"Positive", "interessante da para se ter uma ideia de como com aquela torre se enxergava o horizonte nos quatro cantos subindo os degraus consegue se uma bela vista"
"Positive", "bonito para visitar e ver as vistas interminaveis dos campos alentejano uma vez que a torre tem metros"
"Positive", "bonito castelo com um otimo panorama"
"Positive", "uma rapida paragem em beja rumo a outros destinos tempo apenas para visitar este magnifico castelo medieval com a sua explendida torre de menagem em estilo gotico do cimo da qual se contemplam alguns pormenores desta cidade coracao do baixo alentejo bom estado de conservacao a nao perder por qem passa por estas paragens"
"Positive", "muito bem conservado tudo renovado gratis"
"Positive", "estivemos em beja de passagem e almocamos no restaurante em frente ao castelo esta muito bem conservado e organizado e facil de visitar e podemos passear pelas muralhas entrada gratis"
"Positive", "recentemente renovado a torre de menagem e uma visita obrigatoria de estamos de passagem em beja tem a melhor vista da cidade"
"Positive", "espaco impar"
"Positive", "espaco seguro limpo e com muito para descobrir adoramos a torre de menagem vale sempre a pena visitar este espaco"
"Positive", "castelo bem conservado"
"Positive", "estava uma tarde de calor e custou muito subir os degraus ate ao cimo da torre de menagem mas valeu a pena pela vista soberba o castelo esta em muito bom estado de conservacao e muito limpo parabens aos responsaveis"
"Positive", "a visitar"
"Positive", "gostei do castelo uma construcao com mais de anos razoavelmente conservada e que nos perpectiva a dureza da vida na epoca"
"Positive", "castelo com um espaco interessante"
"Positive", "com uma vista magnifica do alto da torre sobre a cidade e um espaco muito bem preservado e que vale a pena visitar"
"Positive", "castelo de beja"
"Positive", "vista magnifica quando se sobe a torre metros tanto da cidade como da paisagem com uma vasta planicie"
"Positive", "o simbolo da cidade de beja"
"Positive", "o castelo de beja e sem duvida o simbolo desta cidade alentejana ocupando um lugar central o interior e suas muralhas do castelo encontram se em otimo estado de conservacao com cerca de metros de altura e feita em marmore a torre de menagem e um perfeito exemplo arquitetonico daquilo que foi a defesa militar portuguesa no passado no seu topo acessivel apenas por escadas a vista oferecida sobre a cidade e muito bonita"
"Positive", "no interior do castelo funciona tambem o posto de turismo de beja o atendimento e fantastico e as informacoes muitos prestaveis"
"Positive", "de referir que a entrada e gratuita"
"Positive", "castelo bem conservado"
"Positive", "hotel conservado com boa manutencao"
"Positive", "vale a pena subir a torre ate ao topo e ver a vista de kilometros e kilometros"
"Positive", "normal"
"Positive", "quem gosta e costuma visitar castelos e sitios assim com muita historia nao vai ficar impressionado ainda assim um sitio a visitar"
"Positive", "grande torre de menagem"
"Positive", "podem visitar se gratuitamente o castelo e as muralhas a torre de menagem e verdadeiramente alta e chega se ao topo cansado mas vale a pena pela ampla vista da cidade e planicies de quilometros o posto de turismo e no interior pelo que e de visita obrigatoria"
"Positive", "historia com bom ar"
"Positive", "o castelo esta bem cuidado e por estar situado no meio da cidade tem um encanto especial vale a pena subir a torre e contemplar a paisagem cheia de planicies"
"Positive", "deslumbrante"
"Positive", "e um monumento de uma beleza e imponencia impressionante rodeado de um muito cuidado jardim"
"Positive", "visita indispensavel para quem conhecer beja"
"Positive", "cheio de pessoas extramamente simpaticas"
"Positive", "monumento principal"
"Positive", "monumento lindissimo impar em portugal sendo um autentico castelo ao contrario de muitos monumentos que se auto intitulam de castelos e sao simples muralhas destruidas ruinas"
"Positive", "do alto da torre de menagem de metros e possivel ver toda a cidade e as planicies alentejanas ao longo de quilometros"
"Positive", "maravilha"
"Positive", "a torre de menagem reaberta recentemente permite admirar a imensa paisagem alentejana circundante castelo no geral muito bem conservado e limpo tem um posto de turismo com na altura um funcionario muito comunicativo e com excelentes informacoes tem um cafe que na altura da visita estava fechado vale bem uma visita que ainda por cima e gratis"
"Positive", "visita obrigatoria em beja"
"Positive", "o castelo nao e grande mas e bem conservado e tem a torre de castelo mais impressionante na qual ja subi a vista dos campos alentejanos e linda e a visita e gratis"
"Positive", "sinto me sempre bem nos reencontros com a historia"
"Positive", "sempre gostei de visitar castelos enriquecer a minha cultura alagar as vistas em sentido figurado uma vez que os castelos em portugal tem sempre maravilhosas vista paisagisticas"
"Positive", "vale a pena visitar"
"Positive", "o castelo esta em bom estado de conservacao e a visita e gratis"
"Positive", "a torre de menagem e a mais alta do pais e a vista la de cima e de tirar a respiracao"
"Positive", "aconselho a visita"
"Positive", "boa visita"
"Positive", "visita em que agora se pode visitar todo o castelo com acesso a torre do mesmo recentemente reconstruido e seguro boa vista da cidade visita gratis tem parque de estacionamento proprio gratis tambem"
"Positive", "vista deslumbrante da torre"
"Positive", "a subida a torre e uma aventura sao degraus mas uma vez la no cimo a vista e de tirar o respiracao algo a visitar sem duvida"
"Positive", "esplendido durante a noite"
"Positive", "bem conservado o castelo de beja situa se no ponto mais alto da cidade e apresenta a mais alta torre de menagem do pais"
"Positive", "subindo la vais"
"Positive", "a torre de menagem do castelo de beja que e a mais alta da peninsula iberica foi recentemente restaurada o que nos permite novamente subir e la do alto ver as belas planicies alentejanas"
"Positive", "local magico"
"Positive", "toda a parte que ainda existe do castelo foi totalmente restaurada dentro dele esta o posto de turismo de beja assim como um cafe nem sempre aberto o posto possui uma simpatica atendente e produtos a venda o castelo rende belas fotos"
"Positive", "imponente"
"Positive", "castelo medieval"
"Positive", "o castelo de beja surpreende pela sua torre de menagem muito alta a mais alta da peninsula iberica a razao de ser dessa torre tao alta e que servia para ver o inimigo a muitos quilometros de distancia ja que a volta temos a planicie dizem tambem que com sinais de fumo conseguiam comunicar com o castelo de palmela esta muito bem conservado assi como boa parte da muralha que cercava a cidade"
"Positive", "maravilhoso"
"Positive", "uma atraccao espectacular vista ao longe de grande parte do alentejo"
"Positive", "possui uma vista impar sobre uma grande extensao da planicie alentejana"
"Positive", "visita obrigatoria"
"Positive", "bom atendimento"
"Positive", "fomos bem recebidos no castelo o gabinete de turismo deu bons conselhos acerca do que deveriamos fazer"
"Positive", "infelizmente o castelo estava em obras e nao foi possivel visitar"
"Positive", "torre de menagem mais alta da europa"
"Positive", "a torre de menagem e imponente castelo recuperado vale a pena visitar visita gratis peca folhetos sobre o castelo para se informar da sua historia"
"Positive", "emblematico"
"Positive", "estivemos no castelo que estava encerrado para visitas por a torre de menagem estar"
"Positive", "em reparacoes segundo nos foi informado parte caiu cerca de ano ou ano e meio"
"Positive", "esperamos fazer nova visita logo nque as obras estejam concluidas"
"Positive", "cartao de visita da cidade"
"Positive", "o castelo e pequeno mas muito bonito pela singularidade da sua torre de menagem obras a decorrer em fase terminal para restauro com uma loja de recordacoes de beja e uma esplanada"
"Positive", "emblema da cidade"
"Positive", "e imponente a sua construcao e em cada entrada da cidade avista se ao longe uma vez que esta construido na parte mais alta e considerado o mais alto de portugal cerca de m de altitude dentro dele encontra se instalado o museu das armas e o posto de turismo tambem poderas saborear um perfumado cafe recostado numa confortavel cadeira de uma aconchegante esplanada"
"Positive", "magnifico"
"Positive", "gostei muito de visitar o castelo de beja"
"Positive", "espaco imponente e muito bem conservado"
"Positive", "no interior existe um posto de atendimento turistico onde os colaboradores sao muito simpaticos e prestaveis"
"Positive", "recomendo a visita"
"Positive", "nao vele a pena com a torre fechada"
"Positive", "como e um castelo pequeno de momento quase nem vale a pena visitar pois a torre encontra se em obras a quase um ano se se despacharem com o restauro ate ao verao entao ai sim ira valer a pena pois ja vai dar para subir a torre"
"Positive", "estive em beja em dezembro de infelizmente o castelo estava em reforma podemos ver apenas as muralhas ja que a torre estava coberta com andaimes"
"Positive", "muito bonito pena nesta altura estar em obras espero que fique mais atraente para os visitantes de qualquer maneira bonita vista sobre a cidade"
"Positive", "alentejo nosso"
"Positive", "um dos nossos marcos historicos mais bonitos sem duvida um ponto essencial na rota do alentejo aconselho"
"Positive", "bonito mais acho nao bem administrado"
"Positive", "e um espaco historico que merece uma melhor gestao das suas posibilidades oferecer ao publico algo mais do que as simples e desertas instalacoes era uma mais valia para tentar ganhar em uma verdadeira experiencia historica com umas vistas muito agradaveis"
"Positive", "obras"
"Positive", "tenho fotos e recordacoes do castelo quando vim com os meus pais as obras atuais impossibilitam visitar torre e muralhas"
"Positive", "o castelo e muito bonito mas o melhor mesmo sao as vistas sobre a cidade de beja espectacular e gratuito"
"Positive", "bonito e historico"
"Positive", "a cidade de beja e bem pequena e simples com um ar rustico e historico o que se tem a fazer la e comer da comida alentejana beber bons vinhos produzidos na regiao e visitar o castelo que fica bem proximo ao centro da cidade bem imponente e bem preservdo conta com um gramado nas suas laterais com oliveiras plantadas bom para tirar fotos e aproveitar o local por pouco tempo atracao esta que vc conhece tudo em poucas horas e ainda roda na cidade a pe"
"Positive", "imperdivel mas frustrante"
"Positive", "apesar de tratar se da mais alta torre de menagem da peninsula iberica esta em reforma e nao se tem acesso aos pisos superiores somente ao patio o local e simpatico mas esta meio abandonado ha la dentro um posto de informacoes turisticas e um bar de qualidade sofrivel dos arredores desfruta se uma boa vista que certamente sera melhor ainda do alto da inacessivel torre"
"Positive", "esperava mais"
"Positive", "um lugar bonito porem as reformas que estao sendo feitas prejudicou bastante a visita acho que ele podia ser mais tematico"
"Positive", "infelizmente em obras"
"Positive", "leva um razoavel por nao estar em obras e nao poder visitar limitamo nos a entrar para umas muralhas mas em nenhum momento e possivel subir e apreciar a vista a torre de menagem e linda mesmo com as obras desejosa por visitar novamente"
"Positive", "foi agradavel mesmo nao podendo ver o interior o exterior esta bem conservado e com bastante zona verde"
"Positive", "bonito castelo em obras na altura da visita so podemos ver mesmo a parte exterior nota se muito interesse em cuidar deste ponto bem turistico"
"Positive", "este e o ponto turistico mais importante de beja"
"Positive", "tem uma bonita envolvente e um cafe bar onde pode descontrair um pouco sem duvida a visitar"
"Positive", "panorama de beja"
"Positive", "melhor local de beja para se desfrutar de toda a planicie alentejana pontos de interesse historico"
"Positive", "esta em beja entao toca a visitar o castelo"
"Positive", "esta em processo de conservacao mas um ponto forte a visitar"
"Positive", "pena estar em obras"
"Positive", "ja visitei num fim de tarde nublado foi super romantico e medieval desta vez foi da parte da manha tinha otima visibilidade mas estava em obras"
"Positive", "nada de excepcional existe castelos mais bonitos"
"Positive", "uma parte do castelo estava em reforma mas mesmo assim nao poderiam deixar a obra mais limpa e so tivemos acesso a uma pequena parte do castelo ja conheci castelo mais bonitos"
"Positive", "momento de azar"
"Positive", "esta em beneficiacao e so podemos visitar o exterior contudo deu para ver a mais alta torre de castelos da peninsula iberica"
"Positive", "belas vistas"
"Positive", "local muito agradavel para passear e para conhecer a cidade vistas para toda a cidade a torre de menagem e a mais alta do alentejo no interior do terreiro existe um cafe bar muito simpatico onde apetece ficar"
"Positive", "tudo pela defesa da cidade"
"Positive", "pouca coisa restou deste castelo mesmo assim e um belo local para ser visitado fato curioso e a grande quantidade de ninhos de cegonhas ja com os filhotes que avistamos nos postes de alta tensao localizados ao lado das estradas e tambem nos telhados das casas"
"Positive", "em julho nao percebo como o castelo esta fechado para obras de restauro"
"Positive", "parece um local agradavel para ver do topo da torre"
"Positive", "tem um cafe que estava fechado no interior e a casa fechada tambem"
"Positive", "monumento historico"
"Positive", "o castelo de beja e um monumento emblematico da cidade que possui muita historia e cultura no entanto as obras que estao em realizacao impediram um conhecimento mais aprofundado do monumento a visita praticamente se restringe ao posto de informacoes turisticas instalado no local cujos atendentes sao muito simpaticos e se esforcam para prestar informacoes sobre a riqueza historica da cidade"
"Positive", "castelo em remodelacoes"
"Positive", "apesar das obras no local e das ruas envolventes muitas delas cortadas pelas festas da altura achei o bonito local certamente vou voltar para passear com mais calma"
"Positive", "bonita arquitetura"
"Positive", "monumento emblematico da cidade mas com algumas obras de manutencao a melhorar a visitar se passar por beja"
"Positive", "castelo em obras"
"Positive", "visita reduzida valeu a simpatia das pessoas do posto de turismo que mais nao podiam fazer a visitar depois das obras para possivel revisao de avaliacao"
"Positive", "programas culturais"
"Positive", "o castelo de beja e sem duvida um ponto de eleicao para quem visita a cidade a precisar de alguma manutencao"
"Positive", "numa combinacao de estilos romanico gotico manuelino e maneirista o monumento apresenta planta no formato pentagonal sem talude a muralha coroada por merloes prismaticos possui adarve envolvente estando flanqueada originalmente por quarenta torres entre as quais a de menagem rasgada por sete portas e dois postigos e circundada por barbacas"
"Positive", "a robusta torre de menagem em estilo gotico e considerada como um dos mais belos exemplos da arquitectura militar da idade media em portugal elevando se a quarenta metros de altura a mais alta do pais e constituida por tres pavimentos a torre apresenta balcoes angulares sobre matacaes unidos por varandins defendidos por ameias piramidais e rasgada por portas ogivais e janelas geminadas em arco de ferradura as salas em seu interior ricamente decoradas apresentam tetos em abobada em cruzaria de ogivas"
"Positive", "a porta principal do castelo abre se em arco ogival e acessa a praca de armas das primitivas portas restam ainda duas de origem romanica a porta de evora contigua ao castelo e o arco da porta de avis a porta de moura e defendida por dois torreoes"
"Positive", "historia pura"
"Positive", "gosto de castelos e muita historia beja e rodeada de possibilidades como esta este castelo e simplesmente lindo e extremamente vazio"
"Positive", "adoramos"
"Positive", "a maior torre de menagem do pais"
"Positive", "belissimo vale a pena subir a torre de menagem e ver a maravilhosa vista das paisagens alentejanas"
"Positive", "monumento obrigatorio a ver em beja"
"Positive", "com pormenores arquitectonicos e com uma vista magnifica sobre a planicie nao surpreende e nao desilude"
"Positive", "nao fui la dentro"
"Positive", "estava em obras"
"Positive", "e um pequeno castelo situado no centro historico de beja so vi a parte externa circundado por uma area de jardim bonita"
"Positive", "magico"
"Positive", "vista da cidade linda estava em obra por isso aproveitamos pouco cidade charmosa facil de se locomover de carro fomos tambem aos castelos de serpa e mercole que ja passaram pela teforma e estao lindos"
"Positive", "castelo em restauro"
"Positive", "no dia de novembro p p parte do balcao da torre de menagem ruiu foi imediatamente acionado o plano de recuperacao e ja se encontram em execucao os trabalhos de restauro"
"Positive", "torre de menagem"
"Positive", "bonito castelo com espectacular torre de menagem"
"Positive", "nao houve oportunidade de visitar a torre pois houve derrocada de parte de uma varanda da mesma imprecionante como se deixa que situacoes dessas acontecam em monumentos classificados como monumentos nacionais"
"Positive", "belo espaco"
"Positive", "o castelo e suas muralhas aparentam ser realmente bonitos"
"Positive", "o problema e que ha uma semana atras houve uma derrocada na zona da torre e nao pudemos visitar nem a torre nem as muralhas por motivos de seguranca foi o unico senao mesmo"
"Positive", "castelo de beja no alentejo"
"Positive", "gostamos da torre de menagem que tem cerca de metros de altura que convergem o carater belico e artistico de forma singular e de planta quadrangular composto de salas sendo a segunda a mais bonita"
"Positive", "espaco agradavel"
"Positive", "quando visitamos o castelo estava tambem a decorrer o mercado semanal as ruas estavam cheias de vida o que tornou a visita bastante agradavel o castelo tem uma vista muito bonita sobre a cidade ainda que a industria esteja a estragar um pouco a pintura nao foi possivel subir a torre existe tambem um cafe e um posto de turismo"
"Positive", "muito bom"
"Positive", "este castelo foi construido por dom dinis sobre fundacoes romanas va ate a torre de metros e curta a paisagem entrada gratis"
"Positive", "bem conservado"
"Positive", "castelo muito bem conservado com uma torre que permite uma vista extraordinaria de cada um dos seus pisos no topo o acesso ao exterior estava vedado mas ainda assim valeu a subida"
"Positive", "mais um castelo entre muitos em portugal"
"Positive", "castelo facil de visitar com pormenores muito engracados no interior por todas as paredes estao cravados simbolos antigos muito pormenorizadamente infelizmente o topo do castelo estava encerrado para obras quando la estive"
"Positive", "entrada gratuita"
"Positive", "breve e agradavel visita"
"Positive", "bonito e bem conservado mas pouco dinamizado"
"Positive", "infelizmente nao foi possivel fechado alegadamente para obras a visita a torre"
"Positive", "merece uma curta visita"
"Positive", "passeio divertido"
"Positive", "muito bem conservado e onde podemos ter uma ideia de como era a vida na epoca medieval"
"Positive", "recomendo uma visita"
"Positive", "pequeno"
"Positive", "espaco a precisar de dinamizacao pois tem um aspecto de abandono geral de qualquer forma merece visita"
"Positive", "espaco grandioso em bom estado de conservacao a torre gotica e esplendida mas infelizmente a data da visita nem a varanda que circunda a torre nem o terraco estavam acessiveis devido segundo informacoes do turismo devido a obras de iluminacao"
"Positive", "um castelo fechado"
"Positive", "apesar de limpo e com acesso ao barzinho e ao posto de turismo a torre tem o acesso ao ponto mais alto fechado nao permitindo usufruir a paisagem espectacular da planicie do baixo alentejo"
"Positive", "esperemos que a situacao seja brevemente resolvida"
"Positive", "portugal e seus castelos surpresa pelas estrada uma placa sem saber o que encontrariamos nos deparamos com um maravilhoso castelo linda vista"
"Positive", "torre impressionante"
"Positive", "o castelo de beja e mais conhecido pela sua torre de maangem a mais alta de todos os castelos num dia bom quase se pode ver ate aos montes mais distantes"
"Positive", "fantastico mas pouco explorado"
"Positive", "simplesmente lindo a construcao e impressionante como todas daquela epoca e a vista la de cima e linda poderia ser melhor explorado pois nao ha nada nem ninguem para explicar a historia dele o ingresso e livre e aberto a todos uma pena pois a gente entra e sai sem saber nada e fica a impressao de que e aprnas mais um castelo isso e ruim para a cidade pois beja e uma das cidades mais antigas e historicas de portugal"
"Positive", "castelo fantastico"
"Positive", "o castelo e fabuloso quando caminhamos pela cidade deparamos constantemente com incriveis promenores pena a quantidade de edificios degradados pois merecem a sua conservacao dado o seu interesse"
"Positive", "lamento sobretudo a falta de informacao no castelo e uma lastima felizmente levava alguma informacao que imprimi antes"
"Positive", "magnifico"
"Positive", "simplesmente lindo muito bem conservado e com uma vista fantastica para a cidade vale a pena a visita"
"Positive", "todo o alentejo no horizonte"
"Positive", "na torre de menagem do castelo de beja em dias solarengos e sem nuvens dizem ser possivel ver o mar aquando da minha visita infelizmente o tempo estava cinzento e inclusive quando subi ao alto da torre metros estava a comecar a chuviscar contudo deu para ter uma nocao do quao bela e a paisagem ao redor"
"Positive", "razoavel"
"Positive", "era domingo de manha a cidade estava coberta por um espesso nevoeiro e nao havia ninguem nas ruas nem no castelo a esplanada no seu interior estava fechada"
"Positive", "cafeteiria o castelo"
"Positive", "espaco muito agradavel tanto durante o dia como a noite"
"Positive", "com eventos quase todos os fins de semana bar dentro e fora espaco para dancar boa musica"
"Positive", "sem duvida um espaco deveras agradavel para jantar ir beber um copo passar bons momentos"
"Positive", "por que nao ate o topo"
"Positive", "infelizmente a subida ao topo da torre nao esta liberada mas o visual do castelo e o entorno sao muito agradaveis da pra fazer fotos lindissimas por ali"
"Positive", "torre mais alta do pais"
"Positive", "em tempos era possivel ir ate ao terraco da torre a vista e magnifica agora so deixam subir ate a ao ultimo anel e uma pena"
"Positive", "para quem gosta de fotografia e possivel fazer trabalhos magnificos a partir dos jardins ou mesmo da torre sobre a extensa planicie alentejana"
"Positive", "situado no centro da cidade fica perto de outros monumentos como os museus a igreja da misericordia se etc"
"Positive", "e realmente uma pena a esplanada e cafe nao funcionar durante o dia e ainda nao ser possivel subir ate ao topo da torre"
"Positive", "uma excelente vista da planicie alentejana"
"Positive", "monumento gratuito a vista do topo do castelo e fantastica dentro das muralhas existe ainda o posto de turismo onde pode obter um mapa de beja com os principais pontos de interesse assim como merchandising de beja a visitar"
"Positive", "as visitas ainda sao de entrada gratis para visitar sera melhor deixar o carro num estacionamento e visitar a pe a parte historica da cidade"
"Positive", "simples porem charmoso"
"Positive", "poderia ser melhor aproveitado nao e explorado e nao ha muitas explicacoes sobre o local porem vale uma visita"
"Positive", "um monumento a visitar"
"Positive", "visitamos beja em maio e estava muito calor tipicamente alentejano"
"Positive", "como estava perto do almoco fomos ao posto de turismo que se localiza dentro das muralhas do castelo para saber onde melhor se comia e o que poderiamos visitar durante a tarde"
"Positive", "fomos muito bem recebidos e deram nos todas as informacoes de que necessitavamos"
"Positive", "depois do almoco visitamos o castelo e a sua enorme torre onde fazia muito fresquinho parecia que tinha o ar condicionado ligado mas eram apenas as suas espessas paredes de pedras dos pisos superiores pode se ver beja e tudo que a rodeia que e muito bonito"
"Positive", "tem casas de banho limpas e e totalmente gratuito"
"Positive", "monumento bem organizado"
"Positive", "tudo muito limpo e preparados para os visitantes"
"Positive", "com estacionamento publico mesmo ao lado"
"Positive", "encantador e muito bem conservado"
"Positive", "muito bem conservado e facilmente acessivel vale a pena percorrer todas as muralhas e subir a torre de menagem gotica lindissima a maior torre de menagem de portugal"
"Positive", "interessante mas sub aproveitado"
"Positive", "como muitos monumentos em portugal este e muito giro mas nao conseguimos saber nada sobre o mesmo durante a visita falta indicacoes marketing uma esplanada etc visita ao gosto do proprio pelo menos e gratis"
"Positive", "vale pela vista"
"Positive", "o castelo e simples e pequeno sem nada de especial dentro das muralhas mas vale bem a pena chegar ao cimo da torre de menagem e contemplar a vista fui em pelno verao e os campos pareciam ouro adorei"
"Positive", "fiquei surpreendida pela positiva vale a pena visitar da para dar a volta pelas muralhas e apreciar a bela vista da planicie alentejana e ainda visitar uma das torres do castelo"
"Positive", "calstle velha nice"
"Positive", "este e um castelo antigo bom definitivamente vale a pena visitar se voce acabar de beja as paredes tem bela vista do bairro"
"Positive", "torre esta aberta apenas durante o horario de funcionamento estavamos no lugar apenas quando foi fechado por isso nao subir mas as paredes eram acessiveis e a vista era bom de paredes tambem"
"Positive", "historico ground"
"Positive", "gostei da vista o cafe bar no interior foi abandonado na hora do almoco e parecia na necessidade de maior animacao ha uma pequena area de exposicoes no interior tambem mas foi fecha para almoco"
"Positive", "apenas um grande espaco aberto"
"Positive", "um pequeno castelo que nada tem a ver outras de suas paredes o gabinete de informacao nao tem alguem que fala ingles e as escadas estao fechadas nao vale a pena uma visita"
"Positive", "vistas magnificas"
"Positive", "castelo de beja vale uma visita para seu bem area de preservacao a paisagem e historia envolvente"
"Positive", "no interior ha um escritorio oficial de turismo bem como um cafe restaurante"
"Positive", "subir a escada em espiral de a manter e mime se na paisagem rural circundante"
"Positive", "vale o esforco de cada passo que subir e eles sao muitos"
"Positive", "bom lugar para visitar"
"Positive", "foi uma area agradavel nos subimos ate ao redor do castelo gostei muito do cenario e as criancas teve uma explosao explorar o lugar que fez os adultos"
"Positive", "simbolo da cidade"
"Positive", "construido no c por dom dinis sobre romana e arabe continua a manter e o mais alto em portugal e no momento da construcao foi o mais alto na peninsula iberica as excelentes vistas do manter ao longo das planicies do alentejo as ruinas das muralhas do castelo pode ser visto em diversos pontos da cidade velha"
"Positive", "castelo excelente mas a torre foi fechado"
"Positive", "o castelo de beja e um excelente exemplo de moura romano de design e um excelente lugar para visitar voce nao pode perder e visivel de praticamente qualquer parte da cidade se em beja voce deve visitar vale a pena a caminhada ate a colina"
"Positive", "excelente guia"
"Positive", "visitei com um grupo de amigos e guia foi divertido e informativo em ingles e uma subida ingreme vistas magnificas melhor coisa em beja"
"Positive", "pedreiros fizeram sua marca"
"Positive", "eu sou um fa de castelo entao eu ter classificado esta nao deixa levar os pedreiros que construiu o castelo fizeram as suas marcas nas paredes ao lado da porta da torre voce pode ver a partir do topo da torre onde a cidade velha foi cercada por um muro as vistas sao v boa vale a pena visitar se estiver na cidade"
"Positive", "um pequeno castelo muito fotogenico"
"Positive", "o castelo e muito pequena mas quando voce esta na cidade definitivamente vale a pena uma visita voce esta livre para passear em volta das paredes onde voce tem vista panoramica para o resto da cidade"
"Positive", "valeu a pena visitar"
"Positive", "um castelo do seculo th imperdivel melhor para trazer um pouco de comida no seu proprio entao voce pode ter um piquenique"
"Positive", "ha muito tempo nao havia um castelo"
"Positive", "nao ha muito a ver guardar a vista do tower ou a pe na parte superior dos paredoes na quadra nao houve e um ponto turistico e informacoes sobre um bar"
"Positive", "beja"
"Positive", "passamos o dia em beja em de junho de muito caloroso e muito agradavel a universidade local foi tendo sua graduacao e o evento adicionado cor para uma cidade ja muito pitoresca"
"Positive", "elevando se"
"Positive", "soberbas vistas sobre a area circundante bem mantido local do escritorio de informacoes turisticas sao faceis de alcancar a pe de praticamente qualquer onde na cidade fechado as segundas feiras"
"Positive", "definitivamente um se voce na regiao"
"Positive", "o castelo maio ser principalmente vazio mas pitoresca e uma torre que voce pode escalar ha tambem um numero de quartos e janelas para guardar admissao taxas e o local turismo esta dentro paredes muito impressionado com o publico banheiro instalacoes em comparacao com aqui no canada"
