Sentiment, Review
"Positive", "nao passa indiferente"
"Positive", "fica ao lado da camara municipal e a sua arquitetura intrigou me pela beleza imponencia e enquadramento gostei muito do exterior mas nao a visitei dentro"
"Positive", "artenato"
"Positive", "foi uma igreja mas infelizmente destruiram mais da metade o que sobrou o altar esta instalado uma loja que vende produtos locais por sinal bons"
"Positive", "monumento de referencia"
"Positive", "exterior imponente em pedra trabalhada vale essencialmente pelo exterior o interior e pequeno e sem grande apontamentos historicos"
"Positive", "bonito no exterior"
"Positive", "monumento com vista interessante por fora uma vez que esta antiga igreja ja foi desactivada para pratica religiosa"
"Positive", "no seu interior remedolado serve como"
"Positive", "loja de artesanato"
"Positive", "esperava mais"
"Positive", "por fora parece ser mais depois por dentro e pequeno e acaba por ser um sitio de venda de artesanato local para quem procura artesanato e o sitio ideal"
"Positive", "muito bonita"
"Positive", "apesar de ser muito bonito o espaco esta descaracterizado pois foi transformado numa loja que vende lembrancas da regiao"
"Positive", "era para ser um acougue"
"Positive", "este lindo monumento era destinado a acougue imaginem os porticos embora nao terminem em ferradura ainda transmitem copias de arte muculmana mais pelas colunas interiores hoje ha uma pequena exposicao e venda de artesanto no seu interior recomendaria a aquisicao de bilhas decorativas para agua o um preco muito convidativo e imans de diversas formas algumas em cortica muito originais e bom preco"
"Positive", "descaracterizada"
"Positive", "teria sido uma igreja hoje nao passa de um espaco em que de igreja pouco ou nada tem"
"Positive", "apenas serve de venda de produtos tipo loja"
"Positive", "aparenta ser mais interessante por fora do que por dentro"
"Positive", "a visitar"
"Positive", "em bom estado de conservacao situada a metros do castelo e em pleno centro historico a ter em atencao que os parques de estacionameno em redor sao pagos"
"Positive", "uma igreja invulgar"
"Positive", "fundada no sec xvi noutro local foi transferida para um edificio renascentista construido na actual praca da republica e destinado a acougue a igreja foi sendo aumentada e e um exemplar da transicao entre o renascimento e o maneirismo de influencia italiana no principio do sec xx e profanada e serviu para as mais incriveis funcoes em meados do se xx e retirado o seu espolio e restituida a sua traca inicial dela resta a bela loggia e pouco mais"
