Sentiment, Review
"Positive", "talha dourada magnifica"
"Positive", "por fora ninguem preve o que vai encontrar por dentro nao tem muitas obras de arte mas as que tem sao de elevado interesse artistico e historico"
"Positive", "merece uma visita"
"Positive", "muito cuidada e com um altar riquissimo alem dos vitrais e do orgao muito bem cuidada e com excelente som"
"Positive", "bonita igreja perto do castelo"
"Positive", "nao longe do castelo esta igreja tem um belo interior com muitos azulejos azuis intercalados com paredes esculpidas muitas estatuas de santos voce tambem pode ver as tres salas do tesouro"
