Sentiment, Review
"Negative", "muito fraco"
"Positive", "tem tudo para ser um local de excelencia contudo encontra se muito degradado apesar de estarem a ser feitas supostas obras no local da maneira como estao rapidamente se estragarao os mosaicos nao estao protegidos nem identificados tiraram o caminho por causa das ditas obras sendo muito facil alguem os pisar sem dar conta que o esta a fazer chao bastante acidentado tendo presenciado a queda de uma pessoa"
"Positive", "sao pagos euros a entrada no qual nao nos dao um bilhete bem como um comprovativo de pagamento para efeitos de faturacao"
"Positive", "as letras dos mapas estao sumidas o que nao permite uma leitura do que estamos a ver"
"Positive", "garantidamente e um local que precisa de uma rapida acao de remodelacao tem tudo para ser espetacular"
"Positive", "fechado"
"Positive", "estivemos la hoje e apesar de termos confirmado se estaria aberto chegamos la e o portao estava fechado"
"Positive", "boa visita"
"Positive", "visita muito interessante o local merecia uma melhor sinalizacao e melhores acessos ficamos a saber que passara por um restauro em breve e voltaremos apos a mesma"
"Positive", "tesouro esquecido"
"Positive", "estas ruinas romanas precisavam de uma grande intervencao urgente estao ao abandono e a sua preservacao e documentacao sao inexistentes tem tudo para uma boa atraccao turistica mais patrimonio esquecido excelente para fotografar"
"Positive", "um regresso ao passado longinquo"
"Positive", "a d conceicao senhora que informalmente da explicacoes sobre as ruinas e de uma disponibilidade total e conhecedora da historia destas ruinas aguarda se que a universidade de evora proprietaria da herdade onde se encontram as ruinas contiunue o processo de recuperacao"
"Positive", "a visitar"
"Positive", "umas termas romanas com um hipocausto em excelentes condicoes"
"Positive", "alguns mosaicos limpos dao a ideia da cor original"
"Positive", "a d conceicao que nos recebe e guia com gosto e uma excelente anfitria"
"Positive", "e importante conhecer o nosso patrimonio para o podermos valorizar"
"Positive", "nao e muito facil descobrir o caminho mas vale a pena"
"Positive", "uma perola a precisar de ser preservada"
"Positive", "estas ruinas de uma casa romana precisavam de uma grande intervencao de musealizacao estao a ceu aberto sem proteccao alguma das intemperies deveriam ser construidos passadicos por cima das mesmas a exemplo do que foi feito em conimbriga o acesso as ruinas e facultado pelos bons servicos de uma senhora que mora perto do local e que desse trabalho a unica retribuicao que tem e o obrigado dos visitantes assim vai o patrimonio deste pais"
"Positive", "merecia outro tipo de tratamento"
"Positive", "lamentavel que as entidades e instituicoes deste pais nao tenham sido capazes de passados anos das escavacoes proporcionar condicoes dignas ao local nao so para a sua preservacao basta visitar a casa del mitreo em merida para se ver a diferenca abissal mas tambem para dar condicoes a quem pretende visitar o local"
"Positive", "faltam acessibilidades faltam funcionarios falta quase tudo"
"Positive", "apesar do horario de funcionamento a entrada no espaco esta dependente da presenca da sra que vive nas imediacoes do local e que zela pelo espaco mesmo nao sendo funcionaria da universidade de evora proprietaria da herdade"
"Positive", "pisoes merecia mais quica se estivesse mais perto de lisboa ou do porto e o tratamento seria outro fica a provocacao"
"Positive", "visita em ferias"
"Positive", "acesso em terra batida mas vale apenas para amantes de historia e patrimonio um pouco ao abandono o espaco em geral mas o mosaico esta top vale a viagem"
"Positive", "muito bem conservado"
"Positive", "pessimo acesso se seguirem pelo indicado nas placas acesso de alcatrao embora estreito se forem por santa vitoria"
"Positive", "chegados la nem se da pelo sitio senao estiverem com atencao"
"Positive", "no entanto vale muito a pena"
"Positive", "ruinas bem conservadas e generosamente protegidas pela natureza"
"Positive", "tem um centro interpretativo que conta com a disponibilidade da senhora que mora na casa ao lado para abrir o local e dar as explicacoes e servir de guia"
"Positive", "muito simpatica e disponivel estrelas"
"Positive", "viagem portugal"
"Positive", "muitas avaliacoes indicam como ruim ou pessimo e acho que nao levam em consideracao o fato de tratar se de um sitio arqueologico o que portanto e aconselhavel para quem curte e aprecia essa parte historica de um roteiro turistico mas bao va acreditando que ira encontrar ruinas preservadas em areas como as que se ve em outros locais italia e etc tals nao aqui estao algumas bastante antigas mas preservadas em suas caracteristicas e condicoes originais e entendi que isso e o belo a sra conceicao zeladora do sitio gentilmente nos atendeu e nos apresentou o lugar com uma belissima aula de historia de novo eu digo que vale a pena se voce esta saindo de evora em direcao a regiao de lagos e mais ainda se ja parou no castelo de beja pois e muito proximo a estradinha nao e nada de mais e da pra ir xom seguranca e sem susto mesmo com carro baixo e simples"
"Positive", "informem se no gabinete do turismo antes de ir para nao apanharem um banho de po"
"Positive", "importante"
"Positive", "nao consegui visitar pelo que fui informada este importante nucleo esta aos caidos e absolutamente escandaloso que o estado nao cuide do seu patrimonio o pouco que vi foi mesmo no museu"
"Positive", "ao abandono"
"Positive", "praticamente ao abandono sem condicoes para a visita e urgente que se criem condicoes para que nao se perca este importante patimonio"
"Positive", "e um local historico"
"Positive", "as ruinas de pizoes sao duma arqueologia soberba para as visitar tem que se ir com tempo pois tem muito que ver"
"Positive", "fechado sem sinalizacao como deve de ser"
"Positive", "pessimo uma vergonha anda se kms e e chega se ao local encontra se fechado"
"Positive", "gostaria que houvesse sinalizacao e informacao adequada"
"Positive", "muito bom bem conservado"
"Positive", "patrimonio muito bem conservado extenso e representativo da construcao para a nobreza romana alem disso o entorno e magnifico sobretudo na primavera ou outono"
"Positive", "ruinas romanas"
"Positive", "para quem aprecia historia e arqueologia as ruinas de pisoes merecem sem duvida uma visita"
"Positive", "nao sao espectaculares talvez pelo aspecto abandonado das mesmas e da falta de informacao mas assim mesmo merece a pena"
"Positive", "sos"
"Positive", "ruinas fabulosas pela estrutura que tem mas praticamente abandonadas por quem de direito deveria levar a cultura do pais a serio"
"Positive", "para todos os gostam de historia estas ruinas sao um fantastico vestigio arqueologico da passagem dos romanos pela peninsula iberica nos tempos aureos do seu grandioso imperio a nao perder"
"Positive", "memorias"
"Positive", "bem perto da cidade de beja e da aldeia de penedo gordo estas ruinas ainda mostram bem a importancia que os romanos tiveram na nossa civilizacao da para observar a decoracao dos pavimentos com os mosaicos usados naquela epoca as termas e as piscinas dao nos um entendimento como era a vida besta vila"
"Positive", "desilusao"
"Positive", "foi com total desilusao e tristeza que depois de uma serue de quilometros por terra batida em muito mau estado que nos deparamos com o portao fechado em horario que segundo o posto de turismo de beja estaria aberto com aspeto do exterior de total abandono e pouco investimento no espaco avaliacao negativa a gerencia"
"Positive", "visita pela historia"
"Positive", "as ruinas de pisoes sao das melhores ruinas romanas para visitar na regiao bem preservadas e no meio do campo ha mosaicos termas e varias divisoes bem preservadas"
"Positive", "conhecer portugal"
"Positive", "ruinas bonitas que se enquadrao no trajeto feito em beja e aredores interresante de preferencia ver antes quando sao os horarios"
"Positive", "um monumento romano ao total abandono"
"Positive", "tive o prazer de conhecer a habitante da casa de pisoes a d conceicao acontece que o espaco esta fechado ha mais de anos e ao pedir mos uma visita esta foi nos concedida e foi das melhores visitas que alguem poderia ter neste magnifico espaco"
"Positive", "e um espaco que necessita de restaurado e dinamizado e voltar de imediato a ser reaberto ao publico"
"Positive", "poderia ser excelente"
"Positive", "excelente a dimensao da villa romana a qualidade e quantidade de registos o sitio envolvente e acesso facil"
"Positive", "muito lamentavel vergonhoso ate o modo como se trata o patrimonio incalculavel o retorno que aquele enorme espaco daria com uma projeccao turistica adequada"
"Positive", "nao tem absolutamente apoio nenhum ao visitante na verdade estavam ate invisitaveis a nossa visita dependeu da guardia que habita no proprio patrimonio"
"Positive", "que pena"
"Positive", "interessante"
"Positive", "estas ruinas romanas encontradas por acaso em se localizam a km da cidade de beja e o acesso e apenas de carro dica nao abre de segunda feira"
"Positive", "agosto da tarde fechado"
"Positive", "fiz uma serie de km por estradas nao pavimentadas para ver as ditas ruinas por fim la cheguei e claro em agosto da tarde e fechadas sem qualquer tipo de explicacao adicional apenas estao temporariamente fechadas"
"Positive", "as ruinas romanas um lugar cheio de historia"
"Positive", "as ruinas romanas sao um lugar cheio de historia de portugal as ruinas romanas sao muito divertidas e historicas"
"Positive", "encerradas sem qualquer aviso"
"Positive", "nao faco ideia se estao bem ou mal conservadas e se sao ou nao interessantes porque estao encerradas"
"Positive", "o aspeto do espaco junto ao portao de entrada e lastimavel"
"Positive", "local abandonado sem que haja qualquer aviso de que se encontra encerrado"
"Positive", "apesar das placas indicativas na estrada n entre santa vitoria e beja"
"Positive", "historia em estado puro"
"Positive", "monumento abandonado"
"Positive", "nao tem informacoes nenhumas para visitantes e as condicoes de preservacao sao lastimaveis"
"Positive", "perda de tempo"
"Positive", "o lugar esta fechado e subsequentemente descobrimos que voce so pode entrar se um dos fazendeiros locais vir voce la se for de beja nao siga os sinais de transito a menos que tenha um veiculo off road genuino"
"Positive", "grande villa romana"
"Positive", "as ruinas parcialmente escavadas de uma villa romana apenas a km a sudoeste de beja sao bem vale uma visita o villa teve mais de quartos a estufa hypocaust e mosaicos sao bem preservado verifique no gabinete de informacao turistica para verificar o horario"
"Positive", "atualmente fechado"
"Positive", "de fotos e material impresso espalhadas sobre outros sites em beja ficamos a ideia de que esse site pode de facto ser um optimo lugar para se visitar neste momento eles estao fechados"
"Positive", "um excelente lugar na zona rural uma caminhada agradavel"
"Positive", "ruinas rochas e em um lugar bonito nao demasiado tempo e facil de encontrar"
