Sentiment, Review
"Positive", "simples mas bonito"
"Positive", "vale a pena passear por entre a ruas do bairro da mouraria e observar pequenos pormenores nas construcoes"
"Positive", "casario"
"Positive", "bonito mas sem grandes focos de interesse"
"Positive", "casario historico tradicional e algumas poucas ruas estreitas"
"Positive", "nao justifica deslocacao propositada"
"Positive", "visitando o passado"
"Positive", "local muito interessante para visitar onde nos remete ao passado com as suas casas tipicas e as suas ruelas pequenas e estreitas"
"Positive", "se nao tiver orientacao pode passar despercebido"
"Positive", "acho que so vale a pena para quem estuda historia e ou arquitetura sao poucas casas e e melhor visitar com orientacao local"
"Positive", "historico"
"Positive", "ruas estreitas com casas brancas tipico da zona mas sem nada de especial ou que mereca muito tempo"
"Positive", "bairro da mouraria em beja"
"Positive", "onde existiu ocupacao moura existe tambem uma mouraria em beja podemos visitar o bairro da mouraria muito bem conservado e requalificado recentemente as ruas foram arranjadas ha poucos anos as ruas sao muito estritas por isso recomendo fazer o passeio a pe em algumas delas circulam automoveis mas e preciso ter um carro pequeno para nao o riscar nas paredes"
"Positive", "as casas invariavelmente sao brancas com uma faixa cinzenta ou amarela tipico do alentejo"
"Positive", "o bairro da mouraria termina no arco das portas de moura uma porta da muralha medieval que cercava a cidade"
"Positive", "em algumas casas podemos ver porticos com pedras de cantaria classificadas de interesse historico"
"Positive", "no inicio do bairro da mouraria temos o largo do salvador e o largo de abril dois largos um a seguir ao outro no largo do salvador podemos visitar a igreja do salvador que remonta ao sec xiii esta igreja pertence ao convento franciscano"
