Sentiment, Review
"Positive", "pessimo"
"Positive", "tudo pessimo principalmente a zurrapa a que chamam vinho quando comecarem a produzir vinho com uvas voltarei"
"Positive", "agradavel"
"Positive", "estar alojado no clube de campo e nao aproveirar a visita a esta adega e quase um pecado"
"Positive", "adega moderna e sostificada"
"Positive", "uma visita obrigatoria"
"Positive", "excelente adega enquadramento paisagistico perfeito e pessoas muito agradaveis portugal no seu melhor"
"Positive", "uma visita obrigatoria para quem passa em santa vitoria alem do hotel clube de campo pertencente ao grupo vila gale"
"Positive", "uma visita a nao perder quem passa em santa vitoria porque se tem contacto e conhece se com os varios vinhos e produtos regionais que sao produzidos pela casa santa vitoria alem de podermos prova los e compra los ao preco de produtor aconselho vivamente procurem e vivam uma estadia inesquecivel no vila gale clube de campo"
"Positive", "educativo relaxante e simpatico"
"Positive", "simpatico e educativo sao perto de minutos muito bem passados com explicacoes sobre vinho que qualquer um pode entender apos a visita as cisternas laboratorios e caves temos uma pequena degustacao do vinho ai produzido"
"Positive", "excelente"
"Positive", "espero que continuem com esta simpatia e requinte fomos muito bem recebidos e informados acerca do que a casa santa vitoria engloba no seu geral"
"Positive", "caves sta vitoria"
"Positive", "durante a nossa estadia no vila gale clube de campo decidimos visitar as caves de vinho de santa vitoria a guia liliana foi muito simpatica e competente fazendo uma visita a casa de santa vitoria entre o laboratorio audiovisual e caves com toda a informacao sobre as herdades os vinhos azeites etc valeu a pena e aconselho"
"Positive", "excelente"
"Positive", "herdade fantastica e puro alentejo local de beleza unica relaxante e rejuvenescedor profissionalismo e bem receber"
"Positive", "tranquilidade e qualidade"
"Positive", "excelente acolhimento nas caves santa vitoria durante uma curta estadia no clube de campo visita muito bem conduzida e de grande interesse"
"Positive", "muito bom"
"Positive", "loja acolhedora atendimento personalizado e sempre com simpatia"
"Positive", "vinhos muito bons com optima qualidade"
"Positive", "herdade gigante ideal para desfrutar da natureza na sua plenitude"
"Positive", "simpatia de todo o pessoal e gratificante"
"Positive", "visita obrigatoria"
"Positive", "visita bem organizada e estruturada adequada a todo o publico questoes colocadas e prontamente esclarecidas"
"Positive", "possibilidade de aquisicao de produtos a precos muito convidativos"
"Positive", "local a visitar brevemente"
"Positive", "escapada"
"Positive", "bom sitio para fazer ferias com criancas muito calmo e com boas infraestruturas para passar uns bons dias"
"Positive", "brilhante adega"
"Positive", "visitei a casa de santa vitoria e fiquei muito satisfeito quer pela explicacao que me foi dada durante toda a visita o empenho da equipa em funcoes no momento do asseio de todas as instalacoes por onde passei e da prova de vinhos"
"Positive", "almoco"
"Positive", "levei um amigo para o restaurante em santa vitoria para almocar pedimos o ensopado de borrego foi terrivel era como se eles tivessem fervido o cordeiro na agua e decidiram servi lo"
"Positive", "entao aqui esta esperando que eles mudem seu menu"
"Positive", "almoco de negocios"
"Positive", "nao recomendado"
"Positive", "nao e recomendado eu fiz um esforco grande para torna lo para o ultimo tour eu estava a poucos minutos de atraso devido as obras rodoviarias etc quando eu cheguei eu nao estava bem vindo em tudo a equipe bastante inutil"
