Sentiment, Review
"Positive", "arte moderna"
"Positive", "museu com impacto na cidade nao so pelas pecas que tem em exposicao e pelas varias pecas em exposicao temporarias mas pelo contraste do moderno com o antigo"
"Positive", "surreal"
"Positive", "um espaco a visitar um espaco onde o surreal se apodera de nos e nos leva num passeio magico vgolto la sempre que posso"
"Positive", "pecas muito interessantes"
"Positive", "espaco pequeno mas muito bem organizado"
"Positive", "pecas muito interessantes"
"Positive", "atendimento simpatico"
"Positive", "a visitar"
"Positive", "pequeno mas grande em valor"
"Positive", "espaco no centro da cidade de pequena dimensao mas de grande valor artistico e cultural pelas obras expostas do escultor jorge vieira"
"Negative", "jorge vieira"
"Positive", "um museu pequeno mas cheio de historia"
"Positive", "para quem quiser conhecer mais um pouco de jorge vieira e o porque de um museu seu na cidade de beja e o local ideal"
"Positive", "espaco de referencia"
"Positive", "de entrada gratuita o museu jorge vieira apresenta algumas pecas do proprio jorge vieira um dos maiores nomes da escultura portuguesa em duas pequenas salas no segundo andar da casa das artes"
"Positive", "a visitar"
"Positive", "o ambiente e agradavel"
"Positive", "talvez nao seja protraio numa visita breve a beja"
"Positive", "depende das exposicoes que se efectuam"
"Positive", "surpreendente"
"Positive", "aqui pode se apreciar a obra do artista plastico fabuloso que foi jorge vieira para alem desta colecao costuma haver exposicoes temporarias de outros artistas o que dinamiza a parte cultural da cidade tem entrada gratuita"
"Positive", "importante papel de dinamizacao cultural na cidade"
"Positive", "excelente"
"Positive", "este charmoso museu e bem pequeno mas interessante dedicado a obra do famoso escultor portugues jorge vieira a entrada e gratis"
"Positive", "para apreciadores de arte"
"Positive", "para quem gosta de arte nao deve perder situa se na zona velha da cidade entre o museu e a praca da republica possui obras lindissimas e o proprio edificio e uma obra de arte por dentro"
"Positive", "antigamente funcionava tambem como bar disco e estava sempre cheio foi uma pena ter acabado"
"Positive", "uma pequena joia escondida nas ruas secundarias"
"Positive", "isso foi um pouco confuso para encontrar mas ficamos contentes que perseveramos"
"Positive", "as boas vindas a chegada foram genuinamente entusiasmadas como se agradecidas pelo nosso interesse a senhora encantadora na area de recepcao nos deu mapas e folhetos para ajudar nossa visita entao nos falou o museu jorge vieira estava livre"
"Positive", "la em cima fomos para duas pequenas salas que abrigavam toda a colecao e que colecao talvez vinte pecas cada uma valendo inspecao nos amamos e dependendo do gosto voce pode nao mas verifique se um grande artista que abrange o final do seculo ate o inicio da rua"
