Sentiment, Review
"Positive", "igreja"
"Positive", "bonita igreja um altar muito bonito tem muita historia nessa igreja vale uma visita sem sombra de duvidas"
"Positive", "antiguidade e simplicidade"
"Positive", "uma igreja antiga simples mas repleta de historia e valor arqueologico pena estar fechada a maioria das vezes"
"Positive", "interessante"
"Positive", "um museu simples mas muito bem cuidado e muito interessante pois tem varias pecas diferentes um bom aproveitamento da igreja"
"Positive", "para visitar"
"Positive", "museu que gracas aos exemplares que detem deve ser visitado um espolio importante a preservar para admirar em dias de ferias em que o tempo abunda"
"Positive", "a melhorar"
"Positive", "igreja com alguma historia da regiao mas muito diferente das fotos possiveis de ver na internet realidade nao esta de acordo"
"Positive", "seculos de historia"
"Positive", "os escritos e vestigios antigos de visigoticos e romanos a importancia de outras eras no momento atual"
"Positive", "bater com o nariz na porta"
"Positive", "dois dias seguidos para o visitar e embora a informacao na net dissesse que estava aberto no horario em que la fui estava sempre fechado sem qualquer informacao"
"Positive", "excelente"
"Positive", "museu muito bem conseguido funcionaria estrelas atenciosa com os visitantes vale a pena conhecer toda a cultura depositada no seu interior"
"Positive", "pouca informacao"
"Positive", "a entrada custa dois euros e da acesso ao museu d leonor o espaco encontra se um pouco por baixo e as explicacoes sao algo parcas na minha opiniao"
"Positive", "de interesse sobretudo para quem se interessa por este periodo historico e percebe algo do assunto caso contrario nao passam de pedras"
"Positive", "alentejo"
"Positive", "atendimento pouco simpatico"
"Positive", "pouco interessante"
"Positive", "com muito pouco para mostrar e atendimento pouco simpatico a visitar se nao tiver mais nada para fazer"
"Positive", "coleccao visigotica"
"Positive", "desconhecia que em beja existia o maior espolio de pecas desta arte a visita e um momento para aprender sobre a historia da cidade e do pais"
"Positive", "junto ao castelo"
"Positive", "funciona em parceria com o museu regional com bilhete unico muito interessante e bem documentado vale a visita"
"Positive", "espaco bem documentado e de elevado interesse"
"Positive", "espaco bem documentado e de elevado interesse este nucleo museologico visigotico complementando todo o historial tambem documentado no museu regional de beja rainha d leonor"
"Positive", "maquina do tempo"
"Positive", "este nucleo museologico e impar pela colecao unica que tem de vestigios visigoticos na zona sul de portugal"
"Positive", "obrigatorio conhecer"
"Positive", "bem pertinho do castelo este museu possui pecas e recolhas unicas encontradas e catalogadas por antropologos que atestam a existencia de outras culturas e a importancia na vida de gentes que aqui habitaram"
"Positive", "magnifico"
"Positive", "gostei muito de visitar o museu visigotico em beja"
"Positive", "a area ocupada pelo museu podera nao ser muito grande mas a variedade de artefactos historicos e arqueologicos que podemos admirar e valiosissima"
"Positive", "recomendo vivamente a visita a este belissimo espaco"
"Positive", "muita pedra"
"Positive", "pedras e mais pedras nao deixa de ser interessante destaco o tumulo de um cavaleiro de el rei d dinis"
"Positive", "pequeno"
"Positive", "museu pequeno situado em uma antiga igreja o horario divulgado de abertura nao e cumprido muito fielmente de modo que tivemos alguma dificuldade em achar porque da primeira vez que passamos no local estava fechado e nao ha placas o ingresso vale tambem para o museu regional d leonor a foto que ilustra o cabecalho e deste ultimo e nao do museu visigotico"
"Positive", "um espaco pequeno com pouca variedade"
"Positive", "e sabida a falta de vestigios visigoticos no nosso territorio por esse motivo explica se que o museu tenha tao poucas pecas mas de facto as que encerra sao muito boas talvez unicas em portugal"
"Positive", "se nao se tiver uma base minima de conhecimentos de historia vai se sem qualquer proveito dado nada integrar o conteudo do museu num todo da historia que conduziu ai aparecimento de portugal"
"Positive", "ruinas antiguissimas"
"Positive", "criancas nao pagam e o valor e simbolico mesmo bilhete para o museu regional"
"Positive", "nao necessita de muito tempo e fica ao lado do castelo"
"Positive", "nao falha em beja"
"Positive", "a nao perder mesmo"
"Positive", "igreja museu"
"Positive", "bom local para visitar gratuito um museu dentro de um museu ja que se localiza numa igreja a arte visigotica e pouco exposta e isso aqui e conseguido"
"Positive", "maior espolio visigotico nacional"
"Positive", "entrem e apreciem o estilo visigotico muitas das vezes reaproveitado sobre o estilo romano tenham em mente que este edificio foi construido por volta do seculo iii dc e preservado ao longo dos tempos por la passaram romanos visigodos e reis e rainhas portuguesas entre outros"
"Positive", "imperdivel"
"Positive", "este museu fica logo atras do castelo e funciona na antiga igreja datada do seculo e portanto muito antiga dica a entrada permite acesso ao museu regional da cidade"
"Positive", "descoberto por acaso"
"Positive", "museu pequeno mas repleto de fragmentos que lhe conferem dimensao historica a capela prima pela simplicidade e austeridade do espaco tornando se muito acolhedora"
"Positive", "apesar de pequeno"
"Positive", "um bom nicho para redescobrirmos as marcas visigoticas na nossa cultura portuguesa"
"Positive", "apesar do espaco pequeno houve uma boa tentativa de incluir e integrar as pecas expostas na maioria pedacos de pedra decoradas no seu contexto"
"Positive", "a visitar"
"Positive", "a nao perder"
"Positive", "museu da cidade tambem chamado de museu rainha dona leonor personagem que se pode ver na estatua do patio da entrada exterior com historia de antigo convento que acolhia a soror mariana alcoforado autora das cartas de amor escritas a um combatente frances da guerra da restauracao que ali combateu essas cartas viraram um famoso livro classico de literatura universal"
"Positive", "fechado e aparentemente inacessivel a partir de marco de"
"Positive", "decepcionado em encerrar a marcha no final de marco de sem horario de funcionamento ou qualquer outra informacao fora do predio ou qualquer outra indicacao de que estava fechado a partir do ingresso conjunto do museu regional"
"Positive", "vale a pena visitar"
"Positive", "este lugar merece uma visita se tiver tempo de sobra em beja ha alguns artefatos interessantes aqui mas e pequeno mas a cidade e pequena"
"Positive", "nao e mais uma igreja mas como um museu e simples e arrumado"
"Positive", "os remanescentes arquitetonicos mostram influencias classicas pagas e cristas primitivas tambem sherie e a informacao sobre os visigodos e um mapa interessante de suas migracoes"
"Positive", "um pequeno museu mas interessante"
"Positive", "este museu tem muito espaco para um pequeno numero de itens no entanto as explicacoes sao melhores aqui do que no museu regional e por isso e mais interessante e muito perto do castelo e vale a pena cair dentro seu bilhete deste museu serve como entrada no museu regional tambem"
"Positive", "um dos mais antigos edificios permanentes em portugal"
"Positive", "c reino visigodo inicio igreja com esculturas e colunas em excelente estado de conservacao um de apenas esquerda pre romanico em portugal felizmente fomos ficando em beja o suficiente para aguardar a reabertura da igreja fechado devido a os problemas de saude de um membro da equipe"
