Sentiment, Review
"Positive", "a catedral da cidade"
"Positive", "igreja imponente catedral da cidade sofreu varias obras de reabilitacao e melhoramento situada frente ao castelo e da zona historica pena nao estar aberta para visita a nao ser nos horarios de culto"
"Positive", "pessimo"
"Positive", "uma igreja simples e restaurada nao e ponto turistico em frente ao castelo parar aqui so se for curiosidade"
"Positive", "visita importante a fazer"
"Positive", "excelente o seu interior das mais simples que vi retabulo muito bonito talha dourada de grande magnitude"
"Positive", "magnifica se de beja"
"Positive", "igreja principal de interior magnifico talha dourada altares profundamente decorados reliquias sagradas"
"Positive", "lindissima"
"Positive", "a igreja esta muito bem cuidada e e muito bonita"
"Positive", "com varias obras provenientes de lisboa na sequencia do terramoto de nao decepciona quem a visita"
"Positive", "entrada gratuita"
"Positive", "retabulo muito lindo"
"Positive", "muito cuidada e com um retabulo de altar divinal vitrais e orgao lindos merece uma visita a nao perder"
"Positive", "arquitectura simples"
"Positive", "a se catedral de beja tem uma fachada simples mas o seu interior decorado com paineis de azulejos e muito bonito"
"Positive", "arquitetura original"
"Positive", "para quem conhece as catedrais portuguesas e possivel distinguir esta catedral de todas as outras pela sua arquitetura original mais moderna e leve a fachada e muito bonita e por dentro tem muitas obras de arte provenientes de lisboa no seguimento do terramoto de a entrada e gratuita e fica mesmo ao lado do castelo pelo que se pode juntar a visita aos dois monumentos"
"Positive", "bonita"
"Positive", "espaco muito bem conservado e preservado a entrada e gratuita e fica logo ao lado do castelo de beja"
"Positive", "igreja agradavel"
"Positive", "a ice igreja e vale a pena uma visita quando a cidade o alter e muito bom com muita esculturas de ouro"
"Positive", "bela igreja"
"Positive", "esta igreja e muito bonito ele esta localizado ao lado do castelo de beja e bom para ir visitar e apreciar este elegante arquitectura"
"Positive", "adoravel de ceramica e ouro pecas muitos de lisboa depois de terremoto"
"Positive", "pequena capela mas muito adoravel com alguma arte azulejos azuis realmente nice aparentemente trazidas de lisboa apos o terramoto de existem algumas estatuas e outras obras de nice em ouro vale a pena uma visita"
