Sentiment, Review
"Positive", "perda de tempo"
"Positive", "era domingo e verificamos se estariam abertos antes de sair do hotel ao chegar ao local encontramos na porta um aviso de volto ja tivemos cerca de minutos a espera e ninguem apareceu fomos buscar o carro e quando passamos a porta novamente ja apos a hora de encerramento o papel que dizia volto ja havia desaparecido o que fez parecer que a pessoa responsavel sabia que estavamos a espera e aguardou que nos retirassemos para encerrar efectivamente o espaco estamos no alentejo e as pessoas deixam se levar mas o respeito ao visitante era o minimo que poderiamos esperar"
"Positive", "com os pes no chao onde habitou vida preste atencao em cada detalhe"
"Positive", "o nucleo museologico de beja tem uma ideia bastante original e interessante de se ver todo o piso e revestido em vidro que nos permitem apreciar cada detalhe que se encontra embaixo dos nossos pes as estruturas arqueologicas sao bastante interessantes fora isso o nucleo integra uma exposicao de permanente com os achados das escavacoes objetos ceramicas ossos e outros materiais e possivel observar algumas estruturas que caracterizavam o periodo romano fora que nao se paga absolutamente nada para a entrar e o conhecimento adquirido durante o passeio nao tem preco vale muito a pena"
"Positive", "historia debaixo dos nosso pes"
"Positive", "visite vestigios que povos antigos de varias epocas deixaram na cidade e quase possivel imaginar como era a vida naquele local"
"Positive", "muito boa intervencao arqueologica"
"Positive", "este local resulta da descoberta de ruinas de passados distantes do local que e hoje a cidade de beja e que foram colocadas a vista de todos atraves de uma intervencao muito bem feita que as preserva e ao mesmo tempo da a conhecer a nao perder numa visita a beja"
"Positive", "raro em portugal"
"Positive", "rico museu de arqueologia que nos mostra de modo espetacular a vivencia do povo na epoca romana excelente explicacao escrita dos objetos e da casa romana"
"Positive", "milhares de anos de historia"
"Positive", "beja uma cidade muito antiga vestigios deslumbrantes de eras passadas literalmente permite andar por epocas muito distantes"
"Positive", "um nome que esconde a sua riqueza"
"Positive", "o nome nucleo museologico e pouco elucidativo para este museu a nova concepcao de museu e de facto uma forma ideal para mostrar a riqueza destas escavacoes valiosas da epoca romana que aqui foram encontradas por acaso e agora muito bem preservadas pela cmb e a forma como esta exposta ao publico aconselha se uma visita guiada embora existam disticos explicativos"
"Positive", "surpreendente"
"Positive", "em portugal nunca tinha visto algo assim um museu em cima de uma escavacao devidamente preservada e na qual podemos ver os pormenores por cima atraves de uma plataforma de vidro e vigas de aco alem disso podemos tambem observar outros objectos admiraveis e valiosos que pessoalmente deixam me sem palavras"
"Positive", "vale a visita"
"Positive", "museu muito bem organizado mas um pouco sujo em seu interior devido a dejectos de pombos um imenso painel explica o que esta sobre seus pes perfeitamente visivel atraves do piso de vidro"
"Positive", "um espaco com historia"
"Positive", "um espaco que merece a visita um local cheio de historia e muitas estorias um espaco agradavel e para um passeio em familia"
"Positive", "vale a visita"
"Positive", "um museu com uma unica sala onde se anda em cima duma estrutura de vidro podendo observar umas ruinas romanas por debaixo"
"Positive", "estando em beja nao deve deixar de visitar"
"Positive", "os romanos"
"Positive", "excelente centro onde foi possivel passear por cima das ruinas romanos devido a estrutura em vidro la presente vale mesmo a pena passar por la a funcionaria fernanda foi excelente pois explicou com detalhe o que ali estava muito bom"
"Positive", "uma manha por beja"
"Positive", "uma manha por beja divertida em familia as pequenas adoraram e anos fica perto do restaurante vovo joaquina onde pode degustar um dos deliciosos pratos e passear pelo centro de beja"
"Positive", "muito bom"
"Positive", "uma visita super interessante muito bem concebido e pensado mas deveriam haver mais explicacoes pelo menos numerar as areas referidas de forma a ser mais facil localizar na planta disponivel"
"Positive", "beja romana"
"Positive", "uma visita a cidade romana sob os pes dos visitantes que vala a pena conhecer para sentir a historia"
"Positive", "interessante"
"Positive", "muito interessada sobre termas romanas bem organizado atendimento muito simpatico e profissional recomendo"
"Positive", "magnifico museo"
"Positive", "um excelente espaco e muito interessante que nos conta os nossos antepassados magnificos vestigios romanos magnificas pecas arqueologicas da idade do ferro que nos fazem reviver a historia desta interessante cidade bem conservado e as escavacoes encontram se de baixo de um imenso vidro que nos deixa contemplar as ruinas romanas vale a pena ver"
"Positive", "bem concebido"
"Positive", "foi uma agradavel surpresa andar literalmente sobre a nossa historia localizacao excelente gratuito"
"Positive", "caminhar sobre ruinas"
"Positive", "espaco bem pensado e ate com alguma vertigem onde se caminha sobre as ruinas de uma beja da idade do ferro ou do imperio romano nas paredes a historia e o contexto acompanhados de artefactos e utensilios antigos aprende se muito"
"Positive", "recolha museologica muito interessante implantada em local onde foram encontrados e escavados vestigios romanos e outros"
"Positive", "o material exposto esta muito bem datado e explicado mesmo para um nao perito"
"Positive", "vale bem a pena fazer uma visita"
"Positive", "tesouro escondido"
"Positive", "localizado na rua do sembrano o espaco esta bem idealizado para se poder observar o que foi descoberto aquando da escavacao para a construcao duma habitacao particular que outros tesouros estarao escondidos pela cidade"
"Positive", "uma surpresa inesperada ao passear pela cidade"
"Positive", "espaco museologico pequeno mas agradavel reune vestigios de beja em seculos passados vistos de cima para baixo atraves do piso em vidro entrada gratuita no verao o espaco sera bom para fugir a temperatura elevada falta de artigos recordacoes para venda"
"Positive", "pax julia"
"Positive", "com este museu podemos ter um pequeno vislumbre do que foi a cidade"
"Positive", "a entrada e gratuita e podemos caminhar por cima das ruinas espectacular"
"Positive", "um pouco de historia"
"Positive", "visitamos esta atracao em familia durante a visita a cidade de beja foi realmente uma agradavel surpresa podermos visitar com as nossas criancas esta linda exposicao e de forma gratuita muito enriquecedor"
"Positive", "vestigios arqueologicos daquilo que foi a cidade de beja"
"Positive", "como o proprio nome indica este e um espaco museologico que reune alguns vestigios daquilo que foi a cidade de beja na antiguidade a maior parte da exposicao esta por baixo dos nossos pes visivel atraves de um passadico de vidro e necessario colocar uma protecao no calcado o espaco e pequeno e a visita nao demora mais de minutos a entrada e gratuita"
"Positive", "o que fizeram aqui foi muito bem feito um chao todo ele em vidro onde podemos andar e apreciar tudo o que ali esta e que merece ser visitado tem expositores com os achados das escavacoes nota positiva para a obra o valor historico e o facto de nao se pagar menos positivo nao haver uma pessoa que faca no minimo uma breve apresentacao ou nos entregue um folheto qualquer com um resumo do que ali esta estava so um senhor sentado que a muito custo nos comprimentou parecia rodeado de informacao e conhecimento mas nao estava para partilhar nao lhe apeteceu era sabado a unica coisa que disse foi vao ter que calcar isto uns sacos com uns elasticos para andar sobre o vidro estava de tao ma vontade que tive a sensacao que se pudesse tinha dito calcem esta m da maneira que nos deu os sacos"
"Positive", "muito interssante"
"Positive", "o acolhimento foi muito bom tem praticamente toda a informacao necessaria falta apenas informacao no chao sobre as zonas das ruinas que estamos a pisar"
"Positive", "elemento arquitetonico importante para a visualizacao de infra estruturas de civilizacoes anteriores"
"Positive", "elemento arquitectonico importante para a visualizacao de infra estruturas de civilizacoes anteriores o espolio de artefactos encontrados em alqueva merecem o destaque"
"Positive", "museu a visitar"
"Positive", "a crianca adorou"
"Positive", "e um espaco que infelizmente passa bastante despercebido mas que e muito interessante as ruinas sao vistas de uma perspectiva completamente diferente que a crianca adorou"
"Positive", "viagem no tempo"
"Positive", "nao passes sem entrar"
"Positive", "neste nucleo museologico ou museu do sitio e interessante ver as ruinas de construcoes romanas que nos levam a imaginar como viviam os povos desse tempo com a recolha de utensilios de utilidade variada encontrados em diversos pontos da cidade dao a este espaco um valor incalculavel no nosso patrimonio arquitectonico"
"Positive", "nucleo museologico do sembrano"
"Positive", "interessantissimo vale a pena visitar andamos sobre ruinas num espesso vidro que deixa ver um legado que felizmente foi conservado"
"Positive", "muito interessante"
"Positive", "bom local para conhecer a historia de beja e suas ocupacoes e possivel caminha sobre vidros que deixam expostos as ruinas de um templo romano"
"Positive", "ruinas romanas vista sob o chao de vidro"
"Positive", "vale a pena visitar este local muito proximo ao museu regional d leonor trata se das ruinas de uma terma romana que seria a principio particular e mais tarde foi tornada publica tudo e visto sob o piso de vidro com boas explicacoes e plantas baixas que permitem entender como funcionava"
"Positive", "o nucleo museologico da rua do sembrano integra um conjunto de estruturas arqueologicas que permitem apesar de se tratar de uma area restrita no conjunto da estrutura urbana de beja entrever alguns momentos da historia desta cidade e o modo como o espaco aqui foi evoluindo"
"Positive", "espaco bem concebido e muito interessante na contextualizacao hihstorica da cidade de beja"
"Positive", "possibilidade de visitar ruinas num espaco criado para o visitante estar envolto na historia aproveite e faca perguntas aos funcionarios que parecem estar ansiosos para responder lhe"
"Positive", "museu"
"Positive", "e um espaco muito bem conseguido e bem localizado a exposicao e muito boa tem expostos varios artefactos de quase todas as epocas de ocupacao humana na zona envolvente de beja"
"Positive", "um exemplo de arquelogico"
"Positive", "um excelente espaco arqueologico referente a pax julia e gratuito vale bem a pena visitar este local"
"Positive", "a gema de beja"
"Positive", "algo escondido pelo meio das ruas de beja este nucleo museologico tem na sua entrada um grande painel artistico bastante interessante mas o verdadeiro segredo esta dentro"
"Positive", "coloque os protectores de sapato porque vai andar suspenso em vidro a olhar para baixo e ver historia dos tempos de roma ate idade do ferro"
"Positive", "preco gratis nem pense duas vezes"
"Positive", "ruinas e espolio lindissimos"
"Positive", "incrivel"
"Positive", "inaugurado em o acervo deste museu esta sob os pes debaixo de um piso de vidro sao utensilios da idade do ferro entrada gratis"
"Positive", "gostei de tudo"
"Positive", "a proximidade do hotel ao centro da cidade proximidade de monumentos e universidades restauranhtes bares"
"Positive", "impressionante"
"Positive", "museu impressionante"
"Positive", "vale a pena o esforco para entender o significado dos restos dos antigos predios embaixo do piso de vidro peca o folheto dando uma traducao em ingles das placas de exibicao mas os reflexos do vidro e o alto nivel geral de iluminacao no predio fizeram e dificil de apreciar seria bom se alguem pudesse se dar ao trabalho de limpar os excrementos de pombo do vidro sobre a exibicao dos restos da estatua na parte de tras do predio"
"Positive", "museu gratuito mas nada escrito em ingles"
"Positive", "este museu foi classificado como um dos lugares de topo para ir se voce estiver visitando beja o museu e gratuita e e muito legal porque sob o museu sao antigas ruinas romanas e mostrar o layout de uma casa romana"
"Positive", "a unica desvantagem e que tudo o que esta escrito em portugues entao eu nao era capaz de entender nada venha aqui se voce aprecia historia e pode ler portugueses"
"Positive", "pequeno mas excelente antigas pecas paleoithic"
"Positive", "o piso apresenta ruinas romanas abaixo algumas paredes intersting wells e arcos os monitores mostrar pecas um par de ferramentas de pedra datado de cerca de milhoes de anos atras vale a pena uma parada rapida"
"Positive", "historia local"
"Positive", "curta mas maravilhoso para caminhar e ver as ruinas abaixo tambem o mural explica muito e e otimo para ser entre historia"
"Positive", "um pouco de roman pax julia"
"Positive", "uma boa maneira de manter vivo romano beja sob um chao de vidro as declaracoes escritas foram bons e ha um monitor mais sobre outeira do circo uma idade pagamento atrasado de bronze perto mombeja a oeste de norte de beja"
