Sentiment, Review
"Positive", "muito em pouco"
"Positive", "o altar de talha dourada e magnifico encostada ao arco dos prazeres e ao antigo paco episcopal encontra se bem cuidada e merece sem duvida a visita tente visitar com guia pois a historia e bem rica"
"Positive", "linda ermida muito bem preservada"
"Positive", "um pequeno local e com tanta beleza bem preservado levando em conta a sua antiguidade a nao perder numa visita a beja"
"Positive", "esta pequena ermida tem um segredo"
"Positive", "magnifico conjunto de talha dourada que esconde um pequeno segredo excelente explicacao por quem esta encarregue deste tesouro"
