Sentiment, Review
"Positive", "passeio em familia"
"Positive", "espaco verde limpo e cuidado excelente para relaxar e passear com criancas pequenas fomos a procura das joaninhas"
"Positive", "tem um espaco amplo dedicado a criancas"
"Positive", "jardim simpatico no centro de beja"
"Positive", "este jardim no centro de beja ao lado da pousada e bastante agradavel nota se que e bem cuidado tem bastante arvoredo lagos com patos e um parque infantil soube bem descansar a sombra num dia de calor"
"Positive", "memorias de infancia"
"Positive", "espaco interessante onde podem ser vistas varios tipos de plantas tem um parque infantil cheio de atraccoes com enfase na casinha tipica do alentejo que faz as delicias dos mais novos"
"Positive", "jardim"
"Positive", "bom jardim publico para passear com criancas bem tratado e com areas para brincar fazer exercicio ou simplesmente passear"
"Negative", "descontracao e fresco"
"Positive", "jardim bem cuidado bom para um passeio para refrescar do calor do alentejo e para descontrair bem tratado"
"Positive", "paraiso no centro da cidade"
"Positive", "um espaco que nos faz esquecer o burburinho do dia a dia da cidade um espaco muito agradavel que convida a leitura e meditacao"
"Positive", "im jardim"
"Positive", "um jardim pequeno e sem grandes atracoes um lago umas arvores um jardim infantil e umas gaiolas com galos e rolas nada de especial"
"Positive", "muito estimado"
"Positive", "agradavel visita ao fim da tarde a este simpatico jardim com muito boa vista e um jardim pequeno mas muito bem cuidado os lagos estao limpos e bem cuidados adorei o coreto"
"Positive", "jardim aprazivel e bem cuidado"
"Positive", "fica bem localizado parqueamento facil"
"Positive", "um bar de apoio"
"Positive", "espaco infantil"
"Positive", "tem ainda algus animais em espaco proprio"
"Positive", "bem cuidado"
"Positive", "muito bem cuidado quanto a limpeza mas merecia mais investimentos em paisagismo bem localizado propicia momentos agradaveis de tranquilidade"
"Positive", "a visitar"
"Positive", "espaco agradavel e bem cuidado"
"Positive", "proporciona um espaco verde muito importante para a cidade"
"Positive", "algumas arvores excepcionais"
"Positive", "local lindo"
"Positive", "lindo e agradavel espaco para se relaxar e passear tranquilo onde se pode observar diversas especies de plantas e passaros"
"Positive", "o jardim e enorme"
"Positive", "o jardim de beja fica muito bem situado e pelo seu tamanho e pela variedade e diversidade do que nos oferece e maravilhoso"
"Positive", "jardim bonito para passear"
"Positive", "um jardim na cidade onde se pode passear num ambiente muito charmoso e acolhedor a limpesa e de facto surpreendente"
"Positive", "pouco cuidado"
"Positive", "jardim publico perto do mercado e do centro da cidade espaco generoso com parque infantil e lago com patos muito arborizado nao sei como sera no verao mas no inverno e pouco cuidado"
"Positive", "otima opcao de passeio"
"Positive", "um jardim belo e bem cuidado que vale pela paisagem e pelo interessante passeio a pe traz ainda alguns interessantes topicos historicos a ser pesquisado e explorado"
"Positive", "um espaco pitoresco e bastante intimista"
"Positive", "o jardim gago coutinho e sacadura cabral localiza se no extremo do centro historico de beja e gradeado e possui duas portas de acesso a sua arquitectura e vegetacao confere lhe um espaco pitoresco e bastante intimista destacam se o monumento alusivo a morte do lidador o miradouro o coreto o lago dos patos e o parque infantil perfeito para descansar e para fazer passeios romanticos e ou em familia"
"Positive", "jardim magnifico e bem cuidado"
"Positive", "o jardim de beja para alem de me fazer recordar a minha infancia continua lindo bem cuidado cheio de sombras flores bonitas estatuas e lagos"
"Positive", "lindo jardim no centro de beja"
"Positive", "este jardim surpreende por estar tao bem cuidado e cheio de flores sobretudo por esta regiao ser tao quente e um local muito tranquilo"
"Positive", "tem parque infantil"
"Positive", "tem um coreto"
"Positive", "no verao fazem ali festas e eventos"
"Positive", "frescura na planicie"
"Positive", "principalmente quando o calor aperta faca uma vista a este belo jardim no centro da cidade de beja cheio de verde e de canteiros coloridos"
"Positive", "se tiver criancas pequenas tem o parque infantil com o montinho alentejano e a casa do lago para os mais crescidinhos com jogos brinquedos e revistas"
"Positive", "ha tambem um pequeno quiosque onde pode tomar uma bebida muito agradavel"
"Positive", "belo jardim no centro da cidade"
"Positive", "este e um excelente local para passear quando se visita beja mesmo nos meses mais quentes de verao o jardim possui varias sobras"
"Positive", "todos passam por aqui"
"Positive", "jardim centenario bem no centro da cidade oferece aos da mais tenra idade ate aos de idade avancada espacos de convivio e lazer que vale a pena usufruir o parque infantil o carrinho com o burro o lago dos patos e o mini zoo prendem a atencao de quem o visita tambem as rochas catalogadas e a arvore pre historica interessam os visitantes nele se organizam eventos fisicos e culturais em colaboracao com a biblioteca jose saramago"
"Positive", "bucolico"
"Positive", "um passeio muito bonito para a familia o jardim e bem bonito possui opcao de brinquedos para criancas e alamedas muito bonitas precisa ser melhor cuidado mas e muito bonito"
"Positive", "jardim grande e tranquilo"
"Positive", "local aprazivel bom para descansar um pouco depois de perambular pelas ruas antigas e ladeiras de beja ocupa uma area relativamente grande para o tamanho da cidade esta bem cuidado com equipes de manutencao dos canteiros"
"Positive", "jardim agradavel"
"Positive", "jardim simpatico e agradavel bem no centro de beja esta cuidado embora o parque infantil careca ja de intervencao as sombras sao boas e a atmosfera historica e contagiante na data da minha visita estava a decorrer uma exposicao sobre geologia que me parecer ser o genero de iniciativa que faz todo o sentido a nao perder"
"Positive", "tranquilo e lindo"
"Positive", "quando chegamos a beja procuravamos um lugar para estacionar e encontramos um local ao lado do jardim entao e aqui que comecamos a explorar beja nos caminhamos ao redor e realmente desfrutamos os jardins de flor e arvores grandes foi um bom comeco para a nossa visita em beja"
