Sentiment, Review
"Positive", "surpresa maravilhosa a igreja e a guia"
"Positive", "monumento de enorme valor artistico talhas douradas azulejos pinturas"
"Positive", "surpreendente ate pelo contraste da simplicidade exterior com a riqueza interior"
"Positive", "mas a visita nao seria a mesma sem a valiosa viagem guiada pela susana aos prazeres e misterios de maria"
"Positive", "portanto se passarem por beja visitem esta preciosa obra de arte mas exijam a presenca da susana sem a qual vao perder da leitura e interpretacao artistica e esoterica"
"Positive", "sei quem vai dormir bem hoje boa noite susana"
"Positive", "marco episcopal da cidade"
"Positive", "junto ao arco dos prazeres apresenta um magnifico altar os frescos pequena de dimensao mas grande na historia que tem para contar"
"Positive", "surpreendente"
"Positive", "mais uma vez se aplica quem ve caras nao ve coracoes"
"Positive", "esta igreja e de uma beleza tal que quem por beja passar tem de a visitar obrigatoriamente efectivamente vista por fora nao gera grandes expectativas mas ao entrar e de facto dificil nao se ficar de boca aberta deve se tambem dar atencao a historia e as historias por que ja passaram aquelas talhas douradas"
"Positive", "imperdivel"
"Negative", "frescos e azulejos magniificos"
"Positive", "visita muito interessante nao so pelos frescos pintados e azulejos sobre jesus cristo mas pela historia da sua edificacao"
"Positive", "muito simples por fora e riquissima por dentro"
"Positive", "quem passa por fora nao da nenhum valor a esta riquissima igreja a simplicidade do exterior engana as pessoas so quem entra pode dar valor a esta igreja os paineis da igeja de sfrancisco passaram para esta igreja e barroca por dentro e por fora nao parece as colunas em marmore merecem atencao especial"
"Positive", "uma entrada surpreendente na igreja de ouro"
"Positive", "a talha dourada e o tecto sao surpreendentes"
"Positive", "a incluir num roteiro de visita por beja recomendo vivamente"
"Positive", "bonita"
"Positive", "e uma igreja com uma fachada modesta mas o seu interior e de uma riqueza artistica toda revestida a talha dourada com azulejos do sec xviii e lindas pinturas no tecto"
"Positive", "igreja do sec xvii"
"Positive", "o corpo da igreja encontra se revestido por talha barroca e azulejos do seculo xviii muito bonitos"
"Positive", "linda"
"Positive", "igreja muito bonita altar de particular beleza"
"Positive", "bem localizada com facil acesso"
"Positive", "simpatia do pessoal"
"Positive", "a visitar"
"Positive", "magnifico tecto"
"Positive", "excelente ponto turistico com uma historia magnifica retratada em dislumbrantes gravuras e um tecto lindissimo tudo explicado por um excelente profissional entendido na materia passagem obrigatoria"
"Positive", "vir a beja e nao visitar este edificio unico da arquitectura e arte portuguesa e um crime"
"Positive", "o melhor atendimento de beja sempre aberto sempre disponivel"
"Positive", "que tesouro aqui encontrei"
"Positive", "este local devia ser a estrela que guia o patrimonio de beja em todos os sentidos"
"Positive", "parabens ao rapaz que acolhe e um erudito fal varias linguas e um encanto"
"Positive", "soberba"
"Positive", "fazendo parte do patrimonio historico da cidade esta igreja possui uma riqueza azulejar e dourada de inegualavel valor atrevo me a dizer que as pecas de arte sacra de maior valor se encontram no seu interior por vezes sao emprestadas para exposicoes para dentro e fora do pais"
"Positive", "igreja barroca"
"Positive", "local muito interessante para observar pintura e azulejaria do seculo xvii de dois pintores consagrados frescos do teto fora de serie talha dourada relevante"
"Positive", "teto lindissimo"
"Positive", "recomendado pela simpatica senhora do castelo teto lindissimo cheio de pinturas pena nao se poder tirar fotos nem sem flash"
"Positive", "igreja belissima"
"Positive", "a igreja e simplesmente linda e vale a pena a visita infelizmente o museu estava fechado mas ficara para uma proxima"
"Positive", "pinturas deslumbrantes"
"Positive", "igreja pequena mas com uma magia tremenda por dentro quadros e frescos no teto de grande qualidade tivemos o prazer de ouvir a historia associada a cada pintura do senhor que nos recebeu"
"Positive", "lindo"
"Positive", "para quem esta visitando a cidade de beja esta deslumbrante igreja nao deve ficar de fora o museu vai agradar os amantes da arte sacra a entrada custa apenas euros recomendo"
