Sentiment, Review
"Positive", "arco"
"Positive", "um arco de uma construcao da epoca dos romanos vale a visita pois na cidade ha muitas ruinas de construcoes da antiga epoca dos romanos"
"Positive", "portas de moura"
"Positive", "mais um arco de uma antiga porta de acesso ao interior das muralhas contiguo a muralha principal permite continuar a subida em direccao a torre e uma visita ao interior do castelo passando pela igreja de santo amaro"
"Positive", "bonito"
"Positive", "enquanto passeia pela cidade passa por este elemento arquitetonico no entanto como nao esta assinalado pode passar despercebido"
"Positive", "nao sabia que esse arco era uma atracao"
"Positive", "conheci esse arco achei bem interessante ate pq a cidade de beja tem varios arcos mas esse com certeza e o mais lindo interessante ve ele aqui no trip e saber que e algo historico e sua origem"
