Sentiment, Review
"Positive", "preso politico"
"Positive", "ficamos na duvida se era homenagem aos presos politicos ou aos ets podia ser tambem uma baleia encalhada mas ai estaria de pe o que nao fazia muito sentido mas fixe"
"Positive", "interessante"
"Positive", "monumento no centro da cidade facil de ver mas dificil de relacionar com os pressos politicos nao deixa de ser um bom monumento a visionar"
"Positive", "obra interessante"
"Positive", "situada no centrinho de beja pude conhecer ja de noite indo para uma pizzaria da cidade vale a pena"
"Positive", "facil de esquecer"
"Positive", "esta estatua e grande mas nao ficara na sua mente estrutura metalica simples preta dificil de obter a conexao com os presos politicos"
