Sentiment, Review
"Positive", "museu"
"Positive", "bom um excelente local que conta parte da historia da cidade em minha opiniao merecia uma melhora no visual externo mas vale uma visita sem sobra de duvidas"
"Positive", "baixo alentejo"
"Positive", "historia muito interessante especialmente da mariana alcoforado"
"Positive", "so os domingo nao pagamos entrada"
"Positive", "sem duvida que carece de actualizacao"
"Positive", "ponto obrigatorio"
"Positive", "um dos locais mais bonitos e historicos da cidade uma envolvente interessante perto da zona historica ideal para um passeio a pe"
"Positive", "a visitar apesar da pessima organizacao e falta de informacao"
"Positive", "tem um espolio muito consideravel no entanto a organizacao a iluminacao e a falta de informacao e enorme"
"Positive", "bom"
"Positive", "muito a mostrar mas nao sei porque encontra se tanta desordem e falta de informacao poderiam explorar melhor a historia da cidade fecha para almoco confira o horario antes de ir visitar"
"Positive", "conteudo inestimavel a precisar de melhor apresentacao"
"Positive", "a riqueza do patrimonio que existe neste museu e elevadissima mas o espaco precisava de uma intervencao compativel com esse mesmo valor acaba por ser um mero deposito daquelas pecas e nao um moderno museu como deveria ser"
"Positive", "obrigatorio"
"Positive", "para quem visitar beja este museu e um dos melhores edificios a visitar e absolutamente fantastico o seu interior quem nao conhece fica abismado"
"Positive", "imperdivel"
"Positive", "historia"
"Positive", "permite conhecer a historia de toda a regiao proxima de beja incluindo tambem uma boa galeria com a historia de mariana almoforado"
"Positive", "lindo azulejos e a janela valem por si obrigatorio"
"Positive", "imperdivel a historia mais romantica e bonita da cidade esta ali janela de mariana as cartas os azulejos lindo"
"Positive", "museu lindo e historico"
"Positive", "antigo convento com historias excelentes para conhecer a cidade e a regiao sobretudo durante a ocupacao romana espolio de grande riqueza que merece ser apreciado pelo menos e interpretado excelente a igreja"
"Positive", "imperdivel"
"Positive", "a identidade de uma cidade de uma regiao e de um povo num museu unico pela historia e pelo espolio que guarda"
"Positive", "lindo"
"Positive", "este museu e lindo"
"Positive", "antigo convento a sua historia e encantadora os funcionarios terao todo o gosto em guia lo e contar a historia que se esconde por detras da arquitetura"
"Positive", "excelente visita guiada sobre ocupacao romana"
"Positive", "no ambito do evento beja romana podemos usufruir duma visita guiada ao museu focada essencialmente sobre a ocupacao romana o funcionario que nos acompanhou mostrou ser conhecedor do assunto e teve sempre uma resposta para as nossas questoes foi estrelas"
"Positive", "um lugar de riqueza historica e beleza inconfundivel"
"Positive", "entramos por curiosidade e ficamos deslumbrados com a riqueza historica deste convento"
"Positive", "iremos certamente voltar"
"Positive", "visita surprendente"
"Positive", "nao conhecia este museu e fiquei francamente surpreendido vou tentar voltar com visita guiada para melhor conhecer esta preciosidade"
"Positive", "visitar o museu e a janela da mariana alcoforado"
"Positive", "se for a beja visite este museu e desfrute da colecao de ajuleijos e da magnitude dos altares da capela nao deixe de ver a janela da soror mariana alcoforado de onde escreveu as cartas de amor"
"Positive", "lindo por fora e por dentro"
"Positive", "este museu instalado no convento de nossa senhora da conceicao em que a igreja e revestida a talha dourada tem um lindo claustro e guarda coleccoes de arqueologia azulejaria pintura e arte sacra"
"Positive", "historia"
"Positive", "em conjunto com o castelo o museu faz parte das visitas obrigatorias na cidade de beja tanto por fora como por dentro e um edificio cheio de historia"
"Positive", "muito agradavel portugal no seu melhor"
"Positive", "portugal e um pais enorme orgulho de ser portugues"
"Positive", "conhecer beja"
"Positive", "visita agradavel muito bem arranjado e limpo sitio onde se encontra pecas de arte sacra com muita historia"
"Positive", "acervo cultural enorme"
"Positive", "para os amantes de historia particularmente de quadros e achados arqueologicos e uma visita que recomendo mesmo"
"Positive", "tudo bem conversado estimado e bem descrito para que os visitantes leiam e entendam o que estao a visitar"
"Positive", "uma joia imperdivel em beja"
"Positive", "fundado por ordem dos primeiros duques de beja pais de d manuel foi um dos mais ricos conventos do sul capela rococo com madeira cromada do sec xvii e xviii que nos deixa sem palavras durante uns minutos um altar de mosaico florentino belissimo uma colecao de pintura da escola portuguesa e espanhola maravilhosa com destaque para a obra ecce homo os azulejos sao interessantissimos ver a porta de mertola por onde mariana alcoforado via o seu amor alvo de uma paixao avassaladora que produziu as lettres portugaise marco da literatura internacional"
"Positive", "visita necessaria"
"Positive", "comece sua visita por beja por este museu acredito ser a melhor atraccao na regiao o interior do predio e uma obra de arte que rende fotos maravilhosas"
"Positive", "a necessitar de se modernizar"
"Positive", "museu pequeno mas com um espolio interessante necessita de obras de intervencao de modo a tornar se mais interactivo e comodo para quem o visita nao existem so para dar um exemplo legendas ou explicacoes na maior parte dos itens e as que existem estao so em portugues impossibilitando deste modo a visita por parte de turistas estrangeiros"
"Positive", "se comprarem a entrada no museu de arte visigotica proximo do castelo podem visitar este museu gratuitamente"
"Positive", "um museu sem nada de espectacular"
"Positive", "um museu sem nada de espectacular"
"Positive", "na verdade o principal foco de interesse sao mesmo os azulejos"
"Positive", "em todo o caso a visita e um pouco secante sobretudo para criancas"
"Positive", "museu com vida"
"Positive", "a minha visita ao museu inseriu se num evento que se integrava nas palavras andarilhas e foi excelente porque assim tive oportunidade de visitar o museu para alem de ainda comprar alguns doces conventuais"
"Positive", "um museu pequeno"
"Positive", "exelente"
"Positive", "um dos mais belos museus de portugal"
"Positive", "recomendo a todas as pessoas que estejam de visita a beja a virem conhecer este monumento"
"Positive", "museu de beja"
"Positive", "um museu que espelha bem a riqueza do patrimonio nacional espalhado por todo o pais vale pelo acervo e tambem pelo edificio antigo convento onde se instalou"
"Positive", "boa atracao"
"Positive", "tem uma capela muito bonita o acervo do museu deve um pouco mas vale uma visita a entrada e euro"
"Positive", "em pleno centro da cidade"
"Positive", "o museu rainha d leonor e uma grande atraccao turistica de beja a nossa capital de distrito em pleno coracao da cidade vale a pena visita lo nao so pela parte historica como a parte mais moderna jose saramago ja escreveu sobre ele"
"Positive", "fraco"
"Positive", "rainha leonor so da nome ao museu nao ha nada nesse museu que remeta a ela apenas uma estatua dessa rainha na parte externa capela e salas muito lindas que valem a pena serem vistas mas mal conservadas azulejos quebrados e sem restauracao pequeno acervo e tematica misturada nao gostei"
"Positive", "falta manutencao"
"Positive", "o museu tem pouco acervo e ha falta de manutencao tem itens deteriorando com perdas serias apesar de ter o nome da rainha dona leonor somente a estatua do lado de fora faz essa ligacao"
"Positive", "uma agradavel surpresa"
"Positive", "fomos ver por acaso porque por acaso passamos ali ao pe por acaso estava aberto por acaso ate era gratuito e agradecemos ao acaso porque vale a pena a visita"
"Positive", "um museu de excelencia"
"Positive", "um museu digno de ser visto e pena a falta de apoios que permitissem uma melhor conservacao de alguns dos museus de portugal"
"Positive", "museu com uma capela barroca maravilhosa"
"Positive", "o museu nao se paga ao domingo no inicio e nos oferecido um guia sobre o espolio e a historia do museu e de realcar a capela barroca"
"Positive", "obrigatorio para quem visita beja"
"Positive", "vale a pena visitar este museu pois contem uns pedacos da nossa historia pela regiao pena ser pequeno pois pelo que nos foi dito ainda ha mais coisas guardadas por falta de espaco no museu"
"Positive", "explorando bej"
"Positive", "museu interessante mas muito pequeno beja e uma cidade muito pequena e e possivel conhecer tudo em apenas um dia fiz todos os pontos turisticos de beja andando"
"Positive", "museu a antiga"
"Positive", "fez lembrar os museus de portugal dos anos a coleccao merece a visita mas a exposicao os materiais de apoio a logica necessitam ser repensado a necessitar revisao urgente"
"Positive", "uma excelente escolha"
"Positive", "um museu que ja foi um convento em pleno centro da cidade de beja e um excelente ponto de partida para conhecer melhoa a sua historia"
"Positive", "alentejo"
"Positive", "espaco muito bonito esta melhor por dentro do que no exterior entrada o trabalho em talha dourada e soberbo e deve ser visto"
"Positive", "belo e historico"
"Positive", "e uma cidade com charme alentejano e de gente encantadora mas digo com alguma ironia que nao nos querem la ao fim de s"
"Positive", "os restaurantes e lojas estao fecham para fim de semana ao sabado ao almoco e ao domingo com raras mas boas excecpoes esta praticamente tudo fechado"
"Positive", "reservem o restaurante com antecedencia"
"Positive", "o museu regional e o museu visigotico assim como o castelo sao dignos duma visita mas a principal riqueza de beja esta nas redondezas e nas pessoas na restauracao nas quintas de excelentes vinhos e gastronomia"
"Positive", "mas a serio de preferencia durante a semana"
"Positive", "excelente coleccao de azulejos"
"Positive", "o museu tem uma excelente coleccao de azulejos assim como uns andores em prata muito bonitos e interessantes"
"Positive", "vale a pena a visita"
"Positive", "melhor que alguns museus nacionais"
"Positive", "surpreendeu me pela positiva excelente colecao de pintura num edificio magnifico melhor do que muitos museus nacionais"
"Positive", "conhecer a historia da cidade"
"Positive", "a visitar para conhecer a historia da cidade belissima igreja um espolio de pintura notavel a sala do capitulo de enorme beleza"
"Positive", "museu regional"
"Positive", "nunca me canso de visitar este museu"
"Positive", "tem obras fantasticas arte sacra e um espectacular espolio arqueologico entre outros temas a ver aconselho a sua visita"
"Positive", "vale a visita"
"Positive", "museu muito interessante com um bela capela barroca e boa arte sacra com destaque para um ecce homo do sec xv atribuido a mestre gil da escola de coimbra"
"Positive", "imperdivel"
"Positive", "visita ao museu"
"Positive", "gostei do espaco a funcionaria foi muito simpatica e esclarecedora gostei de tudo mas muito em particular dos cristos e outras imagens religiosas assim como de todo o espaco onde se encontra o museu"
"Positive", "interessante"
"Positive", "varias epocas abordadas facil e rapido de visitar precisa de alguma recuperacao localizado no centro historico com bom acesso e parqueamento disponivel"
"Positive", "um importante espolio cultural"
"Positive", "instalado no convento de nossa senhora da conceicao o museu regional dona leonor guarda um importante espolio cultural e um pedaco da historia da cidade de beja destacam se as coleccoes de arte sacra e azulejaria e a igreja que serve de entrada para o museu"
"Positive", "pessoalmente considero que este e um sitio agradavel para se visitar em beja contudo o museu esta quase ao abandono maravilhosas obras da arte sacra expostas ao calor alentejano sem ar condicionado a serio por favor"
"Positive", "agradavel e interessante"
"Positive", "vale a pena visitar o sr que esta a entrada e muito simpatico e tem gosto em explicar tudo fez nos uma breve apresentacao daquilo que iamos encontrar realcou os pontos de maior interesse e sugeriu nos outros espacos a visitar com direito a explicacao quando encontramos pessoas assim ate o espaco ganha outra dimensao e o interesse tambem o meu filho adorou ouvir o que este senhor explicou"
"Positive", "museu interessante"
"Positive", "o museu e bastante interessante inclui igreja onde esta sepultado d fernando e o filho d diogo tambem se podem ver algumas pedras tumulares de personalidades de beja assim como exemplos das diferentes culturas que passaram pela cidade"
"Positive", "gostei"
"Positive", "museu repleto de historia"
"Positive", "este e o principal museu da cidade e do baixo alentejo apos visita lo diria que sao varios museus dentro de um museu dentro dele e possivel ver uma igreja logo a entrada um convento salas com pinturas do sec xv a xviii e salas totalmente revestidas de azulejos portugueses e hispano arabes"
"Positive", "dentro deste magnifico tambem e possivel observar arte romana e estilo gotico e manuelino na estrutura do museu"
"Positive", "historico"
"Positive", "um repositorio de historia e de historias nao esquecer os amores de soror mariana alcoforado e junot pinturas e igreja muito bem conservados interesantissimos tesouros arqueologicos vale bem a visita pareceu me que o edificio agradeceria umas obras de conservacao"
"Positive", "eu e o meu amigo deixamos para o ultimo dia a visita do museu foi fantastico e ficamos com pena de nao ter tido mais tempo para visitar recomendamos que se for possivel visitem o museu com um guia nos tivemos um guia fantastico que nos explicou muito bem as pecas e tornou tudo ainda mais interessante a sala do capitulo e de grande destaque pela sua beleza e raridade"
"Positive", "deve ser visitado"
"Positive", "um encanto simpatia bem esclarecidos boa informacao"
"Positive", "ir a beja e nao visitar o museu e uma pena principalmente"
"Positive", "ir com familiares jovens"
"Positive", "museu da cidade de beja"
"Positive", "o museu da cidade de beja conta tantas historias as cartas de amor de soror mariana alcoforado um espolio incrivel"
"Positive", "fantastico"
"Positive", "belissimo museu com pinturas e igreja muito bem conservados e vale bem a visita pessoal muito simpatico esclareceu nos todas as duvidas"
"Positive", "museu de beja"
"Positive", "o museu esta nas instalacoes do antigo convento de freiras no tempo das invasoes napoleonicas serviu de cenario aos amores de soror mariana alcoforado e o oficial do exercito frances junot ela escreveu neste convento as famosas cartas de amor"
"Positive", "apresenta muitos e surpreendentes tesouros artisticos quer a nivel arqueologico quer a nivel de pintura"
"Positive", "podemos ver ali vestigios das construcoes romanas do tempo em que beja se chamava pax julia"
"Positive", "vale a pena visitar"
"Positive", "magico"
"Positive", "museu com um espolio fabuloso e tremendamente esquecido por quem de direito deveria tomar conta da nossa cultura o estado edificio a necessitar urgentemente de obras para proteger as pecas de valor incalculavel que alberga"
"Positive", "sra conceicao"
"Positive", "gratis ao domingo aproveitamento de antiga igreja para museu onde predomina arte religiosa tem diversas salas tematicas e termina num andar com pecas resultantes de investigacao arqueologica na regiao"
"Positive", "acervo primoroso"
"Positive", "um excelente acervo num edificio historico belissimo vale a pena a visita quando estiver em beja ou na regiao"
"Positive", "riquissimo"
"Positive", "alem da arte azulejar as pinturas e a sala do capitulo fazem deste espaco emblematico um tesouro no baixo alentejo antigo convento aqui se deu o enamoramento de soror mariana do alcoforado pelo soldado frances que tornaram celebres as cartas de amor trocadas entre ambos tem exposicoes temporarias e permanentes dos mais conceituados artistas"
"Positive", "edificio lindo"
"Positive", "um edificio lindo a epoca contudo estava fechado mas no exterior esta bem conservado"
"Positive", "uma pena estar fechado a um sabado"
"Positive", "lindissimo"
"Positive", "gostei muito de visitar o museu regional de beja"
"Positive", "espaco magnifico onde podemos apreciar uma grande quantidade de artefactos historicos e arqueologicos de grande valor"
"Positive", "o edificio e lindissimo"
"Positive", "recomendo a visita"
"Positive", "museu regional"
"Positive", "belissimo museu pequeno mas de muito interesse a sala de arqueologia no primeiro andar e interessantissima tem uma coleccao de moedas antigas que recomendo"
"Positive", "a visitar"
"Positive", "um tesouro escondido no coracao de beja a visitar sem falta dentro sao surpresas que se sucedem simpaticos e hospitaleiros muito disponiveis para os visitantes"
"Positive", "arte"
"Positive", "pinturas riquissimas de valor e beleza com criancas pequenas nao deixa de ser bonito mas e do estilo ja vimos quando e que vamos embora"
"Positive", "ingressos integrados"
"Positive", "espaco museologico de excelencia da cidade"
"Positive", "sendo o espaco museologico de referencia da cidade guarda em si enumeros achados arqueologicos e pinturas em especial quadros importantes igreja ricamente decorada e ornamentada associado a figura historica de mariana alcoforado"
"Positive", "museus"
"Positive", "o espaco do museu e fantastico se bem que ja precisava de uns arranjos a coleccao e muito boa e tendo em conta o lugar podia ser muito melhor aconselha se a visita"
"Positive", "no convento da soror mariana"
"Positive", "funcionarios algosonolentos e pouco simpaticos pareceram me funcionarios publicos no seu pior"
"Positive", "o museu uma boa surpresa espolio magnifico numas instalacoes belissimas o claustro tem uma decoracao faustosa e pouco vulgar"
"Positive", "enorme"
"Positive", "necessita de algum tempo pois e um pouco grande mas vale a pena"
"Positive", "mesmo bilhete do museu visigotico a vista e lindissima"
"Positive", "um museu a ser visitado"
"Positive", "uma visita a nao perder e de preferencia com alguem que o ajude a conhecer a historia desta cidade"
"Positive", "belissima coleccao de azulejos portugueses"
"Positive", "soror mariana alcoforado"
"Positive", "o museu regional de beja esta localizado no antigo mosteiro onde viveu soror mariana alcoforado que faz parte do nosso imaginario romantico com as suas cartas portuguesas"
"Positive", "o museu tem um bom espolio embora as pecas mais valiosas estejam no museu de arte antiga em lisboa"
"Positive", "os claustros sao dignos de visita pela sua beleza e tranquilidade"
"Positive", "atraente"
"Positive", "um museu bem preparado e cuidado a visita decorreu sem um guia podia mos ter mais esclarecimentos mas foi muito interessante para os mais pequenos"
"Positive", "mais do mesmo e pouco do mais"
"Positive", "enfim mais uma vez no museu e aquilo que poderia ser ex libris do local esta mal preservado toda aquela talha dourada esta a perder o brilho todo o que e uma pena"
"Positive", "de resto esta igual boas exposicoes"
"Positive", "interessante"
"Positive", "e um museu pequeno mas vale a pena a visita os azulejos sao fantasticos mas a organizacao da exposicao poderia ser melhor legendas so em portugues e nem o hand out entregue e da melhor qualidade fotocopia de fotocopia com manchas pretas que dificultam a leitura os funcionarios na sua maioria ocupam se na habitual cusquice e nem um boa tarde se ouve"
"Positive", "magnifico"
"Positive", "museu magnifico"
"Positive", "grande coleccao de pintura religiao idade medieval"
"Positive", "recomendadissimo visita obrigatoria"
"Positive", "vale muito a pena visitar"
"Positive", "aqui encontram se diferentes culturas e estilos num mesmo espaco superou em muito as minhas expectativas visitem com tempo"
"Positive", "excelente"
"Positive", "este museu foi anteriormente um convento lugar muito bonito observe na fachada a janela de onde a freira se apaixonou pelo soldado frances linda historia o ingresso custa euros"
"Positive", "acervo muito bom de pintura"
"Positive", "vale pela pintura religiosa presente e pelo belo convento que nos recorda a soror mariana do alcoforado"
"Positive", "valeria a pena uma melhor organizacao interpretativa do espaco bem como a conservacao mais cuidado dos espacos"
"Positive", "imteressante e bonito"
"Positive", "linda arquitetura perto do castelo"
"Positive", "antigo convento de n s da conceicao onde morou a soror mariana alcoforado famosa pelas suas cartas"
"Positive", "opitimos restaurantes na zona como por exemplo tem avondo com cozinha regional alentejana"
"Positive", "praca de taxis e teatro municipal mesmo ao lado"
"Positive", "uma parada interessante para uma road trip"
"Positive", "o hotel tinha lido sobre esse museu em um guia e foram passar por beja em nosso caminho para a parte norte de portugal a arquitetura foi maravilhoso o museu e uma joia local que incluiu um monte de informacoes sobre a historia da regiao no entanto ela e pequena e havia pouca coisa na cidade se voce estiver na area vale a pena uma visita"
"Positive", "adoravel mas que precisava de mais tempo"
"Positive", "este e um lugar maravilhoso para se visitar lembre se eles perto do meio dia durante duas horas chegamos as por isso tivemos que mudar rapidamente para ver o quanto podiamos"
"Positive", "antigo convento franciscano"
"Positive", "soberbo manuelina e arquitectura gotica e alguns distintos c moura azulejos e a janela que a freira mariana alcoforado foi alegado que olham para fora de enquanto espera pelo regresso de seu diretor frances cavalaria amante"
"Positive", "um pequeno museu muito media"
"Positive", "bastante pequena deu algumas informacoes sobre a area em redor locais o castelo etc nao e o mais informativo media apresentacao apenas vale uma visita se em beja"
