Sentiment, Review
"Positive", "simples"
"Positive", "enquanto passeia pela cidade passa por este elemento arquitetonico no entanto como nao esta assinalado pode passar despercebido assim como toas as fachadas cobertas de azulejos"
"Positive", "um espaco a visitar"
"Positive", "as arcadas fazem nos entrar no tunel do tempo um espaco arquitectonico a apreciar desfrute deste espaco numa das esplanadas da praca"
"Positive", "pitoresca cidade"
"Positive", "be ha e uma bela cidade medieval com ruas sinuosas e bela arquitetura a praca principal com seus arcos restaurantes e lojas e muito bonita assim como as ruas sinuosas"
