Sentiment, Review
"Positive", "pelourinho bonito"
"Positive", "este pelourinho na praca da republica e muito bonito e esta bem conservado merece sem duvida uma fotografia"
"Positive", "praca"
"Positive", "fica quase no centro da praca da republica merecia uma melhor apresentacao e informacao do monumento mas vale o passeio pela praca"
"Positive", "o centro da praca"
"Positive", "situado na praca da republica e uma atracao da cidade centrada a igreja da misericordia foi em tempo marco de bons ventos para os recem casados que no dia da boda deveriam dar voltas de carro a praca para ter sorte no casamento tradicao que se foi perdendo no tempo por impossibilidade de transito"
"Positive", "bonito"
"Positive", "fica no centro da praca muito bonito e simples enquanto passeia pela cidade passe por la vale a pena"
"Positive", "nao e o original"
"Positive", "este pelourinho manuelino esta bem implantado na prac da republica mas nao e o original vale a pena demorar tempo em apreciar a beleza do pelourinho em estilo manuelino e contemplar o que representa"
"Positive", "de passagem"
"Positive", "o pelourinho de beja fica na praca junto a camara municipal e pode ver se rapidamente quando se passa no local e bonito moderno mas a retratar o antigo e da para tirar uma ou outra foto bonita"
"Positive", "bem conservado e central"
"Positive", "no centro da cidade na area encantadora um marco historico a cidade ao redor e bastante e agradavel em geral um lugar agradavel"
"Positive", "coluna na praca aparentemente antigo local de um pelourinho"
"Positive", "subimos a parte mais antiga da cidade de beja para passar o tempo enquanto esperavamos que o castelo reabriasse depois do intervalo do meio dia minha esposa teve um bom tempo de compras em uma loja em frente a coluna final da praca com uma grande variedade de artesanato e itens de lembranca de boa qualidade e detentores de loja amigavel eles explicaram que a coluna na praca da republica homenageia as muitas vitimas que foram punidas por serem trancadas em um pelourinho neste local muitas vezes injustamente pelos padroes de hoje passei algum tempo na praca olhando em volta e tirando algumas fotos os predios ao redor da praca eram uma mistura o mais atraente para mim era um com colunas e arcos no nivel do solo com um nivel superior com varandim muito bem decorado com azulejos de ceramica"
"Positive", "frustrado na praca da republica"
"Positive", "bela pedra th c pillory no centro da praca que ja foi o forum romano em pax julia perto do seculo igreja de miseric rdia cujo portico uma vez serviu como o mercado de carne da cidade"
"Positive", "vale a pena ver ele"
"Positive", "um local interessante em beja mas as mesas do cafe bar nas proximidades atras perturbar um pouco sua magia"
