Sentiment, Review
"Positive", "construcao romana"
"Positive", "um portal construido pelos romanos parte interessante e muito constante nas construcoes antigas da cidade"
"Positive", "arco romano"
"Positive", "muito bom alias a maioria das construcoes antigas sao da epoca romana aconselho uma visita compensa"
"Positive", "antiga porta de evora dava acesso ao interior das muralhas a quem vinha no norte"
"Positive", "junto tem uma antiga casa da guarda onde seria feito o controlo dos passantes colado a muralha do castelo interior"
"Positive", "simples mas bonito"
"Positive", "muito bonito e simples enquanto passeia a volta das muralhas do castelo passe por la vale a pena"
"Positive", "porta interessante"
"Positive", "porta semi destruida mas com vestigios interessantes e que merece um olhar embora nao esteja muito bem cuidada"
"Positive", "bonita"
"Positive", "a porta e bonita mas ja precisava de algum trabalho de limpeza e recuperacao"
"Positive", "a relva dos jardins precisava de ser cortada"
"Positive", "historia e atualidade"
"Positive", "muito bem preservado e enquadrado com enquadramento muito acolhedor e aprazivel bom para fotos e para apreciar"
"Positive", "arco romano no caminho"
"Positive", "rodando o centro historico de beja voce fatalmente passara por este arco romano um privilegio para poucos"
"Positive", "arco romano anexado ao castelo de beja de um lado"
"Positive", "se estiver na zona do castelo de beja encontrara facilmente este arco romano no lado antigo da cidade alto do castelo tem acesso atraves de uma calcada publica irrestrita entre o castelo e a estrada e um bom local para tirar uma foto eu nao vi nenhuma informacao postada nas proximidades o posto de turismo nos terrenos do castelo pode dizer lhe mais"
