Sentiment, Review
"Positive", "uma igreja diferente"
"Positive", "observada do exterior logo notamos a diferenca toda branca integrada no chamadogotico alentejano no seu interior verificamos a existencia do estilo barroco e de uma extraordinaria arvore de jesse e uma das igrejas mais antigas de beja e um local de visita obrigatoria recolher conteudo"
"Positive", "a torre do relogio"
"Positive", "igreja muito bonita que nao apenas pela sua atracao interior nos presenteia com belas colunas na frente e uma torre altiva com um relogio e os sinos"
"Positive", "magnifico conjunto de azulejaria em recuperacao"
"Positive", "igreja matrix de beja tem edificio contiguo com paineis de azulejos muito bonitos mas em restauro"
