Sentiment, Review
"Positive", "museu"
"Positive", "ao lado esta o museu o que vale uma visita conta muito da historia da rainha e da epoca ha muita historia"
"Positive", "simples mas bonita"
"Positive", "esta no centro da cidade numa praca perto do teatro simples mas bonita vale a pena passar por la"
"Positive", "a rainha"
"Positive", "uma das principais figuras de beja que aproveitou o reinado do irmao para tornar a cidade importante"
"Positive", "a rainha o museu e nomeado apos"
"Positive", "a estatua esta na entrada do museu fantastico razao pela qual classifiquei a estatua tao bem ha estacionamento e ha banheiros logo abaixo da estatua ela tem vista para uma grande praca mas veja o museu"
