,Avaliações
0,"Museu"
1,"Ao lado está o museu, o que vale uma visita. Conta muito da história da rainha e da época. Há muita história."
2,"Simples mas bonita"
3,"Está no centro da cidade, numa praça  perto do Teatro. Simples, mas bonita. Vale a pena passar por lá."
4,"A rainha"
5,"Uma das principais figuras de Beja, que aproveitou o reinado do irmão para tornar a cidade importante."
6,"A rainha o museu é nomeado após"
7,"A estátua está na entrada do museu fantástico, razão pela qual classifiquei a estátua tão bem. Há estacionamento e há banheiros logo abaixo da estátua. Ela tem vista para uma grande praça Mas veja o museu."
