,Avaliações
0,"Talha dourada magnífica"
1,"Por fora, ninguém prevê o que vai encontrar por dentro. Não tem muitas obras de arte mas as que tem são de elevado interesse artístico e histórico"
2,"Merece uma visita"
3,"Muito cuidada e com um altar riquíssimo, além dos vitrais e do órgão muito bem cuidada e com excelente som."
4,"Bonita igreja perto do castelo"
5,"Não longe do castelo esta igreja tem um belo interior com muitos azulejos azuis intercalados com paredes esculpidas. Muitas estátuas de santos. Você também pode ver as três salas do tesouro."
