,Avaliações
0,"Preso político ???"
1,"Ficamos na dúvida se era homenagem aos presos políticos ou aos ET’s. Podia ser também uma baleia encalhada , mas aí estaria de pé , o que não fazia muito sentido . Mas fixe "
2,"Interessante"
3,"Monumento no centro da cidade, fácil de ver, mas dificil de relacionar com os pressos políticos. Não deixa de ser um bom monumento a visionar."
4,"Obra interessante"
5,"Situada no centrinho de Beja . Pude conhecer já de noite indo para uma pizzaria da cidade. Vale a pena."
6,"Fácil de esquecer"
7,"Esta estátua é grande, mas não ficará na sua mente. Estrutura metálica simples preta. Difícil de obter a conexão com os presos políticos."
