,Avaliações
0,"Igreja"
1,"Bonita igreja. Um altar muito bonito. Tem muita história nessa igreja. Vale uma visita sem sombra de dúvidas."
2,"Antiguidade e simplicidade"
3,"Uma igreja antiga, simples, mas repleta de história e valor arqueológico. Pena estar fechada a maioria das vezes."
4,"Interessante"
5,"Um museu simples mas muito bem cuidado. É muito interessante pois tem várias peças diferentes. um bom aproveitamento da igreja."
6,"Para visitar"
7,"Museu que graças aos exemplares que detém deve ser visitado. Um espólio importante a preservar, para admirar em dias de férias em que o tempo abunda. "
8,"A Melhorar"
9,"Igreja com alguma história da região, mas muito diferente das fotos possiveis de ver na internet. Realidade não está de acordo."
10,"Séculos de história!"
11,"Os escritos e vestígios antigos de visigóticos e romanos. A importância de outras eras no momento atual."
12,"Bater com o nariz na porta"
13,"Dois dias seguidos para o visitar e embora a informação na net dissesse que estava aberto no horário em que lá fui, ESTAVA SEMPRE FECHADO! Sem qualquer informação."
14,"Excelente"
15,"Museu muito bem conseguido, funcionária 5 estrelas, atenciosa com os visitantes. Vale a pena conhecer toda a cultura depositada no seu interior"
16,"Pouca informação "
17,"A entrada custa dois euros e dá acesso ao Museu D. Leonor. O espaço encontra-se um pouco por baixo e as explicações são algo parcas na minha opinião."
18,""
19,"De interesse sobretudo para quem se interessa por este período histórico e percebe algo do assunto, caso contrário não passam de ""pedras"". "
20,"Alentejo"
21,"Atendimento pouco simpático"
22,"Pouco interessante. "
23,"Com muito pouco para mostrar e atendimento pouco simpático.  A visitar se não tiver mais nada para fazer ..."
24,"Colecção Visigótica!"
25,"Desconhecia que em Beja existia o maior espólio de peças desta arte! A visita é um momento para aprender sobre a história da cidade e do País!"
26,"Junto ao castelo"
27,"Funciona em parceria com o museu regional, com bilhete único, muito interessante e bem documentado. Vale a visita"
28,"Espaço bem documentado e de elevado interesse"
29,"Espaço bem documentado e de elevado interesse este núcleo museológico visigótico complementando todo o historial também documentado no museu Regional de Beja - Rainha D. Leonor."
30,"Máquina do tempo"
31,"Este núcleo museológico é ímpar pela coleção única que tem de vestígios visigóticos na Zona sul de Portugal."
32,"Obrigatório conhecer"
33,"Bem pertinho do Castelo este museu possui peças e recolhas únicas .Encontradas e catalogadas por antropólogos que atestam a existência de outras culturas e a importância na vida de gentes que aqui habitaram..."
34,"MAGNÍFICO"
35,"Gostei muito de visitar o Museu Visigótico em Beja."
36,"A área ocupada pelo  Museu poderá não ser muito grande mas a variedade de artefactos históricos e arqueológicos que podemos admirar é valiosíssima."
37,"Recomendo vivamente a visita a este belíssimo espaço."
38,"Muita pedra"
39,"Pedras e mais pedras. Nao deixa de ser interessante. Destaco o tumulo de um cavaleiro de el-Rei D. Dinis "
40,"Pequeno"
41,"Museu pequeno, situado em uma antiga igreja. O horário divulgado de abertura não é cumprido muito fielmente, de modo que tivemos alguma dificuldade em achar, porque da primeira vez que passamos no local estava fechado, e não há placas. O ingresso vale também para o Museu Regional D. Leonor. A foto que ilustra o cabeçalho é deste último, e não do Museu Visigótico."
42,"Um espaço pequeno com pouca variedade"
43,"É sabida a falta de vestígios visigóticos no nosso território. Por esse motivo explica-se que o museu tenha tão poucas peças, mas de facto as que encerra são muito boas, talvez únicas em Portugal."
44,"Se não se tiver uma base mínima de conhecimentos de História... vai-se sem qualquer proveito, dado nada integrar o conteúdo do museu num todo da História que conduziu ai aparecimento de Portugal."
45,"Ruinas antiguissimas"
46,"Crianças não pagam e o valor é simbólico, mesmo bilhete para o museu regional."
47,"Não necessita de muito tempo e fica ao lado do castelo."
48,"Não falha em Beja"
49,"A não perder mesmo."
50,"Igreja museu"
51,"Bom local para visitar. Gratuito. Um museu dentro de um museu já que se localiza numa igreja. A arte visigótica é pouco exposta e isso aqui é conseguido."
52,"Maior espólio visigótico nacional"
53,"Entrem e apreciem o estilo visigótico muitas das vezes reaproveitado sobre o estilo romano.Tenham em mente que este edifício foi construido por volta do século III DC e preservado ao longo dos tempos.por lá passaram romanos, visigodos e reis e rainhas portuguesas entre outros."
54,"Imperdível"
55,"Este museu fica logo atrás do castelo e funciona na antiga igreja, datada do século 6 e portanto muito antiga. Dica: a entrada permite acesso ao museu regional da cidade."
56,"Descoberto por acaso"
57,"Museu pequeno mas repleto de fragmentos que lhe conferem dimensão histórica. A capela prima pela simplicidade e austeridade do espaço, tornando-se muito acolhedora. "
58,"Apesar de pequeno..."
59,"Um bom nicho para redescobrirmos as marcas visigóticas na nossa cultura portuguesa."
60,"Apesar do espaço pequeno, houve uma boa tentativa de incluir e integrar as peças expostas, na maioria pedaços de pedra decoradas, no seu contexto. "
61,"A visitar!"
62,"A não perder"
63,"Museu da cidade, também chamado de Museu Rainha Dona Leonor, personagem que se pode ver na estátua do pátio da entrada exterior. Com história de antigo convento que acolhia a Sóror Mariana Alcoforado, autora das cartas de amor escritas a um combatente francês da guerra da restauração que ali combateu. Essas cartas viraram um famoso livro clássico de literatura universal. "
64,"Fechado e aparentemente inacessível a partir de março de 2019"
65,"Decepcionado em encerrar a marcha no final de março de 2019, sem horário de funcionamento ou qualquer outra informação fora do prédio, ou qualquer outra indicação de que estava fechado a partir do ingresso conjunto do Museu Regional."
66,"Vale a pena visitar."
67,"Este lugar merece uma visita, se tiver tempo de sobra em Beja. Há alguns artefatos interessantes aqui, mas é pequeno, mas a cidade é pequena."
68,"Não é mais uma igreja, mas, como um museu, é simples e arrumado."
69,"Os remanescentes arquitetônicos mostram influências clássicas, pagãs e cristãs primitivas. Também Sherie é a informação sobre os visigodos e um mapa interessante de suas migrações. ."
70,"Um pequeno museu mas interessante"
71,"Este museu tem muito espaço para um pequeno número de itens. No entanto, as explicações são melhores aqui do que no museu regional e por isso é mais interessante. É muito perto do castelo e vale a pena cair dentro Seu bilhete deste museu serve como entrada no museu regional também."
72,"Um dos mais antigos edifícios permanentes em Portugal"
73,"C6 Reino Visigodo Início igreja com esculturas e colunas em excelente estado de conservação (um de apenas 4.esquerda pré-românico em Portugal).  Felizmente, fomos ficando em Beja o suficiente para aguardar a reabertura da igreja (fechado devido a os problemas de saúde de um membro da equipe)."
