,Avaliações
0,"""Uma Igreja Diferente"""
1,"Observada do exterior logo notamos a diferença: toda branca,integrada no chamado""gótico-alentejano"". No seu interior verificamos a existência do estilo barroco e de uma extraordinária ""Árvore de Jessé"".É uma das igrejas mais antigas de Beja e um local de visita obrigatória.recolher conteúdo."
2,"A torre do relógio"
3,"Igreja muito bonita que, não apenas pela sua atração interior, nos presenteia com belas colunas na frente e uma torre altiva com um relógio e os sinos."
4,"Magnífico conjunto de azulejaria em recuperação"
5,"Igreja Matrix de Beja, tem edifício contíguo com painéis de azulejos muito bonitos mas em restauro..."
