,Avaliações
0,"Arco"
1,"Um arco de uma construção da época dos romanos. Vale a visita, pois na cidade há muitas ruínas de construções da antiga época dos romanos."
2,"Portas de Moura"
3,"Mais um arco de uma antiga porta de acesso ao interior das muralhas. Contiguo à muralha principal permite continuar a subida em direcção à torre e uma visita ao interior do castelo, passando pela igreja de Santo Amaro"
4,"Bonito"
5,"Enquanto passeia pela cidade passa por este elemento arquitetónico. No entanto, como não está assinalado, pode passar despercebido."
6,"Não sabia que esse arco era uma atração."
7,"Conheci esse arco, achei bem interessante, até pq a cidade de Beja tem vários arcos. Mas esse com certeza é o mais lindo. Interessante vê ele aqui no Trip e saber que é algo histórico e sua origem."
