,Avaliações
0,"Muito bom."
1,"Castelo bem conservado, com torre de menagem altiva e exuberante, pena fechar a horas proibitivas. Pode-se dar a volta por fora e tirar umas fotos."
2,"Bonito, mas podia ser melhor"
3,"Castelo bonito numa zona central de Beja. Não se paga para entrar nem para andar pelas muralhas. A vista é bonita e tranquila. Existe um parque de terra gratuito ao lado do castelo."
4,""
5," No entanto, apesar de existirem pessoas dedicadas, não se vende qualquer tipo de recordações."
6,"Também não é possível subir à torre o que foi uma desilusão. "
7,"A rever. "
8,"Bem preservado"
9,"É central e tem uma torre bem alta!"
10,"Serve de referência para quem circula perto de Beja."
11,"A partir do castelo, percorremos as ruas e parte antiga da cidade até aos pontos de interesse e restauração."
12,"Vista magnifica sobre a cidade"
13,"É agradável passear pelas muralhas e usufruir da vista de 360º que dali se tem sobre a cidade. Apesar de não ser possível visitar o interior da torre (já tinha fechado) o percorrer as muralhas valeu sem duvida uma visita não só por ser uma das principais atrações da cidade mas pela sua vista."
14,"Castelo simpático para passeio e uma vista de 360º sobre Beja"
15,"O Castelo, tem uns degraus ingremes mas largos o que facilitou a subida e descida (mas nao aconselhado a idosos), dando uma vista fantástica de 360º de Beja e da paisagem alentejana."
16,"Torre muito bonita"
17,"Bela é uma das capitais de distrito do Alentejo, dizem que o Alentejo é terra de castelos, logo o castelo de Beja tinha de ser imponente .... Correspondeu às expectativas, sobressai a torre a fazer lembrar a torre de belém.... Está bem conservado e para passear nas muralhas não se paga! A cidade de Beja é muito pacata e limpa aconselho depois da visita ao castelo uma refeição regional na cidade!"
18,"Castelo de Beja"
19,"Romântico à luz do luar, majestoso durante o dia, encanta quem o visita assim como a cidade com os seus recantos e ainda o Museu/Convento da Conceição, riquíssimo! De gastronomia estamos falados, simplesmente do melhor que há em Portugal! A cidade Pax Julia de onde César queria oferecer a paz e a cidade dos amores proibidos como aquele entre a Sóror Mariana Alcoforado com o seu tenente francês! Beja, princesa da planície, vale bem a visita!"
20,"A principal atração da cidade"
21,"Apesar de não ser possível visitar-lo  interior da corre o castelo vale sem duvida uma visita não só por ser a principal atração da cidade mas pela vista do topo das suas muralhas."
22,"Relíquia "
23,"Que beleza."
24,"A Cidade é linda e muito calma gastronomia de eleição, acessos muito bons e modernos."
25,"Muitas herdades, adegas e hotel de expoente máximo :- Vila Galé Clube de Campo a cerca de 20 km., onde pode fazer passeios de balão. "
26,"Castelo Beja e sua torre menagem"
27,"5 estrelas e a maior torre menagem da península i Érica do seu topo consevue-se vislumbrar todos os concelhos à volta do concelho de Beja."
28,"Paragem obrigatória "
29,"Paragem obrigatória em Beja e o ícone da cidade. O castelo permite uma interessante visita que termina com a magnífica vista na subida ao cimo da torre. "
30,"Poderia estar em melhor estado de conservação e com alguma espécie de guia Historico para os visitantes, o que nós deixa um pouco perdidos na sua visita. "
31,"Castelo"
32,"Infelizmente, estava fechado por motivo de reformas, inclusive no lado de fora. Só pudemos ver o lado de fora. Mas vale a visita."
33,"Pequeno e charmoso"
34,"Nada de mais, vale a pena só pela vista dos campos. Castelo muito pequenino mas incrivelmente bem conservado. "
35,"Muito bem conservado"
36,"Monumento que surpreendeu pela positiva."
37,"Muito bem conservado e limpo e com vista impressionante da sua torre sobre Beja e arredores. "
38,"Sem duvida o ex libris desta cidade."
39,"A torre mais alta de Portugal"
40,"Para além da vista fabulosa que do alto da torre se consegue ter da magnífica planície alentejana, em dias de boa visibilidade, é possível ver a serra algarvia. As suas muralhas percorrem grande parte da cidade, sendo possível ter uma ideia de como eram as ruas e as casas da altura. A não perder."
41,"Muito lindo"
42,"Local muito bonito. Subindo na torre, a vista é maravilhosa!!! Vale a pena a visita ao Castelo, ao Museu Regional e à Igreja Nossa Senhora dos Prazeres."
43,"Agradavel "
44,"Bom sítio para se visitar em beja . "
45,"Fui no sabado na parte da manhã e estava aberto ate ao 12.30 "
46,"Vista bonita sobre a cidade "
47,"Tem uma loja para comprar recordações "
48,"Staff simpático "
49,"Regular"
50,"Apenas um muro de pedra com restauração recente como tantos outros existentes em toda a Europa.Torre fecha na hora do almoço, é recomendável ir ao fim da tarde e subir as escadas íngremes com muito cuidado e atenção."
51,"Muito bonito"
52,"Vale a pena visitar. A loja de turismo é lá dentro. Suba à torre e tem uma vista espetacular sobre a cidade. "
53,"Belo castelo"
54,"Torre de menagem imponente. Para os apaixonados deste tipo de turismo vale bem a pena. A não perder passando por estes lados. "
55,"Excelente vista"
56,"Castelo em bom estado que permite ter uma excelente vista sobre Beja e região circundante. Bom local para deixar o carro e passear pela cidade."
57,"Torre bem conservada"
58,"Do castelo praticamente só sobra a torre de menagem, que dá para ver que é sujeita a manutenção e já foi alvo de recuperação bem feita. Um barzinho no pátio dá para tomar uma bebida para refrescar"
59,"O grande miradouro de Beja"
60,"Um ponto turístico obrigatório para quem queira conhecer Beja! Situado bem no centro desta cidade alentejana, tem uma paisagem privilegiada sobre toda a cidade e arredores. O Castelo é bastante enigmático, transportando-nos para a época medieval. De uma beleza inigualável tanto de dia como de noite, vale bastante vê-lo com os seus próprios olhos e aproveitar para tirar umas boas fotografias."
61,"Cartão postal de Beja"
62,"O Castelo está muito bem conservado.  É possível circular por todo entorno junto a muralha, tendo vista 360° da cidade.  A torre possui três salas intermediárias interessantes e boas para parar e tomar um fôlego pois são mais de 180 degraus nos 40 metros de altura, sendo a mais alta da Península Ibérica.  O ingresso é gratuito, infelizmente, pois este patrimônio merece um cuidado para evitar a ação de vândalos, que nem sempre se dão conta, por exemplo, que uma foto pendurada no pescoço da estátua, pode derrubar e quebrar um patrimônio de mais de 1000 anos.  "
63,"Bom passeio"
64,"Bom passeio para relaxar e aproveitar a vista sobre a cidade. Cuidado com o calor eheheh .  Aproveitar as vistas "
65,"Óptimo local para iniciar a visita cultural!"
66,"Ao subir ao Castelo é possível ver toda a cidade e os seus arredores, vista deslumbrante e ambiente medieval."
67,"O castelo está muito bem conservado, tem entrada livre e acesso à torre de menagem, de onde se tem uma magnífica vista sobre toda a cidade"
68,"Está limpo.... "
69,"Está limpo, conservado e tem acesso gratuito..."
70,"A torre tem uma vista muito interessante. "
71,"Aparentemente, é só o que tem para oferecer. "
72,"Bem interessante!"
73,"Castelo com boa conservação. Aberto ao público para visitação. Tem um banheiro. Torre de 183 degraus proporciona bonita visão. Vale a pena."
74,"Vista panorâmica da cidade"
75,"O castelo encontra-se bem conservado e permite a partir da sua torre de menagem uma vista panorâmica da cidade. Embora não se pague para visitar, deveria haver um funcionário que controlasse o espaço. Dispõe de um café no seu interior e de WC, embora não exista sinalética indicativa das instalações sanitárias."
76,"Visita ao Castelo"
77,"Interessante conhecer e ver a vista das muralhas do castelo, mas pode ser um passeio rápido, em 30 minutos é possível ver tudo."
78,"Castelo muito belo"
79,"Top"
80,"Entrada livre."
81,"Torre de menagem acessível."
82,"Vista espetacular de toda a cidade."
83,"Recomendável para quem tem interesse por monumentos históricos "
84,"vista deslumbrante subindo as 168 degraus"
85,"Visitar o castelo em baixo é uma coisa mas subir os cerca de 168 degraus e de facto uma proeza que vala bem a pena pela vista deslumbrante que nos proporciona. Os degraus são fáceis de subir, e tem intervalos para descanso. Mais acima começa a estreitar e temos que esperar pelos que descem ou caso contrário os que sobem. Não podem subir e descer ao mesmo tempo em simultaneo.A vista dos 4 quadrantes é indescritível. Ir a Beja e não subir a torre é como ir a Roma e não ver o Papa."
86,"Um dos castelos mais lindos com certeza!"
87,"O castelo de Beja, tem uma arquitetura muito bonita. Se mantém como um dos mais bonitos da região, seu jardim e sua estrutura interior é bastante conservada e o mirante é muito bonito."
88,"Vale a pena conhecer!"
89,"Torre muito bonita!"
90,"A torre do castelo é lindíssima!"
91,"Poderia ter algum funcionário no local a controlar as subidas e descidas, pois existem passagem apertadas."
92,"A vista das planícies, um pedaço de história"
93,"Ao visitar Beja, vale a pena ir ao Castelo. Sem limitação no acesso, permite ter uma vista agradável na torre de menagem. "
94,"Monumento a visitar em Beja"
95,"Se for a Beja não deixe de visitar este monumento e de subir a torre de menagem do castelo. Se levar crianças pode ser um pouco cansativo mas proveitoso porque os miúdos divertem-se a subir e imaginar os guerreiros."
96,"Castelo de acesso fácil, muito bem cuidado e preservado. Páteo limpo e cheio de verde. Pode-se subir à torre, com entrada gratuíta. Pessoal muito simpático. Merece uma visita!"
97,"Um pequeno castelo dentro da cidade"
98,"Bem preservado e perto do centro; com melhorias recentemente implementadas. Vale a pena subir para ver a vista e sentir a atmosfera do passado"
99,"Passeio"
100,"Um Sitio descontraído com uma vista muito boa da cidade de Beja. Acredito que seja um local bom para tirar umas boas fotografias com amigos e familiares, recomendo."
101,"Lindo castelo"
102,"Este castelo encontra-se num bom estado de conservação. Da sua Torre de Menagem, bem conservada, tem-se uma vista sobre toda a cidade."
103,"Inesquecível!"
104,"Maravilhoso! O por do sol visto do Castelo é ainda mais esplendoroso! Pisar em locais históricos tão bem conservados causa muita emoção!"
105,"Mal recuperado"
106,"Penso que o governo deveria de fazer melhor na recuperacao dos castelos como o de Beja,"
107,"Nem tudo è Lisboa e Porto."
108,"Este castelo com uma história fantástica e do mais antigos bem como o que tem a torre da menagem mais altas do pais, devia de ter uma programa de recuperação mais adequado e não serem usadas matérias fora de época que destroem toda a fachada.   "
109,"Bonito porém pequeno"
110,"Um pequeno castelo no centro da cidade, visitei apenas por fora, estiva de passagem pela região e entrei na cidade para ver o castelo e gostei."
111,"Viagem no Tempo"
112,"Passear por um castelo medieval é com viajar no tempo. O passeio é gratuito. Andar pelas muralhas, e, subir até o topo da muralha e desfrutar de uma vista de 360o é maravilhoso."
113,"Lindo"
114,"Castelo muito bonito e em ótimo estado de conservação. Tem uma vista espetacular da cidade e tanto por fora como por dentro é realmente deslumbrante. "
115,"Portugal no seu melhor"
116,"Recomenda se vivamente a subir ao castelo e ver a vista deslumbrante sobre a cidade de Beja ."
117,"As escadas íngremes o estreitas dificultam ou até mesmo impossibilitam pessoas de mobilidade reduzida. Pouco ou nada se pode fazer para melhorar este ponto...... VALE A PENA (MESMO ) visitar 👍👍👍👍👍"
118,"agradável mas sem elevador"
119,"subir ao cimo da torre de menagem ,proporciona uma vista única sobre a planície alentejana. a torre deste tipo mais alta de Europa e tanbém o ponto mais alto do alentejo, as escadas são muitas ,mas compensa o esforço"
120,"Ótimo passeio "
121,"Um belo passeio. A Torre da Menagem , muito alta, oferece uma vista linda, compensando os quase duzentos degraus. "
122,"Agradável Surpresa"
123,"Foi uma agradavel surpresa visitar este Castelo após as obras que teve."
124,"Aproveitei para visitar melhor e de facto, é dos castelos mais bonitos, com melhores vistas sobre a planicie alentejana."
125,"Apesar de estar fechado á noite, aconselho a visitar o seu exterior pois o jogo de luzes, as arvores torno o local fantastico."
126,"ATENÇÃO ás carteiras e coisas de valor pois é um local com algumas pessoas com ""ar duvidoso"""
127,"Castelo simples mas com vista espetacular!"
128,"O castelo é pequeno mas encontra-se em bom estado conservação e limpeza."
129,"Está no centro histórico de Beja e num dos pontos mais altos da cidade."
130,"No seu interior tem a casa que pertencia ao Governador da Cidade, agora convertido parcialmente em bar / café."
131,"O que merece a sua visita é a torre, com mais de 200 degraus para subir, com mais de 35 m de altura."
132,"Tem várias paragens intermédias possíveis, creio que são 3 sala, onde se pode ler um pouco da história de cada uma assim como descançar as pernas! :)"
133,"No topo está uma vista deslumbrante sobre a cidade, 360º!!!"
134,"É que a torre do castelo acaba por ser o mais alto edifício em toda a cidade de Beja!"
135,"Só por isso merece visitar!"
136,"Local interessante e bem preservado"
137,"Falta um pouco de informação mas a construção está bem preservada. Pela posição privilegiada, ali devia ser o local de vigia que identificaria qualquer movimento no sentido da cidade. A entrada é gratis e o passeio leva uns 40 minutos. "
138,"Dica: Antes de ir se informe sobre os horários, por exemplo na hora do almoço o local fica fechado. "
139,"Interessante"
140,"Vale pela esplêndida vista da Torre de Menagem que compensa o esforço da subida! Poderia estar mais bem conservado e atrativo para locais e turistas! "
141,"Vista boa mas mal aproveitado"
142,"Vista boa mas mal aproveitado."
143,"Não tem material iterativo ou explicativo dentro do museu...não faz sentido."
144,"Apenas duas placas simples e com pouca informação."
145,"Merecia outra gestão, sobretudo nos dias de hoje em que os turistas estão mais exigentes, mais cultos e procuram enriquecimento cultural."
146,"A torre é a melhor atracção."
147,"Bem conservado, bem servido por um estacionamento, há um café em seu interior e uma vasta área para explorar. A torre é a melhor parte."
148,"Torre espetacular"
149,"No castelo de Beja destaca-se a Torre com quase 40 metros, que proporciona uma vista fantástica sobre a cidade e a sua envolvência. A entrada é gratuita, é existe estacionamento por perto. Vale a pena visitar."
150,"Vista panorâmica "
151,"A visita ao Castelo consiste essencialmente na subida à torre de menagem, a mais alta da Peninsula Ibérica com os seus 38,8 metros de altura."
152,"A entrada é gratuita. "
153,"Relaxante"
154,"É uma visita com um sabor a viagem no tempo."
155,"Os miúdos adoraram , fácil acesso. Há estacionamento à volta. Tem uma vista fantástica e é possível ter refeições parto."
156,"Aconselho a visitar"
157,"Ferias em Beja"
158,"Local a visitar e para quem nao tiver vertigens e estiver bem preparado para subir os 186 degraus da torre do menagem a vista compensa"
159,"Castelo lindíssimo!"
160,"Castelo muito bem conservado e que permite umas vistas soberbas. Subir à torre e olhar sob Beja e Espanha é fantástico. A senhora que nos atendeu foi muito simpática e prestável e o preço são uns simbólicos 2 euros."
161,"Vista maravilhosa"
162,"A torre de Menagem é linda e tem uma vista deslumbrante. Lugar fantástico para visitar em qualquer tipo de situação, seja em família ou com amigos."
163,"O Castelo de Beja está muito bem cuidado, sendo possível subir à torra e desfrutar das vistas fantásticas sobre a cidade de Beja. Visita obrigatória."
164,"Muito bonito e vem conservado"
165,"Adoramos a visita. Castelo muito bem conservado e muito bonito. Digno de se ver. As pessoas que lá trabalham são muito acolhedoras e simpáticas. "
166,"fantastico!"
167,"Bem recuperado,em bom estado de conservação,imponencia e com uma vista fantastica sobre a planicie alentejana.Entrada Gratis."
168,"Simplismente lindo <3"
169,"Amei toda a cidade, povo receptivo clima agradavel e monumentos incriveis incluindo este. Muita historia e cultura a se desfrutar."
170,"Se você está em Beja vale conhecer, mas nada de especial. Apenas subir para ver a vista da cidade, isso se não tiver problemas com escadas"
171,"Intervenção e recuperação do edificado do castelo com mais valia para os visitantes"
172,"Espaço envolvente cuidado. Facilidade no acesso e boa circulação no espaço de muralha. Excelente local de visita."
173,"Castelo altaneio"
174,"Com uma vista deslumbrante o castelo de Beja presenteia-nos com uma vista sobre a vasta planície alentejana, magnífica."
175,"Lindo Castelo de Beja!"
176,"O Alentejo é lindo, quente e lindo!"
177,"Torre de Menagem, sem dúvida linda!"
178,"Vale a pena visitar o Alentejo 1"
179,"Um excelente local para visitar!"
180,"A torre do Castelo tem vistas fantásticas sobre a cidade de Beja. É gratuito e tem parque de estacionamento perto do local. "
181,"A perder de vista"
182,"Impressionante torre de menagem."
183,"Conforme descrito, permite ver a kms de distância em todas as direções."
184,"Bem arranjado, grátis e de fácil acesso."
185,"Perceber os porquês e conhecer z história que que é e faz o nosso país."
186,"Triste é ver a falta de respeito que certas pessoas têm pelo patrimônio nacional."
187,"Fazer inscrições estúpidas em estátuas com séculos de existência!!!"
188,"A mais alta..."
189,"A mais alta torre de menagem do país..."
190,"Muitas escadas para subir para encontrar uma vista de cortar a respiração... "
191,"Castelo bem conservado, sendo possível caminhar nalgumas muralhas."
192,"Castelo Beja"
193,"Vale a pena visitar o Castelo de Beja. De fácil acesso e gratuito, permite subir às muralhas, até ao topo e contemplar a vista da vasta planície."
194,"Viagem Portugal "
195,"Vale a visita sim, afinal, pontos históricos e em lugares diferentes aos grandes centros e de grande trânsito de turistas, sempre vale a pena. Para quem está passeando de Évora para Região de Lagos, parar para esticar as pernas e conhecer, afinal está no caminho. Recomendo sim."
196,"É um castelo pequeno, mas tem a sua história."
197,"Apesar de ser pequeno, vale a pena visitar. Tem uma torre que se pode subir e ver a paisagem. Está situado no centro e tem um parque para estacionar as viaturas."
198,"Parabéns pela conservação "
199,"Este espaço está muito bem conservado, à vista é fantástica e permite ver toda a cidade do topo da torre. Uma situação muito interessante é ser de visita gratuita, o que é cada vez mais raro."
200,"Super conservado"
201,"Eu fico muito contente quando vejo castelos bem conservados pelo mundo. Este estava muito mesmo conservado. Pode-se entrar sem pagar nada."
202,"Uma Torre para subir"
203,"Os restos do castelo de Beja, com uma torre reconstruída."
204,"A subida ao cimo da torre vale o esforço, são 183 degraus em espiral, mas a vista lá de cima é espetacular."
205,"O miradouro de beja"
206,"Um belo monumento a visitar. É possivel ver toda cidade de cima das torres. Lugar cuidado e limpo. Entrada gratis. Vale bem a visita. "
207,"Fantástico"
208,"Gostámos muito do castelo, mas gostaríamos de destacar principalmente a amabilidade do senhor funcionário que nos recebeu no posto de turismo. Um bem-haja e obrigado pela simpatia!"
209,"A bucólica Beja e seu castelo"
210,"Beja é uma pequena cidade do Alentejo muito graciosa pela sua simplicidade, pelas casinhas brancas, pelo vagar do seu cotidiano. O Castelo de Beja é bem interessante, a muralha e a torre foram revitalizadas. Do alto da Torre podemos ver a cidade toda."
211,"Bonito Castelo"
212,"Bonito Castelo, muito bem cuidado por fora, não foi possível ver por dentro. Vale a pena passar por lá pois é único a visita a um castelo."
213,"Extraordinário "
214,"Chegámos já quase na hora de fecho da torre do castelo; na verdade está já deveria estar fechada mas como a senhora do posto de turismo estava com visitantes não o fez mais cedo. Após uma breve troca de informações a senhora disse para irmos à torre dado que ela ainda tinha de subir ao topo para fechar tudo."
215,"Subimos e a cada fase desta torre fantástica ficávamos cada vez mais maravilhados com a beleza de algo construído numa época em que não havia máquinas como hoje."
216,"Quando chegámos ao topo a senhora juntou-se a nós e, apesar de já estar mais do que na hora de saída, perdeu tempo a explicar-nos tudo o que questionámos sobre a cidade, sobre o castelo... tenho pena de não me lembrar do nome da senhora, mas a simpatia nunca será esquecida."
217,"E a vista deste local sobre a cidade de Beja e sobre a planície toda à volta é de cortar a respiração. "
218,"Vale a pena"
219,"Castelo muito bonito, torre de menagem das maiores da península ibérica, bem conservado. Vista lindíssima sobre uma cidade parada no tempo"
220,"Castelo bonito, vale a pena"
221,"o Castelo é muito bonito, tem paisagens lindas, muitas escadas para chegar ao cima da torre. o único sítio de Beja que vale a pena ver. "
222,"cidade parada no tempo"
223,"terça-feira, cidade velha e sem vida, parada no tempo, o castelo estava fechado,a zona da mouraria achei pouco interessante, demasiado simples, palacetes degradados incluindo o da GNR,enorme e uma parte das parede a cair, o parque da cidade, pouco cuidado e com algum lixo, se não fosse as laranjeiras carregadas de laranjas a dar a sua graça....."
224,"Passeio "
225,"Gostei sítio muinto tranquilo para passar calmo sossegado com vistas muinto bonitas quando poder voltarei "
226,"Nada especial"
227,"Só gostei da vista para Os arredores de Beja. Apesar de haver um café no interior, nao é nada de especial."
228,"Regresso ao passado"
229,"Simplista e sui generis. Mas tem muralhas é uma torre com muitos degraus..."
230,"Visita em 30m mas com exercícios de pernas a preceito!"
231,"Cheio de charme e rico em história!"
232,"Beja, cidade medieval. Após 500 anos do domínio mouro, Al Andaluz Islâmico, foi retomada e reconstruída pelo rei de Portugal. Torre de 40 metros de altura, com nova estratégia para ataque e defesa com três níveis de torre e e em pontos diversos, com criação de muralhas com passadiços mais largos e com agulhas para ataque vertical."
233,"A visitar em Beja"
234,"Um bonito Castelo no meio da cidade de Beja. Com vista à paisagem alentejana. Nota-se na torre principal uma reconstrução recente com pedra atual, que tendo em conta o lado positivo não deixou que o castelo ficasse em ruínas mas por outro lado está presente a atualidade o que descaracteriza um pouco. Mas é um monumento a não perder por quem passa por ali. "
235,"Mais um castelo altaneiro"
236,"Mais um pouco da nossa história... Subir a torre do castelo só é aconselhável a quem não sofra de vertigens e que tenha ingerido uma bela refeição."
237,"tipico do alentejo"
238,"um castelo que, como quase todos no alentejo, vale pela vista. A vista e magnifica com planicies a perder de vista"
239,"Ótimo passeio!"
240,"Um passeio pela história de Portugal, o Castelo de Beja é uma visita obrigatória em Beja!"
241,"A vista é simplesmente incrível! Vale a pena percorrer cada corredor e cada escadaria do castelo!"
242,"Mas vá com um tênis confortável, a caminhada é longa!"
243,"Torre altaneira"
244,"A mais alta e bela torre de menagem de Portugal. Avistada a quilómetros quando nos aproximamos de Beja, vale a pena subir ao seu terraço e ver todo o Alentejo!"
245,"Um castelo impunente onde a sua torre menagem é referencia nacional."
246,"Uma visita a este local é certa de conter muitas historias para recordar no dia de amanhã."
247,"Melhor local do Alentejo para visitar. Com a maior e melhor torre de menagem de Europa. Optimo para um passeio familiar ou em casal."
248,"Lindo castelo "
249,"O pessoal não fala muito de Beja, Mas gostei muito da cidade, em especial do castelo. Tem uma imponência tremenda e uma vista muito ampla em dias límpidos, de sua torre central. Vale muito a visita."
250,"Pequeno mas divertido"
251,"É um bom sitio para uma pequena e rápida visita."
252,"O castelo está bem arranjado e da para chegar ao cimo da Torre."
253,"Castelo e Torre de Menagem muito interessantes"
254,"O castelo e a torre de menagem merecem sem dúvida uma visita. Da torre de menagem, bem imponente, pode-se apreciar uma vista bem agradável sobre toda a cidade de Beja. É possível chegar até ao topo da Torre."
255,"É uma visita gratuita."
256,"Bonito castelo com vista imponente"
257,"Bonito castelo com vista imponente e gratuito, o único ponto contra será o acesso impeditivo a pessoas com deficiência, mas será difícil resolver."
258,"Linda vista lá de cima e grátis!"
259,"Entrada livre. Possibilidade de subir na torre e ter uma linda vista."
260,"No centro de Beja. Estacionamento a volta do castelo grátis."
261,"Torre de menagem imponente"
262,"As vistas do castelo para as planícies alentejanas são um encanto. É cansativo, mas vale a pena subir ao topo da torre de menagem."
263,"Recomendo"
264,"Belo monumento."
265,"Sabendo-se da sua existência...porque sinalização não existe...vale muito a pena visitar..muito bem conservado é rico em património histórico...uma torre de menagem a valer o esforço de subir a 38 metros por escada..vista vislumbraste.."
266,"Uau!"
267,"Vista deslumbrante, espaço bem conservado, com algumas explicações interessantes. A subida à torre não foi fácil para as crianças mas adoraram a aventura."
268,"Castelo mais lindo do Alentejo"
269,"Fui um diversos castelos e este é o mais bonito do Alentejo. Prepare-se lara subir os 180 degraus da torre, pois a vista é imperdível! "
270,"Uma ida ao Castelo"
271,"Não muito grande mas depois de admirar mais este monumento pode ver uma vista ampla e abrangente de Beja cidade."
272,"Bela Vista"
273,"Castelo muito bonito, com uma vista magnífica sobre a cidade e a planície alentejana."
274,"Ideal também para quem gosta da História de Portugal."
275,"Torre de menagem do castelo"
276,"A torre foi restaurada e é possível visita-la até ao ultimo nível, a vista é maravilhosa sobre a cidade de Beja e os terrenos que a circundam."
277,"Belíssimo castelo, belíssima vista"
278,"Belíssimo castelo, muito bem preservado. Vale a pena a subida à torre, custa um bocadinho mas a vista sobre a cidade é magnifica."
279,"Consegui chegar ao topo do Castelo que tem uma vista magnifica dobra a cidade"
280,"Recomendo a todos aqueles que se interessam por historia além disso esta muito bem conservado e a chegada ao topo temos uma vista deslumbrante sobre a cidade de Beja."
281,"Visita histórica"
282,"Bonito o local com óptima vista. Recomendo a tem gosta de história ou de uma bela vista... Dá para ver Beja em toda a sua área....                             "
283,"Fim de semana "
284,"Visita agradável com excelente vista panorâmica da cidade de Beja e dos campos agrícolas adjacentes, espaços cuidados e limpos. Torre de menagem muito bem cuidada. "
285,"Passagem por Beja"
286,"A visita a este castelo é imprecindivel. Tudo muito bem cuidado. Se tiver coragem suba à Torre. São 200 degraus, mas vale a pena pela vista."
287,"Uma majestosa vista sob a planície."
288,"É a maior torre da península Ibérica, com uma vista majestosa sob a planície."
289,"Tem uma manutenção excelente e um bom posto turístico no local."
290,"Renovado castelo"
291,"O castelo de Beja é ponto de paragem obrigatório para quem visita esta cidade do interior alentejano."
292,"Com umas vistas 360 graus no topo da torre sobre toda a cidade, a verdade é que este espaço leva-nos de novo para os idos tempos dos reis e das raínhas."
293,"As suas infindáveis escadas conduzem-nos à magia da História de Portugal e que culminam no último piso que oferece um vislumbre quase mágico a partir da sua torre principal."
294,"A torre cimeira sobre a cidade"
295,"O castelo de Beja foi alvo de obras de conservação, o que o deixou muito apelativo e bem enquadrado na malha urbana da cidade. A sua torre destaca-se no centro histórico da cidade. A visita ao castelo e à sua torre é obrigatória para se ter uma panorâmica geral da cidade."
296,"Familiar"
297,"Um dos castelos mais encantadores . Muito bem conservado custa um pouco subir as escadas mas quando se atinge o topo é uma sensação maravilhosa ver a vista panorâmica da nossa cidade e a planície alentejana.  Quem visitar uma vez vai ficar encantado e volta de certeza com mais família ou amigos "
298,"atracção principal ou (prato principal)"
299,"É dos poucos castelos de portugal que já visitei e não paguei para entrar e mesmo assim esta impecável e bem conservado. parabéns a quem toma conta do castelo"
300,"Até perder de vista"
301,"Um espaço estimado e bem preservado tanto no exterior como no interior. Após alguns degraus, a vista do topo da torre é até perder de vista. Aos sábados de manhã podem contar com uma pequena feira ás suas portas."
302,"Muito agradável"
303,"Castelo muito bonito e limpo. A torre e lindíssima, não se paga para visitar. Tem loja no interior para levar uma lembrança."
304,"Visita ao domingo"
305,"Belo local para tirar fotos. Entrada gratuita. Não é exatamente um castelo, apenas as muralhas e uma torre. Não deixe de subir até o cume da torre para admirar a paisagem."
306,"Mais alta torre menagem da Iberia "
307,"Excelente vista. Muitos degraus. Possibilidade de melhorar o espaço. Boas informações no posto turismo"
308,"Ex-libris da cidade."
309,"Reza a lenda que que sobe à sua torre altaneira para apreciar a magnifica planicie alentejana, se enamora na cidade e dela mais não se esquecerá."
310,"Beja encatadora"
311,"O castelo de Beja está muito bem recuperado e permite que entremos numa outra época da cidade contando a história do nosso país."
312,"Alentejo"
313,"Fantástico espaço e excelentemente conservado. Subida torre de menagem é imperativo de visitar. Subir as escadas vale a pena. "
314,"Beja "
315,"Castelo histórico e no geral bem conservado. Nas escadarias o piso está muito gasto e torna-se especialmente perigoso para as crianças. "
316,"Ademiravel"
317,"Não tem nada de especial, com a exceção de Subir a torre de menagem, Vistas maravilhosas sobre a planície alentejana! Vale a pena subir aqueles 45 metros! "
318,"Visita aconselhada"
319,"Vir a Beja e não ver o Castelo...é lamentável. É um Castelo simples, que pode ser visto em 1 ou 2 horas.Bastante fotogênico."
320,"Medieval e bem conservado "
321,"Na interessante cidade de Beja , no baixo Alentejo , esse castelo-fortaleza , apresenta-se muito bem cuidado . Situado no centro da cidade , chama a atenção pela imponente torre de menagem .Vale bem  a visita."
322,"Torre de Menagem muito interessante."
323,"O Castelo de Beja vale a pena visitar pela sua torre de menagem, a mais alta de Portugal"
324,"Do topo da torre tem-se uma vista espectacular, conseguindo-se ver todo o Baixo Alentejo."
325,"Simples porém muito legal"
326,"Situado no centro da cidade é possível visitá-lo por completo."
327,"Entrada é franca e sem guias."
328,"Vale a pena subir a sua torre e ter uma vista muito boa de toda a cidade e região."
329,"Gostei"
330,"Adorei o castelo de Beja e espero que o castelo mantenha se vivo eu recomendo pessoas a ir ao castelo tem uma vista fantastia"
331,"Vale a pena visitar"
332,"Prepare-se para subir..."
333,"Mas a subida compensa ! Excelente vista sobre a cidade."
334,"Um dos ex libris da cidade."
335,"Local interessante"
336,"O  Castelo e o sítio histórico vale a pena conhecer, porém a área histórica de Beja, deixa muito a desejar para quem não estiver com um guia, pois não existe nenhuma informação que indique os locais mais interessantes, tornando o passeio muito cansativo, pois ficamos dando volta sem saber para onde ir."
337,"História Medieval "
338,"Castelo muito bem arranjado, com espaço de passeio e com a oportunidade de ter uma das melhores vistas sobre a cidade de Beja. "
339,"Mais um castelo"
340,"Com uma vista espectacular sobre Beja , as muralhas estão bem conservadas mas no exterior o cheiro a casa de banho publica prolifera ."
341,"Bonito"
342,"É interessante têm uma vista espectacular sobre a cidade de beja.recomendo é um destino a não perder."
343,"Excelente conservação"
344,"Visitei Beja com uns amigos e ficámos encantados com a conservação do castelo e com a vista da torre de menagem. Gratuito. "
345,"Pouco atractivo "
346,"Por fora parece atrativo mas infelizmente não conseguimos visitar por dentro pois estava fechado e não tinha nenhuma informação sobre o funcionamento. "
347,"Torre de menagem imponente "
348,"A torre de menagem é única, com os seus cerca de 80 metros e algo que não tinha visto até hoje, os matacães, seteiras verticais no topo da torre que nos dão um calafrio de altura e do conceito de defesa. Muito bonito e bem recuperado."
349,"Vista soberba sobre a cidade"
350,"Castelo muito bem conservado, com a torre de menagem mais alta da Península Ibérica."
351,"Para além da existência de um Posto de Turismo no interior, em excelentes instalações, o castelo está muito bem conservado e da torre de menagem tem-se uma vista de 360º sobre a cidade e região. Soberba!"
352,"Do alto se avista toda a cidade!"
353,"Bonita torre de menagem, que permite no topo avistar toda a cidade! Bem conservada! Entrada gratuita!"
354,"Em boas condições apenas a torre de menagem"
355,"Para quem está em Beja vale a visita, mas não espere muito. O castelo, para quem olha da rua, parece imponente, mas apesar de bem cuidado carece de maiores interesses, a não ser a torre de menagem que ainda guarda alguma história."
356,"Mais um castelo muito bacana!"
357,"Sou obrigado a dizer que Beja não foi a cidade que mais gostei no Alentejo, embora tenha ficado num hotel muito bacana (Convento de São Francisco) e tenha boas opções de Enoturismo! "
358,"O Castelo de Beja é bem bacana, fica dentro da cidade e a noite é mais bonito ainda!"
359,"Torre imponente"
360,"O castelo está muito bem conservado, tem uma torre altíssima e bastante imponente. Pareceu-me faltar algum dinamismo para transportar o visitante para a época medieval. Sugeria um simples vídeo com a história relatada deste belo castelo."
361,"Um vista maravilhosa!"
362,"Uma vista maravilhosa da cidade e da planície! Inserido num centro histórico igualmente bonito e com sítios típicos alentejanos onde pode petiscar!"
363,"Vista bonita"
364,"Bonito castelo com vista encantadora sobre a cidade. No entanto, poucos motivos de interesse no interior!"
365,"Pequeno Castelo"
366,"Um pequeno Castelo que está muito bem cuidado. Muitas escadas para chegar ao cimo da torre mas vale a pena, a vista da Torre é muito bonita e conseguimos ter uma bela panoramica da cidade."
367,"Banal"
368,"Está bem conservado, no entanto os motivos de interesse são bastante reduzidos, até mesmo pelas dimensões do espaço, bastante pequeno. Dá para observar grande parte da cidade, mas nada mais. Pouco interessante."
369,"Encantador!"
370,"O Castelo de Beja é o ex-libris da cidade. O castelo é de uma imponência invulgar e tem a Torre de Menagem com uma lindissima vista."
371,"Escadas!!! E escadas e escadas!!! Mas valeu a pena "
372,"Como estávamos de visita passamos pelo castelo de Beja "
373,"Achamos que de uma forma geral tinha um aspecto cuidado e limpo"
374,"A torre era alta mas valeu a pena a subida"
375,"Vale a pena a visita. Bem recuperado e umas vistas optimas"
376,"O Castelo está muito Bem recuperado e tem umas vistas muito boas da cidade. O posto de Turismo tem um bom mapa da àrea (Beja e arredores) q toda a inf importante"
377,"Excelente Torre"
378,"Um Castelo que me surpreendeu, uma Torre bem cuidada, limpa e com vista sobre a Cidade. Bastante segura para visitar com crianças"
379,"uma vista bonita lá do alto"
380,"Uma vista bonita lá do alto, em que podemos vêr toda a cidade de BEJA. O espaço podia ser mais bem aproveitado."
381,"Vista panorâmica da cidade e arredores"
382,"O castelo de Beja é ótimo para reviver a história de Portugal, oferece uma vista fantástica sobre a cidade e suas planícies."
383,"Local incrível"
384,"Melhor monumento para visitar na cidade de Beja."
385,"Conseguimos ter uma perspectiva da cidade e arredores."
386,"Beleza na cidade"
387,"O castelo de Beja é uma beleza na cidade de Beja que merece ser visitada."
388,"O seu ambiente e envolvencia com restaurantes típicos da cidade faz com que se passe uma bela tarde na zona histórica da cidade."
389,"Impressionante"
390,"A vista do cimo da torre é espectacular.  Recomendo a visita , pois é um local único com muita história."
391,"Muito bonito, com uma vista maravilhosa. "
392,"Vale bem a pena visitar. Não é muito grande, porém é muito interessante subir todos os degraus para no fim contemplar uma vista muito bonita da cidade de Beja. "
393,"Bonito castelo"
394,"Castelo muito bonito, podemos visitar todos os espaços incluindo subir ao cimo do castelo. Restaurado recentemente."
395,"Castelo..."
396,"Este é mais um bonito castelo de Portugal.Parte da torre teve que ser restaurada há pouco tempo. Vale a pena a visita."
397,"Castelo impressionante e muito bem preservado"
398,"Fui a Beja de passagem, não estava com grandes expectativas, sabendo que é uma cidade relativamente pequena mas fiquei muito impressionado com o castelo, que estava em excelentes condições, para além de um tamanho imponente, principalmente a torre principal. Recomendo."
399,"A mais bonita torre de Portugal"
400,"Para mim é a mais bonita torre de menagem que Portugal tem."
401,"Já é possivel subir à torre e apreciar a beleza da paisagem=)"
402,"Visita obrigatória"
403,"Espaço renovado e cuidado. Com uma torre de menagem única na Península Iberica oferece uma vista magnífica sobre o Baixo Alentejo. Ir a Beja e não subir ao cimo da torre é perder a oportunidade de ver uma das mais belas vistas do Baixo Alentejo."
404,"Castelo de Beja "
405,"Muito giro, apesar das muitas escadas vale a pena visitar este Castelo, no cimo da torre de Menagem tem uma vista excecional, o exlibris da cidade de Beja! "
406,"Monumento obrigatório "
407,"Vistas lindas, principalmente que subirmos a enorme escadaria da Torre mais alta do Castelo. Aconselho a levaram fôlego...mas a paz que se sente no topo é demais. "
408,"O melhor castelo da rota de Alentejo"
409,"FOi o único que pude visitar a torre. Uma subida de tirar o fólego compensado pela belíssima vista no topo. Maravilhoso e imperdível."
410,"Fim de semana em Beja não podíamos deixar de visitar o castelo. A torre é bem bonita, subimos tudo até lá acima e ficámos a apreciar a vista. Depois seguimos para as muralhas contornando as mesmas. Fomos depois pelo lado de fora sempre junto ao castelo, tudo muito bonito e arranjado. Gostámos muito. Vale a pena "
411,"Caatelo e Torre de Menagem de Beja"
412,"Parabens às gentes de Beja. É provavelmente um dos castelos mais bem cuidados e preservados do país.... a torre de menagem é lindíssima."
413,"História de Portugal"
414,"Este é belo castelo cujo a torre foi objecto de obras de restauração, e é possível visita-la e subir a sua parte superior onde temos uma bonita vista da cidade. E tudo gratuitamente."
415,"Depois de remodelado ficou melhor"
416,"Ampla visita sobre a cidade e planície alentejana naquela que é a mais alta torre de menagem da península ibérica."
417,"Bonita vista"
418,"Passamos por Beja , vindo de Évora para Faro, na intenção de uma paradinha para um café!"
419," Cidade pequenininha, com esse castelo que pode ser visitado sem ingresso!"
420," Fecha as 12h para almoço. Bonita vista da cidade. Um lugar para uma paradinha de 20 minutos para conhecer este lugar e seguir viagem!"
421,"Vale a pena visitar."
422,"Foi todo recuperado. Bom trabalho  Excelentes vistas da torre de menagem. Vale a pena subir e contornar as muralhas."
423,"Sítio muito bonito, vale a pena. A torre e a envolvencia valem muito a pena. A cidade tambem é um sitio muito bom para visitar"
424,"Excelente estado de conservação"
425,"Visitei durante uma escapadinha de fim de semana em família. O castelo encontra-se em excelente estado de conservação. Recomendo vivamente a subida à torre de menagem onde poderão desfrutar de uma vista incrível sobre as redondezas. Visitamos também uma exposição que estava a decorrer na Casa do Governador (fica no interior do Castelo)"
426,"Magnífica paisagem sobre o Alentejo "
427,"Local a ter em conta numa visita a Beja. Magnifica vista na torre principal sobre as extensas paisagens de Beja, local histórico com várias paragens onde se pode ler a história do mesmo afixada nos locais de visita. Posto de turismo dentro das muralhas e sempre aberto."
428,"Legal"
429,"Interessante. Dá para se ter uma ideia de como com aquela torre se enxergava o horizonte nos quatro cantos! Subindo os 183 degraus, consegue-se uma bela vista!"
430,"Bonito para visitar e ver as vistas interminaveis dos campos alentejano, uma vez que a torre tem 39 metros"
431,"Bonito castelo com um ótimo panorama!!!"
432,"Uma rápida paragem em Beja, rumo a outros destinos, tempo apenas para visitar este magnífico castelo medieval, com a sua explêndida torre de menagem em estilo gótico, do cimo da qual se contemplam alguns pormenores desta cidade coração do Baixo Alentejo. Bom estado de conservação. A não perder por qem passa por estas paragens."
433,"Muito bem conservado, tudo renovado, gratis"
434,"Estivemos em Beja de passagem e almoçamos no restaurante em frente ao Castelo. Está muito bem conservado e organizado. É fácil de visitar e podemos passear pelas muralhas. Entrada grátis."
435,"Recentemente renovado, a torre de Menagem é uma visita obrigatória de estamos de passagem em Beja, tem a melhor vista da cidade. "
436,"Espaço ímpar "
437,"Espaço seguro, limpo e com muito para descobrir. Adoramos a Torre de Menagem. Vale sempre a pena visitar este espaço."
438,"Castelo bem conservado"
439,"Estava uma tarde de calor e custou muito subir os 200 degraus até ao cimo da Torre de Menagem mas valeu a pena pela vista soberba. O castelo está em muito bom estado de conservação e muito limpo, parabéns aos responsáveis"
440,"a visitar"
441,"Gostei do Castelo, Uma construção com mais de 800 anos, razoavelmente conservada  e que nos perpectiva a dureza da vida na época."
442,"Castelo com um espaço interessante"
443,"Com uma vista magnifica do alto da torre, sobre a cidade, é um espaço muito bem preservado e que vale a pena visitar."
444,"castelo de beja"
445,"vista magnifica quando se sobe á torre, 38 metros, tanto da cidade como da paisagem, com uma vasta planície,"
446,"O símbolo da cidade de Beja"
447,"O Castelo de Beja é sem dúvida o símbolo desta cidade alentejana. Ocupando um lugar central, o interior e suas muralhas do castelo encontram-se em ótimo estado de conservação. Com cerca de 40 metros de altura e feita em mármore, a Torre de Menagem é um perfeito exemplo arquitetónico daquilo que foi a defesa militar portuguesa no passado. No seu topo, acessível apenas por escadas, a vista oferecida sobre a cidade é muito bonita."
448,"No interior do castelo funciona também o posto de turismo de Beja, o atendimento é fantástico e as informações muitos prestáveis."
449,"De referir que a entrada é gratuita."
450,"Castelo bem Conservado"
451,"Hotel conservado, com boa manutenção."
452,"Vale a pena subir a torre até ao topo e ver a vista de kilómetros e kilómetros :)"
453,"Normal"
454,"Quem gosta e costuma visitar castelos e sitios assim com muita história, nao vai ficar impressionado, ainda assim um sitio a visitar"
455,"Grande torre de menagem."
456,"Podem visitar -se gratuitamente o castelo e as muralhas. A torre de menagem é verdadeiramente alta e chega-se ao topo cansado, mas vale a pena pela ampla vista da cidade e planícies de quilómetros. O posto de turismo é no interior, pelo que é de visita obrigatória. "
457,"História com bom ar"
458,"O castelo está bem cuidado e, por estar situado no meio da cidade, tem um encanto especial. Vale a pena subir à torre e contemplar a paisagem cheia de planícies!"
459,"Deslumbrante"
460,"É um monumento de uma beleza e imponência impressionante, rodeado de um muito cuidado jardim."
461,"Visita indispensável, para quem conhecer Beja."
462,"Cheio de pessoas extramamente simpaticas"
463,"Monumento principal"
464,"Monumento lindíssimo, impar em Portugal sendo um autêntico castelo, ao contrário de muitos monumentos que se auto-intitulam de castelos e são simples muralhas destruídas/ruínas."
465,"Do alto da torre de menagem de 40 metros é possível ver toda a cidade e as planícies alentejanas ao longo de quilómetros."
466,"Maravilha..."
467,"A torre de menagem reaberta recentemente permite admirar a imensa paisagem alentejana circundante. Castelo, no geral, muito bem conservado e limpo. Tem um Posto de Turismo com, na altura, um funcionário muito comunicativo e com excelentes informações. Tem um café que, na altura da visita, estava fechado. Vale bem uma visita que, ainda por cima, é grátis."
468,"Visita obrigatória em Beja!"
469,"O castelo não é grande, mas é bem conservado e tem a torre de castelo mais impressionante na qual já subi. A vista dos campos alentejanos é linda. E a visita é grátis!"
470,"Sinto-me sempre bem nos reencontros com a História"
471,"Sempre gostei de visitar castelos, enriquecer a minha cultura;  ""alagar as vistas"", em sentido figurado uma vez que os castelos em portugal tem sempre maravilhosas vista paisagísticas."
472,"Vale a pena visitar!"
473,"O Castelo está em bom estado de conservação e a visita é grátis."
474,"A Torre de menagem é a mais alta do país e a vista lá de cima é de tirar a respiração!"
475,"Aconselho a visita."
476,"Boa visita"
477,"Visita em que agora se pode visitar todo o castelo com acesso a torre do mesmo, recentemente reconstruido e seguro, boa vista da cidade, visita grátis, tem parque de estacionamento próprio grátis também. "
478,"Vista deslumbrante da torre"
479,"A subida à torre é uma aventura são 184 degraus, mas uma vez lá no cimo a vista é de tirar o respiração. Algo a visitar sem dúvida."
480,"Esplêndido durante a noite!"
481,"Bem conservado, o castelo de Beja situa-se no ponto mais alto da cidade e apresenta a mais alta torre de menagem do país."
482,"Subindo lá vais..."
483,"A torre de menagem do Castelo de Beja, que é a mais alta da península ibérica, foi recentemente restaurada o que nos permite novamente subir e lá do alto ver as belas planícies Alentejanas."
484,"Local mágico"
485,"Toda a parte que ainda existe do castelo foi totalmente restaurada. Dentro dele está o Posto de Turismo de Beja assim como um café (nem sempre aberto). O posto possui uma simpática atendente e produtos à venda. O castelo rende belas fotos."
486,"Imponente"
487,"Castelo medieval"
488,"O castelo de Beja surpreende pela sua torre de menagem muito alta (a mais alta da península ibérica). A razão de ser dessa torre tão alta é que servia para ver o inimigo a muitos quilómetros de distância, já que à volta temos a planície. Dizem também que com sinais de fumo conseguiam comunicar com o castelo de Palmela! Está muito bem conservado, assi como boa parte da muralha que cercava a cidade."
489,"Maravilhoso"
490,"Uma atracção espectacular, vista ao longe de grande parte do Alentejo."
491,"Possui uma vista ímpar sobre uma grande extensão da planície alentejana."
492,"Visita obrigatória. "
493,"Bom atendimento"
494,"Fomos bem recebidos no castelo. O gabinete de turismo deu bons conselhos acerca do que deveríamos fazer."
495,"Infelizmente o castelo estava em obras e não foi possível visitar "
496,"Torre de menagem mais alta da europa."
497,"A torre  de menagem é imponente. Castelo recuperado, vale a pena visitar. Visita grátis. Peça folhetos sobre o castelo para  se informar da sua história."
498,"Emblematico"
499,"Estivemos no castelo que estava encerrado para visitas por a torre de menagem estar"
500,"em reparações ( segundo nos foi informado , parte caiu cerca de ano ou ano e meio )."
501,"Esperamos fazer nova visita logo nque as obras estejam concluidas ."
502,"Cartão de visita da cidade"
503,"O castelo é pequeno mas muito bonito, pela singularidade da sua Torre de menagem. Obras a decorrer , em fase terminal para restauro. Com uma loja de recordações de Beja e uma esplanada."
504,"Emblema da cidade"
505,"É imponente a sua construção e em cada entrada da cidade, avista-se ao longe uma vez que está construído na parte mais alta. É considerado o mais alto de Portugal cerca de 40m de altitude.Dentro dele encontra-se instalado o museu das armas e o Posto de Turismo.Também poderás saborear um perfumado café, recostado numa confortável cadeira de uma aconchegante esplanada."
506,"MAGNÍFICO"
507,"Gostei muito de visitar o Castelo de Beja."
508,"Espaço imponente e muito bem conservado."
509,"No interior existe um posto de atendimento turístico, onde os colaboradores são muito simpáticos e prestáveis."
510,"Recomendo a visita."
511,"Não vele a pena com a torre fechada"
512,"Como é um castelo pequeno de momento quase nem vale a pena visitar pois a torre encontra-se em obras à quase um ano, se se despacharem com o restauro até ao verão, então aí sim, irá valer a pena pois já vai dar para subir à torre."
513,"Estive em Beja em Dezembro de 2015, infelizmente o castelo estava em reforma, podemos ver apenas as muralhas ja que a torre estava coberta com andaimes"
514,"Muito bonito..pena nesta altura estar em obras..espero que fique mais atraente para os visitantes..de qualquer maneira bonita vista sobre a cidade."
515,"Alentejo nosso"
516,"Um dos nossos marcos históricos mais bonitos sem dúvida. Um ponto essencial na rota do Alentejo. Aconselho."
517,"Bonito, mais acho nao bem administrado."
518,"E um espaço historico que merece uma melhor gestão das suas posibilidades oferecer ao publico algo mais do que as simples e desertas instalaçoes era uma mais valia para tentar ganhar em uma verdadeira experiencia historica com umas vistas muito agradaveis."
519,"Obras"
520,"Tenho fotos e recordacoes do castelo quando vim com os meus pais. As obras atuais impossibilitam visitar torre e muralhas"
521,"O castelo é muito bonito mas o melhor mesmo são as vistas sobre a cidade de Beja. Espectacular e gratuito!"
522,"bonito e histórico"
523,"A cidade de Beja é bem pequena e simples, com um ar rústico e histórico, o que se tem a fazer lá é comer da comida alentejana, beber bons vinhos produzidos na região e visitar o castelo que fica bem próximo ao centro da cidade. bem imponente e bem preservdo, conta com um gramado nas suas laterais com oliveiras plantadas. Bom para tirar fotos e aproveitar o local por pouco tempo, atração esta que vc conhece tudo em poucas horas e ainda roda na cidade a pé."
524,"Imperdível, mas frustrante"
525,"Apesar de tratar-se da mais alta torre de menagem da península ibérica, está em reforma e não se tem acesso aos pisos superiores, somente ao pátio. O local é simpático, mas está meio abandonado. Há lá dentro um posto de informações turísticas e um bar de qualidade sofrível. Dos arredores desfruta-se uma boa vista, que certamente será melhor ainda do alto da inacessível torre."
526,"Esperava mais"
527,"Um lugar bonito, porem as reformas que estão sendo feitas, prejudicou bastante a visita. Acho que ele podia ser mais tematico."
528,"Infelizmente em obras"
529,"Leva um razoável por não estar em obras e não poder visitar - limitamo-nos a entrar para umas muralhas, mas em nenhum momento é possível subir e apreciar a vista. A torre de menagem é linda, mesmo com as obras. Desejosa por visitar novamente."
530,"Foi agradável, mesmo não podendo ver o interior, o exterior está bem conservado e com bastante zona verde."
531,"Bonito castelo, em obras na altura da visita, só podemos ver mesmo a parte exterior. Nota-se muito interesse em cuidar deste ponto bem turístico."
532,"Este é o ponto turístico mais importante de Beja."
533,"Tem uma bonita envolvente e um café bar onde pode descontrair um pouco. Sem dúvida a visitar."
534,"Panorama de Beja"
535,"Melhor local de Beja para se desfrutar de toda a planície alentejana  ! Pontos de interesse histórico !"
536,"Está em Beja ? Então toca a visitar o Castelo."
537,"Está em processo de conservação, mas um ponto forte a visitar."
538,"Pena estar em obras"
539,"Já visitei num fim de tarde nublado, foi super romântico e medieval, desta vez foi da parte da manha, tinha ótima visibilidade mas estava em obras."
540,"NADA DE EXCEPCIONAL, EXISTE CASTELOS MAIS BONITOS"
541,"Uma parte do castelo estava em reforma, mas mesmo assim não poderiam deixar a obra mais limpa e só tivemos acesso a uma pequena parte do castelo. Já conheci castelo mais bonitos. "
542,"Momento de azar"
543,"Está em beneficiação e só podemos visitar o exterior. Contudo, deu para ver a mais alta torre de castelos da península ibérica."
544,"Belas vistas"
545,"Local muito agradável para passear e para conhecer a cidade. Vistas para toda a cidade. A torre de menagem é a mais alta do Alentejo. No interior do terreiro existe um café-bar muito simpático onde apetece ficar."
546,"Tudo pela defesa da cidade"
547,"Pouca coisa restou deste castelo,mesmo assim é um belo local para ser visitado.Fato curioso é a grande quantidade de ninhos de cegonhas,já com os filhotes,que avistamos nos postes de alta tensão localizados ao lado das estradas e também nos telhados das casas."
548,"Em julho, não percebo como o Castelo esta fechado para obras de restauro!?"
549,"Parece um local agradável para ver do topo da torre."
550,"Tem um café que estava fechado no interior é a casa fechada também:("
551,"Monumento histórico"
552,"O castelo de Beja é um monumento emblemático da cidade que possui muita história e cultura. No entanto, as obras que estão em realização impediram um conhecimento mais aprofundado do monumento. A visita, praticamente se restringe ao posto de informações turísticas instalado no local cujos atendentes são muito simpáticos e se esforçam para prestar informações sobre a riqueza histórica da cidade"
553,"Castelo em remodelações"
554,"Apesar das obras no local e das ruas envolventes muitas delas cortadas pelas festas da altura...achei o bonito local. certamente vou voltar para passear com mais calma."
555,"bonita arquitetura"
556,"Monumento emblemático da cidade mas com algumas obras de manutenção a melhorar. A visitar se passar por beja."
557,"Castelo em obras"
558,"Visita reduzida. Valeu a simpatia das pessoas do posto de turismo que mais não podiam fazer. A visitar depois das obras para possível revisão de avaliação."
559,"Programas culturais"
560,"O castelo de Beja é sem duvida um ponto de eleição para quem visita a cidade, a precisar de alguma manutenção."
561,"Numa combinação de estilos românico, gótico, manuelino e maneirista, o monumento apresenta planta no formato pentagonal. Sem talude, a muralha, coroada por merlões prismáticos, possui adarve envolvente, estando flanqueada originalmente por quarenta torres (entre as quais a de menagem), rasgada por sete portas e dois postigos, e circundada por barbacãs."
562,"A robusta Torre de Menagem, em estilo gótico, é considerada como um dos mais belos exemplos da arquitectura militar da Idade Média em Portugal. Elevando-se a quarenta metros de altura (a mais alta do país), é constituída por três pavimentos. A torre apresenta balcões angulares sobre matacães, unidos por varandins defendidos por ameias piramidais. É rasgada por portas ogivais e janelas geminadas, em arco de ferradura. As salas em seu interior, ricamente decoradas, apresentam tetos em abóbada em cruzaria de ogivas."
563,"A porta principal do castelo abre-se em arco ogival e acessa a praça de armas. Das primitivas portas restam ainda duas de origem românica: a Porta de Évora, contígua ao castelo; e o arco da Porta de Avis. A Porta de Moura é defendida por dois torreões."
564,"História pura"
565,"Gosto de castelos e muita história. Beja é rodeada de possibilidades como esta. Este castelo é simplesmente lindo e extremamente vazio."
566,"Adoramos"
567,"A maior torre de menagem do pais."
568,"Belissimo. Vale a pena subir à torre de menagem e ver a maravilhosa vista das paisagens alentejanas. "
569,"Monumento obrigatório a ver em beja"
570,"Com pormenores arquitectónicos e com uma vista magnifica sobre a planície. Não surpreende e não desilude. "
571,"Não fui lá dentro..."
572,"Estava em obras..."
573,"É um pequeno castelo situado no centro histórico de Beja. Só vi a parte externa, circundado por uma área de jardim bonita."
574,"Magico"
575,"Vista da cidade linda. Estava em obra, por isso aproveitamos pouco. Cidade charmosa, facil de se locomover de carro. Fomos tambem aos castelos de Serpa e Mercole que ja passaram pela teforma e estao lindos. "
576,"Castelo em restauro"
577,"No dia 13 de Novembro p.p. parte do balcão da Torre de Menagem ruiu. Foi imediatamente acionado o plano de recuperação e já se encontram em execução os trabalhos de restauro."
578,"Torre de Menagem"
579,"Bonito castelo com espectacular torre de menagem."
580,"Não houve oportunidade de visitar a torre pois houve derrocada de parte de uma varanda da mesma. Imprecionante como se deixa que situações dessas aconteçam em monumentos classificados como Monumentos Nacionais."
581,"Belo espaço"
582,"O castelo e suas muralhas aparentam ser realmente bonitos. "
583,"O problema é que há uma semana atrás houve uma derrocada na zona da torre e não pudemos visitar nem a torre nem as muralhas, por motivos de segurança. Foi o único senão mesmo."
584,"Castelo de Beja no Alentejo"
585,"Gostamos da Torre de Menagem, que tem cerca de 40 metros de altura que convergem o caráter bélico e artístico de forma singular, e de planta quadrangular composto de 3 salas, sendo a segunda a mais bonita,"
586,"Espaço agradável"
587,"Quando visitámos o Castelo estava também a decorrer o Mercado semanal. As ruas estavam cheias de vida o que tornou a visita bastante agradável. O Castelo tem uma vista muito bonita sobre a cidade, ainda que a indústria esteja a ""estragar um pouco a pintura"". Não foi possível subir à Torre. Existe também um café e um posto de turismo."
588,"Muito bom"
589,"Este castelo foi construído por Dom Dinis sobre fundações romanas. Vá até a torre de 42 metros e curta a paisagem! Entrada grátis!"
590,"Bem conservado"
591,"Castelo muito bem conservado, com uma torre que permite uma vista extraordinária de cada um dos seus 3 pisos. No topo, o acesso ao exterior estava vedado, mas ainda assim valeu a subida."
592,"Mais um castelo entre muitos em Portugal"
593,"Castelo facil de visitar com pormenores muito engraçados no interior , por todas as paredes estao cravados simbolos antigos muito pormenorizadamente . Infelizmente o topo do castelo estava encerrado para obras quando lá estive . "
594,"Entrada gratuita "
595,"Breve e agradável visita"
596,"Bonito e bem conservado mas pouco dinamizado."
597,"Infelizmente não foi possível, fechado alegadamente para obras, a visita à torre."
598,"Merece uma curta visita"
599,"Passeio Divertido"
600,"Muito bem conservado e onde podemos ter uma ideia de como era a vida na época medieval."
601,"Recomendo uma visita"
602,"pequeno"
603,"espaço a precisar de dinamização, pois tem um aspecto de abandono geral, de qualquer forma merece visita."
604,"Espaço grandioso, em bom estado de conservação: a torre gótica é esplêndida, mas infelizmente, à data da visita, nem a varanda que circunda a torre nem o terraço estavam acessíveis devido, segundo informações do Turismo, devido a ""obras de iluminação""."
605,"Um castelo fechado."
606,"Apesar de limpo e com acesso ao barzinho e ao posto de turismo,  a torre tem o acesso ao ponto mais alto fechado, não permitindo usufruir a paisagem espectacular da planície do Baixo Alentejo."
607,"Esperemos que a situação seja brevemente resolvida."
608,"Portugal e seus Castelos... Surpresa pelas estrada uma placa sem saber o que encontraríamos... nos deparamos com um MARAVILHOSO CASTELO, linda vista..."
609,"Torre impressionante"
610,"O castelo de Beja é mais conhecido pela sua torre de maangem, a mais alta de todos os castelos. Num dia bom quase se pode ver até aos montes mais distantes."
611,"Fantástico, mas pouco explorado"
612,"Simplesmente lindo. A construçāo é impressionante como todas daquela época e a vista lá de cima é linda. Poderia ser melhor explorado pois nāo há nada nem ninguém para explicar a história dele. O ingresso é livre e aberto a todos. Uma pena pois a gente entra e sai sem saber nada e fica a impressāo de que é aprnas mais um castelo. Isso é ruim para a cidade pois Beja é uma das cidades mais antigas e históricas de Portugal."
613,"Castelo Fantástico!!"
614,"O castelo é fabuloso. Quando caminhamos pela cidade, deparamos constantemente com incriveis promenores. Pena a quantidade de edíficios degradados, pois merecem a sua conservação, dado o seu interesse."
615,"Lamento sobretudo a falta de informação . No castelo é uma lástima, felizmente levava alguma informação que imprimi antes."
616,"Magnifico!"
617,"Simplesmente lindo, muito bem conservado e com uma vista fantástica para a cidade. Vale a pena a visita."
618,"Todo o Alentejo no horizonte"
619,"Na Torre de Menagem do Castelo de Beja em dias solarengos e sem nuvens dizem ser possível ver o mar. Aquando da minha visita infelizmente o tempo estava cinzento e inclusive quando subi ao alto da torre (+- 41 metros) estava a começar a chuviscar. Contudo deu para ter uma noção do quão bela é a paisagem ao redor."
620,"Razoável"
621,"Era Domingo de manhã, a cidade estava coberta por um espesso nevoeiro e não havia ninguém nas ruas nem no castelo. A esplanada no seu interior estava fechada."
622,"Cafeteiria O Castelo"
623,"Espaço muito agradável tanto durante o dia como a noite."
624,"Com eventos quase todos os fins de semana, bar dentro e fora, espaço para dançar, boa música."
625,"Sem dúvida um espaço deveras agradável para jantar..ir beber um copo, passar bons momentos."
626,"Por que não até o topo?"
627,"Infelizmente, a subida ao topo da torre não está liberada. Mas o visual do castelo e o entorno são muito agradáveis. Dá pra fazer fotos lindíssimas por ali!"
628,"Torre mais alta do pais"
629,"Em tempos era possível ir ate ao terraço da torre, a vista é magnifica. Agora só deixam subir até a ao ultimo anel...é uma pena..."
630,"Para quem gosta de fotografia é possível fazer trabalhos magníficos a partir dos jardins. ou mesmo da torre sobre a extensa planície alentejana. "
631,"Situado no centro da cidade, fica perto de outros monumentos, como os museus, a igreja da misericórdia, sé, etc..."
632,"É realmente uma pena a esplanada e café não funcionar durante o dia...e ainda não ser possivel subir até ao topo da torre..."
633,"Uma excelente vista da planície alentejana"
634,"Monumento gratuito. A vista do topo do castelo é fantástica. Dentro das muralhas existe ainda o Posto de Turismo onde pode obter um mapa de Beja com os principais pontos de interesse, assim como merchandising de Beja. A visitar."
635,"As visitas ainda são de entrada grátis! Para visitar será melhor deixar o carro num estacionamento e visitar a pé a parte histórica da cidade."
636,"Simples porém charmoso"
637,"Poderia ser melhor aproveitado. Não é explorado e não há muitas explicações sobre o local, porém vale uma visita"
638,"Um monumento a visitar"
639,"Visitámos Beja em Maio e estava muito calor (tipicamente alentejano)."
640,"Como estava perto do almoço, fomos ao posto de turismo, que se localiza dentro das muralhas do castelo para saber onde melhor se comia e o que poderíamos visitar durante a tarde. "
641,"Fomos muito bem recebidos e deram-nos todas as informações de que necessitávamos."
642,"Depois do almoço visitámos o castelo e a sua enorme torre, onde fazia muito fresquinho (parecia que tinha o ar condicionado ligado, mas eram apenas as suas espessas paredes de pedras). Dos pisos superiores pode-se ver Beja e tudo que a rodeia, que é muito bonito."
643,"Tem casas de banho limpas e é totalmente gratuito."
644,"monumento bem organizado"
645,"tudo muito limpo e preparados para os visitantes"
646,"com estacionamento publico mesmo ao lado"
647,"Encantador e muito bem conservado"
648,"Muito bem conservado, e facilmente acessível... vale a pena percorrer todas as muralhas e subir a torre de menagem, gótica, lindíssima, a maior torre de menagem de Portugal.... "
649,"Interessante, mas sub-aproveitado"
650,"Como muitos monumentos em Portugal, este é muito giro, mas não conseguimos saber nada sobre o mesmo durante a visita. Falta indicações, Marketing, uma esplanada, etc ... Visita ao gosto do próprio. Pelo menos é grátis."
651,"Vale pela vista"
652,"O castelo é simples e pequeno, sem nada de especial dentro das muralhas, mas vale bem a pena chegar ao cimo da torre de menagem e contemplar a vista....fui em pelno verão e os campos pareciam ouro...adorei!!!"
653,"Fiquei surpreendida pela positiva. Vale a pena visitar. Dá para dar a volta pelas muralhas e apreciar a bela vista da planicie alentejana e ainda visitar uma das torres do castelo."
654,"Calstle velha Nice"
655,"Este é um castelo antigo, bom, definitivamente vale a pena visitar se você acabar de Beja. As paredes tem bela vista do bairro."
656,"Torre está aberta apenas durante o horário de funcionamento - estávamos no lugar apenas quando foi fechado - por isso não subir, mas as paredes eram acessíveis e a vista era bom de paredes também."
657,"Histórico ground"
658,"Gostei da vista. O café-bar no interior foi abandonado na hora do almoço e parecia na necessidade de maior animação. Há uma pequena área de exposições no interior também, mas foi fecha para almoço."
659,"Apenas um grande espaço aberto"
660,"Um pequeno castelo que nada tem a ver outras de suas paredes. O gabinete de informação não tem alguém que fala inglês e as escadas estão fechadas. Não vale a pena uma visita."
661,"Vistas Magníficas"
662,"Castelo de Beja vale uma visita para seu bem área de preservação, a paisagem e história envolvente."
663,"No interior, há um Escritório oficial de Turismo, bem como um café / restaurante."
664,"Subir a escada em espiral de a manter e mime-se na paisagem rural circundante."
665,"Vale o esforço de cada passo que subir ... e eles são muitos."
666,"Bom lugar para visitar"
667,"Foi uma área agradável, nós subimos até ao redor do castelo,gostei muito do cenário e as crianças teve uma explosão explorar o lugar (que fez os adultos)."
668,"Símbolo da cidade"
669,"Construído no C13 por Dom Dinis sobre romana e árabe continua. A manter é o mais alto em Portugal (e no momento da construção foi o mais alto na Península Ibérica).  As excelentes vistas do manter ao longo das planícies do Alentejo. As Ruínas das muralhas do castelo pode ser visto em diversos pontos da cidade velha."
670,"Castelo Excelente, mas a torre foi fechado"
671,"O Castelo de Beja é um excelente exemplo de/moura romano de design e um excelente lugar para visitar. Você não pode perder, é visível de praticamente qualquer parte da cidade. Se em Beja você deve visitar. Vale a pena a caminhada até a colina."
672,"Excelente guia"
673,"Visitei, com um grupo de amigos e guia foi divertido e informativo em inglês. É uma subida íngreme, vistas magníficas, melhor coisa em Beja"
674,"Pedreiros fizeram sua marca"
675,"Eu sou um fã de castelo, então eu ter classificado esta 3 * não deixa levar. Os pedreiros que construiu o castelo fizeram as suas marcas nas paredes ao lado da porta da torre. Você pode ver a partir do topo da torre onde a cidade velha foi cercada por um muro. As vistas são v boa. Vale a pena visitar se estiver na cidade."
676,"Um pequeno castelo muito fotogénico"
677,"O castelo é muito pequena, mas quando você está na cidade, definitivamente vale a pena uma visita. Você está livre para passear em volta das paredes onde você têm vista panorâmica para o resto da cidade."
678,"Valeu a pena visitar"
679,"Um castelo do século 14th, imperdível. Melhor para trazer um pouco de comida no seu próprio, então você pode ter um piquenique."
680,"Há muito tempo não havia um castelo ..."
681,"Não há muito a ver guardar a vista do tower ou a pé na parte superior dos paredões. Na quadra, não houve é um ponto turístico e informações sobre um bar."
682,"Beja"
683,"Passamos o dia em Beja em 9 de Junho de 2012. Muito caloroso e muito agradável. A Universidade local foi tendo sua Graduação e o evento adicionado cor para uma cidade já muito pitoresca"
684,"Elevando-se"
685,"soberbas vistas sobre a área circundante. Bem mantido. Local do escritório de informações turísticas. São fáceis de alcançar a pé de praticamente qualquer onde na cidade. Fechado às segundas-feiras"
686,"Definitivamente um se você na região"
687,"O castelo maio ser principalmente Vazio, mas pitoresca e uma torre que você pode escalar. Há também um número de quartos e janelas para guardar. ADMISSÃO taxas, e o local turismo está dentro paredes. Muito impressionado com o público banheiro instalações em comparação com aqui no Canadá."
