Sentiment, Review
"Positive", "de tudo o edificio e lindissimo"
"Positive", "gosto que as camas tenham lencol alem do edredao"
"Positive", "travesseiros um bom o outro pela hora da morte pouca luz no banheiro e tv pequena e antiga"
"Positive", "amei a sumptuosidade do local quarto silencioso cama firme e confortavel"
"Positive", "gostei de tudo"
"Positive", "localizacao e espaco da pousada"
"Positive", "temperatura quarto"
"Positive", "globalmente bem"
"Positive", "acessibilidade para a rececao e quartos"
"Positive", "localizacao da pousada vista do quarto para o jardim"
"Positive", "o quarto era arrumado demasiado tarde por volta das cinco da tarde o pequeno almoco era servido com lentidao nota se uma evidente falta de pessoal"
"Positive", "o quarto era extremamente acolhedor e limpo adorei igualmente o restaurante onde jantei e tomei o pequeno almoco comida de muita qualidade e todo o espaco e lindissimo ou nao estivesse num bonito convento com tantos seculos tanta historia"
"Positive", "a rede wi fi e fraca a vista do quarto a iluminacao fraca dos wc"
"Positive", "da amabilidade e simpatia de todo o pessoal especialmente rececao comida excelente limpeza impecavel so gostei portanto tudo dito"
"Positive", "do estacionamento"
"Positive", "de todo o espaco"
"Positive", "a piscina devia ser limpa com maior regularidade os colchoes poderiam ser mais confortaveis por vezes a agua do banho era impossivel de regular saindo so agua quente a ferver"
"Positive", "da simpatia e amabilidade dos funcionarios as instalacoes da pousada sao excelentes e bem decorado bom pequeno almoco excelente localizacao"
"Positive", "de nada"
"Positive", "da amabilidade dos funcionarios da tranquilidade do espaco da piscina e espaco envolvente"
"Positive", "nada a referir"
"Positive", "a pousada aproveita de forma exemplar as instalacoes do convento de s francisco que sao incrivelmente belas e a tornam num local ideal para descansar e passar um dias extremamente agradaveis e relaxantes"
"Positive", "poucas espreguicadeiras na piscina mas sao ordens da dgs"
"Positive", "o pequeno almoco empregados e estadia no geral"
"Positive", "o colchao era muito duro"
"Positive", "alimentacao muito boa arquitetura decoracao e design excelentes simpatia e prestabilidade dos funcionarios"
"Positive", "o barulho da fonte da rua a noite apesar que ate e relaxante"
"Positive", "bom pequeno almoco pessoal simpatico boas condicoes"
"Positive", "agua sem pressao no duche falta o enquadramento historico da pousada nao ha nada nesse sentido nas varias divisoes da pousada"
"Positive", "funcionarios simpatia disponibilidade e educacao"
"Positive", "e dificil o acesso a pessoas com deficiencias motoras deficiente iluminacao no quarto e na casa de banho"
"Positive", "localizacao temperatura no quarto"
"Positive", "localizacao"
"Positive", "poucas espreguicadeiras"
"Positive", "boa"
"Positive", "o quarto tinha um cheiro a antigo e durante a noite apresentou um continuo barulho de fundo que nao permitia o repouso completo a cama de apoio para as criancas fazia muito barulho quando o miudo se movia o que levava a que por vezes despertasse"
"Positive", "localizacao muito central perto de restaurantes e zona de comercio local piscina excelente permitiu descontrair e bons momentos de relaxamento pessoal prestavel disponivel para ajudar e encontrar solucoes para os problemas que lhe foram apresentados pequeno almoco de boa qualidade"
"Positive", "infelizmente nao pudemos usufruir do espaco exterior e piscina pois as condicoes meteorologicas nao ajudaram"
"Positive", "atendimento excelente com muita simpatia profissionalismo e disponibilidade o menu e qualidade das refeicoes foi muito boa localizacao optima bem no centro de beja"
"Positive", "a zona da piscina tem poucas espreguicadeiras para o numero de quartos ocupantes o desenho interior da piscina estranho"
"Positive", "o edificio historico muito bonito e bem preservado a localizacao a maioria do staff e muito simpatico e prestavel"
"Positive", "nada a apontar"
"Positive", "adoramos o sitio muito calmo excelente para descansar o staff muito atencioso e simpatico o funcionario da sala de jantar jose godinho foi de extrema atencao e simpatia nos faziamos aniversario no mesmo dia e tiveram a amabilidade de nos felicitar com espumante e um bolinho de anos maravilhoso este tipo de atencao merece elogios o nosso muito obrigada um hotel a voltar"
