Sentiment, Review
"Positive", "a amabilidade das funcionarias d francisca e d dolores muito gentil"
"Positive", "da hospitalidade e simpatia dos funcionarios e donos"
"Positive", "nada a dizer"
"Positive", "nao tomei o pequeno almoco porque sai cedo e nao tinha marcado a localizacao e muito boa com acesso a tudo"
"Positive", "tudo"
"Positive", "pequeno almoco nao vi quarto com uma claraboia para despertar com a clarear do dia nao tinha blackout"
"Positive", "de nao ter pequeno almoco"
"Positive", "de tudo desde a simpatia e disponibilidade dos colaboradores de nos porem a vontade para usar a cozinha e sala se estar do pequeno lanche sempre disponivel cafe cha agua bolinhos do espaco exterior no meu caso o meu quarto dava para o alpendre onde tinha uma mesa com cadeiras para aproveitar ali o descanso um sitio maravilhoso e sem duvida que e para voltar"
"Positive", "da luz que entrava na claraboia de um dos quartos"
"Positive", "gostei principalmente da localizacao muito central"
"Positive", "embora o jacuzi seja bastante agradavel as fotos induzem em erro parece uma piscina maior"
"Positive", "a simpatia de todos e a limpeza impecavel"
"Positive", "o conforto da cama e o barulho"
"Positive", "decoracao muito caracteristica"
"Positive", "houve quebras de energia que dificultafam um pouco a estadia penso que devia haver manutencao dos espacos ja bastante envelhecidos e dos equipamentos danificados o meu quarto nao tinha por exemplo toalheiros"
"Positive", "da localizacao da simpatia da equipa e do ambiente do espaco"
"Positive", "o que nao gostamos foi a ausencia do pequeno almoco que teria permitido usufruir do alojamento para alem de dormir e frequentar a piscina que mais parecia um tanque em que a agua gelada e o desinfetante nao aconselhavam a ali permanecer por muito tempo atenta a localizacao do alojamento proximo da igreja o acordar era sempre ao som do sino as h pelo facto do nosso quarto ser situado junto a porta de entrada do estabelecimento era nos audivel o ruido provocado pela saida dos hospedes nunca foi possivel aceder a internet no quarto primavera assim como nao foi possivel efetuar o pagamento via multibanco por falha de rede no entanto a pouco metros existe um multibanco"
"Positive", "o mais gostamos foi da simpatia e disponibilidade da colaboradora bem assim como pelo facto de o alojamento ter poucos hospedes o alojamento tem uma decoracao simpatica dispoe de maquina para tomar ou cha e cozinha equipada a sala de estar convida a momentos de leitura em que sao disponibilizados livros"
"Positive", "gostamos de tudo"
"Positive", "bem localizado simpatia de todos os funcionarios e o acolhimento do nosso gato"
"Positive", "nao tivemos pequeno almoco devido a covid mas ja conheco o servico da casa e e optimo a casa de serpa e para mim familiar pois no passado foi muito importante e feliz da minha vida"
"Positive", "nunca tive wi fi no quarto nao serviam pequeno almoco bastante ruido junto ao quarto fechaduras muito ruidosas"
"Positive", "gostei da localizacao havia sempre lugar para o carro perto funcionarias simpaticas"
"Positive", "wc muito pequeno"
"Positive", "ok aceito a ausencia de pequeno almoco por causa da pandemia mas nao tolero o problema claro que o quarto tinha com bicho da prata penso devem intervir sobre a situacao apesar de compreender a dificuldade por ser uma casa antiga com antiguidades etc"
"Positive", "localizacao simpatia e disponibilidade dos proprietarios aceitarem caes"
"Positive", "o acesso ao quarto por um patio tipicamente alentejano tinha imenso charme podia estar com a porta do quarto aberta para o patio muito agradavel mesmo"
"Positive", "nada a assinalar"
"Positive", "localizacao pessoa atencioso bem decorado limpo e bons espacos comuns de lazer"
"Positive", "a primeira foto da propriedade induz em erro ja que parece uma grande piscina mas na realidade e muito pequena semelhante a um jacuzzi"
"Positive", "gostamos muito da arquitetura da casa e dos tetos antigos trabalhados e pintados ficamos um pouco desiludidos porque tinhamos marcado a estadia com pequeno almoco incluido e devido a pandemia nao foi servido quanto a localizacao o alojamento situa se num largo numa zona central sem muito movimento e por isso sossegado"
"Positive", "da forma como a entidade patronal tratou do meu caso e da apresentacao sem mascara tive que chamar a atencao e no ultimo dia veio dirigir se a mim de chinelo calcao e muito sujo dizendo quera um hoteleiro"
"Positive", "da livre circulacao e discricao por parte dos funcionarios"
"Positive", "por causa da pandemia nao houve pequeno almoco poderia haver um travesseira baixa"
"Positive", "o colchao da cama era excelente a limpeza tambem foi feita e a cama foi feita as almofadas eram altas mas esse e um problema meu pois so gosto de almofadas baixas tranquilo calmo seguro"
"Positive", "a piscina um pouco maior"
"Positive", "nao havia pequeno almoco mas foi uma estadia muito agradavel pessoas muito simpaticas"
"Positive", "falta ar condicionadop"
"Positive", "das obras em curso no site deveriam fazer mencao do tamanho exiguo do choveiro"
"Positive", "da simpatia do sossego da localizacao"
