Sentiment, Review
"Positive", "a localizacao e excelente assim como as condicoes do espaco local muito bem cuidado e apelativo fomos muito bem recebidos a casa estava muito bem equipada muito obrigada catarina"
"Positive", "nada digno de registo"
"Positive", "a simpatia da sra catarina foi fantastica a casa e as acomodacoes corresponderam as expetivas e relacao qualidade preco e perfeita a localizacao e optima apesar de algum barulho das viaturas que passam junto as janelas dos quartos beja e uma cidade fantastica e voltaremos concerteza recomendo"
"Positive", "localizacao excelente apartamento espacoso e totalmente equipado o facto de ser uma construcao antiga cria um ambiente muito peculiar alem de que a expessura das paredes ajuda na questao da temperatura estivemos no verao portanto a casa nao era quente apesar dos e tal graus na rua o resultado global e um apartamento acolhedor em plena zona historica da cidade a m do castelo e m da praca da republica"
"Positive", "a localizacao e impecavel mesmo no centro historico de beja casa limpa e organizada dona super prestavel e e simpatica"
"Positive", "de noite ouve se o barulho da rua com muita facilidade"
"Positive", "a casa esta muito perto do castelo e esta muito bem decorada e limpa muito agradavel"
"Positive", "o dono nao tem culpa mas a zona nao e muito bem frequentada a noite"
"Positive", "a casa e muito gira e funcional"
"Positive", "casa muito agradavel e bem situada os anfitrioes sao simpaticos e disponiveis cozinha muito bem equipada e casa de banho excelente"
"Positive", "da localizacao da relacao preco qualidade que entendo adequada"
"Positive", "localizacao no centro historico tem vantagens centralidade e desvantagens dificuldades de estacionamento"
"Positive", "localizacao decoracao conforto organizacao do espaco e o gosto cuidado na decoracao"
"Positive", "nao tinha microondas"
"Positive", "localizacao estacionamento perto a decoracao do alojamento ter maquina de lavar roupa deu muito geito"
"Positive", "sendo um res do chao virado para duas ruas publicas isso condiciona a entrada de luz e de ventilacao em casa pela nocao de seguranca existem algumas infiltracoes junto ao pavimento nalgumas divisoes fruto da data de construcao e ser uma casa terrea haver imenso equipamento de cozinha de limpeza de menage mas nao haver uma pastilha para a maquina de lavar roupa mero detalhe"
"Positive", "a casa em si e antiga e possui algumas divisoes de formatos alturas niveis de pavimento e arcadas distintas o que lhe dao um ar muito original esta bem conservada renovada com uma cozinha bastante equipada incluindo lavagem e limpeza onde e possivel de confeccionar conservar e lavar a localizacao na zona historica de beja no meio do casario"
"Positive", "poderia ter um microondas"
"Positive", "muito bem localizado anfitrioes muito simpaticos muito interessante a manutencao de casa tipica alentejana gostamos todos muito"
"Positive", "gostei de tudo nao tenho do q reclamar"
"Positive", "o apartamento e uma graca super completo amplo decorado com muito bom gosto e jovial adorei"
"Positive", "servico conforto e localizacao"
"Positive", "a limpeza poderia ser mais cuidada nao dar para ligar a chaleira electrica porque o quadro nao aguentava o fogao estar rachado nao ofereceu muita confianca para cozinhar"
"Positive", "da rececao da decoracao da temperatura da casa o ser uma casa acolhedora situada no coracao do centro historico"
"Positive", "falta de microondas a limpeza poderia ser mais aperfeicoada"
"Positive", "casa bem situada com o essencial para disfrutar de um fim de semana"
"Positive", "nao ter sido disponibilizado contacto do proprietario apos o pagamento"
"Positive", "nada a assinalar"
"Positive", "de tudo um lugar otimo para uma familia passar uns dias a casa esta bem situada e as pessoas muito simpaticas um lugar a repetir"
