Sentiment, Review
"Positive", "a agua do banho poderia estar mais quentinha"
"Positive", "super confortavel muito limpo e sossegado muito interessante a visita que nos fizeram a herdade aprendemos todos muito o que demonstra a simpatia e disponibilidade do staff do espaco a regressar por certo de preferencia com condicoes atmosfericas que permitam um mergulho na piscina"
"Positive", "estava tudo muito bem nada desagradou"
"Positive", "conforto cama funcionarias e pequeno almoco"
"Positive", "eu gostei de tudo"
"Positive", "gostei bastante do servico prestado e do quarto atribuido"
"Positive", "o pequeno almoco foi optimo e servido num ambiente muito calmo e simpatico"
"Positive", "o colchao era desconfortavel e o barulho do frigorifico no quarto incomoda um pouco"
"Positive", "a simpatia dos funcionarios a localizacao e o facto de nos sentirmos em casa e em privacidade"
"Positive", "o turismo rural correspondeu as minhas expectativas as camas eram extremamente confortaveis e o pequeno almoco era muito bom e variado os funcionarios foram muito prestaveis e extremamente simpaticos oferecemdo se para nos dar indicacoes sobre o que visitar em beja infelizmente o tempo nao permitiu um mergulho na piscina"
"Positive", "a decoracao e a dimensao do quarto"
"Positive", "espaco maravilhoso funcionarios excepcionais adoramos"
"Positive", "na eventualidade de muito trafego aereo talvez se modifiquem algumas vantagens que tem neste momento"
"Positive", "o quarto foi optimo esteve tudo na perfeicao a limpesa a arrumacao"
"Positive", "as instalacoes comecam a acusar algum desgaste ha que investir na manutencao"
"Positive", "a localizacao e soberba a arquitectura e simples e bela em estilo monte alentejano o pessoal e simpatico"
"Positive", "sossego linda vista bom para descansar"
"Positive", "os colchoes eram desconfortaveis"
"Positive", "adorei o espaco a decoracao e todo o ambiente da herdade"
"Positive", "adorei tudo"
"Positive", "gostei de todo processo desde a nossa recessao passando pelo quarto e por fim do atendimento pessoal uma herdade magnifica que vale a pena ser visitada"
"Positive", "otimo local para descansar pessoas atenciosas quartos limpos e confortaveis pequeno almoco bom com variedade de produtos"
"Positive", "a herdade e muito bonita porem os quartos estao desactualizados os moveis muito velhos e algumas loucas do wc eu estive no apartamento nao sei como sao os quartos a nivel de limpeza tambem podia ser melhor"
"Positive", "a propriedade e bonita sitio muito calmo os funcionarios sao muito simpaticos a piscina nao e grande mas e muito agradavel"
"Positive", "gostei de tudo"
"Positive", "bom"
"Positive", "excelente em tudo rececao comodidades staff mais atencioso e impossivel excelente pequeno almoco a localizacao enfim tudo cinco estrelas otimo para relaxar adoramos"
"Positive", "gostei muito desta unidade hoteleira de agro turismo infraestrutura bastante acolhedora e inserida num espaco rural muito agradavel e relaxante os quartos bastante espacosos e com uma decoracao muito ao estilo do alentejo que aprecio muito em conclusao local muito simpatico e com vontade de repetir"
"Positive", "a piscina podia ser um pouco maior ficamos num apartamento e o mesmo podia ter mais electrodomesticos incluidos tais como torradeira e ferro de engomar e uma cacarola de tamanho medio para usar na cozinha o sofa esta muito gasto e o tecido esta todo a sair a cozinha nao tem produtos para limparmos o fogao e o mesmo tambem nunca foi limpo na limpeza diaria feita pelo estabelecimento"
"Positive", "muito bom pequeno almoco muito boa a piscina"
"Positive", "nada a assinalar"
"Positive", "muito bom"
"Positive", "o quarto familiar muito grande e completo a piscina otima e com uma envolvente muito agradavel"
"Positive", "a herdade da diabroria e com certeza uma experiencia a repetir desde a rececao feita de forma muito familiar a todo o acompanhamento durante a nossa estadia tudo excelente pequeno almoco com bastante opcao de escolha sugiro apenas que alterem o sumo proposto para uma opcao mais natural e menos industrial a herdade merece um louvor especial as duas funcionarias que nos acompanharam sempre de forma muito profissional e atenciosa"
"Positive", "a herdade da diabroria e um local especial a propriedade e muito bonita e bem cuidada os quartos sao espacosos e o mobiliario e rustico e muito charmoso o espaco exterior conta com uma piscina bastante grande e muito bem cuidada a volta um relvado tambem muitissimo bem cuidado com palmeiras altas que permitem zonas de sombra ou sol o pequeno almoco e generoso e os produtos sao de boa qualidade o staff e maravilhoso todos sao super educados e atenciosos sem serem de maneira alguma intrusivos ficamos com a sensacao que sempre que precisamos de alguma coisa esta sempre alguem por perto e sempre que queremos privacidade nao esta la ninguem foi a nossa segunda estadia la fomos pela primeira vez no verao passado e este ano decidimos repetir porque achamos que seria o sitio ideal para passar os primeiros dias das nossas ferias e recarregar baterias o espaco e ideal para casais sendo tambem apropriado para familias com criancas pequenas"
"Positive", "nao existe nada que nao tenhamos gostado talvez um quarto um pouco maior mas depende da disponibilidade da reserva"
"Positive", "simpatia de toda a equipe e a forma calorosa como nos receberam o espaco de toda a herdade e localizacao suficientemente fora de tudo para descansarmos e perto de beja caso seja necessario alguma coisa o lago envolvente da herdade que lhe da um toque especial os pequenos almocos muito agradaveis a forma apaixonada com que o sr filipe apresenta a herdade e se tiverem oportunidade pecam para ele explicar o ouro negro do alentejo"
