Sentiment, Review
"Positive", "gostei de tudo"
"Positive", "decoracao e comodidade"
"Positive", "nada de negativo a apontar se pudesse adicionar algo seria um local para estacionar o que em pleno centro de beja seria um dificilimo luxo portanto muito bom"
"Positive", "da simpatia dos cuidados e detalhes nas comodidades como agua e cafe bastante limpo tranquilo e confortavel sra joana extremamente simpatica atenciosa e prestavel"
"Positive", "o espaco fica localizado por cima de um bar ou discoteca porque entre as h e as h ouviu se musica muito alta e muitas pessoas a conviver nao conseguimos dormir ponderados ir embora devia existir informacao que o alojamento fica por cima de um bar ou discoteca porque ninguem consegue descansar muito mau experiencia muito negativa"
"Positive", "do quarto cama wc espaco interior muito giro"
"Positive", "tudo"
"Positive", "de tudo"
