Sentiment, Review
"Positive", "localizacao boa facil de chegar pequeno almoco normal instalacoes ainda nao acabadas mas otimas para a estadia"
"Positive", "camas pouco confortaveis"
"Positive", "pequeno almoco bom"
"Positive", "haver uma televisao no quarto"
"Positive", "optimo"
"Positive", "falta de toque pessoal na decoracao da habitacao"
"Positive", "simpatia dos anfitrioes a simplicidade as marcas da historia da familia a vista desde o quarto e da sala de refeicoes"
"Positive", "apesar da casa de banho estar a funcionar bem merecia ser modernizada o pao e optimo mas a oferta do pequeno almoco poderia ser mais diversificada"
"Positive", "da peculiaridade da casa do conforto do colchao da simpatia do proprietario e de conhecer a historia da sua familia"
"Positive", "muito obrigada ao sr antonio pela amabilidade e simpatia e excelente gosto musical que com toda a generosidade partilhou connosco"
"Positive", "pessimos acessos para o alojamento estrada muito mal cuidada zero iluminacao noturna"
"Positive", "gostei de tudo o resto pequeno almoco simples mas muito muito bom o dono do alojamento extremamente simpatico e prestavel orgulhoso por nos mostrar cada cantinho do seu espaco a melhor noite que ja dormi nos ultimos anos super silencioso colchao excelente cama grande quarto espacoso e com bom isolamento de luz alojamento isolado de tudo por isso excelente para descansar uns dias a piscina esta a ser construida por isso acredito que va valer ainda mais a pena daqui a uns tempos"
"Positive", "zona calma e tranquilidade"
"Positive", "a agua nao estava muito quente"
"Positive", "o pequeno almoco era otimo a cama era muito confortavel a decoracao era o que esperava"
"Positive", "tv nas acomodacoes nao havia pouca rede telemovel"
"Positive", "cama confortavel os donos do espaco muito simpaticos a area envolvente onde se situa o hotel"
"Positive", "nao ter televisao no quarto ou sala da casinha que ficamos"
"Positive", "ambiente familiar e muito hospitaleiros excelente compota de figo caseira quando entramos na casa ficamos surpreendidos pela sua riqueza e depois de conhecer a sua historia valorizamos muito mais sentir que estivemos em casa de pessoas tao importantes e certamente com muitas historias a partilhar casa com potencial crescente futuramente"
"Positive", "cama"
"Positive", "sossego"
"Positive", "em fase de melhoramentos por isso nao dou nota maxima mas concerteza vai ficar"
"Positive", "local tranquilo vista bonita sossego envolvencia a casa os anfitrioes a comida muito caseira com produtos da terra uma boa garrafeira local para voltarmos vezes"
"Positive", "falta lhe o toque de personalidade dos donos e algum carinho"
"Positive", "uma casa com tradicao e historia"
"Positive", "o quarto nao tinha ar condicionado nem televisao o empreendimento parece ainda estar em obras sem cuidados relacionados com a pandemia os espacos comuns nao estavam convenientemente limpos"
"Positive", "a cama e confortavel"
"Positive", "nao tenho qualquer pormenor negativo"
"Positive", "amabilidade dos proprietarios quartos restaurante futuramente dentro mais ou menos dias piscina com um bonito design"
"Positive", "reservamos dois quartos aparentemente parecia que nao estavam a nossa espera e chegamos pelas h avisamos previamente pelo portal do booking mas nao obtivemos resposta a chegada nao existiam a vista quaisquer medidas de higiene desinfecao relacionadas com o covid ex alcool gel inclusivamente a funcionaria que nos recebeu insistia em se apresentar com a mascara fora do rosto nariz e boca descobertas o segundo quarto alugado estava com problemas de canalizacao segundo a versao do alojamento pois nao nos mostraram e a chegada disseram que nos iam dar outro quarto mas estavam a limpa lo isto as h ou seja ainda nada tinham feito esperamos pacientemente e so pelas h apos reclamarmos e que nos deram o segundo quarto contudo verificamos que era o quarto da funcionaria que nos recebeu o qual tinha os armarios com roupas pessoais dela recusamos esse quarto e as nossas filhas acabaram por dormir no nosso quarto contudo cobraram os dois quartos quanto ao quarto que nos deram este era em frente a cozinha e ao lado do restaurante o cheiro a comida entrava pelo quarto e ouviamos o barulho do restaurante ate depois das h e pela manha novamente para esquecer para alem disso os armarios nao tinha local para pendurar cabides tivemos de pedir caixotes de lixo as duas camas individuais estavam juntas e so tinham um edredon sem lencol de cima e o teto tinha teias de aranha por baixo dos armarios e por baixo da cama havia sujidade sinceramente acho que nem sabiam que vinhamos mas nao se esqueceram de cobrar dois quartos quando so utilizamos um pessima experiencia falta de simpatia da funcionaria uma noite para esquecer"
"Positive", "sinceramente nao gostamos de nada correu mesmo muito mal esta estadia"
"Positive", "todo o espaco e magico a comida feita estava fantastica autentica e saborosa a hospitalidade da senhora clara e do senhor antonio e maravilhosa mostrando um orgulho enorme pelo local e uma tranquilidade no atendimento das pessoas foi sem duvida a melhor experiencia de alojamento que ja tive na vida muitissimo obrigado por tudo"
"Positive", "simpatia e hospitalidade excelente lugar tranquilo e prazeroso como estar em casa muitas historias para contar"
"Positive", "nao tenho nada a falar"
"Positive", "do otimo atendimento e gentileza do casal clara e antonio e o jantar maravilhoso servido pelo casal eu"
"Positive", "nao tinha cabides cortinados tv ar condicionado cama de casal tapetes de banho janelas tapetes de quarto"
"Positive", "quase nada"
