Sentiment, Review
"Positive", "todo o staff foi muito simpatico"
"Positive", "do barulho nos corredores"
"Positive", "do preco"
"Positive", "poderiam renovar os colchoes das camas"
"Positive", "a falta de bens higienicos copo shampo"
"Positive", "espaco exterior privado"
"Positive", "a relacao preco qualidade"
"Positive", "o chao tinha bastante areia e o pequeno almoco nao era incrivel comparado com outras pousadas de juventude"
"Positive", "a localizacao e boa e em termos de qualidade preco e satisfatoria"
"Positive", "eram horas e nao conseguiamos reservar nenhum hotel e eles atenderam e mostraram toda a disponibilidade em nos acolher pequeno almoco simples mas farto"
"Positive", "localizacao"
"Positive", "uma vez que o quarto era para pessoas penso que este devia estar equipado com mais tomadas electricas o quarto so tinha uma tomada apesar da recepcao disponibilizar uma tripla para resolver a situacao"
"Positive", "a organizacao dos balnearios para o uso dos hospedes"
"Positive", "de partilhar a casa de banho com pessoas de outro genero nao me importo de partilhar a casa de banho com pessoas do meu genero mas se for uma casa de banho mista sinto me desconfortavel de resto gostamos muito"
"Positive", "simpatia e disponibilidade dos empregados"
"Positive", "a excecao das camas"
"Positive", "tudo"
"Positive", "nao ter tv no quarto"
"Positive", "boa localizacao e o pequeno almoco e razoavel"
"Positive", "wc"
"Positive", "pequeno almoco funcionarios sempre prestaveis e simpaticos"
"Positive", "muito bom em todos os aspectos"
"Positive", "casa de banho partilhada mista sem condicoes para o efeito"
"Positive", "localizacao e funcionarios"
"Positive", "casas de banho sem diferenciacao de genero"
"Positive", "como estamos no verao e como as temperaturas estao muito elevadas e lamentavel nao haver agua fria a disposicao pois nas casas de banho a agua fria na realidade esta quente como por exemplo numa maquina uma das camas do quarto fazia muito barulho"
"Positive", "funcionarios muito atenciosos quarto muito grande tudo muito limpo"
"Positive", "quartos sem tv"
"Positive", "simpatia dos funcionarios comodidades"
"Positive", "o barulho dos beliches a limpeza do chao da zona dos duches"
"Positive", "funcionarios e area dos quartos"
"Positive", "a simpatia do atendimento"
"Positive", "nao se trata de nao ter gostado mas gostaria muito mais se a funcionaria que serviu o pequeno almoco tivesse a mesma simpatia disponibilidade e cordialidade das funcionarias da recepcao"
"Positive", "a simpatia das funcionarias da recepcao"
"Positive", "a simpatia na recepcao a limpeza o pequeno almoco so passamos uma noite mas foi uma noite agradavel acho que podia ter uma tv no quarto"
