Sentiment, Review
"Positive", "tudo perfeito"
"Positive", "sitio calmo boas condicoes um espaco espetacular para passar um bom tempo calmo e da anos de vida"
"Positive", "havia um recipiente mal lavado"
"Positive", "optima relacao qualidade preco"
"Positive", "uma estadia muito acolhedora dispoe de tudo des wi fi churrasqueira area da bom lazer ar condicionado etc muito bom para quem gosta de paz"
"Positive", "gostamos muito da aldeia do sossego e optimo para desligar de tudo aconselho vivamente para quem quer um sitio para descansar e relaxar"
"Positive", "nada"
"Positive", "optima estadia o jose e muito simpatico e recebeu nos muito bem"
"Positive", "casa bastante funcional decorada de maneira simples com muito bom gosto"
"Positive", "nada a apontar so uma sugestao aos senhorios colocarem o nome da casa a casa do avo ze na porta"
"Positive", "e uma casa muito acolhedora e com tudo o que e necessario para passar uns dias para descansar adoramos o terraco a tranquilidade do local e a simpatia das pessoas que nos receberam"
"Positive", "a casa e espectacular o terraco acolhedor aconselho vivamente"
