Sentiment, Review
"Positive", "a agua quente demorou muito tempo a chegar a torneira da banheira tive mesmo que interromper o banho e ir ao encontro da funcionaria vistas do quarto janela dava para patio interior deveriam colocar um eletrocutor de insetos na sala do pequeno almoco as moscas massacram nos"
"Positive", "gostei sobretudo da casa do espaco envolvente do local do pequeno almoco e do proprio pequeno almoco muito bom de salientar a simpatia e o profissionalismo da funcionaria governanta"
"Positive", "e impossivel usufruir da envolvente da piscina por causa da praga de moscas o quarto ao contrario do publicitado nao tem uma unica cadeira nao tem secretaria nao tem tomadas de eletricidade suficientes nao havendo qualquer hipotese de usufruir de uma refeicao a nao ser a km em beja deveria de haver em cada quarto uma mini frigorifico para se poder ter bebidas frescas na sala comum deveria de haver uma maquina de cafe nem que fosse de moedas"
"Positive", "casa muito bonita e decorada com muito bom gosto funcionarias muito simpaticas pequeno almoco espetacular e piscina muito boa desde que estejas dentro de agua"
"Positive", "nao ha nenhuma indicacao da senha do wi fi apesar de ter todas as condicoes para ser um excelente local para uns dias de descanso tem um problema as moscas e impossivel estar na piscina a nao ser dentro de agua fora e impossivel com tanta mosca suponho que isso se deva a proximidade de animais mas e simplesmente impossivel desfrutar do espaco nao se consegue estar em repouso ou ler um livro o outro problema que nao e culpa do alojamento e o acesso por uma estrada de terceiro mundo completamente esburacada e um verdadeiro teste a suspensao e pneus do automovel"
"Positive", "bom pequeno almoco pessoal simpatico bom alojamento"
"Positive", "nao pedem certificados de vacinacao ou testes negativos no check in nao ha qualquer informacao que nos espacos comuns os hospedes tem de usar mascaras"
"Positive", "lugar calmo com bons acessos um bom pequeno almoco"
"Positive", "tudo aceitavel"
"Positive", "atendimento da nadia e pequeno almoco muito bom quartos grandes e confortaveis"
"Positive", "algumas moscas e vespas na beira da piscina pelas quais o alojamento nao tem qualquer culpa"
"Positive", "localizacao espaco em geral staff simpatico pequeno almoco"
"Positive", "ao chegar pelas h depois de um dia de pico de calor alentejano e com criancas so apetecia piscina e jantar mas o tratamento da piscina acabara de ser feito e refeicao so em beja foi nos explicada a razao do tratamento ocorrer naquele horario e o jantar em beja foi otimo tudo se resolveu pelo melhor mas talvez esta informacao check in ate as h e alimentacao nao disponivel deva ser sublinhado"
"Positive", "a amabilidade e simpatia de quem nos recebeu o quarto com camas twin da perfeitamente para pessoas adultos e criancas para as criancas o bilhar e a piscina foram um sucesso o pequeno almoco e otimo com variedade q b de fruta paes e bolinhos so faltou o chocolate em po para as criancas mas ficou como sugestao e havia cereais"
"Positive", "uma vez que o alojamento e isolado e nao existe bar os quartos deveriam ter um frigobar para haver a possibilidade de ter bebidas frescas"
"Positive", "cama confortavel o quarto estava muito limpo pequeno almoco e de muito boa qualidade"
"Positive", "a estrada de acesso esta em mas condicoes muitas moscas junto a piscina"
"Positive", "do sossego das comodidades e do pequeno almoco apesar da restricao da hora limite para o check in apos coordenacao tinhamos alguem a nossa espera apesar do atraso"
"Positive", "pois informacao sobre a zona nomeadamente restauracao"
"Positive", "otimo pequeno almoco piscina muito agradavel espacos limpos e muito bem decorados"
"Positive", "se por um lado a localizacao e excelente pela tranquilidade e vistas que proporciona torna se numa desvantagem tendo em conta que nao existem locais para refeicoes nas proximidades"
"Positive", "a simpatia e disponibilidade da nadia a piscina e a sua envolvencia o pequeno almoco bastantes variado e preparado com todo o cuidado"
"Positive", "nao tem tv mas em descanso nao fez mta falta a agua saia um pouco escura da casa de banho quando se abre a agua tem de se deixar correr durante um pouco nao havia muitas cadeiras a beira da piscina"
"Positive", "da casa antiga e preservada com a beleza rustica e caracteristica da regiao o snooker para distrair a piscina o pequeno almoco a paisagem e por ultima mas nao menos relevante a nadia muito simpatica e acolhedora"
"Positive", "a area circundante ao edificio principal e ligacoes com as comodidades poderiam estar mais cuidados as casas de banho deveriam ser renovadas e deveria haver um cuidado com os cheiros de esgotos dentro dos quartos algumas comodidades na minha opiniao deveriam estar disponiveis como internet inexistente frigobar nos quartos inexistente bar indisponivel tv nos quartos poderiam ter mais informacao sobre a regiao e acordos com restaurantes e museus"
"Positive", "a localizacao deslumbrante a funcionaria o pequeno almoco a decoracao"
"Positive", "bom pequeno almoco e otima funcionaria"
"Positive", "nao haver refeicao ao jantar nao haver wi fi gratis"
"Positive", "sossego simpatia piscina pequeno almoco agua l gratis simpatia dos outros hopedes"
"Positive", "a falta de televisao no quarto"
"Positive", "sitio ideal para descansar excelente piscina e o bom pequeno almoco simpatia da giciane que esteve sempre disponivel"
"Positive", "da distancia que fica tudo"
"Positive", "pequeno almoco muito bom pena nao servirem refeicoes ligeiras temos que nos deslocar muito para fazer mos refeicoes"
"Positive", "nao haver wi fi"
"Positive", "da localizacao tem uma vista linda tipica alentejana a funcionaria e muito simpatica muito eficiente e sempre disponivel a casa e tipicamente alentejana e fazem nos sentir como se estivessemos na nossa casa"
"Positive", "a aguarda piscina poderia ser melhor filtrada algumas coisas na casa de banho necessitam de manutencao zona jardinada a volta da piscina diminuiria a entrada de terra e folhas na piscina"
"Positive", "a simpatia de quem nos recebeu foi formidavel o pequeno almoco era excelente e variado a anfitria ver nos sentir em casa o ac nos varios espacos foi uma agradavel surpresa gostamos das arvores que rodeiam o espaco e da variedade de vegetacao"
"Positive", "o cheiro a esgoto que vinha da casa de banho so haver uma funcionaria para dar atencao a tanta coisa"
"Positive", "lugar tranquilo e a piscina agradavel a funcionaria muito simpatica o pequeno almoco muito bom o serao o bilhar e uma boa companhia"
"Positive", "as instalacoes precisam de renovacao e cuidado existem problemas notorios de infiltracoes e humidade durante o fim de semana o quarto nao foi alvo de qualquer limpeza nem de arrumacao wi fi inexistente o salao de pequeno almoco e virado ao sol sem qualquer proteccao nos janeloes existentes o que torna o ambiente extremamente quente"
"Positive", "o pequeno almoco era simples mas com qualidade a simpatia e disponibilidade da unica funcionaria foi excelente sempre prestavel e super simpatica deixou nos o seu contacto movel desde a nossa chegada para qualquer eventualidade o local e muito tranquilo optimo para descansar roupa de cama e de banho imaculadamente limpa"
"Positive", "os acessos as estradas podiam estar melhoradas acho que a piscina devia ter a indicacao da profundidade que tem o quarto flores a noite quando os outros hospedes estao na sala de convivio nao se consegue dormir"
"Positive", "a d nadia foi sempre muito simpatica o pequeno almoco era bom e a limpeza tambem estava sempre em dia"
"Positive", "quarto azul com cheiro a esgoto durante a noite fez se notar um cheiro a amoniaco oriundo de uma descarga na canalizacao que provocou intoxicacao respiratoria e irritacao da vista a uma das pessoas e fez com que tivesse de ser medicada surpreendentemente quando reclamamos ninguem estranhou e ainda confirmaram a existencia do cheiro a desinfetante fomos forcados a trocar de quarto"
"Positive", "pequeno almoco simpatia dos funcionarios e prontidao"
"Positive", "a agua da piscina estava suja parecendo nao haver manutencao ha algum tempo nao ha manutencao diaria dos quartos seria um local excelente se estivesse mais cuidado"
"Positive", "a simpatia e disponibilidade da nadia o pequeno almoco variado a decoracao e enquadramento do monte na natureza"
