Sentiment, Review
"Positive", "o espaco e simples mas muito bonito estava tudo muito limpo o terraco e fabuloso e os anfitrioes foram acolhedores e preocupados em saber se tinhamos tudo o que precisavamos relacao preco qualidade nao encontrei melhor em beja"
"Positive", "nada a apontar"
"Positive", "o sr luciano e a sra erica sao ultra prestativos e estao sempre prontos para ajudar em qualquer situacao muito bem localizado perto de um pingo doce ficamos duas vezes com intervalo de uma semana da primeira vez fizemos a sugestao de troca do modelo da torneira da cozinha que estava funcionando perfeitamente e tivemos a grata surpresa de encontrar uma torneira do modelo sugerido por nos recomendamos otimo custo beneficio"
"Positive", "as almofadas muito altas"
"Positive", "limpeza decoracao localizacao"
"Positive", "achei o valor um pouco alto para alojamento de um casal"
"Positive", "otima localizacao alojamento impecavel"
"Positive", "a unica coisa menos agradavel foi a cama que e um pouco pequena"
"Positive", "localizacao muito boa cozinha muito bem equipada com tudo o que e necessario e muito mais limpeza impecavel em toda a habitacao tudo estrelas"
"Positive", "gostamos de tudo"
"Positive", "o apartamento e muito moderno super limpo super bem decorado tinha tudo para cozinhar estava bem localizado na cidade com um supermercado em frente o terraco alem de ser super grande estava tambem super bem decorado a cama era super confortavel"
"Positive", "sem nada a reclamar"
"Positive", "no geral tudo a simpatia e a preocupacao do bem servir desde o primeira minuto dois excelentes quartos cada um com a sua magnifica tv uma cozinha completamente equipada wc muito bom e com bastante espaco um terraco muito bem composto com mesa para aproveitar a brisa da noite ao jantar a limpeza do melhor simplesmente top recomendo recomendo"
"Positive", "falta uma sala para podermos conversar sem ser na varanda"
"Positive", "localizacao excelente"
"Positive", "atendimento e instalacoes excelentes"
"Positive", "tudo"
