Sentiment, Review
"Positive", "decoracao bonita senhora da rececao foi extremamente simpatica e solicita"
"Positive", "localizacao"
"Positive", "nada a apontar"
"Positive", "ambiente muito agradavel e acolhedor"
"Positive", "da simpatia das funcionarias"
"Positive", "um pouco de barulho durante a noite"
"Positive", "localizacao pequeno almoco e preco qualidade"
"Positive", "muito bom das melhores guest house em que fiquei excelente relacao preco qualidade bom pequeno almoco incluido no preco muita simpatia das recepcionistas"
"Positive", "funcionarios muito simpaticos quartos bem decorados e bastante acolhedores"
"Positive", "atendimento nota quarto espacoso moderno tematico e novo bom cafe da manha"
"Positive", "escadas um pouco ingremes e roupa da cama muito quentes sem possibilidade de retirar camadas"
"Positive", "simpatia e atencao"
"Positive", "necessita melhorar o conforto dos colchoes das camas"
"Positive", "pequeno almoco agradavel com a quantidade e diversidade de produtos adequada"
"Positive", "esqueceram se de nos informar que tinhamos que ir buscar o pequeno almoco a salinha do lado"
"Positive", "de uma forma geral nota pequeno almoco muitissimo bom muita variedade de tudo recomenda se vivamente"
"Positive", "todo"
"Positive", "tudo estava perfeito"
"Positive", "por vezes vinha mau cheiro das canalizacoes da casa de banho"
"Positive", "a localizacao e a simpatia dos funcionarios pequeno almoco apesar de pouca variedade tem muita qualidade"
"Positive", "de subir uma escadaria mas culpa minha por ser gorda"
"Positive", "tudo bom espaco bem localizado bonita decoracao acolhedora quarto espacoso pequeno almoco variado e mto bom e staff para recomendar e voltar quando for necessario"
"Positive", "a falta de parqueamento para o automovel e as escadas de acesso aos quartos degraus pequenos e muito ingremes"
"Positive", "a localizacao e muito boa no centro de beja perto de tudo as funcionarias foram muito prestaveis o quarto e muito agradavel boa relacao qualidade preco"
"Positive", "foi maravilhoso desde a simpatia dos funcionarios ate ao quarto decorado ao detalhe e o pequeno almoco simplesmente divinal obrigada por toda a atencao e desejamos todo o sucesso sempre"
"Positive", "o acesso ao o andar coloca algumas dificuldades a pessoas com problemas de mobilidade tendo sido assinalada esta questao com elementos da guest house"
"Positive", "e um espaco inovador em termos de conceito e de decoracao estando de parabens neste aspeto sendo os quartos muito agradaveis a localizacao e muito boa e central o pequeno almoco tem muito boa qualidade e variedade"
"Positive", "estacionamento"
"Positive", "cama"
"Positive", "o ambientador foi pessimo e deve ser toxico por favor tirem isso dos quartos o cheiro e fortissimo as escadas para os quartos sao bastante ingremes"
"Positive", "quarto pequeno simpatico no centro de beja o staff e atencioso"
"Positive", "o pequeno almoco era variado"
"Positive", "nada"
"Positive", "pequeno almoco e quarto"
"Positive", "das escadas lol"
"Positive", "pequeno almoco com pouca variedade"
"Positive", "simpatia dos funcionarios localizacao"
