Sentiment, Review
"Positive", "monte alentejano fantastico muito acolhedor silencioso e relaxante os anfitrioes sao muito atenciosos e deixam nos a vontade ideal para casais que querem estar num sitio calmo o quarto estava muito limpo e o pequeno almoco era bastante bom"
"Positive", "bonita paisagen e um excelente pequeno almoco anfitria muito simpatica e prestavel"
"Positive", "nada a assinalar"
"Positive", "o pequeno almoco estava optimo a localizacao muito boa sitio muito tranquilo excelente para repousar de salientar tambem a simpatia e disponibilidade da d helena"
"Positive", "a senhora e muito amavel e prestavel sitio tranquilo a repetir sem duvida"
"Positive", "nada a apontar"
"Positive", "o pequeno almoco foi excelente a dona helena uma excelente anfitria o sitio e muito calmo ideal para descanso irei voltar com certeza"
"Positive", "a estrada de acesso podia estar em melhor estado o facto de ser um quarto com ligacao ao corredor da casa que nao isola os ruidos da casa o espaco exterior podia estar melhor cuidado"
"Positive", "o quarto e espacoso a cama e confortavel a casa de banho e grande e bem equipada a piscina e boa o pequeno almoco foi bom embora pudesse ser mais variado o sossego e privacidade do local"
"Positive", "as condicoes atmosfericas nao foram as melhores mas a trovoada e a chuva tambem podem ser belo espetaculo"
"Positive", "amei a hospitalidade inexcedivel os cuidados e dedicacao dos proprietarios a limpeza a cookie e seus companheiros tudo fico com saudades e vontade de voltar"
"Positive", "apenas nota negativa para o acesso a quinta nao e realmente o melhor com a estrada em terra batida e sem estar em boas condicoes"
"Positive", "desde a simpatia da proprietaria d helena ao conforto e sossego da quinta foi tudo optimo sem duvida uma experiencia a repetir"
"Positive", "nada a apontar"
"Positive", "a atencao da d helena o pa era muito bom e feito no momento as panquecas sao fantasticas e feitas no momento pela d helena experiencia a repetir em periodo de verao para usufruir da piscina"
"Positive", "nada indicar"
"Positive", "dos donos da casa pequeno almoco impecavel dos animais dos espaco da casa e do quarto"
"Positive", "simpatica acolhimento conforto do quarto limpeza tudo impecavel nem falando do pequeno almoco espetacular com tudo fresco e saboroso muito obrigada a voltar"
"Positive", "atendimento fantastico"
"Positive", "o caminho de acesso a propriedade contudo quando la chegamos compensa bastante"
"Positive", "a propriedade e linda a sra helena e fantastica a piscina maravilhosa e os caes sao super fofinhos o quarto e bastante aconchegante e bonito o pequeno almoco e caseiro e super delicioso e optimo para descansar e recarregar baterias"
"Positive", "fomos muito bem recebidos tanto pelo casal como pelos seus animais foi uma surpresa os amigos de patas que nos fizeram sentir em casa o pequeno almoco estava divinal uma experiencia a repetir"
"Positive", "um espaco que nao e um hotel mas e muito melhor do que isso um espaco muito acolhedor e familiar nao esquecer que a d helena recebe mesmo muito bem e os seus pequeno almocos sao fantasticos afinal de contas as panquecas sao mesmo muito boas para quem quiser descansar vale a pena mesmo a pena"
"Positive", "tudo"
"Positive", "nao gostei da falta de indicacao e acesso ao alojamento"
"Positive", "o pequeno almoco foi normal"
"Positive", "gostei do atendimento foi como se tivessemos na nossa propria casa recomendo"
"Positive", "cama confortavel piscina agradavel quarto espacoso e limpo o sossego da zona um ceu estrelado unico a simpatia e preocupacao da d helena e um simpatico pequeno almoco com panquecas fantasticas os caes da propriedade sao amorosos"
"Positive", "cheiro forte na casa de banho"
"Positive", "todos os demais itens"
"Positive", "o acesso em terra batida nao e bom o espaco no geral podia estar mais cuidado o quarto nao tem televisao"
"Positive", "tranquilidade do local o pequeno almoco servido de forma caseira proximidade entre a localidade rural e o centro de beja"
"Positive", "a simpatia da dona helena conquista nos imediatamente recebe nos dentro de sua casa e logo nos sentimos como se fizessemos parte da familia o quarto suite e espacoso a casa de banho proporcionalmente enorme um pequeno almoco fantastico experiencia de alojamento a repetir sempre que o destino o permita nao se assustem com os patudos que por ali andam sao gentis gigantes de patas que nos recebem com os seu ladrar mas logo nos rodeiam para afagos e brincadeira"
"Positive", "as panquecas feitas pela do d helena deliciosas"
"Positive", "nada a apontar"
"Positive", "quarto grande e confortavel e da amabilidade e simpatia no acolhimento"
"Positive", "senti me em casa com um pequeno almoco muito atencioso monte proximo ao centro de beja mas afastado o suficiente para se sentir em profundo relaxamento gostamos muito a simpatia e atencao da sra helena foi top iremos voltar pelo verao"
