Sentiment, Review
"Positive", "o pequeno almoco e divinal a casa e muito confortavel"
"Positive", "nada"
"Positive", "localizada no centro de beja a maria s gesthouse e uma casa antiga restaurada e decorada com extremo bom gosto e onde nos sentimos como na nossa propria casa os proprietarios sao inexcediveis na simpatia e esforco em nos proporcionar uma estadia aprazivel o pequeno almoco foi uma otima surpresa combinando os sabores locais com alternativas saudaveis e para as criancas os ovos mexidos com bacon de peru estavam deliciosos"
"Positive", "toda a equipa muito simpatica e prestavel as instalacoes muito limpas e de grande qualidade bom gosto o pequeno almoco e otimo com produtos locais bem confecionados parabens havemos de voltar"
"Positive", "muito bom super limpo e acolhedor desde a simpatia e profissionalismo do paulo e da funcionaria ao pequeno almoco divinal com iguarias feitas na hora e com doces caseiros simplesmente maravilhoso quase que nos sentimos em casa aconselho vivamente a repetir"
"Positive", "o pequeno almoco era excelente todo o staff era extremamente simpatico e prestavel"
"Positive", "excelente localizacao no centro de beja casa muito bem recuperada ambiente acolhedor e confortavel anfitriao muito simpatico pequeno almoco excecional para voltar sem duvida"
"Positive", "nada"
"Positive", "casa impecavelmente decorada com muito bom gosto e cuidado o dono foi muito atencioso e prestavel soberbo pequeno almoco recomendo e voltarei"
"Positive", "alojamento fantastico staff incrivel pequeno almoco maravilhoso"
"Positive", "da simpatia e carinho com que nos receberam o local e maravilhoso e muito tranquilo obrigada ao sr paulo e as suas marias vamos voltar sem duvida"
"Positive", "excelente pequeno almoco quarto amplo e muito limpo simpatia dos anfitrioes"
"Positive", "tudo desde a rececao ate a partida o maravilhoso pequeno almoco elaborado com muito gosto obrigada"
"Positive", "o pequeno almoco foi excelente as pessoas muitissimo simpaticas"
"Positive", "limpeza simpatia e qualidade de todo o servico"
"Positive", "estava tudo perfeito e pensado ao pormenor absolutamente nada a apontar"
"Positive", "adoramos ficar no marias guesthouse para alem de bem situado o nosso anfitriao o paulo teve todo o gosto em fazer nos sentir em casa decoracao tematica dos quartos todos com referencias a historia de beja com atencao a cada detalhe a paixao do paulo pelas antiguidades revela se a cada passo fomos acolhidos com muito carinho tambem pela mae do paulo que ajuda na confecao dos saborosos e variados pequenos almocos com os quais nao vai deixar de se deliciar servidos no patio exterior cheio de charme ou no interior nos dias mais frescos limpeza e logistica impecaveis uma estadia obrigatorio se passarem por beja recomendo muito pois nos vamos voltar de certeza queremos conhecer os outros quartos e usufruir novamente dum espaco belissimo da simpatia do paulo e da sua mae sempre prontos para ajudar obrigada por nos receberem tao bem elisabeth"
"Positive", "limpeza simpatia frescura decoracao pequeno almoco tudo impecavel"
"Positive", "nada a apontar"
"Positive", "o pequeno almoco tinha tudo variedade frescura cuidado uma apresentacao sublime e tudo isto embrulhado num tratamento de uma simpatia familiar frutas sumos cafe produtos caseiros e muitos que variavam ou apareciam a pedido uma mistura de um cuidado estrelas com o carinho e mimo de uma avo"
"Positive", "apenas da escada ingreme de acesso ao quarto"
"Positive", "excelente pequeno almoco em qualidade e quantidade a simpatia e disponibilidade do sr paulo e da d maria a localizacao nao podia ser melhor fica no centro"
"Positive", "decoracao originalidade pequeno almoco colchoes da cama"
"Positive", "pequeno almoco excelente"
"Positive", "nada a referir"
"Positive", "um alojamento excecional localizacao acolhimento simpatia instalacoes servicos comodidades familiaridade bom gosto um doce doce lar obrigada ao sr paulo e esposa assim vale a pena"
"Positive", "a escada de acesso a mezzanine quarto na casa o alentejano apesar de ser solida e bem construida instalada nao e aconselhavel a pessoas com limitacao fisica ingreme"
"Positive", "tudo excelente o bom gosto da decoracao o anfitriao e a sua equipa e a grande atencao ao detalhe pequeno almoco melhor que divinal"
"Positive", "tudo otimo"
"Positive", "adoramos tudo sentimos nos como em casa o senhor paulo foi muito disponivel e atencioso o quarto estava super limpo adoramos a nossa varanda pequenina a melhor parte e sem duvida o pequeno almoco preparado na hora com produtos frescos estrelas mesmo ficamos sem palavras muito obrigada pela atencao e pela forma como nos receberam"
"Positive", "qualidade bom gosto simpatia e disponibilidade dos anfitrioes limpeza pequeno almoco optimo altamente recomendavel"
"Positive", "excelente estadia com simpaticos anfitriaos e soberbo pequeno almoco"
