Sentiment, Review
"Positive", "o caminho para la chegar"
"Positive", "as refeicoes o staff o local calmo e lindissimo"
"Positive", "embora se trate de um espaco rural poderia haver um maior cuidado com a limpeza dos quartos e dos apartamentos poderia haver uma maior generosidade com as amenities nos wc s presumimos que se tivessemos pedido mais nos teria sido fornecido mas o quarto apenas tinha uma bolsa de gel duche e outra de shampoo e sabonetes o que nos parece pouco para pessoas e nao tinha secador foi nos dito posteriormente que teriamos que o solicitar"
"Positive", "a simpatia dos funcionarios com um ambiente familiar o bom gosto e sentido pratico tanto dos quartos como dos espacos comuns bem decorado acolhedor com o aspecto rustico e nobre que se espera numa herdade alentejana bem cuidada o conforto com todas as comodidades necessarias a politica de honesty bar o pequeno almoco com qualidade e generoso do qual temos que destacar o sumo de laranja natural a localizacao no meio de campos de oliveiras e vinhas pertissimo do rio guadiana"
"Positive", "gostei do peq almoco"
"Positive", "acessos um pouco complicados"
"Positive", "herdade muito bonita com otimas condicoes e staff bastante acolhedor e disponivel"
"Positive", "herdade muito bonita e confortavel de muito bom gosto excelente para descansar funcionarios muito solicitos e simpaticos a repetir sem duvida"
"Positive", "o quarto apesar de espacoso e limpo era bastante mais simples e austero do que as fotos divulgadas no booking a agua da piscina parecia algo amarelada estrada caminho de acesso a propriedade muito dificil"
"Positive", "funcionarios muito simpaticos e prestaveis produtos locais e de qualidade servidos ao pequeno almoco tranquilidade e sossego do espaco envolvente vista muito agradavel em redor da propriedade"
"Positive", "nada a apontar"
"Positive", "de salientar toda a atencao disponibilidade e carinho que nos recebeu o sr luis fialho tornando o meu aniversario ainda mais especial muito obrigada"
"Positive", "a parte menos boa e sem duvida as abelhas na piscina de manha nao ha problema mas por volta das h h ja se torna um pouco incomodativo poucas espreguicadeiras para o numero de pessoas na herdade"
"Positive", "espaco super agradavel a herdade e encantadora super bem decorada cada cantinho tem o seu encanto"
"Positive", "um espaco um soberbo muito bem decorado e com um excelente vinho"
"Positive", "os acessos sao maus mas infelizmente e da competencia da cm beja arranja los"
"Positive", "pequeno almoco optimo localizacao excelente para descansar do stress do trabalho prova de vinho com o proprietario foi uma autentica aula de enologia excelente recomendo vinhos da herdade excelentes e jantares caseiros optimos sem wifi nos quartos e piscina para nos e uma vantagem tragam um livro e relaxem na natureza"
"Positive", "o caminho em muito mau estado de km ate ao local torna se chato sobretudo porque nao existem muitas opcoes de alimentacao na herdade durante o dia por isso e inevitavel termos que sair e fazer esse caminho duas vezes por dia falta de alguns pormenores no quarto e exterior que podiam tornar o local mais pratico e confortavel como sugestao de melhoria sombras na zona da piscina mesas de apoios no quarto para pousar objetos perto da cama produtos de higiene de banho em embalagens mais praticas e eco friendly copos para as escovas de dentes"
"Positive", "tranquilidade piscina simpatia e disponibilidade dos funcionarios a herdade fica numa zona muito bonita perto do guadiana"
"Positive", "local extremamente relaxante possibilidade de estar sempre acompanhada pela minha cadela"
"Positive", "pequeno almoco simples mas bom boa localizacao no meio do campo e do rio guadiana mas perto de serpa e beja que merecem uma visita simpatia do staff"
"Positive", "prova de vinhos vista tranquilidade espaco"
"Positive", "de tudo muito particularmente do acolhimento conforto e da satisfacao de todos os pedidos que realizei e que transformaram a estadia num fim de semana unico"
"Positive", "o preco aplicavel para jantar opcional e elevado especialmente se a pessoa tiver restrincoes alimentares por examplo vegetariana super agradavel jantar na herdade ao ar livre talvez incluir uma outra outra opcao de jantar talvez petiscos feitos com produtos regionais algo mais flexivel seria uma boa opcao como fiquei num quarto exterior nao tive acesso a internet disponivel no local"
"Positive", "otimo espaco para relaxar e levar animais de estimacao gostariamos de ter ficado mais tempo e iremos voltar se possivel o frigorifico disponivel com bebidas a serem pagas no final e uma otima idea e da muito jeito para se ficar off the grid e uma boa opcao pois a internet so esta disponivel na casa principal"
"Positive", "os acessos"
"Positive", "as entradas do jantar com tanta coisa boa no alentejo colocar cavala enlatada e chourico daquele de supermercado parece me um ponto a melhorar"
"Positive", "de tudo do espaco da quinta do jantar exceto as entradas e do pequeno almoco o vinho riso tambem e muito bom voltarei com certeza"
"Positive", "local bastante isolado bem integrado na paisagem bom para descansar"
"Positive", "o facto de nao possuir televisao a internet era muito fraca e o terreno de acesso a propriedade esta em muito mau estado e e perigoso a noite dado que nao esta iluminado considero o preco excessivo para as condicoes apresentadas"
"Positive", "para quem procura um local para relaxar e uma optima opcao a vista e excelente e tranquilizante a piscina e fantastica e o pequeno almoco muito bom"
"Positive", "a estrada de acesso"
"Positive", "staff muito atencioso e simpatico vinho muito agradavel e um optimo pequeno almoco a vista e desafogante e anti stress bom local para relaxar sem televisao e com internet apenas no espaco comum"
"Positive", "cama pessima"
"Positive", "muito bom pequeno almoco"
"Positive", "local perfeito para descansar herdade muito bem cuidada e com bom gosto pequeno almoco simples com produtos de qualidade diversos espacos de lazer"
"Positive", "marcamos por acaso numa viagem pelo alentejo uma surpresa fantastica uma herdade antiga recuperada com imenso bom gosto a dois metros do guadiana onde a m a pe conseguimos tomar banho o luis licenciado em turismo e arqueologia nao podia ser um anfitriao mais prestavel e interessante o jantar no exterior com vista para as vinhas e o vale entre migas de alheira e provas dos vinhos da herdade foi toda uma experiencia vamos voltar no inverno"
