Sentiment, Review
"Positive", "o quarto n nao se encontrava nas melhores situacoes visto que o teto nao estava pintado denunciando uma grande mancha de humidade por cima da tv"
"Positive", "o peq almoco foi excecional a localizacao muito boa"
"Positive", "a funcionaria muito profissional bom atendimento"
"Positive", "excelente pequeno almoco"
"Positive", "simpatia do staff"
"Positive", "estabelecimento muito asseado"
"Positive", "casa de banho merece melhoramento"
"Positive", "bem localizado no entanto necessita de um toque de conforto"
"Positive", "nao gostei da iluminacao do quarto especialmente do wc"
"Positive", "do conforto da cama da localizacao e do silencio"
"Positive", "hotel amplo confortavel e bem localizado com bom pequeno almoco e wifi gratuito"
"Positive", "nada a registar"
"Positive", "pequeno almoco excelente nao faltava nada a simpatia dos colaboradores e de destacar"
"Positive", "casa de banho"
"Positive", "barulho da discoteca proxima do hotel"
"Positive", "entre o pedido e o trazer o prato"
"Positive", "acessibilidade"
"Positive", "rececao"
"Positive", "a vista para a piscina a varanda e o quarto tudo um espetaculo"
"Positive", "achamos que ha pormenores a melhorar tendo em conta tratar se de um hotel estrelas a zona da tv nao estava limpa nem foi limpa durante a nossa estadia receber o comando da tv envolto num plastico tambem nao me pareceu alinhado com a categoria de estrelas o pequeno almoco podia ter produtos regionais alentejanos"
"Positive", "a localizacao era perto do centro e a acessos locais para visitar locais de interesse o hotel e sossegado os quartos bem insonorizados"
"Positive", "o nosso quarto tinha vista privilegiada para o posto de combustivel e o cheiro por vezes fazia se sentir no entanto isso nao influenciou particularmente a nossa impressao do hotel por outro lado o que de facto nos deixou pouco impressionados foi o facto de a limpeza nao parecer ser muito criteriosa a sanita nao estava bem limpa e os lencois embora estivessem lavados e engomados tinham alguns cabelos com os quais nos deparamos ao abrir a cama creio que um olhar mais atento por parte do housekeeping teria evitado esta situacao"
"Positive", "o quarto era decentemente espacoso e tinha varanda o espaco exterior esta bem cuidado e passamos um bom bocado na piscina o pequeno almoco e muito bom com imensa variedade"
"Positive", "hotel agradavel amplo e com um bom servico o pequeno almoco e bom"
"Positive", "o hotel e bom apenas funcionarios na rececao e outro multifunctional bar e restaurante as cadeiras disponiveis na piscina nao davam nem para da capacidade do hotel deverao rever estas situacoes"
"Positive", "quarto bom a rececionista fez o que pode o funcionario do bar multiplicou se por"
"Positive", "jantei no hotel precos adequados mas confecao da carne nao conseguida"
"Positive", "hotel muito sossegado durante a minha estadia bom pequeno almoco funcionarios simpaticos"
"Positive", "o pequeno almoco demasiado industrializado praticamente tudo o que se pode beber e de maquina estacionamento muito dificil"
"Positive", "boa localizacao quarto grande bom wi fi muito canais de tv o hotel esta a necessitar de alguns ajustes nomeadamente em melhorias no wc e alguma modernizacao geral o espaco da piscina e bom mas existe pouco controlo que permite que algumas pessoas marquem lugares com toalhas e depois descansadamente vao tomar o pequeno almoco muito feio mas o hotel nao deveria permitir o a c funciona muito bem alguma falta de cuidado na reposicao das toalhas de wc"
"Positive", "quando estava a tomar banho de repente a agua diminuia o caudal e ficava a escaldar era um processo ritmico que acontecia na hora que a maioria das pessoas estava a tomar banho entre as h nas tentativas de utilizar a piscina nao fui capaz de ficar muito tempo menos de h pois a quantidade enorme de moscas que existiam nao me deixavam ficar confortavel"
"Positive", "localizacao um pouco fora do centro de beja mas para um hotel daquele tamanho era de esperar pequeno almoco bom com um staff simpatico pronto a responder as nossas exigencias piscina razoavel mas a agua um pouco fria corredores do quartos em alcatifa o que abafava muito o som das pessoas a passar excelente ideia"
"Positive", "bem localizado e com funcionarios simpaticos hotel descuidado com instalacoes que nao merecem as estrelas"
"Positive", "funcionario do restaurante nada humilde"
"Positive", "tudo muito bom hotel com muita qualidade destaco a simpatia e empatia do senhor do bar o meu irmao esteve nas urgencias e so conseguimos chegar ao hotel as o restaurante fecha as h fui va ver se ainda conseguiam arranjar algo para meu irmao um funcionario do restaurante nao demonstrou qualquer empatia e mandou ver se conseguia alguma sande no bar fui ao bar e o barman super simpatico e humilde foi a cozinha e conseguiu trazer me um jantar completo"
"Positive", "pequeno almoco digno de um cinco estrelas"
"Positive", "a limpeza nao foi boa o quarto estava cheio de po foram limpar durante a estadia mas nao limparam nada ficou tudo igual um dos dias sem termos o papel na porta para arrumar o quarto entrou a empregada da limpeza as h da manha pelo quarto a dentro sem pedir desculpa essa empregada da limpeza era muito antipatica quando saimos do quarto perguntou muito arrogante entao nao vao sair hoje no qual respondemos de nao quando almocamos no hotel parecia que nos estavam a fazer um favor foram o pouco desagradaveis pois o que o senhor nos disse e que havia pouca comida pois tinha o grupo de pessoas de resto e um bom hotel na rececao sempre foram muito simpaticos"
"Positive", "os funcionarios da rececao super simpatico a senhora que nos atendeu na chegada foi uma querida ajudou nos imenso"
"Positive", "adorei tudo a limpeza o atendimento e a simpatia de todos"
"Positive", "wifi fraco no quarto po a mais no chao do quarto"
"Positive", "ambiente acolhedor zona verde e piscina estacionamento facil"
"Positive", "toalhas de banho muito pequenas"
"Positive", "cama otima almofadas e lencois idem pequeno almoco variado e muito bom piscina otima para um mergulho de fim de tarde regras sanitarias e de distanciamento bem aplicadas sem que nos sintamos invadidos voltamos em breve"
"Positive", "a zona da piscina e muito agradavel pequeno almoco excelente boa insonorizacao dos quartos"
