Sentiment, Review
"Positive", "simpatia dos funcionarios"
"Positive", "limpeza excelente instalacoes muito boas simpatia dos funcionarios definitivamente um bom hotel com qualidade preco acima da media fala se muito do barulho dos carros nos comentarios mas eu nao considerei que fosse algo incomodativo e praticamente nao se ouvia nada da rua a repetir caso volte a beja"
"Positive", "nao tinha frigobar no quarto e a cama de casal eram duas camas de solteiro na verdade"
"Positive", "hotel e acessivel para pessoas com mobilidade reduzida e possui boa estrutura e localizacao cafe da manha muito bom"
"Positive", "os quartos nao sao insonorizados ouve se tudo do quarto ao lado tive de mandar calar os hospedes do quarto ao lado porque estavam a fazer muito barulho a h da manha e eu queria dormir e para quem e sensivel ao ruidos dos carros apesar do quarto que me foi atribuido ser virado para as traseiras ouve se cada carro a passar na estrada a persiana e os vidros nao ajudam a insonorizacao e portanto ao conforto no quarto e pena porque o hotel tem qualidades mas esta desfavorece muito a experiencia geral"
"Positive", "a limpeza o pequeno almoco e a simpatia dos funcionarios"
"Positive", "confortavel"
"Positive", "localizacao do quarto mesmo junto a entrada do hotel e a uma rua com muito transito insonorizacao"
"Positive", "cama muito confortavel bom pequeno almoco garagem gratuita"
"Positive", "wcs necessitam de um update"
"Positive", "instalacoes comuns e pequeno almoco"
"Positive", "nada a apontar"
"Positive", "quartos limpos sem grandes barulhos depende muito de quem esta tambem atendimento cordial por parte dos empregados pequeno almoco bastante completo preco em conta e localizacao rapida de encontrar"
"Positive", "pequeno almoco e o servico deste deveria ser melhor mesmo em clima de pandemia"
"Positive", "nesta epoca de restricoes pandemicas a sala de pequeno almoco e muito pequena para a quantidade de pessoas que aguardam a bandeja do pequeno almoco muitissimo mal organizado o servico de pequeno almoco"
"Positive", "simpatia e amabilidade dos rececionistas"
"Positive", "area do pequeno almoco pequena e pequeno almoco pouco variado"
"Positive", "do tamanho do quarto e do conforto simpatia do funcionario da rececao"
"Positive", "o pequeno almoco correspondeu as expectativas os funcionarios foram muito atenciosos contudo deveria estar um funcionario a controlar as entradas dos hospedes na sala dos pequenos almocos"
"Positive", "de tudo em geral mas ainda mais por termos acesso a garagem gratis"
"Positive", "quarto cuidado e limpo cama confortavel"
"Positive", "talvez por ter ficado numa suite no canto do edificio o sinal wi fi era fraco e falhava muito"
"Positive", "a limpeza e simpatia de todo o staff que encontramos"
"Positive", "boa localizacao bom pequeno almoco limpeza excelente"
"Positive", "localizacao junto ha estrada demasiado barulho durante a noite"
"Positive", "simpatia dos funcionarios disponibilizacao de garagem coberta espaco do quarto e comodidades gerais do hotel"
"Positive", "wi fi com problemas e o facto de nao ter uma piscina exterior"
"Positive", "do conforto e comodidades"
"Positive", "o facto de nao ter piscina exterior"
"Positive", "staff muito atencioso limpeza e higiene boas comodidades e boa localizacao"
"Positive", "nada a apontar obrigado"
"Positive", "de tudo"
"Positive", "pequeno almoco pouco variado nao obstante de ser servido alimentos de boa qualidade as tomadas eletricas estao mal coladas no quarto sendo que tive de ter cuidados adicionais ao ligar equipamentos na tomada pois ouvia se faiscas e interferencia com a iluminacao"
"Positive", "os croissants sao fantasticos a minha suite era enorme e muito limpa tinha um bom terraco e boas acomodacoes no geral a tv tem alem dos canais generalistas varios outros oferecido pelas operadoras em portugal a garagem privativa gratuita e muito bem destacada no meu comentario pelo facto de se tratar de uma localizacao cujos lugares sao escassos para as viaturas na via publica assim a garagem e essencial bem como e gratis o hotel dispoe de um bar de elevada qualidade"
"Positive", "a insonorizacao podia ser melhor"
"Positive", "mais variedade"
"Positive", "estava de acordo com o esperado"
"Positive", "insonorizacao dos quartos muito ma ouvia se tudo mesmo sem as pessoas estarem a falar alto"
"Positive", "limpeza"
