Sentiment, Review
"Positive", "impecavel desde o espaco tudo muito organizado super limpo a simpatia e acolhimento tao caloroso da d teresa e do marido"
"Positive", "nada a apontar"
"Positive", "comodidades como piscina barbecue jardim e de um modo geral conforto tambem a simpatia e disponibilidade dos anfitrioes"
"Positive", "gostei bastante da hospitalidade da simpatia da dona teresa e do senhor ze a casa era muito acolhedora bem como o espaco exterior tivemos sempre a nossa privacidade mas estavam sempre disponiveis para o que fosse preciso"
"Positive", "nada a apontar"
"Positive", "a casa e acolhedora e com uma decoracao soberba a cozinha estava devidamente equipada assim como o espaco exterior os anfitrioes sao de uma enorme simpatia"
"Positive", "agradecer a dona teresa e ao seu marido pela simpatia adoramos a estadia a piscina era excelente apesar do tempo nao ter ajudado"
"Positive", "adorei os anfitrioes muitos prestaveis e simpatia extrema a casa super acolhedora ideal para relaxar e desfrutar d a maravilhosa piscina"
"Positive", "nao tenho nada de negativo a apontar"
"Positive", "gostamos de tudo a casa a piscina o tempo maravilhoso e especialmente a simpatia dos anfitrioes"
"Positive", "gostei do alojamento muito limpo sossegado e a piscina privativa muito agradavel bem equipado anfitrioes muito simpaticos"
"Positive", "o apartamento corresponde na realidade as fotos excelente roupa de cama limpeza impecavel localizacao corresponde a descrita anfitriao atento"
"Positive", "gostei de tudo"
"Positive", "tudo excelente"
"Positive", "casa grande e confortavel infelizmente passamos pouco tempo na casa mas recomendamos vivamente tem todas as comodidades necessarias"
"Positive", "simpatia da d teresa casa com todas as comodidades e ideal para quem quer descansar limpeza e decoracao impecaveis nao esquecer a piscina com excelente exposicao solar e so para nos e ainda tv com todos os canais infantis para regressar"
"Positive", "a casa era muito acolhedora os donos eram extremamente simpaticos e acessiveis"
"Positive", "bela piscina para combater o calor de beja"
"Positive", "casa muito confortavel e agradavel excelente para uma familia cumpriu todas as expectativas principalmente na simpatia com que fomos recebidos pensamos voltar"
"Positive", "gostei acima de tudo da simpatia com que fomos recebidos tambem gostei do bom gosto e conforto"
"Positive", "alojamento inserido no mesmo espaco fisico da casa dos donos a piscina fica entre as casas o alojamento e a casa dos proprietarios e desconfortavel e devia estar descrito nas caracteristicas do alojamento bem como devia indicar que os quartos nao sao no mesmo piso algo que para quem tem filhos pequenos e dificil nunca estamos a vontade libertos e relaxados pois vamos com a ilusao de que e uma propriedade isolada moradia com piscina em que no maximo teremos vizinhos divididos por muros mas nao temos janelas que separam uma casa da outra uma piscina no meio onde nao conseguimos estar mentalmente confortaveis alem disso a circulacao dos proprietarios no espaco que alugamos por x tempo tambem e muito desconfortavel nao esta correcto fazerem publicidade de algo que nao esta de acordo a realidade por muito simpaticos que as pessoas possam ser vamos para uma moradia com piscina com intencao de ter privacidade e nao podemos intencao de mergulhar a noite mas nao podemos porque nas janelas ao lado estao os proprietarios com intencao de deixar as boias na piscina mas nao podemos porque a mesma nao e de utilizacao exclusiva com vontade de deixar as toalhas nas espreguicadeiras mas nao podemos porque as mesmas estao encostadas as janelas da sala dos proprietarios"
"Positive", "alojamento limpo bem decorado"
"Positive", "adorei a casa toda muito bem limpa a piscina e os donos sao super simpaticos prestaveis e muito acessiveis"
"Positive", "casa muito confortavel excelente para familias"
