Sentiment, Review
"Positive", "a televisao e o comando nao funcionavam muito bem"
"Positive", "otima localizacao"
"Positive", "adoramos tudo excelente localizacao casa com todo o conforto e tudo que e necessario para uma magnifica estadia anfitriao muito simpatico recomendamos este alojamento"
"Positive", "nada a assinalar"
"Positive", "a casa do jardim tem uma excelente localizacao perto de superficies comerciais e do centro da cidade com estacionamento facil a porta casa com boas areas camas confortaveis cozinha bem equipada patio espacoso nas traseiras com casa de maquinas"
"Positive", "nada a apontar"
"Positive", "sr luis muito atencioso e preocupado para que tudo esteja bem top"
"Positive", "simpatia conforto e comodidade"
"Positive", "excelentes areas muito higienico bom espaco exterior e enorme simpatia do anfitriao"
"Positive", "nada a referir"
"Positive", "limpeza acomodacao area total da casa simpatia e disponibilidade do proprietario sr luis pontes"
"Positive", "excelente anfitriao espaco muito limpo optimas condicoes localizacao perfeita espaco exterior muito agradavel recomendo a"
"Positive", "nada a apontar"
"Positive", "gostei muito da casa gostei da localizacao gostei das ideias implementadas no restauro gostei da hospitalidade"
"Positive", "apartamento de cima nao tinha agua quente"
"Positive", "localizacao optima com bons acessos"
"Positive", "excelente relacao preco qualidade casa muito bem remodelada limpa e com quase tudo a estrear as camas sao super confortaveis excelente para familia com filhos ou grupo de amigos proprietario simpatico e sempre disponivel a voltar sem duvida"
"Positive", "a limpeza nao foi a melhor"
"Positive", "de realcar a localizacao zona muito tranquila e perto de tudo para alem disto a prestabilidade e simpatia inigualavel do sr luis"
