Sentiment, Review
"Positive", "ambiente acolhedor"
"Positive", "ficamos num quarto no patio um duplex ao entrar ficamos num pequeno hall com uma salamandra e cadeirao a esquerda e escadas para o piso superior onde fica a cama a direita a frente da porta fica a casa de banho apesar de ser tudo muito confortavel atendendo ao tamanho do quarto e as comodidades que oferece cremos que o preco noite podera ser algo exagerado"
"Positive", "a guest house fica a menos de um minuto a pe do castelo de beja encontrando se no centro da cidade a qual se percorre facilmente caminhando apesar da inclinacao o alojamento e muito limpo e bem decorado o pequeno almoco e extraordinario sendo servido a mesa e nao estilo buffet alem de imensa fruta pao e queijo e servido sempre acabado de fazer bacon e ovos mexidos a sara bem como as funcionarias sao super simpaticas e prestaveis chegamos ja a uma hora tardia pelo que a sara nos deu antecipadamente todas as indicacoes para entrarmos na guest house quando chegamos tinhamos a nossa espera limonada e bolo caseiro alem da lareira acesa na sala"
"Positive", "pequeno almoco fantastico muito bem apresentado e as funcionarias extremamente simpaticas tal como a dona da casa a sara muito simpatica e prestavel"
"Positive", "o pequeno almoco e top os quartos muito bons"
"Positive", "tivemos uma rececao espetacular com lanche os quartos sao lindissimos e de um conforto o pequeno almoco feito na hora por marcacao previa tudo muito fresco e delicioso recomendo muito e fica mesmo no centro"
"Positive", "e um local excecional muito bem desenhado e decorado zona interior ajardinada encantadora um pequeno almoco que nao dava para acreditar de bom que era basicamente um bom brunch"
"Positive", "a mezzanine onde se encontra a cama era realmente pequena"
"Positive", "sitio incrivel e muito acolhedor recomendo"
"Positive", "instalacoes muito bem conseguidas de acordo com a arquitetura tipica da regiao mas com o toque de modernidade zona exterior muito agradavel o pequeno almoco e excelente feito com produtos locais extrema simpatia e total disponibilidade de toda a equipa localizacao muito central junto ao castelo e a se de beja"
"Positive", "a localizacao e perfeita para quem quer conhecer a cidade de beja o pequeno almoco e excelente com muitos produtos locais e biologicos"
"Positive", "um pequeno almoco de qualidade e muito bem servido em termos de proporcoes"
"Positive", "adorei tudo muitas boas condicoes e comodidades muito sossegado calmo otimo para descansar o quarto com o colchao no chao e maravilhosa uma experiencia diferente mas muito boa excelente pequeno almoco"
"Positive", "nada a apontar"
"Positive", "adoramos a localizacao a decoracao a simpatia o pequeno almoco tudo impecavel"
"Positive", "limpeza do quarto e espacos sociais a beleza da piscina e de toda a casa o pequeno almoco perfeito a simpatia e hospitalidade da sara"
"Positive", "nada a apontar"
"Positive", "muito bom super relaxante um dos melhores alojamentos que ja estive em portugal o pequeno almoco e exceptional"
"Positive", "as cadeiras da piscina nao muito confortaveis"
"Positive", "pequeno almoco excecional tudo com produtos sustentaveis e deliciosos sem duvida um local para quem gosta de tranquilidade e muito calor camas do quarto extremamente confortaveis"
"Positive", "os pombos acabam por sujar a piscina apesar da equipa do aljana limpar varias vezes ao longo do dia o cloro nao passa por isso despercebido"
"Positive", "simpatia bom gosto e profissionalismo a equipa em especial a anfitria sara barbosa alves e incansavel e muito amavel o espaco esta muito bem decorado e espelha o sentido estetico de quem idealizou o projeto ha livros e boa musica vinho a disposicao num honesty bar e uma evidente atencao aos pormenores o quarto e a zona exterior refletem o mesmo cuidado e conforto o pequeno almoco e maravilhoso com produtos locais estivemos uma semana a saborear todo este ambiente que ficara com certeza na nossa memoria"
"Positive", "gostamos bastante do alojamento por transmitir em todos os seus detalhes calma e tranquilidade o alojamento fica numa rua calma o que proporciona momentos de descontracao sem barulho dos carros o pequeno almoco era recheado de coisas boas e um sitio onde iremos voltar"
"Positive", "nao houve nada que nao tivessemos gostado mas ha sempre espaco para melhorias poderia ter uma pequena secretaria e extracao no wc"
"Positive", "da calma que a casa transmite a decoracao e impecavel o jardim e um sonho"
"Positive", "localizacao excelente ao lado da se de beja espacos interiores e exteriores super bem decorados muito tranquilo a noite e com um patio muito agradavel para noites quentes de verao o aljana no inverno tambem deve ser muito agradavel ha salamandras nas salas o staff e todo estrelas e a sara dona do aljana e uma excelente anfitria e tem tudo pensado ao detalhe por exemplo no dia em que chegamos a sara ja nao estava no aljana para o check in mas deixou tudo preparado e tinhamos uma limonada de morango deliciosa e bolo caseiro a nossa espera ah e o pequeno almoco ai o pequeno almoco que maravilha tudo local comida com sabor queijos otimos frutas otimas mini panquecas croissants pao doces caseiros ovos mexidos excelentes e o melhor bacon que comi nos ultimos e tal anos e incrivelmente bem servido eramos um casal mas o pequeno almoco dava tranquilamente para pessoas"
"Positive", "nada a apontar"
"Positive", "de tudo staff acomodacoes melhor que muitos hoteis de e estrelas pequeno almoco simplesmente fantastico uma estadia a repetir"
"Positive", "tudo na casa era perfeito nada a apontar boa escapadela das grandes cidades para um bom descanso a repetir de certeza"
"Positive", "espaco pequeno almoco"
"Positive", "local optimo em pleno centro de beja dos melhores pequenos almocos que ja experimentamos staff simpatico e atencioso a repetir"
"Positive", "o pouco espaco no andar de baixo da mezzanine falta um espaco confortavel para se estar as escadas e o ultimo degrau um pouco frageis penso que os outros quartos devam ser melhores"
"Positive", "o pequeno almoco servido e de excelente qualidade pao muito bom mini panquecas deliciosas compotas excelentes fruta variada sumo de fruta acabado de fazer queijo fresco muito bom e ovos mexidos fantasticos variedade de produtos e de qualidade acima da media boa piscina pequena mas num espaco confortavel patios interiores e espaco interior muito agradaveis para dias e noites de calor a chegada o cuidado em mimar os hospedes com uma limonada fresca"
