Sentiment, Review
"Positive", "uma experiencia unica atendimento excelente sr jorge anfitriao muito cordial"
"Positive", "para o meu gosto achei o colchao duro"
"Positive", "limpeza impecavel simpatia excelente pequeno almoco"
"Positive", "ambiente e decoracao pequeno almoco muito bom localizacao"
"Positive", "o alojamento fica perto da praca da republica onde encontramos facilmente estacionamento a casa esta super limpa cheirosa e a decoracao esta muito gira a net funciona na perfeicao nao se ouve barulho dos outros quartos tudo perfeito pequeno almoco tambem muito bom com muitas variedades de pao e queijos e sumos adoramos vamos voltar mais vezes"
"Positive", "a prova viva de que nao e preciso pagar fortunas para ficar hospedado num local fantastico excelente trabalho feito pelo proprietario para tornar o espaco unico nao so na zona de beja mas quica no pais muitissimo bem decorado localizacao central e limpeza no ponto uma experiencia a repetir"
"Positive", "nao houve nada que nao gostasse"
"Positive", "simplesmente tudo enquanto arqueologa foi um prazer estar envolvida no mundo romano o sr jorge e extremamente simpatico e impecavel o sitio e bastante acolhedor limpo higienizado calmo e tem um excelente pequeno almoco recomendo a todos"
"Positive", "a unica particularidade menos positiva refere se a questao de as casas de banho privativas ficarem fora dos quartos numa zona a qual o acesso obriga a atravessar a sala de estar e a cozinha no nosso caso como estavamos sozinhos na casa esta questao nao colocou desconforto mas se estivessem mais hospedes teria sido muito desconfortavel ter de cruzar com outras pessoas a caminho de um duche ou mesmo a proximidade dos wc relativamente a cozinha pode tornar se um pouco intimidante e desconfortavel"
"Positive", "o espaco e de facto sui generis na sua proposta tematica e evidente o cuidado em promover uma estadia inspirada pelos motivos que identificamos com o imperio romano a simpatia do sr jorge da um toque de acolhimento e familiaridade que promove uma empatia com o espaco"
"Positive", "o jorge e a eunice sao muito antenciosos e prestaveis sentimos nos em casa a experiencia e unica com o conceito que criaram cada peca tem uma historia o que torna este alojamento diferente de qualquer outro estamos no centro historico de beja o alojamento nao poderia estar melhor localizado adoramos a estadia e ficou a promessa de voltarmos com os nossos filhos"
"Positive", "o alojamento e unico em portugal uma verdadeira homenagem a historia romana que nao so mostra uma cuidadosa atencao ao detalhe mas tambem um gosto imenso pela cultura o alojamento esta muitissimo bem decorado numa localizacao muito previligiada em beja destaque ainda para a amabilidade de jorge e eunice que se mostraram anfitrioes muito prestaveis simpaticos e ageis na solucao de problemas merece sem duvida uma segunda visita"
"Positive", "limpeza e bom pequeno almoco"
"Positive", "infelizmente fomos numa altura em que as ruas circundantes estavam em obras e foi dificil chegar com o carro mas o dono do espaco prontificou se a ajudar de imediato"
"Positive", "a hospitalidade excepcional e a rapida proposta de resolucao de problemas"
"Positive", "nada"
"Positive", "tudo o jorge e um anfitriao fantastico a guestuouse e super familiar e muito peculiar pela decoracao mas que torna este sitio ainda mais unico voltarei sempre que vier a bela cidade de beja"
"Positive", "excelente"
"Positive", "donos super simpaticos afaveis e prestaveis amam o seu trabalho pequeno almoco soberbo parabens"
"Positive", "simpatia dos funcionarios pequeno almoco localizacao decoracao da casa etc voltaremos"
"Positive", "de nada"
"Positive", "boa localizacao bom pequeno almoco muito simpatico"
"Positive", "localizacao excelente um pequeno almoco completo entramos neste espaco sentindo que entramos na era romana tudo esta a perfeito e numa combinacao unica cama confortavel higiene excelente"
"Positive", "o anfitriao foi uma pessoa excepcional como poucos simpatico disponivel amavel"
"Positive", "simpatia estrema muito bom"
"Positive", "sendo no centro historico ruas sentido unico e a falta de espaco para estacionar mas estando de mota ficou me mais facilitado"
"Positive", "gostamos da recepcao dos anfitrioes super simpaticos a decoracao criativa fazem com gosto pequeno almoco bom a repetir sem duvida"
"Positive", "funcionario extramente simpatico e altamente profissional pequeno almoco excelente cama confortavel e quarto impecavel"
"Positive", "somente a cama poderia ser um pouco melhor e ou maior"
"Positive", "uma decoracao propria muito interessante o atendimento e realmente primoroso maravilhoso de uma simpatia unica assim como o pequeno almoco com produtos de qualidade e toda a atencao a limpeza realmente e exemplar"
"Positive", "o estacionamento e complicado no local"
"Positive", "uma bela casa antiga bem no centro de beja toda bem decorada inspirada nos romanos um povo que muito marcou esta bela cidade o ambiente interior e confortavel ao qual se junta o calor de quem nos recebeu o sr jorge que para alem de nos ajudar a subir para o quarto nos mostrou toda a casa e ajudou noutras escolhas locais de manha proporciou nos um agradavel peqeuno almoco com produtos locais e frescos"
"Positive", "muito sossegado o pequeno almoco delicioso"
