Sentiment, Review
"Positive", "bom pequeno almoco funcionarios simpaticos"
"Positive", "nao ter estacionamento"
"Positive", "da zona historica onde esta inserido"
"Positive", "limpeza e localizacao"
"Positive", "quarto muito pequeno e a precisar de reparacoes e melhoramentos pequeno almoco muito basico"
"Positive", "pequeno almoco fraco"
"Positive", "boa localizacao"
"Positive", "excelente relacao qualidade preco localizacao otima"
"Positive", "um bom pequeno almoco de escolha variada e boa qualidade dos produtos"
"Positive", "desrespeito de hospedes pelas regras sanitarias"
"Positive", "acolhimento e quarto"
"Positive", "tudo excelente o unico handicap e encontrar estacionamento nas imediacoes do hotel"
"Positive", "ar condicionado de alguns quartos bastante fraco insuficiente para satisfazer a necessidade devido ao calor que se faz sentir no alentejo"
"Positive", "funcionarios simpaticos e atenciosos otima localizacao pequeno almoco bom quartos limpos com boas areas"
"Positive", "nao ter varanda e o pequeno almoco um pouco confuso"
"Positive", "localizacao simpatia a limpeza dos quartos e a disponibilidade para os hospedes"
"Positive", "funcionarios muitos simpaticos e prestativos a higiene muito boa"
"Positive", "nao ha estacionamento no hotel"
"Positive", "simpatia de todos os funcionarios"
"Positive", "debaixo da cama muita sujidade"
"Positive", "tudo menos limpeza"
"Positive", "almofadas um pouco baixas"
"Positive", "simpatia e disponibilidade dos funcionarios localizacao tv ar condicionado"
"Positive", "nao tem estacionamento"
"Positive", "do que vi gostei do resto sala de descanso e refeitorio"
"Positive", "essencialmente a limpeza"
"Positive", "a cama era confortavel e o pequeno almoco foi excelente"
"Positive", "nada a apontar havia um comicio politico a porta mas tera sido pontual pelo que nada a referir"
"Positive", "bom pequeno almoco boa localizacao simpatia e bom conhecimento local na rececao uma buganvilia linda na entrada"
"Positive", "pequeno almoco com pouca variedade sala muito pequena principalmente em tempos de pandemia"
"Positive", "boa localizacao e simpatia dos funcionarios principalmente da funcionaria patricia"
"Positive", "o espaco entre o lavatorio e a sanita era muito pequeno"
"Positive", "embora o quarto nao fosse muito grande a cama era enorme e confortavel a limpeza era impecavel e os funcionarios muito simpaticos e prestaveis"
"Positive", "localizacao optima funcionarios excelentes limpo agradavel"
"Positive", "infelizmente o estacionamento e dificil no centro de beja mas consegui lugar perto do largo da igreja"
"Positive", "o espaco e acolhedor e os funcionarios foram impecaveis comigo gostei muito do hotel ja estive la no passado e espero voltar no futuro"
"Positive", "nada a assinalar"
"Positive", "localizacao limpeza o berco ja se encontrava no quarto"
"Positive", "localizacao boa pq almoco muito bom"
