Sentiment, Review
"Positive", "tudo adequado apesar das baixas temperaturas a que o ac existente aparelhos teve de enfrentar"
"Positive", "casa tradicional recentemente renovada com todas as comodidades necessarias para uns dia bem passados uma pequeno sala de estar dois quartos uma sala de refeicoes e uma cozinha tornam esta pequena casinha de cores amarelas uma muito boa opcao para ficar em beja dispoe ainda de um terraco que permite uma visao do horizonte a nascente"
"Positive", "nao ha nada que nao tivessemos gostado a casa e simplesmente muito agradavel tanto em termos de localizacao quanto em termos de conforto"
"Positive", "a localizacao e muito boa a casa e muito agradavel limpa organizada as camas confortaveis os anfitrioes muito simpaticos e cordiais estiveram sempre em contacto connosco para que ao chegar nao tivessemos que esperar para receber as chaves ja la estavam estacionados a nossa espera muito atenciosos"
"Positive", "momentos em que havia algum mau cheiro na casa de banho canalizacao e alguma humidade em algumas paredes"
"Positive", "gostamos muito da casa em termos gerais excelente localizacao local sossegado a noite limpeza simpatia da proprietaria"
"Positive", "casa muito comoda com boa localizacao anfitrioes muito simpaticos a repetir"
"Positive", "decoracao muito bonita boa localizacao"
"Positive", "nada a apontar"
"Positive", "alojamento impecavel localizacao excelente em rua calma perto do castelo limpeza impecavel e anfitria simpatica e acessivel a estadia foi excelente recomendo e iremos voltar concerteza"
"Positive", "nada"
"Positive", "muito simpatica e acolhedora tem tudo o que e necessario para passar uns bons dias"
"Positive", "nada em especial"
"Positive", "da casa em geral"
"Positive", "boa localizacao para visitar o baixo alentejo arquitetura e decoracao facilidade de estacionamento proximidade ao centro historico"
"Positive", "simpatico acolhedor e boa localizacao a simpatia de quem nos recebeu casa tipica e ideal para estar com a familia perto do castelo e a minutos do centro a pe"
