,Avaliações
0,"Fomos a este restaurante duas vezes. A primeira até achamos mais ou menos mas a segunda vez a comida não era tão boa e o Bacalhau à Braz para o meu filho estava intragável.
Acabamos por fica um pouco desapontados com a comida.
O espaço..."
1,"é simples e é uma solução para quem queira almoçar e esteja na zona mas sempre grande expetativa.
O preço é aceitável."
2,"Mais"
3,"Pedimos a sopa de cação e bife que acompanhou com batata frita e migas. Doses muito generosas e bem confecionadas. Tudo saboroso. De sobremesa, sericaia e mousse - ambos deliciosos. Vinho da casa e cafés. Preço justo. Para 3 pessoas 45 euros. A repetir! Recomendo!"
4,"Excelente restaurante para quem gosta da típica comida alentejana. Açorda de bacalhau dos deuses, migas divinais ficou apenas por provar a cericaia. Simplicidade e simpatia de todos. Super Recomendo. Voltaremos sem dúvida."
5,"Numa visita ao Alentejo, o almoço foi no Sabores do Monte.. comida típica alentejana e muito bem confeccionada e a preços muito simpáticos. Irei voltar fiquei rendida e quem diria uma bela surpresa no meio de um insulado monte Alentejano."
6,"Muito perto do hotel Vila Galé Clube de Campo, e vale muito a pena.  Tudo muito bom incluindo o vinho da casa. Almoçamos 2 vezes, a sopa de toucinho ( tomate), açorda de bacalhau, plumas e migas, tudo muito muito bom."
7,"O único restaurante na Mina da Juliana, mas a visita vale bastante a pena.
As doses são muito bem servidas e de bastabte qualidade.
O atendimento é muito atencioso.
Vale a pena a visita."
8,"Não procura ser um espaço pretensioso: tem comida saborosa, bem confecionada, com opções sobretudo regionais.
As diferentes carnes são muito boas! As opções de peixe são muito limitadas (sim, ninguém vai para o interior alentejano à espera de comer carne, mas a verdade é que..."
9,"este restaurante é uma excelente alternativa para os jantares de quem está alojado no Vila Galé Clube de Campo e, por isso, sente a falta de ter mais algumas opções de peixe).
Jantámos 2 adultos e 2 crianças por 37 a 40 euros."
10,"Comida com muito boa confecção, tudo caseiro, até o pão e feito pelos próprios.  Rápidos no atendimento e na entrega dos pratos. No final tem uma ginginha
caseira, que é divinal. Recomendo sem dúvida.  Atendimentos 5 * ."
11,"Restaurante de excelência à gastronomia alentejana. Carta não muito variada, mas com muito boa comida e serviço. A repetir com toda a certeza."
12,"Atendimento Muito Simpático e atencioso , local despretensioso . Comida local muito bem confeccionada. Voltámos várias vezes ."
13,"Localizado em Santa Vitória, zona rural e típica, encontra-se este restaurante onde comer bem é cartão de visita. Um pão feito no restaurante como á muito não tinha o prazer de comer, acompanhado por azeitonas em alho espetaculares. As costeletas de borrego e os abanicos..."
14,"Muito bom! Plumas e secretos muito bons ! Vale a pena , quem estiver na área vale a pena experimentar ! Ambiente descontraído , atendimento eficiente , fácil estacionamento ."
15,"Muito boa alternativa ao Vila Galé Beja. A 3 km do aldeamento tem umas plumas grelhadas muito boas. Acompanha com uma barata frita caseira e uma óptica salada.
Excelente relação preço - qualidade."
16,"Restaurante familiar de qualidade acima do comum...

Assim que vi a carne de porco com migas na ementa...já não podia escolher mais nada...

Ainda recordo o sabor daquelas migas...e a carne, tenra que estava...nem sei como escrever ou dizer...

O serviço para além se óptimo...a..."
17,"Ambiente familiar e comida alentejana do melhor.
Carne de porco preto que não acredito que se encontre melhor noutro sítio e as migas são inesquecíveis e recomendo."
18,"Restaurante próximo do Hotel Vila Galé Clube de Campo. Simpático, com atendimento eficiente, comida normal e despretensiosa. Preço adequado."
19,"Lugar despretensioso, com comida simples e saborosa. Um regalo para o paladar, acompanhado com um serviço com simpatia. Bom vinio da casa"
20,"Adoramos almoçar neste restaurante partindo da nossa estadia no Vila Galé. Restaurante onde de sente a atenção aos detalhes mas que guarda uma simplicidade e autenticidade da regiao. Qualidade preço imbátivel e bom vinho da casa."
21,"Estávamos de passagem e “tropeçamos” no restaurante. Ainda bem. A comida estava óptima. A próxima visita será “de propósito”."
22,"Muito bons Abanicos de Porco Preto.
Vinho da Casa bastante agradável.
Espaço sossegado, não sei como será em Agosto."
23,"Boas entradas. A comida que pedimos cumpriu. Atendimento com simpatia. Excelente para almoço rápido."
24,"Restaurante cheio devido a uma festa na sala principal. Estava uma mesa livre numa sala anexa e outra na explanada mas devido ao elevado trabalho que tinham simplesmente disseram que essas mesas estavam reservadas. Não estava ninguém á espera, éramos só um casal com um..."
25,"Boa comida, pouca variedade, muito caro para o restaurante que é, é um prato normal de carne grelhada, com bons ingredientes, mas em que nada justifica o preço exorbitante de quase 50 euros para três pessoas, com poucas entradas, e dois nem comeram sobremesa"
26,"Adorei tudo! Óptimo serviço com profissionais impecáveis. Comida muito bem confeccionada, óptima. Voltarei de certeza!"
27,"Comi uma excelente açorda de Bacalhau e uma Migas magnificas. Experiência a repetir, desta vez levo mais pessoas."
28,"Almoço típico alentejano, confecionado com muita qualidade e servido com grande simpatia. Relação preço qualidade muito boa. Recomendo"
29,"Almoçamos muito bem, comida alentejana bem confecionada e simpatia no atendimento. Recomendamos,preço acessível."
30,"Comi neste restaurante uma das melhores migas da minha vida. Atendimento com simpatia e ambiente acolhedor."
31,"Excelente atendimento, e uma comida maravilhosa. Voltaremos, sem dúvida. O local é muito acolhedor e impecável."
32,"Trata-se de um pequeno restaurante que também é café. A ementa é composto por petiscos e por pratos típicos. O atendimento é simpático e a comida muito saborosa."
33,"Comida muito boa, típica do Alentejo. Staff muito simpático e atencioso! Sobremesas muito boas, em especial, a mousse de amendoim. Preços acessíveis! Recomendo :)"
34,"Restaurante pequeno mas com ambiente e decorações mesmo à interior do país.
A comida estava excelente e as doses muito bem servidas!
Menu do dia mas também têm lista.
Variedade de sobremesas.
Preços acessíveis.
Recomendo."
35,"Restaurante bem decorado com um staff simpático e atencioso. Comida extraordinária preços acessíveis.
Mousse de amendoim de outro mundo (deliciosa)
Muitos parabéns a sra Vânia"
36,"O Restaurantes estava cheio, mas assim que tivemos mesa, foi rápido e eficiente. A comida estava muito bem confeccionada e saborosa. Acessível ao bolso de todos."
37,"Espaço interior bem decorado e empregados muito simpáticos.
A comida é bem confecionada, doses generosas e preço bastante acessível.
Recomendo vivamente"
38,"Restaurante muito bom e muito simpáticos.
Dose muito bem servida e uns doces de fazer água na boca.
Bom preço."
39,"Restaurante típico do Alentejo com um excelente atendimento. Abanicos de Porco Preto na grelha e um bitoque de vitela deliciosos. Ambos os pratos acompanhados por salada, arroz e umas batatas fritas caseiras excelentes. Recomendo vivamente."
40,"Gostamos imenso do espaço, ótimo atendimento e a qualidade da comida é excelente e ótima relação qualidade/preço!"
41,"Comida maravilhosa e atendimento excelente! Ótimo para jantar com amigos e família. De certo que voltarei."
42,"Muito bom! Aconselho plenamente este restaurante com óptima gastronomia!!! Restaurante top com óptimo serviço!!"
43,"Espaço agradável, bom ambiente, boa comida, bom serviço e simpatia
Aconselho vivamente a visitar! Muito bom"
44,"Restaurante muito bem cuidado, empregados muito simpáticos e a comida é maravilhosa! Muito obrigada à D. Vânia e à sua familia pelas refeições no Sabores do Monte."
45,"Comida típica tradicional muito bem confecionada. Serviço atencioso e genuinamente simpatico. Otimo preço em relação a qualidade."
46,"Das 2 x foram fantásticos. Muito bom mesmo
Sopa de cação e sobremesas incríveis
Para os miúdos também há boas opções"
47,"Empregados simpaticos, ambiente agradável e comida maravilhosa  o preço  acessivel
Simplesmente magnifico
Aconselho a todos
Espero voltar brevemente"
48,"Ementa ótima, sobremesas excecionais, atendimento muito simpático e atencioso, preço bastante acessível"
49,"obrigado"
50,"Comida maravilhosa, doces grandes e deliciosas.
Comi uma açorda de alho com  bacalhau e  uns maravilhosos secretos de porco preto grelhados, e para a sobremesa um bolo real alentejano de comer e chorar por mais
Estava tudo maravilhoso e o preço muito assecivel
Espero voltar..."
51,"Bom e simpático atendimento, comida boa, mas sem maiores qualidades, pouca opções de vinhos, boa sobremesa, preços bastantes acessíveis e porções fartas."
52,"Podemos comecar a falar pelo fim... preço vrs. Qualidade bastante aceitável, mas tinha muitas expetativas em relação a este restaurante.
Comi açorda de bacalhau, mas achei um pouco deslavadas, já comi bem melhores.
Migas com entrecosto e carne do alguidar estavam boas."
53,"Foi a segunda vez que almocei neste restaurante. Das duas vezes gostei bastante. A comida é caseira. As sobremesas são muito boas.
Excelente relação qualidade/preço."
54,"Restaurante simples mas muito bom
Restaurante familiar com boa comida e preços muito acessíveis
Uma excelente opção para quem fica hospedado no vila gale ir almoçar e jantar

Qualidade e simpatia garantidas
Sobremesas ótimas"
55,"Excelente restaurante, muito perto de vários hotéis.
Comida caseira de qualidade e pessoal super simpático e atencioso.
Preços muito em conta.
A repetir certamente."
56,"Comida caseira e gostosa. Estávamos em um hotel próximo e fomos indicados a esse restaurante para o almoço. Um bom custo x benefício."
57,"Restaurante muito acolhedor. Pratos tipicamente alentejanos de boa qualidade e bom preço! Excelente opção para levar a família a jantar fora! Experiência a repetir!"
58,"Restaurante discreto e sem grandes decorações e pormenores apelativos, mas com uma comida bastante saborosa, carta de vinhos boa e atendimento simpático."
59,"É um restaurante tipo alentejano perto do vila galé clube de campo
Com um excelente atendimento
Comida bastante boa destaco as migas com abanicos de porco preto,e a açorda de bacalhau que estavam maravilhosa doses grandes e a bom preço
ACONSELHO e espero voltar brevemente"
60,"Jantar tardio mas fomos muito bem recebidos, estávamos hospedados na Casa do Roxo e foi-nos recomendado pelo Sr. Jorge este restaurante. Comemos extremamente bem e fomos sempre muito bem atendidos apesar de já ser tarde.
Destaco o pão recheado que é divinal. Para jantar pedimos..."
61,"Ficámos hospedados na Casa do Roxo e fizemos aqui a maioria das refeições. Excelente atendimento e comida saborosa e em doses generosas. Destaco o pão recheado, a açorda de bacalhau, a sopa de cação, os abanicos, a sericaia e baba de camelo. A repetir um..."
62,"Opção bastante recomendável para quem está no Vila Galé. Refeições económicas e com qualidade qb.
Convém reservar previamente."
63,"Excelente alternativa para quem está no Vila Gale Clube de Campo. Os abanicos de porco preto são deliciosos!!!!"
64,"É um restaurante com espaço muito agradável, a comida é de qualidade principalmente os grelhados de porco preto. Tem uma excelente relação qualidade-preço. Para quem fica no hotel é uma boa alternativa para comer."
65,"Trata-se de um restaurante muito próximo do Clube de Campo Vila Galé, optima alternativa ao restaurante do empreendimento Vila Galé, sem ter de conduzir muito.
Comida  saborosa parece que estamos a comer em casa.
Também muita simpatia no atendimento.
Obrigada pelo jantar proporcionado."
66,"Restaurante familiar com refeições caseiras e muito saborosas. Os abanicos (semelhante aos secretos de porco preto) são deliciosos."
67,"Foi aconselhado pelo pessoal do hotel Vila Galé, restaurante simples, com um atendimento afável, com magníficas entradas neste caso uma tábua de queijos e enchidos da região divinal. Uma sopa de cação com o verdadeiro sabor Alentejano. E por fim uns grelhados, onde destaco os..."
68,"Um bom restaurante para quem está hospedado no Vila Gale Beja. Comida agradável e preço bastante em conta"
69,"As avaliações vista aqui no trip não enganão, excelente comida de qualidade superior mista de porco preto com migas que estavam um espetáculo muito bem feitas e mesmo ao meu gosto a fazer lembrar as visitas a terra, é a comida das avós e tias,..."
70,"Uma boa aposta para quem está hospedado no Vila Gale Beja. Comida agradável e preço bastante em  conta"
71,"Servico rapido
Empregados prestaveis e simpaticos
A comida caseira deliciosa desde as entradas - experimentem ovos com espargos- aos pratos principais - bacalhau com espinafres  ou migas com lagartos de porco preto- sem esquecer as sobremesas - doce da casa divinal ou o caseiro bolo..."
72,"Comida caseira deliciosa! Almocei e jantei neste restaurante durante 1 semana e adorei todos os pratos! Pessoas muito simpáticas e educadas, preço acessível e bom ambiente! Da próxima vez que andar por perto irei voltar certamente!"
73,"Estava tudo espetacular.  Sopas de Cação aconselho vivamente. A preços super acessíveis. Comida típica alentejana ao mais alto nivel."
74,"Depois de passar pelo Vila Galé de Beja, paramos neste restaurante para almoçar.
De pressa acabou por encher, visto ser um espaço reduzido. As sopas estavam muito boas mas os escalopes de frango, nem por isso."
75,"Após uma chegada tardia ao Hotel Vila Galé Clube de Campo, eis uma muito boa alternativa para almoço. Carne de muito boa qualidade (Quer a entremeada de novilho, quer os secretos de porco preto), com doses em quantidade considerável. Uma ementa, no seu todo, muito..."
76,"A caminho do Vila Galé Clube de Campo e já chegando tarde, optámos por comer aqui. Fomos muito bem atendidos, com muita simpatia e comida muito bem confeccionada. A ginjinha que nos ofereceram no fim, foi a cereja no cimo do bolo. Recomendo."
77,"Apesar de ser simples e pequeno as doses são muito generosas e a comida é muito saborosa. O staff é também muito atencioso. Parabéns"
78,"Comida de muita qualidade num espaço fantástico! Por fora, uma casinha típica e cheia de charme, muito cuidada e com pormenores revestidos de encanto. Por dentro, existe um contraste: puxa-nos para o moderno e há um largo conjunto de mimos para o cliente! Os pormenores..."
79,"É uma ótima opção para quem está hospedado no hotel Vila Galé Clube de Campo de forma a fugir aos preços mais inflacionados do mesmo.

A comida é excelente, simples mas com sabor. A famelga comeu uma jardineira de novilho que parecia comidinha da avó..."
80,"Muito conveniente para os hospedes do Hotel Vila Galé Clube de Campo (dai o facto encontrar ""vizinhos"" de quarto ou piscina...). Boa mesa para um preço muito correcto.
Serviço bom."
81,"Um restaurante de aldeia com pratos simples mas muito bem confeccionados. Pessoal muito simpático e atencioso. Uma excelente alternativa para quem está de férias na zona e não pretende se deslocar à cidade mais próxima."
82,"Muito agradável, comida simples, grelhados e regional, muito bem confeccionado e fresca. Sopas sempre excelentes para as crianças também. Serviço muito agradável e simpático. Penso voltar."
83,"Fomos lá parar quando estivemos no clube de campo.
A comida é excelente, melhor confecionada e muito mais económico que o dito hotel.
Os grelhados são óptimos."
84,"Tudo o que de bom ouvi, confirma se... comida simples, descomplicada mas com muita qualidade. Vinho da casa fantástico. Uma excelente alternativa aos snaks do vila gale clube de campo. Se estiverem por estes lados não percam a oportunidade."
85,"Excelente atendimento e comida muito boa. O vinho da casa é fantástico.  Recomendo vivamente. Uma otima alternativa ao Restaurante do Vila Galé."
86,"Boa comida em ambiente tranquilo e aprazível. Boa relação preço/ qualidade para comida típica alentejana"
87,"Grelhados de porco preto de excelente qualidade a Preços acessíveis. Excelente alternativa para quem fica no Vila Gale clube de campo.
O serviço e rápido e as pessoas simpáticas.
Fizemos todas as refeições neste local, durante a estadia."
88,"É um restaurante típico, com boa comida alentejana, ideal para quem fica no Vila Galé Clube de Campo e quer fugir um pouco à repetição do buffet diário.
A comida é saborosa, a ementa é giríssima: uma tábua de madeira e tem alguma variedade. O..."
89,"Excelente!  Muito bom! Costeleta de porco preto 5 estrelas. Sobremesas muito boas, sobretudo a mousse de amendoim.Staff muito simpático e atencioso."
90,"Comemos a melhor Costoleta de Novilho de sempre.
Sítio modesto, limpo, atendimento simpático e com excelente comida."
91,"Restaurante simples, elegante e muito agradável.
O pessoal tem uma simpatia autêntica e contagiante.
A comida é muito boa e num pequeno restaurante temos o que é suposto encontrarmos na gastronomia alentejana.
Comemos sopas de cação e migas. Havemos de voltar."
92,"Ambiente familiar e boa comida caseira. Para petiscos e refeições.
Queijinhos uma tentação, carne no pão  preço muito acessível."
93,"Gostei muito. Eu comi uma deliciosa sopa de cação, os restantes membros da minha família adoraram as costeletas de borrego. É bastante acessível."
94,"Bom restaurante com boa comida e pessoal simpático.
Pedi bacalhau à Braz, que estava muito bom e uma dose deu bem para duas pessoas.
Só não dei 5, porque também pedi choquinhos e achei que estavam pouco temperados e rijos... de resto, tudo impecável!"
95,"Num fim de semana num hotel próximo(vila gale) descobrimos este restaurante, onde jantamos fantasticamente, boas doses, comida caseira, um preço justo. Recomendo principalmente em alternativa ao preço elevado do restaurante do hotel, para uma época baixa, tem os preços estupidamente elevados."
96,"Apesar de ser o único restaurante do Monte da Juliana, é uma boa opção para refeições, principalmente para quem quer fugir da comida repetitiva do restaurante do Hotel Vila Galé Clube de Campo. A comida é justa e farta. As sobremesas são deliciosas,  experimente especialmente..."
97,"Único no monte da juliana, o que leva a falta de alternativas, no entanto ninguém saiu desiludido o serviço foi razoável mas a comida estava muito boa. Encerrado ao domingo"
98,"Na zona  do Monte da Juliana, este é o único restaurante disponível. Apesar de ser a única opção, é muito boa! Parabéns, comida bem confeccionada. Estão de parabéns....."
99,"Excelente em tudo! Continuam a servir bem os seus clientes e sempre com muito boa disposição. Não deixem de visitar."
100,"Na zona da Mina ou do Monte da Juliana, este é o único restaurante disponível. Apesar de ser a única opção, é muito boa! As doses são bastante grandes e de boa qualidade. Atendimento simpático e espaço acolhedor."
101,"A comida estava muito bem feita e o ambiente é fantástico. As doses são grandes e o staff era muito simpático. Infelizmente fecha ao domingo"
102,"Nota dez
Ótima comida, atendimento do melhor e ambiente espetacular!
Muito Bom!
Sitio agradável e descontraído!"
103,"maravilhoso talvez as melhores migas que ja comi recomendo este espaço a quem gosta de comer bem num ambiente agradavel."
