,Avaliações
0,"Tanto as pizzas como as massas são divinais e os pratos são bem servidos. A massa das pizzas é fina e macia e o sabor é de crescer água na boca. Costuma estar cheio. Boa relação qualidade/preço. Recomendo."
1,"Número de telefone é o 284389146, este é o número para o qual pode encomendar comida e reservar mesas, obrigado"
2,"A comida é muito boa e muito bem confeccionada mas o serviço é muito lento. Tinhamos reserva para às 13.30 chegamos 5 minutos antes e só fomos servidos as 14.30.  Até a sobremesa demoraram em servir. Estivemos 2 horas  no restaurante. É pena porque dada..."
3,"esta situação não da vontade de voltar."
4,"Mais"
5,"Tentamos ligar desde as 18 até 19 e mais , não sei para que querem um número de telefone se não atendem os telefones."
6,"Este restaurante tem empregados bons mas o chefe de sala é muito mau, Miguel mestre. Um dos empregados disse-nos as 21 horas que podíamos esperar e passado meia hora o chefe de sala veio nos dizer que a palavra do colega não servia de nada..."
7,"e que a dele é que está certa! Apesar da comida ser razoavelmente boa o chefe de sala é mal educado e pouco profissional!"
8,"Para quem gosta de pizza, é sem dúvida a melhor de beja.
Os panados e os grelhados também são muito bem confecionados.
Preços acessíveis
Excelente atendimento.
Mesmo em dias que está muita gente, o serviço é o mais rápido dentro dos possíveis"
9,"Para quem gosta de pizza vale muito a pena, muita variedade e preços acessiveis!também resulta muito bem  o take away. Com k bom tempo esplanada muito agradável."
10,"Janto várias vezes neste restaurante e não tem perdido qualidade ao longo dos anos!
Recomendo bastante"
11,"Por um preço baixo (6-7€), é servida uma pizza de 25 cm de diâmetro, de boa qualidade e sabor. Recomendo pizza da casa"
12,"Boa qualidade, muita quantidade e excelente preço. Doses enormes a preços baixos. A comida é boa. Ementa variada."
13,"Restaurante muito bom, sempre cheio por isso façam reserva. Doses generosas e o preço imbatível ! Os funcionários são muito simpáticos e o atendimento é rápido."
14,"Recomendo vivamente a visita. Pizzas de excelente qualidade e com preços muito acessíveis. Outros pratos para quem não quer comida italiana."
15,"Restaurante simpático. Doses bem servidas e qualidade da comida boa. Demora no atendimento. Boas sobremesas"
16,"Para mim a Pizza ria Milano tem de facto as melhores pizzas da cidade e arredores a muito bom preço, o serviço resume-se a rápido. Sou cliente frequente e ainda não experimentei serviço dedicado, falta isso, a rapidez não é tudo, a simpatia dedicada é..."
17,"Muito boa relação preço qualidade. Grande variedade de pisas e massas. Boa carne. Não vão conseguir acabar as doses"
18,"Pratos bons, fartos e baratos. Meia porção (dose) dá perfeitamente para duas pessoas. Uma porção inteira (apenas 1 ou 1,5 euro a mais) dá para três pessoas!"
19,"Comida divinal, atendimento atencioso e profissional. Melhor qualidade/ preço é impossível! A meia dose dá quase para duas pessoas! Restaurante mto acolhedor e uma decoração bonita, gostei! Sem dúvida o restaurante a visitar quando for a Beja novamente.  Obrigado"
20,"Pizza e pratos realmente deliciosos, foi o primeiro lugar em que comi em Beja e amei! Comi uma lasanha a bolonhesa divinal e as pizzas então nem se fala!A pizza de camarão é mesmo uma delícia! Ah e não esquecer de pedir como entrada um..."
21,"Óptimas pizzas! Também serve outras comidas, nomeadamente bifes. Preços totalmente ajustados. Está sempre cheio e nota-se que tem praticamente clientes locais, o que é sinal positivo."
22,"Pizzas deliciosas, aconselho a de salmão, mas para além disso tem umas saladas muitos boas, espaço interior e de esplanada, muito bom ambiente e serviço muito rápido e simpático."
23,"He pá o que tenha a dizer é que é muita bom. Desde a comida á forma de estar destes senhores nesta casa.. servir bem com preços fantasticos.. boa apresentação, bom serviço, ar condicionado ligado e uma esplanada fenomenal.. passei por cá a ceeca de..."
24,"Tem as melhores pizzas, muito saborosas e bem recheadas!!! Os escalopes de frango grelhado são uma opção saudável e deliciosa. As massas e saladas são óptimas. As doses são muito bem servidas. Atendimento muito bom e funcionários simpáticos."
25,"Simpatia no atendimento, boa comida, com pratos maravilhosos que ultrapassam a ida a uma pizzaria para comer pizza ou massa, que aqui também são maravilhosos!
Não se consegue resistir a um ""Terra e Mar"" deliciosos com carne de porco preta saborosa e Gamba bem grelhada...."
26,"Boas pizzas, muito rápido mesmo com o restaurante cheio. Staff muito simpático e acolhedor. Espaço simpático com uma boa esplanada para as noites de verão."
27,"Apesar de ser uma Pizzaria, a oferta vai muito mais além. Aconselho vivamente o bife na pedra... é fantástico e como sobremesa a panna cotta de mel e nozes. Top!!!"
28,"Óptimo ambiente.
Excelente a qualidade da comida e a grande variedade.
Empregados extremamente atenciosos e com total disponibilidade.
Preços muito bons."
29,"Nesta pizzeria tudo o que awui se come é bom. Já sou cliente há vários anos e é impressionante a relação qualidade preço. Doses industriais a preços acessiveis. Staff super simpatico. Top mesmo"
30,"Espaço agradável bem como staff simpático e prestável, as pizzas são uma das melhores que já comi, massa fininha e muito bem confeccionadas. Pelo que vi ao meu redor, outros pratos me fizeram água na boca. O esparguete à bolonhesa da minha filha estava muito..."
31,"Pizzas variadas, pastas, saladas e até um belo Terra & Mar ou mesmo um Naco na Pedra.
Atendimento muito simpático mas devido à qualidade com preços acessiveis, está quase sempre lotada o que implica uns minutos de espera tudo se resolve.
Também serve para fora."
32,"Para uma pizzaria é bastante agradável pratos acessíveis. Espaço interior um pouco pequeno mas acolhedor e exterior um pouco apertado."
33,"As pizzas são muito grandes e os empregados são muito simpáticos mas em termos de sabor deixou muito a desejar."
34,"Para uma pizzeria é bastante agradavel prwcos acessíveis doces generosas. Espaco interior e exterior um pouco apertado."
35,"Reabriu no passado mês de Janeiro, com nova gerência, a melhor pizzaria de Beja,  quer pelo rápido e atento serviço, quer pela excelente cozinha, sendo de destacar, alem das saborosos pizzas, o prato de terra e mar (nacos de carne de porco preto gralhada com..."
36,"Só tenho a dizer bem, em todos os aspectos, a comida é maravilhosa, as pizzas sao realmente de boa qualidade e quantidade.
Mesmo com casa sempre cheia nunca demorou mais de 40 minutos a receber o pedido. Gosto do promenor de que os funcionario estejam..."
37,"Excelente pizzaria, ótimas pizzas e bem saborosas ao toque de Itália. Pizzeiro ágil e rápido face as filas para uma noite de sábado. Deu para observar um grande trabalho e  eficiência de toda a equipa ao qual resultaram pizzas saborosas. Recomendamos e agradecidos da mesa..."
38,"Muito bom, atendimento rápido, comida deliciosa e a um bom preço atenciosos no atendimento, recomenda-se pão de alho a casa"
39,"pizaria com muito bom serviço, tanto no restaurante como no take away. Pizas excelentes em sabor e apresentação"
40,"Cometi o erro de pedir massa com frutos do mar à casa, trouxeram-me um prato cheio de massa demasiado cozida, sensabor, com vários frutos do mar acabados de descongelar por cima e com um fio de azeite. Serviço péssimo, pedi várias vezes uma cerveja, tive..."
41,"Das melhores casas de restauração de Beja. doses bem servidas, num custo bastante acessível. apenas um aspeto negativo - barulhento e muito ao despachar. mas recomendo pela qualidade da comida"
42,"Bom atendimento, muito boa comida, bom preço. Dos meus restaurantes preferidos. Recomendo muito para quem quer qualidade, quantiade e bom preço"
43,"Come-se bem a um preço económico. Pizzas e massas, mas também saladas, bifes, tem muito por onde escolher..."
44,"Doses muito grandes e Pizzas muito saborosas e bem recheadas.Já vai precisando ser modernizado. Preço razoável"
45,"A comida é muito boa,tanto as pizzas como as massas. Atendimento geralmente rápido. Boa relação qualidade preço."
46,"Só ha duas casas em Beja com boas pizzas..
A milano é a nossa escolha para um take away, uma vez que está sempre cheia."
47,"Fomos jantar a este local, pedimos pão de alho, pizza e massa. A comida é servida em grande quantidade (a massa dá para dois a vontade), ficamos todos bem por 8 a 9 euros por pessoa, ainda sobrou. O pão de alho podia ser melhorado,..."
48,"Adorei as pizzas e o pão de alho, estava tudo 5 estrelas! Staff sempre impecável :) Achei barato para o serviço em questão o que é muito bom."
49,"Restaurante barulhento com ambiente descontraido.
As pizzas são boas mas não ótimas. Não gostei do pão de alho que é basicamente uma pizza só com queijo.
A sangria tinha muito refrigerante...
Os funcionários são rápidos e prestaveis.
Os preços são ajustados.
Cerca de 12 euros..."
50,"Restaurante com um ambiente agradável e com um excelente serviço, e uma boa relação qualidade/preço. Não existem pontos negativos a apontar!"
51,"Preço qualidade muito bom
Tanto as pizas como as pastas são de excelente qualidade.
O atendimento é tambem excelente.
normalmente tem muita gente, mas tem muitos lugares, tanto no interior como na esplanada."
52,"Simpatia no atendimento. Boa relação  qualidade preço, mas não  é  a verdadeira  comida italiana. Contudo  é  boa."
53,"Para quem gosta de comida italina e de comer bem e a comida ser saborosa aconselho vivamente este local.
Os funcionários foram muito simpáticos e aconselho a irem cedo que é um espaço não muito grande e enche com facilidade... também é normal devido à..."
54,"Comida deliciosa, de deixar água na boca! Voltarei com toda a certeza.
O atendimento poderia ser melhor."
55,"As pizzas sem exceção são perfeitas, ementa variada. Ambiente descontraido e alegre. Meu lugar de eleição na região. Ótima relação custo x benefíco."
56,"Excelente pizzas e muito variadas. As massas são igualmente boas, destancando a de natas e fiambre.
Nos pratos de carne, destaco o fantástico bifinhos de frango grelhados. A dose é muito generosa e dá facilmente para 2 pessoas.
Quanto aos preços..são ótimos! Com cerca de..."
57,"Tem umas pizzas optimas e uma lasanha divinal.Bastante acessivel e com uma ementa variada.
É um restaurante que as pessoas da zona frequentam regularmente"
58,"Espaço muito agradavel com bom atendimento, boas pizzas e excelente preço. Espaço a repetir numa próxima oportunidade."
59,"Acho que convém separar as águas no que toca a este restaurante.
Podemos avaliá-lo pela sua comida de qualidade e pelos seus preços que saltam à vista por serem agradáveis.
No que toca ao ambiente e ao serviço, destaca-se o facto de qualquer pizza demorar..."
60,"Uma bela pizza, um excelente pão de alho, um sumo de laranja natural do melhor funcionários simpáticos... Aconselho ☺️"
61,"Restaurante simpatico para todas as idades. Pizzas excelentes , massas optimas e atenção cada dose da perfeitamente para duas pessoas. Preço muito em conta. Tem take away."
62,"É um restaurante simpático, com boas pizzas e a um preço muito acessível. Uma pizza dá perfeitamente para duas pessoas, e os pratos de massa dão para três.
Almoçámos durante a semana e o restaurante estava cheio (tivemos de esperar por mesa)."
63,"Perto do IPB, pizzas e massas excelentes e com preços bastante acessíveis para quem é estudante...Teem Take away...
Recomendo o pão de alho com queijo..."
64,"Grandes doses, com qualidade.
Tem outro tipo de pratos, restaurante italiano com muitas massas, e uma grande selecção de pizzas!"
65,"Gostei bastante da pizza e vi passar massas com um aspeto delicioso e cujo tamanho das doses dá perfeitamente para duas pessoas."
66,"Se querem comer pizza ou 1 dose chegar para 2 pessoas quiçá 3 este é o sítio certo.. comida muito bem confeccionada e pizzas de qualidade. Atendimento 5 estrelas. Recomendo"
67,"Boa comida, bom atendimento, boa localização. O espaço é agradável  e as doses dos pratos roçam o exagero no tamanho.  Uma dose dá para 2 pax esfomeadas"
68,"Grande variedade de pratos na linha das pizzas e massas. Para entradas, um pão de alho vindo directamente do forno vem sempre a calhar. Possibilidade de pedir para levar os restos para casa, principalmente quando se come massas, as doses são muito bem servidas."
69,"Melhor local para comer pizza em Beja, sempre boas, sempre a um bom preço. Mesmo depois de tantos anos, mantêm o bom serviço. Recomendo a pizza de paio. Atenção a quem come pouco, uma dose de massa por exemplo é enorme :)"
70,"As pizzas são bem confeccionadas e generosas.
O serviço roça a perfeição (é eficaz e rápido)
O nível excelente mantêm-se há anos.
Cheguei por volta das  19h50  com a minha namorada, pedimos um pão de alho que estava muito saboroso e de dimensões generosas, jantámos..."
71,"Com muito boa comida e atendimento é um local a repetir vezes sem conta. As massas e as pizzas são o grande destaque. O preço está dentro do que seria de esperar para um local com estas características."
72,"Pizzas e nao só muito bem serviços e a preços acessíveis!! staff muito simpático e atencioso!! Adoro o pao de alho e a lasanha!! Tambem ha saladas!!"
73,"Mais um dia bem passado na pizzaria Milano.
Agradeço a todo o staff pelo seu serviço.
Aconselho vivamente todos os pratos em especial o bife á Milano 5 star.
Agradeço aos proprietários pelo consentimento de poder levar o bolo de aniversário.
Cantando os parabéns em..."
74,"O prato forte é sem dúvidas as pizas e as massas. As doses são generosas e o preço bem acessível. O serviço é eficaz e rápido!"
75,"Comida muito boa com cheirinho a Itália.  Lotação esgota muito rápido,  para apanhar mesa tem que se ir cedo, ambiente barulhento e pouco espaçoso.  Com o bom tempo de aproveitar a esplanada no exterior."
76,"O serviço é rápido e as doses dos outros pratos além de pizza são bastante generosas. A pizza é muito boa, faz-nos voltar. Relação qualidade-preço excelente."
77,"Um menu bastante variado com precos bastante acessiveis. As meias doses sao gigantes e a comida muito saborosa. O staff é muito simpatico e um local optimo para quem auer comer bem e pagar pouco. A repetir"
78,"A comida é excelente e servida em boa quantidade. Uma dose de massa ou de salada dá perfeitamente para duas pessoas, para não falar na pizza, claro.
O atendimento é bom, mas muitas vezes demorado, devido à grande procura que existe. É normal a existência..."
79,"Bom espaço, óptima comida e atendimento exemplar. Preços bastante econômicos e possui mais variedade de comidas sem ser pizza.
Vá com tempo para esperar por uma mesa, reserve se não quer esperar, ou chegue cedo."
80,"O restaurante que mais gostei na zona de Beja, não tem só pizzas e os pratos de carne são muitíssimo bem servidos.
A sangria é boa, o tiramisu e o cheesecake são perfeitos."
81,"A relação preço/qualidade é muito acima da média. Deve ser marcada mesa ou chegar cedo para a refeição."
82,"Bom e barato resume esta pizzaria, as pizzas são óptimas e grandes e as massas também não ficam atrás!
Para conseguir mesa convém ir cedo, quer seja no almoço quer seja no jantar."
83,"Sem dúvida é o lugar onde se faz a melhor pizza de Beja! E aos melhores preços! Unico ""problema"" é que esta sempre cheio de gente e si nao reservar com antecedencia tens que esperar na maioria das vezes! Mas vale a pena!"
84,"A comida e serviço é de qualidade, mas o espaço apertado quase obriga a que tenhamos de partilhar a nossa refeição com desconhecidos. Os preços estão ligeiramente a cima do esperado. Ainda assim merece uma visita."
85,"Preço/qualidade a ter em conta. Quantidade acima da média e funcionários 5*.

Restaurante muito procurado dada a sua localização."
86,"Boas pizzas e outras comidas . As doses são grandes , enormes! O pessoal é simpático . É dificil conseguir mesa! Recomendo ."
87,"Bom ambiente e boa comida bom local para conviver com os amigos, a comida é bem confecionada e pouco tempo de espera, mas é melhor marcar está quase sempre cheio"
88,"Visitei várias vezes este restaurante e verifiquei sempre grande disponibilidade no atendimento. Os pratos são todos bons em qualidade, no entanto não repetiria a lasanha que tem um queijo com um sabor tão forte que acabou por me enjoar. O preço é excelente principalmente nos..."
89,"Muita gente e mesas sempre cheias. Esta é a melhor avaliação que um restaurante pode ter. Seja almoço seja jantar seja para levar para casa, conte com o seu pedido aviado em 15m e sempre simpatia dos funcionários. E já disse que é a melhor..."
90,"Excelentes pizzas a preços acessíveis.
Atendimento bom e eficiênte!
Convém reservar com antecedência."
91,"Excelente pizzas, pastas e carnes, em doses generosas a preços acessíveis. Convém reservar com antecedência."
92,"Ótimo atendimento é super rápido!
As pizzas são ótimas, assim como outros pratos que já tive o prazer de provar! Recomendo!"
93,"Na minha opinião a melhor piza de Beja. Situada na zona universitária, com uns preços comedidos, qualidade acima da média e um serviço rápido e eficaz é uma receita para o sucesso. Casa já com uns anos tem mantido as características, merece uma visita. Pode..."
94,"Relação qualidade preço muito bom, pizzas com qualidade, massa muito boa. Preços justos.
As massas não são do mesmo nível, muitas natas e pouco sabor.
Difícil arranjar lugar para sentar."
95,"Serviço rápido e atencioso.

Muito boa qualidade nas pizzas. Lista diversa e dentro do padrão normal.

Se espera algo mais requintado ou uma pura casa italiana, não vai encontrar. Mas a simplicidade faz desta casa um lugar a repetir"
96,"Pão de alho gigante e bom, restantes pratos bem servidos e saborosos. Boa relação preço/qualidade/quantidade."
97,"Boa comida a um preço muito acessível, ainda assim pouco flexíveis nas reservas e péssimo atendimento ao telefone."
98,"Boa comida e bom (e rápido) atendimento. Se não comerem tudo podem levar para casa. O preço é amigo. Recomendo o pão de alho."
99,"Excelente em todos os aspectos! Desde o atendimento, passando pela qualidade da cozinha até ao preço!"
100,"Ótimo atendimento, serviço rápido e eficaz. As saladas e massas são servidas em doses que dão para 2 a 3 pessoas, saborosas. As pizzas são muito boas, massa muito fininha. Sopa boa. A lasanha é saborosa mas não se encontra a carne, apenas uma pasta..."
101,"A pizzaria Milano localizada na zona estudantil da cidade serve as melhores pizzas de Beja. As pizzas são muito boas, tal como as massas. Em muitas pizzarias onde já fui nunca encontrei uma pizza fechada, vulgo calzone, tão boa como na Milano. Se forem a..."
102,"Recomendo ,serviço rápido e com muita qualidade e quantidade ,pessoal simpático e disponível para aconselhar a levar as sobras para casa ,vou voltar tem serviço de mesas no exterior para os fumadores"
103,"Muito boa a comida e pratos fartos. a dose inteira divide tranquilamente pra duas ou ate tres pessoas."
104,"Chegámos a este restaurante através da indicação de dois Bejenses. Que foi por sinal foi uma óptima indicação. Para quem não conhece Beja, o restaurante encontra-se um pouco escondido, mas vale a pena procurar. Pelo o que nos indicaram o restaurante está maioritariamente cheio, que..."
105,"Se procura um lugar com boa qualidade e a preço reduzido, recomendo a Pizzaria Milano. As pizzas são ótimas: a massa é fina e o recheio generoso, bem como a variedade que é grande. Se não chegar cedo, arrisca-se a ter de esperar, porque está..."
106,"Excelente pizzaria em Beja, com muito boa qualidade em todos os seus pratos. Seja uma pizza ou uma massa, é impossível não gostar. Recomendo vivamente com marcação prévia."
107,"Sempre que posso vou lá!
Adoro a comida e os preços (dá para dividir com outra pessoa).
Só é pena a sobremesa (Cheesecake) ser o mais caro quando lá vou..."
108,"Sou suspeito, porque adoro pizza, mas já fui muita vez a Itália e posso dizer que já lá comi piores pizzas do que aqui. Olhando por fora, parece um café, mas o atendimento  simpático e rápido (para o tamanho do sítio há muitos empregados) e..."
109,"O facto de estar sempre a abarrotar é paradigmático. Comida simples, em quantidade e a preços muito aceitáveis. O serviço é 5 estrelas."
110,"Relação preço qualidade imbatível. Adoro as pizzas e para quem não gosta de pizzas os pratos ditos tradicionais são muito bem confecionados. a sangria só é batida pela do trattoria no parque eduardo VII"
111,"Convém ir cedo pois senão a espera por mesa é grande excelente restaurante com preços acessíveis muito bom"
112,"Para comer pizza em Beja definitivamente é o melhor sitio. As pizzas são muito boas, o preço é convidadativo e até para quem não gosta de pizzas todos os outros pratos são de boa qualidade. Quem não conhece tem de o fazer. Qualidade/preço top. Quase..."
113,"Espaço normal de café. À hora de almoço depois das 12.30h tem que esperar por mesa. Serviço normal. Comida muito boa. Recomendo."
114,"Em primeiro lugar o serviço é excelente! A simpatia é de longe a melhor de Beja! Ao contrário da maioria dos restaurantes de Beja, na Milano somos atendidos com muita simpatia, para além de serem uma equipa muito eficiente!
A comida é muito boa! Pizzas..."
115,"É a melhor relação qualidade preço da cidade. São excelentes na sua especialidade, pizzas e pastas.
As febras são muito boas com tempero de pimentão. A cerveja de pressão pai muito boa. O serviço é rápido e de grande profissionalismo."
116,"Restaurante que serve comida italiana e comida tradicional alentejana. Um pouco barulhento, confuso e desorganizado. Serviço demorado, mas a comida é de boa qualidade."
117,"Pizza fina crosta tradicional foi excelente ea starter de pão de alho (que foi mais como uma pizza em si era excepcional), é um item de ordem deve. O serviço foi excelente e todos da equipe neste conceito aberto cozinha foram muito simpática. O marisco..."
118,"servido na mesa adjacente parecia incrível. Jantar muito casual."
119,"Quando você viaja você deseja boa comida que tem uma etiqueta de baixo preço, e isto é apenas isso. A comida é grande, a massa é enorme e pode definitivamente ser compartilhados e ainda preencher duas pessoas. Experimente a salada de Fusilli com molho de..."
120,"Iogurte."
