,Avaliações
0,"Dos melhores restaurantes a que já fui! Comida ótima e atendimento melhor ainda. É raro encontrar restaurantes com um ambiente e um atendimento tão bom."
1,"Da vinda do Algarve foi preciso fazer uma pequena pausa para almoçar antes de se seguir caminho para Évora. Fomos super bem atendidos pelos empregados que eram muito amáveis e prestáveis, que quando por engano nosso ainda nos deixaram trocar um pedido. As instalações para..."
2,"alem de serem bonitas também estou muito bem higienizadas. As mesas e as cadeiras são higienizadas logo apos a utilização para evitar contágios da COVID. Muito obrigada pela atenção por parte de toda a equipa e continuação de um excelente trabalho."
3,"Mais"
4,"Hambúrgueres muito bem confecionados, com sabor, substância, carne legítima, uma experiência nada a ver com cadeias de fast food, com muito mais qualidade e a um preço quase idêntico. Casa agradável e equipa muito simpática. Uma experiência a repetir!"
5,"Comida razoável,  carne seca e molho de francesinha com cheiro de knorr. Atendimento péssimo,  neste caso em particular falo da senhora de óculos loira que não responde a perguntas feitas por clientes e com atitude de superioridade para com os clientes. No final da refeição..."
6,"foi pedido factura ao qual respondemos obrigada , como desde do início da refeição sem resposta , atirou a mesma para cima da mesa e virou costas e com o tom arrogante disse ""adeus obrigada "". Não aconselho a visitarem o restaurante,  peçam take away ou delivery, porque em termos de atendimento faz sentir que não somos bem vindos. Os empregados não estão identificados pelo qual não posso dizer o nome da pessoa em questão..."
7,"Variedade e excelentes sabores. Ambiente espaçoso e muito agradável. De comer e chorar por mais....."
8,"De todos os locais onde já fui jantar fora, este é de todos o meu favorito. Boa relação preço qualidade, e a comida tem um sabor incrível! Adorei"
9,"Restaurante onde queremos sempre voltar !!
A qualidade é elevada e o serviço eficiente e simpático.
Muito boa oferta de sumos naturais.
Parabéns e continuação de bom trabalho."
10,"Muito bem servidos. Comida saborosa e muito bem confeccionada. Sem dúvida uma experiência muito boa. Recomendo."
11,"O serviço é rápido e a maioria dos ingredientes tem qualidade. No entanto, não gostei da carne de vaca. Acho que o excelente bolo do caco e os restantes ingredientes, mereciam ser servidos com uma carne à altura. O restaurante podia ter um pouco mais..."
12,"de ambiente. Quanto ao preço, nota positiva."
13,"Tudo muito bom
A decoração simples mas atractiva
Em destaque os hambúrgueres (pedimos o bolo do caco e o de porco preto mas trocamos a carne de porco por frango) e os sumos naturais (o sumo de espinafres com maçã e ananás era top)
Iremos..."
14,"voltar com certeza"
15,"Frequento com regularidade este local desde a sua abertura. Muito bom serviço e excelente comida. Adoro e recomendo."
16,"Atendimento péssimo! Super mal educadas... enquanto os clientes fazem o pedido estas encostam-se a mesa do lado como se tivessem contrariadas, tiram produtos especialmente molhos da mesa de uns clientes para os outros à descarada. Terrível no entanto a comida é razoável."
17,"Nos meus 47 anos de vida só tinha enviado o meu prato para trás 1 vez, no estrangeiro,  por causa dum cabelo, há 10 anos atrás e note-se vou a restaurantes todas as semanas. Hoje fui a esta hamburgueria e só não enviei o meu..."
18,"Uma desilusão.
Dia 31, com a Hamburgueria completamente cheia, a senhora disse-me, depois de ter iniciado o seu almoço, que o hamburguer estava ""cor de rosa"", médio passado.
Disse-me que gostava de carne mal passada mas, no que respeita a carne moida, preferia bem passado...."
19,"Visita rápida a Beja, quando foi altura de almoçar escolhemos a hamburgueria da avenida.
Atendimento muito simpático.
Espaço muito acolhedor e bem decorado.
Comida boa e com muita variedade de escolha.
Atendimento rápido.
Boa escolha"
20,"Sala cuidada, bom ambiente, staff atento, hambúrguer artesal e muito saboroso, não podia ter corrido melhor."
21,"Vale a pena visitar este espaço.
Profissionalismo aliado a produtos de qualidade e ainda com uma atenção ao detalhe e bom gosto assinalável. Os proprietários atrás do balcão a comandar e bem a equipa e o serviço rapido eficaz e profissional. A comida de qualidade..."
22,"Os hamburgueres são muito bons, com muita variedade de ingredientes e com aquele sabor caseiro. Recomendo as batatas doce fritas."
23,"Bom hambúrguer e bom bolo do caco para entrada, rapidez e simpatia no atendimento. A única coisa que não estava muito bom era a limonada, não sei o que estava mal ao certo mas a limonada não sabia.
Espaço bastante acolhedor e com uma boa..."
24,"Serviço rápido num espaço agradável. A carne era boa e bem confecionada. As batatas fritas não são o que eu considero  como batatas fritas tradicionais e não gostei."
25,"Hamburgueria situada no centro de Beja. Decoração simples, moderna vem trazer um outro nível ao que estamos habituados a ver em muitas outras hamburguerias algo que hoje em dia está na moda. Casa com uma grande variedade de hamburguers desde vegetarianos a passar por algo..."
26,"Comida razoável, espaço entre mesas muito apertado, sem um mínimo de privacidade. Preço elevado para comida apresentada. Empregados e gerência sem simpatia nenhuma."
27,"Espaço engraçado, mas a imitar as N hambúrguerias e outras ""ias"" que vão surgindo por todo o lado, com o típico quadro negro com ementa a giz.
O hambúrguer de frango com molho de mostarda e mel estava comestível. As batatas às rodelas nem tanto,..."
28,"Excelente hamburgueria no centro de Beja. Uma decoração moderna e estilo acolhedor.
Pela primeira vez numa hamburgueria, encontrei duas opções vegetarianas: batata doce e grão. Optei pela de grão e estava muito saboroso. Adorei!
Para além disso, sublinho a atenciosidade dos funcionários, extremamente preocupados connosco..."
29,"Consiste num local agradável como opção para tomar uma refeição nesta localidade. O local apresenta uma decoração moderna e leve, com opções artsanais de qualidade e um serviço adequado."
30,"Boa comida, bons hambúrgueres caseiros. Entrada saudável neste caso palitos de cenoura. O meu hambúrguer veio com molho tikka masala, mas pedi em pão “bolo do caco”, pedido possível visto na carta haver essa opção, tal como o tipo de batata. O hambúrguer da minha..."
31,"Ambiente e decoração muito agradável, atendimento simpático e comida muito boa.

Recomendo a qualquer um."
32,"Lugar girissimo, com uma decoração muito agradável, empregada muito simpático, hambúrgueres excelentes com umas batatas fantásticas, preços muito acessíveis"
33,"Pessoal simpático, comida variada e saborosa. Serviço rápido. Boa localização. Estacionamento perto."
34,"Espaço giro e moderno.  Arendimento rápido.  Desaconselho o hambúrguer vegetariano de grão: sem sabor, desfaz-se todo."
35,"Bons hambúrgueres e boas batatas.
Atendimento muito rápido.
Staff muito simpático e prestável.
Espaço acolhedor, agradável e com decoração moderna."
36,"Bom serviço, boa a refeição. Ambiente agradável.
Bom para grupos.
Acesso fácil.
Preços acessíveis.
A repetir."
37,"Hamburgueria muito simpática, jovem limpa e com boa decoração.

A comida é de qualidade e as sobremesas são muito boas. Parabéns à equipa que também é bastante simpática"
38,"Almoço de amigas mas não sabíamos ao certo onde. A minha amiga disse que eu precisava experimentar estes hambúrgueres, no início confesso que estava com receio da carne ser seca ou algo parecido... A verdade é que foi tudo perfeito o serviço rápido e simpático,..."
39,"Positivo: Espaço bem decorado e confortável. Atendimento muito simpático, atencioso e extremamente rápido. O menu de hambúrgueres sofreu uma melhoria bastante positiva, uma vez que tinha lá ido pouco depois da inauguração e não ter gostado. Hoje está bastante melhor.

Negativo: Nada a registar."
40,"Espaço moderno e acolhedor.
Ementa variada, para todos os gostos.. Os Hambúrgueres fantásticos.
Serviço de pedido para fora eficiente!"
41,"local muito agradável, espaço divertido, os hambúrguer de muito qualidade  e excelência, hambúrgueres  diferente e muito saborosos."
42,"Ambiente muito tranquilo. Fazia falta mais assim em beja. Staff simpatico. E a comida vem confeccionada e saborosa. Sem dúvida para repetir"
43,"Muitas pessoas escolhem ir ter uma refeição a este restaurante que sendo de hamburgueres a carne é de excelente qualidade e acompanhada de excelentes batatas fritas."
44,"Das vezes que cá viemos....por acaso foi sempre ao jantar...mas isso diferença nao faz....sempre impecável....em tudo...atendimento, excelente qualidade e preço acessivel"
45,"estava sozinho, procurava espaço moderno/jovem e encontrei, boa musica, atendimento simpático, os hambúrgueres são muito bons,tão bons, que comi 2, capoeira e o Caco, as batatas fritas são excelentes, grandes,finas e super estaladiças, mas atenção, tem ervas aromáticas,eu gostei muito,preço adequado à qualidade,talvez um dia,quando..."
46,"Mais um almoço num local tranquilo e com excelentes hambúrgueres. Na foto um Inglês xxl. Excelente mesmo para quem esteja de passagem por Beja."
47,"Nesta hamburgueria tudo o que come é muito saboroso e diferente dos hamburguers a que está habituado. Para além do hamburguer propriamente dito acompanhado de umas belas e estaladiças batatas fritas às rodelas o que não se esquece é claramente a maionese caseira, que deixa..."
48,"Desde o atendimento à apresentação dos pratos ao sabor, gostei muito. Óptimo local de convívio familiar ou entre amigos."
49,"Para quê complicar? Num sábado em que o almoço não estava ainda pensado, foi hora de experimentar esta hamburgueria que já andava debaixo de olho. Chegar, escolher a mesa.. e estar a comer em 10 min! Perfeito! A diversificação de hamburguerias que nos últimos anos..."
50,"Excelente decoração,espaço muito bonito e com muito bom gosto.
Staff muito simpático .
Excelente hambúrguer de batata doce. Excelente hambúrguer avenida."
51,"Uma hamburgueria tipica, a comida é de boa qualidade e tem oferta variada de hambúrgueres,as batatas fritas são muito boas também.
Os funcionários são simpáticos e eficientes. A relação qualidade - preço é execelente."
52,"Depois de umas belas ferias nada melhor que um belo almoço no regresso a casa
Provamos uma das opçoes de frango e um vegetariano. Batatas crocantes e um molho delicioso
Espaço moderno e bem decorado.
Passou a ser paragem obrigatoria!"
53,"A hamburgueria da Avenida tem mantido desde a abertura uma qualidade ímpar em Beja. Com um atendimento simples e eficaz, serve de forma despretensiosa produtos de excelente qualidade a um preço muito justo. Recomendo"
54,"Ambiente agradável, tranquilo, ma surpresa dentro do estilo. Hambúrgueres bem confeccionados, com boa apresentação e serviço rápido."
55,"Maravilhosos hambúrgueres caseiros feitos no momento, com variedade, sabor e qualidade.
Recomendo os de frango, os meus favoritos sem dúvida!"
56,"Espaço moderno.
Bom serviço.
Hambúrgueres boa qualidade / preço.
Bela batata frita caseira.
Bom hambúrguer vegetariano.
Recomendo."
57,"Hambúrgueres com muita variedade e acompanha com umas batatas fritas excelentes e claro que foi no bolo do caco. A voltar uma Boa paragem acaminho de Monte gordo."
58,"O espaço é agradável e moderno.
O serviço normal - nada a apontar.
Os hambúrgueres são grandes e saborosos"
59,"Espaço bastante acolhedor e a comida muito boa, tanto os hambúrgueres como as tostas são irrepreensíveis, sem falar na sangria bem geladinha e super frutada.
Sitio para voltar sempre que oportuno.."
60,"Ambiente muito agradável, pessoal simpático! Muita oferta de hambúrgueres, é até difícil escolher entre tantas opções. Preço justo."
61,"Para quem já se fartou do macdonalds aqui é o sitio para visitar. A qualidade da carne é inegável, o espaço muito bem decorado e o staff muito amigo."
62,"Restaurante com ambiente agradável e com um atendimento bom. O tempo de espera é razoável e a relação qualidade preço é boa. Contudo o pão dos hambúrgueres estava um pouco seco, mas pode apenas ser uma situação pontual."
63,"tipica hambugueria, com bom ambiente e decoração, o tempo de espera é aceitavel e o atendimento é excelente."
64,"Ambiente acolhedor
Os empregados são muito simpáticos
Adecoração do espaço bastante original.
O preço é bastante acessível"
65,"Bem localizado, serviço rápido e atencioso, é uma boa experiência que podemos ter em Beja, cuidadosa seleção dos ingredientes que combinam e resultam muito bem, adorei os hambúrgueres, gostei do espaço. Preços acessíveis."
66,"Ambiente acolhedor, atendimento excepcional! Muito atenciosos. Refeições com preço muito acessível e saborosas!"
67,"O acolhimento é extraordinário. Simpatia e savoir faire dos empregados de mesa destaca-se pela positiva (lembrou-me um documentário que vi sobre o El Bulli), sempre atentos e cordiais q.b. para o espaço que se quer descontraído. A cozinha também é muito boa e rápida. Vou..."
68,"Gostei muito do hamburguer, apesar de achar o pão um pouco seco...para compensar as batatas que acompanham o hamburguer são simplesmente fantasticas. Ambiente super tranquilo e agradável,   funcionários simpatisissimos :-)"
69,"Adorei! Muita variedade de hambúrgueres, excelente confecção, serviço de extrema simpatia e super rápido. A voltar, com toda a certeza!"
70,"Positivo: Espaço acolhedor e giro, empregados simpáticos, atendimento rápido e boa localização.

Negativo: Hambúrguer sem molho, tornando-o seco e sem grande sabor. Sumo de limão da casa, sem doce, sendo por isso bastante ácido, tornando-se intragável."
71,"Comida razoável, menu variado, preço/qualidade  razoável, bem localizado, bom ambiente e simpatia por parte dos funcionários"
72,"Excelente hamburgueria com muita variedade e sobremesas ótimas. Destaque hamburguer de picanha. ....."
73,"A decoração lembra bastante a hamburgueria do bairro. Ementa diversificada, o hamburguer estava pouco seco. Quanto ao atendimento não tenho reparos a fazer. Vou voltar certamente..."
74,"A carne demasiado passada, a ausência de molho e o pão seco tornam o hamburguer demasiado embaçante. A carne pode ser boa mas a confecção no geral deixa a desejar... Com uma imagem muito colada à Hamburgueria do Bairro, infelizmente o sabor fica aquém do..."
75,"Muito bom! A repetir brevemente. Carne excelentemente confeccionada... As batatas como acompanhamento uma perdição. O molho tem capacidade para evoluir. Estão de parabéns..."
76,"Abriu recentemente a decoração lembra bastante a hamburgueria do bairro e um pouco menos o honorato.
Tentam de certa forma trazer o conceito para Beja mas a confecção e a originalidade está um pouco off (o hamburguer estava salgado um pouco seco). O atendimento não..."
77,"Um conceito que ja fazia falta em beja e arredores, havendo ja varias lojas do genero noutros pontos do pais, fiquei agradado por poder comer um hamburguer de qualidade.O espaço é muito agradavel, o staff tambem, o menu é algo diverso. Vão e divirtam-se a..."
78,"Hamburgueria que nada tem a ver com fast food. Serviço rápido e simpático, com uma variedade de preparação de hamburguers, incluindo uma opção vegetariana. Espaço agradável e bem decorado para famílias ou uma refeição a dois.
Os hamburguers são deliciosos, estilo caseiro, que só têm..."
