,Avaliações
0,"Frequento várias vezes, fico sempre satisfeita a comida é muito boa e acessível a qualquer carteira."
1,"Numa passagem por Beja seleccionamos este restaurante para almoçar, do qual podemos dizer que a comida é agradável e tipicamente alentejana, simpatia dos colaboradores e boa relação qualidade / preço.
Comemos cozido de grão e cabidela, ambos estavam óptimos."
2,"Espaço com necessidade de renovação. Cadeiras desconfortáveis. Refeição razoável no entanto com demasiado óleo. Preço parece desajustado para a oferta. Perto de 20€ por pessoa pareceu exagerado."
3,"Para além da boa comida de salientar a simpatia do pessoal e o facto de ser o único restaurante petfriendly de Beja"
4,"Estávamos de visita na cidade em um domingo e como era esperado o restaurante estava cheio. Mesmo assim, fomos muito bem atendidos e a comida era deliciosa e feita na hora! Ótimo custo benefício, uma experiência que vale pena!"
5,"Visita num Domingo.
A casa estava cheia e pelo tempo de espera diria que não existia capacidade se resposta por parte do staff. A rapariga(de cabelos loiros) que servia às mesas foi bastante simpática e fez de tudo para acalmar os clientes que geravam na..."
6,"sala um ambiente pesado visto ao tempo de demora. Outro empregado parecia pouco empenhado em trabalhar sendo muito lento e pouco dinâmico. Estivemos uma hora à espera pela melhor parte da experiência que foi a refeição que estava bem confeccionada.Para a sobremesa tarte de maçã bastante boa.
Sugestão de quem vê de fora, mais vale recusar alguns clientes para servir todos os que já têm sentados bem. Para tentar chegar a todos acabam por deixar todos insatisfeitos com o tempo de espera.

No final a conta foi uma boa surpresa.Outra boa surpresa que fica sempre bem foi a rapariga loira pedir desculpa pelo tempo de demora dando uma justificação honesta assumindo a falha.

Voltaremos para experimentar num dia mais calmo."
7,"Mais"
8,"Jantar de amigos, decidimos experimentar um sítio onde ainda não tínhamos ido. Atendimento médio-baixo, o empregado estava a atender-nos e deixou-nos a falar sozinhos porque entraram uns turistas espanhóis e deve ter achado que eles eram mais importantes que nós, sendo que o restaurante estava..."
9,"vazio e que eles poder-se-iam ter sentado em qualquer lugar.
Confecção dos pratos fraca, com carne nada de especial para o que deveria ser nesta região, o pior é mesmo o preço que se paga igual a um sítio bom.
Têm muito a melhorar no geral, porque até é um restaurante bem localizado mas de facto não acompanha no resto."
10,"Restaurante de aspecto normal bem localizado e com facilidade de estacionamento próximo serviço normal bons preços até aqui já seria bom mas secretos e carne da presa para mim não há melhor do que aqui...ficamos clientes .parabens"
11,"Almoço de Carne Alentejana que estava Top, não me lembrava de almoçar uma carne tão macia quanto esta. Parabéns!!"
12,"Comida que nos soube bem, numa noite em que o procurávamos fazer já há algum tempo sem sucesso.
A sericá foi um bom fecho.
O serviço foi atencioso e o preço justo"
13,"Já almocei e jantei várias vezes no Alcoforado, que tem uma localização central em Beja, mesmo em frente do Pax Julia. O serviço pode por vezes ser demorado, quando a casa enche, mas é sempre simpático e eficiente. A comida, baseada principalmente na região do..."
14,"Restaurante limpo,espaçoso,atendimento muito bom,excelente custo beneficio,pode se pedir uma porçao e meia para duas pessoas."
15,"Nao e um local onde iremos procurar a melhor gastronomia, e verdade que não se come mal mas tambem nao é  dos locais mais baratos... na falta de outros locais, é bom, caso haja experimentem."
16,"Trataram-nos de uma forma “esquisita”, há muita descoordenação entre os empregados apesar de tudo são simpáticos e a sala de jantar até não é má"
17,"Localização excelente e com a vantagem de servir até tarde. Foi exactamente por esse motivo que visitamos este restaurante em Maio deste ano. No entanto a qualidade da refeição deixou muito a desejar...Uma das pessoas do grupo pediu uns secretos de porco preto e como..."
18,"Bom para comer sem gastar muito, a decoração e um bocado antiga, ao entrar sentimos um forte cheiro a desinfetante o que por um lado e bom pois foi limpo, mas não e muito agradável comer com aquele cheiro, pois faz lembrar o WC."
19,"Fraquinho. Um espaço com potencial, mas com uma confecção fraca. Funcionárias jovens e simpáticas. Boas sobremesas. Agora servir carne de porco à alentejana com ameijoas vietnamitas????
A tradução da ementa estava péssima."
20,"É daqueles restaurante que não é de registo, mas como é dos poucos abertos ao Domingo em Beja... aqui vai;
Teve muito bom e teve mau. Os Jaquinzinhos fritos com arroz de tomate, não sendo pequeninos, vinham excelentes, crocantes, muito saborosos. O arroz estava irrepressível..."
21,"O atendimento é bom assim como a qualidade da comida mas espera-se muito tempo até que as refeições cheguem à mesa."
22,"Preço/qualidade bastante bom.  Cozinha algo demorada.
Preço da dose +/—8€.
Tem meias doses.
Não tem multibanco."
23,"A comida é ótima, os preços muito apelativos, mas o tempo de espera é de mais. A primeira vez demos o benefício de dúvida para além do tempo de espera as doses vinham muito pequenas. Uma dose de cozido de grão trazia dois pedaços de..."
24,"Apesar de não estar no meu topo máximo de preferência, o restaurante apresenta um espaço muito bonito e bem amplo.
Muito bom para ir em família, mesmo que tenham de levar carrinhos de bebé.
Fomos para o ensopado de borrego que estava muito bom e..."
25,"Comida caseira, saborosa e muito em conta. Carne de porco à alentejana muito suculenta. A ter em conta"
26,"Almoço muitas vezes em Beja, mas não conheço um restaurante que rivalize a simpatia das empregadas, a qualidade do gaspacho e da sericaia, para não falar do preço sempre agradável.

Vale a pena voltar"
27,"Tive a oportunidade de visitar este local num Domingo à noite, foi dos poucos restaurantes abertos em Beja nesse dia. Tem uma boa localização.

A miúda que nos atendeu foi muito atenciosa e simpática. O preço foi acessível, embora não desse para pagar com cartão..."
28,"Este restaurante não era a primeira escolha...
O nome apelativo e o facto de ter sido o primeiro a encontrarmos aberto, facilitou a decisão...
A ementa oferecia pratos tradicionais alentejanos.
Escolhemos um dos pratos que seria frango em molho de tomate - trouxeram em molho..."
29,"Simpatia, com bom preço. Ensopado de borrego, com verdadeiro paladar alentejano, nesta região o vinho da casa poderia ser de melhor qualidade. Recomendamos."
30,"Estive neste restaurante há poucos dias
atrás as pessoas são muito prestaveis
a comida é muito bem confeccionada
sabem receber bem e não são portuguesas só havia um senhor
português na sala é barato as sobremesas são boas e a relação qualidade preço é muito..."
31,"É um restaurante como muitos outros. Não deslumbra mas também não desilude. Mediano na qualidade da comida e no preço."
32,"Almoçamos duas pessoas , cozido de grão e lingua estufada. Pedimos meia dose para
cada um e ainda sobrou. Comemos uma sobremesa tipica que estava muito boa.
Comida muito bem confecionada. A funcionária foi muito atenciosa.
O espaço é tipicamente alentejano. A voltar e recomendar..."
33,"Restaurante bem situado na esquina da rua do Touro em frente ao Museu regional da cidade. Apresentava na ementa uma otima sopa de Beldroegas tipica da Gastronomia Alentejana. Bom Pernil Assado e pezinhos de coentrada. Havia igualmente feijoada de chocos."
34,"Em viagem, entrei sem querer mas gostei. Comida boa, atendimento simpático e vinho tinto da casa bastante aceitável."
35,"Comida regional, saborosa e a bom preço, e tudo isto com um atendimento simpático.                                                                               pena não ter migas na altura mas a cabidela compensou..."
36,"Diz-se que o Alentejo é um lugar de demoradas reuniões à volta da mesa e foi mesmo isso que senti no Alcoforado. Recomendado por uma funcionária da Farmácia Central, fomos a este restaurante jantar uma vez. O restaurante estava cheio e por sorte arranjamos uma..."
37,"Refeições saborosas e bons preços, a cabidela de frango estava boa. Funcionários simpáticos, serviço rápido."
38,"Localizado perto de monumentos da cidade e do Teatro Pax Juliae.
Sala aprazível e serviço simpático
Comida satisfatória Preço razoável"
39,"Muito bem localizado, comida típica alentejana com boa qualidade. O serviço não sendo demorado é no seu atendimento simpático."
40,"Restaurante bem situado, Para quem gosta de comida tipica este restaurante é indicado. Varias opçoes regionais com preços muito acessíveis. O atendimento nao é nada de especial mas é ""quanto baste""."
41,"Espaço sem grande decoração mas espaçoso e limpo.O atendimento é por vezes um pouco demorado mas bastante atencioso. A carta é variada e a comida é bastante bem feita. Localização central."
42,"Chegámos tarde (2:50) mas mesmo assim fomos servidos. Comemos bacalhau à brás e frango em tomate. Estava bonzinho. Serviço razoável. Preço justo."
43,"restaurante muito central. e prato com café vinho , ronda os 9€.
contudo via-se alguma atrapalhação das pessoas que atenderam, bem como a inexistência de lista de vinhos e alguma confusão.
Comida razoável."
44,"Restaurante simples, mas que oferece a cozinha alentejana. Mão de vaca com grãos, feijões com tripa, bacalhau com natas, porco preto com almeijoas etc... preço honesto"
45,"O sr sentou nos.  Passado 10 minutos sentou a mesa do lado.  E por incrível que pareça foi recolher o pedido passado 5 minutos, mas da mesa do lado. A nossa mesa apesar de vários sinais,  olhares,  etc... Nem sequer as bebidas fez o pedido...."
46,"Restaurante bem localizado. Após nos ser indicada a mesa para um grupo de 6, foi preciso chamar alguém para nos entender porque tivemos um bom tempo sem sermos atendidos.
Refeições com uma qualidade razoável, e a lista de sobremesas muito desfalcada.
Peca pelo atendimento e..."
47,"Entrei no restaurante com a família e este estava vazio, apenas uma pessoa estava sentada e servida. Apareceu uma funcionária que se dirigiu para uma das mesas, colocou pratos e nem para nós olhou, outras três funcionárias estavam de conversa a colocar pão nos cestos..."
48,"Restaurante normal
Atendimento rápido

Empregada simpática

Comida rápida e bem confeccionada

O único senão é Ñ ter multibanco"
49,"Pausa para almoço num dia de semana visitei este restaurante.

Sem deslumbrar não ficou aquém das expetativas.

Pratos bem confeccionados a preços acessíveis acompanhados de simpatia."
50,"Restaurante amplo, com pratos variados a preço razoavel. Simpatia no serviço.
Localizacao central, junto ao teatro Pax Julia."
51,"Restaurante um pouco antiquado, sem grandes opções de comida. Empregado ou gerente, não muito simpatico."
52,"Comida alentejana mediana em espaço antigo e antiquado, preços médios, serviço ""à antiga"" (quando estão muitos clientes, a cozinha não consegue ter a rapidez desejável)... localizado no centro da cidade, com estacionamento fácil (pelo menos ao fim de semana...)"
53,"Um verdadeiro surpise - não parece muito acolhedor, mas os melhores pratos portugueses desde há muito tempo. recomendo vivamente!
t"
54,"A sala de jantar é básica mas agradável. O menu apresenta pratos regionais. Minha bucho com feijão branco e batata era saborosa. Os preços são modestos. Numa terça-feira à noite, a sala de jantar estava quase vazia.

A seleção de vinhos era divertida: quando pedi..."
55,"ao garçom para sugerir um bom vinho da região, ele saiu e voltou com quatro vinhos, e colocou as quatro garrafas na mesa. Ele não ofereceu mais assistência. Eu escolhi um que eu não estava familiarizado, e acabou por ser razoavelmente agradável e justo valor em € 10. A maioria dos vinhos em sua lista varia de € 8 a € 14."
