,Avaliações
0,"Belo estabelecimento! Visitei com três amigos e o dono foi impecável, desde o serviço à recomendação do vinho (Vidigueira Trincadeira). Local a repetir certamente"
1,"Restaurante tipicamente alentejano.
Excelente experiência do início ao fim, com umas belas entradas, uma excelente recomendação do vinho e umas maravilhosas migas com presa ibérica.
Terminámos com um tarte e um pudim de requeijão que estavam divinais.
A repetir!"
2,"Ambiente típico e acolhedor.
Refeições típicas alentejanas muito bem confeccionadas e saborosas. Doses generosas.
O serviço foi atencioso, no entanto, reparei que um colaborador (talvez o dono), foi muito indelicado para uma senhora que entrou a perguntar por uma mesa, o que nos deixou um..."
3,"pouco desconfortáveis. Só por este motivo não dou avaliação máxima.
De resto, nada a apontar."
4,"Mais"
5,"Restaurante recomendado por um amigo,quando cheguei fui perguntar  se havia mesa para 4 pessoas,foi me respondido de uma forma de muito má  educação  que não havia e já não serviam mais refeições, eram 13h35m.perguntei então onde se poderia comer ali perto e foi me respondido..."
6,"novamente com muita má educação  e arrogância  ""não sei""!
LAMENTÁVEL
Não provei a comida,mas tb ja risque da minha lista!"
7,"Pela forma como fui tratado pelo dono do estabelecimento, pessoa mal educada e estupida, que inclusivamente me desafiou a chamar a polícia quando lhe pedi o livro de reclamações depois da sua attitude intragável, considero que o estabelecimento deve ser encerrado pelas autoridades competentes por..."
8,"os proprietários não terem o mínimo das qualidades requeridas, em termos de relações sociais, para quem tem casa aberta."
9,"Bochechas e grelhada de porco preto maravilhosas
Melhores migas do Alentejo
Ambiente e decoração muito típica"
10,"Comemos todos muito bem. A presa de porco preto com migas estava excelente. Até o bitoque de porco estava bom. A sobremesa estava divinal: encharcada, pudim de ovos com vinho do Porto e pudim de queijo.🤤
A simpatia do Sr. que nos serviu também é..."
11,"de realçar.
Vou voltar de certeza.
Recomendo vivamente mas façam reserva pois está sempre cheio."
12,"a revisitar quando voltar a beja. espaço tradicional, típico e de comida caseira. muito simpáticos no atendimento. adorei o almoço…"
13,"Pedi bife grelhado e perguntei como acompanhava. O senhor referiu que era com batatas frita. Disse que também não tinha arroz. Perguntei se podia fazer batata cozida. Para meu espanto disse que não!!! Devia dar muito trabalho ... como com uma salada que tive que..."
14,"pagar a parte... enfim... serviço PÉSSIMO!"
15,"Em tempos de Covid-19, os pratos são excelentes. Pedimos para quatro pessoas e fomos muito bem servidas. Ficamos a conhecer a ""história"" da Taberna A Pipa.
Tem todas as condições para uma refeição segura nos tempos que correm."
16,"O gaspacho e os carapaus não tinham qualidade. Fui acabar de almoçar a casa
Não passam fatura
A conta é processada num papel a lápis ou esferográfica"
17,"Das melhores experiências gastronómicas que se podem ter no Alentejo! Desde as migas de espargos com carne de porco frita à presa grelhada, acompanhado de um bom tinto alentejano, não se leva melhor sabor destas paragens!"
18,"Recomendo.
Restaurante muito simpatico e acolhedor.
Tipicamente alentejano.
Destaco a simpatia dos empregados.
A comida é excelente.
O ponto fraco é o estacionamento, mas com sorte a 80/90 m na praça da igreja da misericórdia pode ser que se safe."
19,"Comida típica, muito bem confeccionada.
Vitela com batata doce estava excelente.
Vinho tinto da casa é da zona e é obrigatório.
Sobremesa típica caseira.
Excelente relação qualidade/preço.
Recomendo vivamente o restaurante, mas devem de ir com tempo, sem pressa."
20,"Sou de Beja e nunca me tinha acontecido ser tão mal recebida num restaurante como fui aqui. Cheguei ao restaurante Pipa, que estava com a porta aberta, eram 19:25, perguntei se podíamos jantar, as mesas estavam postas, no entanto o proprietário com um ar arrogante..."
21,"Vivemos uma situação de pandemia. Os clientes só podem entrar no restaurante quando este oferecer condições. Se o proprietário não o permitiu foi porque não estavam reunidas as condições. Quem está de fora, por vezes tem dificuldade em entender... lamento."
22,"Começo por anunciar que nunca fiz uma avaliação deste tipo neste site, mas não podia deixar de alertar. Chegamos às 13h25 e perguntamos se nos podíamos sentar (havia 1 mesa vaga). O senhor, extremamente mal educado e sem nunca nos dirigir a palavra, foi buscar..."
23,"Comida tradicional alentejana ao mais alto nível. De salientar a carne de alguidar com migas de espargos e a sopa de cação que é maravilhosa. A decoração é magnífica, com elementos da cultura alentejana. Simpatia dos funcionários. Deve ser um restaurante a visitar, embora necessite..."
24,"Passaram mais de 10 anos desde a minha última refeição nesta casa. Estava curioso e tinha algumas expectativas. Num regresso de férias, resolvi fazer uma visita. Consegui uma mesa (a última) junto à porta. Pressa não rima com alentejo. Sugerido pelo sr. Maldonado, comemos migas..."
25,"Impossível vir a Beja e não passar pelo Pipa. A melhor comida típica alentejana, confessionada no momento. Difícil escolher numa gama variada de pratos e sobremesas dos Deuses. Atendimento de excelência, local acolhedor e preço acessível."
26,"A comida é muito boa, os alimentos são de boa qualidade, o atendimento é de uma simpatia extrema, adoramos tudo!!
O espaço é típico Alentejano.
Voltaremos seguramente.
E recomendo a visitarem!"
27,"Pois...
A mais de uma hora de encerrar, recusaram-se a servir um casal, apesar de haver mesa vaga, alegando que a esposa (cozinheira) já estava cansada.
Vim de propósito a este restaurante para o conhecer...
Este restaurante surgiu há pouco tempo num programa de TV..."
28,"O tipo do atendimento é um autêntico trambolho. Provavelmente a reportagem televisiva recente aumentou o grau de estupidez do homem. Por muito que a comida seja boa não irão contar comigo nunca mais, avaliando a receção que tivemos, onde a sobranceria do homem que me..."
29,"A comida é boa e a dose é bem servida. Gostei da decoração antiga e da simpatia dos donos. Ah as azeitonas são deliciosas"
30,"A gerência da Taberna A Pipa agradece o reconhecimento. Muito Obrigado!"
31,"Os pratos estavam bons, mas não eram tão bem servidos e de acompanhamento é apenas batata frita. Atendimento foi um bocado rude e mal educado, mas nada de surpreendente ou que nos faça repetir. Há outras melhores opções."
32,"Estes senhores só comeram batata frita porque quiseram. Foi-lhe sugerido um prato bastante Alentejano. Tinham para acompanhamento, migas de espargos, salada mista, salada tomate com órgão, etc, etc. Não mostraram interesse em provar os nossos sabores. Foram lhe deixadas as entradas, não comeram e não..."
33,"Espaço agradável. as mesas próximo da porta de acesso, na época fria tornan-se desconfortáveis. Atendimento simpático do dono do espaço. Menu tipicamente alentejano. Serviço em qualidade e tempo dentro dos padróes para o volume de clientes. Os netos ficaram maravilhados com umas feveras grelhadas e..."
34,"Muito obrigado pelo reconhecimento."
35,"Comida saborosa e espaço acolhedor. Recomendo os todos os visitantes e moradores de Beja!
Dono muito simpático."
36,"Se procura pratos tradicionais com doses generosas e um bom vinho alentejano deve entrar e pedir. Decoração tradicional com apontamento do Alentejo"
37,"A gerência da Taberna A Pipa agradece. Muito Obrigado! 😊"
38,"Comida boa, serviço atencioso. Espaço agradável para jantar com amigos ou família. Boa relação qualidade/preço/atendimento."
39,"A Taberna A Pipa agradece."
40,"É de facto uma pérola perdida, mas com reconhecimento local e não só. Bastante económico, doses generosas, sabores caseiros! A sala é belíssima...a repetir"
41,"Muito obrigado pelo reconhecimento! 😊"
42,"A comida tem qualidade, atendimento é excelente e o preço é acessível. Para repetir. Restaurante típico Alentejano. Top."
43,"Muito obrigada pelo reconhecimento."
44,"Excelente local para uma refeição típica alentejana, com pratos muito bem confecionados e preços muito acessíveis."
45,"A taberna A Pipa agradece o reconhecimento."
46,"Eu gosto muito da comida aqui, quando vou tenho a certeza que vou comer bem. Quanto ao serviço o senhor como está sozinho a servir tem pouco tempo para se dedicar a cada mesa, o que é uma pena."
47,"Obrigada pela compreensão e pelo reconhecimento. Até uma próxima visita."
48,"Sabores inconfundíveis, comida em quantidade e qualidade. Não esquecer as migas de espargos! Sobremesas típicas ótimas e atendimento puramente alentejano! Singelo e amistoso."
49,"A Taberna A Pipa agradece o reconhecimento."
50,"Atendimento excecional e comida tradicional portuguesa fantástica. A Chef Saudade Campeão respeita a tradição, levando à mesa pratos que definem a essência da nossa gastronomia. Muito bem servido em quantidade e qualidade"
51,"Felizmente fomos ao restaurante sem ver os estes últimos comentários. Quem nos aconselhou, indicou-nos as MIGAS DE ESPARGOS e tivemos sorte era mesmo o dia das migas.
Fomos os 1.ªs clientes da noite e íamos com pressa. No entanto, demorou mais do que planeado, mas..."
52,"Muito obrigada pela sua avaliação!
Há 21 anos que trabalhamos na base da confiança. Tentando fazer cada dia melhor... Parabéns!!! Você foi dos muitos clientes que conseguiu perceber! Obrigada!"
53,"Vale a pena a visita pela qualidade da cozinha e pela decoração. Apesar do atendimento um pouco resmungão..."
54,"Muito obrigada pela sua avaliação!
Em relação ao resmungão 😄 depois vai-se a ver e nada!"
55,"A comida é muito boa. No entanto, o serviço poderia/deveria melhorar pois não é nada profissional. As doses, na minha opinião, são pequenas para o preço que se paga."
56,"As taberna típica do Alentejo sempre tiveram um serviço mais simples ao estilo do Alentejo...Percebo que não agrade a determinadas pessoas. Em relação às doses é só a sua opinião e está no seu direito. Há 21 anos que ouvimos precisamente o contrário. Ficamos muito..."
57,"De destacar, só os pratos servidos. Empregado com pouca (??) formação para as funções que lhe estão atribuídas. Multibanco seria uma óptima mais valia. Dificilmente repetirei"
58,"O empregado, que na realidade é o proprietário, agradece a partilha."
59,"A comida é razoavelmente boa, mas o atendimento quer da cozinheira quer do empregado de mesa deixa muito a desejar... eu marquei mesa para a minha familia que veio de fora no proprio dia, que se acabaram por atrasar, eu liguei a avisar, porque infelizmente..."
60,"Desde o primeiro contacto que a Mariana se mostrou problemática. No dia do jantar ligou 30 minutos depois da hora marcada a avisar que estavam muito atrasados e o número de pessoas tinha reduzido. Falava da uma forma arrugante e com uma certa superioridade desvalorizando..."
61,"simplesmente horrível, atendimento péssimo, senti-me até com vergonha da minha amiga pois foi a convida-la"
62,"Me disseram que era um dos melhores restaurantes de Beja e realmente me agradou bastante. Um lugar acolhedor, familiar, com vários objetos tipicos da região, logo se mostrando que não precisa de tanto requinte para se sentir em casa. Fui principalmente para provar as migas..."
63,"A Taberna A Pip agradece a visita e o reconhecimento."
64,"Serviço com pouca qualidade, muito tempo de espera e ainda por cima pouco ou nada simpáticos. Parecem que nos estavam a fazer um favor. É de lamentar."
65,"Por vezes, em momentos de maior movimento, nem sempre é possível prestar o serviço tão rapidamente. Agradecemos  a compreensão."
66,"Se esta é a hospitalidade Alentejana, vou ali e venho já...
chegados às 14h com 2 crianças para almoçar
Hora de fecho anunciada 14h30.
Várias mesas disponíveis
10 minutos à espera e 5 perguntas depois para dizerem que já não nos servem...
surreal"
67,"Por vezes, em momentos de maior movimento, nem sempre é possível atender todos os clientes.  Agradecemos a compreensão."
68,"Espaço acolhedor, inteiramente típico.
Refeição excepcional e a bom preço. Apenas achei as doses pequenas."
69,"A Taberna A Pipa agradece a partilha e o reconhecimento."
70,"Excelente restaurante típico da zona.
Sugiro as migas com espargos e carne frita. O borrego também é muito bom.
Para sobremesa, não deixe de experimentar a encharcada e o cheesecake."
71,"Muito obrigada pela visita e pelo reconhecimento."
72,"Um restaurante muito interessante, mas a comida é divinal. O porco preto e as migas são fantásticos. O espaço é bastante interessante e fomos nós sentimos em casa.
Muito obrigado pela experiência"
73,"Segunda vez que aqui comemos, a primeira ao almoço e desta vez ao jantar. Gostamos na primeira e confirmou se na segunda. Carne de qualidade a preços convidativos, ambiente acolhedor, e o atendimento fez nos sentir como se tivéssemos em casa de amigos. Seguramente para..."
74,"A propósito de um almoço de grupo de amigos... comida saborosa, em quantidades  generosas. O dono sempre atencioso a ver se precisávamos de alguma coisa. É um espaço tipicamente alentejano. Preço em conta."
75,"Esperei à porta cerca 5 minutos e como o senhor que andava a servir não se dirigiu a mim eu fui ter com ele. Informei o número de pessoas para almoço (4 adultos e 2 crianças) e simplesmente ignorou-me. Vi que havia mesa livre com..."
76,"Por vezes, em momentos de maior movimento, torna-se complicado atender todos os clientes. Na Taberna A Pipa temos o prazer de atender qualquer cliente, independentemente da sua nacionalidade. Agradecemos a sua compreensão."
77,"Achei a Taberna da Pipa muito gostosa. Os donos são muito simpáticos e e um restaurante bem caseiro e familiar. Porem delicioso e com otimo preco"
78,"Vivo em Beja e este é um dos restaurantes que frequento e recomendo. Excelente comida, de qualidade, bem confeccionada, num ambiente de taberna alentejana. Recomendo e amigos meus de Lisboa, quando passam por Beja, vão lá comer"
79,"Muito obrigada pelo seu reconhecimento."
80,"excelentes em todos os aspectos e convido a todos para experimentarem os maravilhosos gostos da comida...obrigado"
81,"Boas migas, bom gaspacho... uma boa escolha para vir saciar a fome com uma boa comida Alentejana.
Venham com a família, amigos ou clientes que o espaço é muito agradável e acolhedor"
82,"Comida bem confecionada e da região do Alentejo.
Atendimento simpático e familiar.
Único senão é não ter pagamento com cartões de crédito ou Multi Banco."
83,"Pouca variedade mas bem confeccionado pena as migas terem um forte sabor a alho, simpatia do dono as sobremesas eram de qualidade e os preços acessíveis para o tipo de restaurante talvez um empregado para ajudar o dono não fosse má ideia porque era muita..."
84,"Muito obrigada pela atenção e pelo reconhecimento."
85,"Comida banal. Restaurante alentejano sem migas, sem sopa, sem grande qualidade. Só o espaço é agradável.
O Dono não é um bom anfitrião."
86,"A taberna A Pipa é uma taberna típica alentejana, com um ambiente tradicional e familiar, onde pode degustar alguns pratos típicos da região, como as famosas migas de espargos com porco preto."
87,"A taberna a Pipa é um espaço à imagem de muitos outros na região do baixo alentejo. Remonta, através da sua decoração e pratos tipicos ao alentejo tradicional.

A decoração está bem conseguida mas o espaço é algo desconfortável,a simpatia não é o prato forte..."
88,"A taberna A Pipa é uma taberna tipica alentejana, com um ambiente simples, tradicional e familiar. É como se recuássemos no tempo e voltássemos ao Alentejo do antigamente. Os nossos clientes procuram uma comida típica alentejana, cozinhada com amor e dedicação pela nossa chef, com..."
89,"Fui lá no dia dos namorados... mas já la queria ir à muito pois já me tinham falado muito bem. A comida estava óptima e a simpatia dos donos faz a diferença... Espero que assim continuem"
90,"Muito obrigada pela sua visita e pelo reconhecimento."
91,"Em Dezembro perto do Natal decidimos mais uma vez fazer o nosso almoço de Natal no Restaurante A Pipa e mais uma vez adoramos. Foi servido polvo a lagareiro (divinal) e mista de carnes grelhadas tambem super saborosa!
Recomendo"
92,"Comida tipicamente alentejana, d.e excelente confeção. Serviço adequado a tipo de restaurante, simples e rustico"
93,"O empregado devia realmente considerar mudar de profissão. Atendimento a turistas não é com ele. Trata mal todos os estrangeiros chamando-lhes nomes em português como se eles fossem burros e não entendessem nada e sempre com má cara. Obviamente depois de ouvi-lo a insultar tantos..."
94,"Antipatia extrema, recusando-se a servir o almoço. Depois de 5 min. à espera para nos indicarem a mesa, e com mesas vagas questionámos se nos poderíamos sentar, tendo o empregado respondido que estava atrapalhado e que não nos podia atender. Sem multibanco, mas isso são..."
95,"Mais um jantar de amigos em Beja! Grelhados muito bem confecionados e um serviço de atendimento adequado. Possivelmente o facto de ser jantar de grupo pode ter contribuido para encarecer a refeição."
96,"Ó restaurante já estava para fechar no horário de almoço quando chegamos. Porém de uma forma muito simpática o proprietário nos atendeu e pude comer um fantástico prato de migas de tomate que acompanhavam o tradicional porco alentejano.
 Dez!!"
97,"Estivemos um grupo de 10 pessoas e correu muito bem. O atendimento é muito simpático e a comida é bastante boa."
98,"Vale a pena a visita...recomendação de um local...serviço com qualidade mesmo os chamados pratos do dia...serviço muito aceitável e preço bastante acessível.
Qualidade dos produtos de "" porco preto"" muito bons.."
99,"Escolhi ""A Pipa"" para almoçar com uma familiar já idosa, por saber que a ela lhe agrada o tipo de cozinha deste restaurante e todo o ambiente (bem) criado no espaço. Chegados ao local, ninguém se dirigiu a nós, e volvidos aqueles 2min de constrangimento,..."
100,"Comida normal, nenhum prato alentejano na ementa. Atendimento péssimo. Não recomendo. Parecia que estávamos a fazer um favor."
101,"Visitamos duas vezes. Comida tradicional. Boa confecção. Simpatia das pessoas. Decoração regional. Vale a visita. Preço médio 15€."
102,"Um bom local para saborear a gastronomia regional, num espaço tradicional com um decoração típica que favorece o convívio à mesa."
103,"Nota em todo lado: Em beja para almocar e jantar devem ir cedo.
Depois de sala cheia nao servem.

Mais rapido: sempre o prato do dia. À lista vai esperar....

Boas migas com carne de porco preto vinho vidigueira saudade, branco."
104,"Decoração muito gira, tudo o que é servido é de qualidade. Peca pela falta de organização no serviço à mesa. Imperdoável não ter migas nem chouriço, afinal estamos em pleno Alentejo."
105,"Comida típica fantástica, bom preço e óptimo atendimento!! Vale muito a pena!!!
Recomenda-se porco preto, migas e as deliciosas sobremesas!"
106,"Face ao seu reconhecimento é muito procurado e enche rapidamente. Para garantir a qualidade por vezes são recusados clientes mesmo com algumas mesas livres mas o objectivo é servir bem a quem fica. Solução: ir cedo e usufruir da ótima comida a um preço bastante..."
107,"Pela segunda vez que tento visitar, encontrei sempre cheio. Mas a consideração que têm pelo cliente é mínima, ao perguntar se tinham mesa vaga, a única resposta que optive foi um NÃO, nem um de 'momento não' , ou um 'não mas talvez daqui xxx'..."
108,"No centro, algo complicado de encontrar para quem como nós não é da zona! Mas vale a pena a procura!!
Espaço pequeno mas confortável e muito típico!
Serviço atencioso!
Comemos bem e o custo é bastante aceitável! Não me deslumbrou mas gostei!"
109,"A decoração é de uma típica adega alentejana.
A comida era razoável.
O serviço um pouco demorado. Apenas uma pessoa a servir o restaurante inteiro.
O ambiente é um pouco abafado e ao entrar, sente-se um cheiro um pouco estranho. Deveria ser mais arejado."
110,"Uma taberna agradável à moda do Alentejo. Comida razoável e pessoas simpáticas. Localizado na zona histórica de Beja."
111,"Atendimento amigável.
Espaço apertado quando fica cheio.
O arroz apetitoso, as batatas fritas ficaram um pouco aquém da qualidade do resto da comida.
Boa carne!"
112,"Nesta taberna típica come-se muito bem e com variedade, tem pratos típicos e bem confeccionados. O ambiente é muito acolhedor e muito giro. Gostei muito do atendimento, pois foram todos muito simpáticos."
113,"Gostei de tudo... Comida caseira, ambiente acolhedor, simpatia no atendimento e... Preço /qualidade, fantástico!!
Atenção, não tem multibanco, leve em cash. ..vale a pena, adorei!!
."
114,"O restaurante é bastante típico e não é para quem quer comodidade nem luxo. A meu ver esteve tudo impecável, desde a comida até ao atendimento e ao tempo de espera.
Recomendo vivamente e quando voltar a Beja será um restaurante a voltar."
115,"É uma taberna/restaurante tradicional, muito limpa, com uma cozinha exemplar no que toca à cozinha tradicional do Baixo-Alentejo.
Tem as melhores batatas fritas de Portugal.
Vale a pena voltar.
Os donos são pessoas muito simpáticas."
116,"Restaurante típico alentejano, desde o ambiente ao cardápio apresentado. Comida muito saborosa e bem confeccionada. De destacar a simpatia do empregado. Um sítio que recomendo e que voltarei numa próxima ida a Beja."
117,"Excelente a comida e um espaço muito típico e regional. No início o atendimento não foi muito bem feito, mas acabou por se revelar simpático e agradável."
118,"Boa comida,  com pratos regionais bem confecionados, atendimento simpático e com sobremesas divinais para finalizar. O Ambiente é típico."
119,"Restraurante com muitas deficiencias, ao nivel da acomodação, do ambiente, do serviço e do pessoal (nomeadamente a falta de empregados).
A comida não é má, e até è bastante barato, no entanto, trata-se de um restaurante sem qualquer conforto e sem limpeza.
Não recomendo."
120,"Os pratos não são muito grandes. Para quem coma muito não fica saciado. O preço é acessível. A visitar na falta de outras opções."
121,"Boa comida com  pratos regionais bem confecionados, aliados a simpatia, com sobremesas divinais para finalizar.
Ambiente acolhedor e típico"
122,"Ambiente de taberna de amigos.
Mas os pratos não têm quase carne ... mas muitas migas.
Preços inflacionados para a quantidade.
Pessoal simpático."
123,"Este é um dos restaurantes que gosto de ir de cada vez que regresso a Beja.
A decoração, o staff e a comida são muito bons!!!
Qualquer prato que peçam é excelente e vem muito bem servido!!!
Sempre a repetir!!"
124,"Um Restaurante na média, vou lá quando o vizinho está fechado ou não tenho mesa! Mas tem boas doses, e o preço é bom!"
125,"Almoço delicioso. Tipicamente alentejano. O pao tipico do alentejo com as azeitonas britadas e um queijo da zona preparam-nos o apetite para os pratos principais. Pedimos As migas de espargos com porco preto que são de comer e chorar por mais, e a acorda de..."
126,"Comida bastante boa ! Ligar simpático . Decoração tipicamente alentejana. Atendimento bom . Lugar limpo ."
127,"Bom atendimento e uma sala cheia . Carnes muito saborosas e em boa quantidade. Atendimento rápido e eficiente."
128,"Atendimento muito genuíno, espaço e decoração típico da região onde se insere. Bom restaurante para comer carne, doses adequadas.
Falta por não ter multibanco."
129,"Um almoço muito agradável, bem servido e com boa comida. Doses não são muito grandes, mas são muito saborosas, a carne estava muito bem feita.

Migas de Tomate excelentes!

A regressar."
130,"No que diz respeito à genuína tradição dos comeres alentejanos, este restaurante é um dos melhores de Portugal"
131,"Desde sempre frequento este simpático e acolhedor restaurante, a qualidade sempre se manteve e mantêm, a simpatia igualmente e os cozinhados são de chorar por mais!!!
As sobremesas divinas;)"
132,"Simplesmente adoro, desde a decoração à comida caseira e bem servida! O preço é fantástico e um bom local para se ter uma refeição maravilhosa e descontrair. Recomendo!"
133,"Sou fã da Pipa, a comida é muito boa e suculenta, fita na hora e muito bem servida. os donos do restaurante são muito simpáticos, o espaço é acolhedor."
134,"difícil de lá chegar devido a não haver estacionamento perto. não há informação a nível de tabuletas para nos orientarmos a lá chegar. o espaço não é grande ficando rapidamente esgotado. Em compensação as pessoas muito simpáticas, a comida é muito boa, pratos tradicionais. foi..."
135,"Espaço agradável e simples, preço qualidade bom, atendimento simpático, a comida bem confeccionada, recomendo"
136,"Já anteriormente tinha tentado almoçar neste restaurante mas desisti por a espera ser incompatível com as crianças pequenas. Valeu a pena insistir, uma maravilha.Presa de porco com migas de espargos: delicioso. Lombinhos de porco grelhados com batata frita: muito bom. Salada excelente. Sopa caseira. A..."
137,"Muito bom. Ambiente agradável e comida muito boa. Aconselho. Convém marcar antes de ir. Preços simpáticod"
138,"Gostei muito da refeição, refeições com muito paladar, assim como também adorei o espaço.
Aconselha-se"
139,"Possivelmente o melhor restaurante em Beja, lugar muito acolhedor, comida excelente muito bem confeccionada. Preço muito justo. Recomendo o Gaspacho, a açorda de Bacalhau ou qualquer prato que envolva porco preto. No final, um toucinho do céu, ou até mesmo uma simples laranja com mel..."
140,"Prato do dia bochechas no forno surpreendente no sabor. Qualidade preço muito aceitavel. Staff simpático...
A repetir..."
141,"Um jantar super agradável entre amigos, o staff super simpático, uma refeição razoável a muito bom preço. Convém reservar antes. Recomendo a grelhada mista."
142,"Local simples mas com atendimento muito bom e também com comida feita com carinho o que resultou em bons pratos. Tudo muito adequado."
143,"Atendimento simpático. Comida saborosa. O espaço não sendo extremamente elaborado na decoração é bastante aceitável. Vinho da casa muito aceitável. Nota negativa não ter multibanco."
144,"Atendimento péssimo, pouco cuidado na forma de atender os clientes, gerente muito arrogante, pouca opção de escolha,  muito tempo à espera. Não recomendo."
145,"Restaurante com atendimento péssimo, para quem espera por mesa. A comida era bem confeccionada embora sem grande escolha por já estarem esgotados os pratos do dia (e não só) cerca da 13:30."
146,"Restaurante típico alentejano com uma decoração bastante engraçada. Serviço muito bom. Preço bastante acessível. A comida é bastante saborosa."
147,"Ambiente tipicamente alentejano. Fomos bem recebidos, a comida estava excelente e o sitio é bastante acolhedor. Muito bom."
148,"estavamos de férias e foi o primeiro que nos apareceu, a comida é boa e saborosa. Não veio ninguém ter connosco e demorou um pouco até vir alguém recolher o pedido. Só estava uma pessoa a fazer o serviço de toda a sala o que..."
149,"Óptimo local para degustar a verdadeira comida alenteja, principalmente os grelhados!! Doses muito bem servidas e preço muito em conta!! Local bastante acolhedor e muito bem decorado.. O patrão mesmo muito cansado, esteve sempre simpático e disponível para nos servir da melhor maneira."
150,"Ambiente acolhedor e tipicamente alentejano. Comida fantástica. Não usam MB, pagamento em numerário."
151,"Pode contar com o verdadeiro tipico alentejano.Na cozinha mãos de ouro.Restaurante simples e acessível no que toca a preço.Carne de qualidade é ótima confecção.Nao vao ficar desiludidos.Recomendo"
152,"Muito bom com preços razoáveis, com gente muito simpatica a servir.
COMIDA VERDADEIRAMENTE alentejana, com muito gosto e original. Aconselho a irem e desfrutarem do ambiente bastante bem decorado."
153,"Casa tipicamente decorada ao nosso Alentejo
Comida muito bem confeccionada , e fesca
serviço espetacular.
Preço justo
Recomendo
E voltarei
Até breve"
154,"Excelente! Sempre que vou para Beja vou em trabalho e janto sempre aqui. Atendimento top e comida do melhor! Desde as entradas às sobremesas! Nunca sobra nada!!
Recomendo presinhas com migas de tomate, por exemplo, porque lá é tudo muito bom mesmo! Para sobremesa o..."
155,"Uma decoração típica, muitos lugares e não muito espaço disponível.
Comida caseira alentejana ao seu melhor nível!
Tal como a comida é caseira o serviço também é, tão próximo que se o patrão estiver bem disposto corre bem, senão é assim-assim.
No entanto não há..."
156,"Desconheço a qualidade. O espaço é agradável típico muito engraçado.  Contudo quando entrei ninguém me orientou para me sentar isto porque não entendi a disposição das mesas... pouco depois após estar alguns segundos em pé à porta sentamos.nos. os pratos iam passando por nós e..."
157,"Com o anfitrião. Se estiver num dia bom, corre tudo bem, de outro modo torna-se uma experiência muito pouco agradável. A comida é boa e bem confeccionada, quando ainda há escolha pelos pratos do dia, quando acabam a oferta resume-se aos grelhados de carne. Só..."
158,"O atendimento é bom mas por vezes demorado,caso esteja cheio. A comida é boa mas têm mais variedade ao almoço que ao jantar, onde a carta se resume a carne de porco, principalmente."
159,"Almoço em familia muito bom, os pratos escolhidos foram escalopes de porco com migas de poejos e bitoque de porco, ambos muito bem servidos."
160,"Recomendo os grelhados de porco preto! Divinais, nunca comi carne mais suculenta e saborosa. O sr. Jorge e a Sra. Saudade são excelentes anfitriões!
Muito Obrigado"
161,"Comi, há muitos anos, os melhores secretos de porco nesta tasca. Tentei voltar recentemente, às 13:30h foi-nos dito pela Dona com ar muito arrogante que não serviam mais refeições (tinham imensa carne no balcão ainda para preparar e muitas mesas vazias). Pedimos então por favor..."
162,"Fomos das primeiras pessoas a chegar para almoçar e demorou imenso tempo para sermos servidos... O senhor (único a atender) não tinha muita vontade de atender os clientes e inclusivé rejeitou servir refieções a inumeros clientes que iam aparecendo para almoçar, mesmo com mesas vazias...."
163,"Boa ementa, grande variedade de pratos, boas propostas. comida saborosa, um vinho tinto muito bom, aconselho vivamente este restaurante, quando voltar a Beja de certeza que irei lá novamente sem hesitar"
164,"Com uma localização excelente, e um nome muito sugestivo, e uma decoração agradável, bem merecia ter um cardápio dentro do mesmo nivel, o que não acontece, nem em qualidade, nem em quantidade, e sobretudo, a pouca diversidade de pratos tipicamente alentejanos. A juntar a isto,..."
165,"Restaurante típico alentejano com comida a condizer.. Almocei migas com espargos e plumas d porco preto.. Apenas o serviço é ligeiramente demorado.."
166,"Excelente localização, bem no centro histórico de Beja.A decoração transporta-nos a memórias que mantemos nas nossas mais queridas recordações.A comida bastante variada e saborosa e excelentemente confeccionada e servida por gente simpática..."
167,"Não foi a primeira vez, onde vou com alguma regularidade é a um outro restaurante muito perto... mas estava fechado.
É um sitio típico onde o tempo parou e que poderia ser melhor potenciado. Comemos costeleta de borrego... não falha...estavam Boas.  Não havia sopa...estranho um..."
168,"Menu só com bitoques e grelhados. Para um restaurante típico deixa muito a desejar.
Atendimento fraco e sem vontade.
A não repetir!!"
169,"Vale pena simpatia não pela cozinha .. Menu muito reduzido e ao sábado em que devia ser uma noite forte as escolhas são ainda mais reduzidas!!
O dono é super afável e que torna a noite agradável. Espaço bonito e gente simpática fazem valer a..."
170,"Este restaurante desiludiu-me bastante pois apesar de ter feito reserva de mesa no dia anterior, quando lá cheguei no dia marcado pelas 20 horas já não havia nenhum prato do dia disponível. Os únicos pratos que haviam disponíveis eram pratos de grelhados/bitoques que não são..."
171,"Restaurante com boa comida. Com qualidade. Todo o pessoal é muito simpático, com um ótimo atendimento. Tem uma variedade de pratos muito bons, mas sugiro, que no verão não deixem de comer um caspacho com carapaus fritos. É o restaurante onde se come o melhor..."
172,"Comida tipicamente alentejana e ambiente familiar. Ao fundo ouve-se o nosso Antonio Zambujo. Que mais desejar? Só mesmo as migas para tudo ficar perfeito. As migas de espargos são de ir ao ceu!! Recomendo."
173,"Simpatia e boa comida alentejana! Os secretos com migas são qualquer coisa de espectacular! totalmente recomendável!"
174,"Restaurante acolhedor tipicamente alentejano com tudo o que de melhor o Alentejo pode oferecer. Recomendo a presa ibérica de porco preto pois é divinal. Preços modestos e acessíveis."
175,"Restaurante agradável com ambiente familiar, simples com refeições bem elaboradas.
O estacionamento não é fácil, mas um pouco afastado já se pode estacionar, a pagar, mas  sem problema.
Os preços bastante acessíveis e friso que o vinho da casa é muito bom o que acompanha..."
176,"Local aprazível de ambiente tipicamente alentejano e comidas a condizer com a região onde se integra. Destaco as sopas de Cação ;)"
177,"Uma refeição tipicamente alentejana a um preço economico, qualidade e quantidade excelente e em ambiente tipicamente alentejano."
178,"As carnes grelhadas são muito boas, bem como as entradas e a sobremesa. Uma sangria excelente. Num ambiente tradicional rústico, excelente para jantares de grupo."
179,"Já tive a oportunidade de ir ao Pipa algumas vezes, e nunca me desiludiu. O pão e as azeitonas são uma perdição! Desta vez pedi grelhados, que vinha acompanhado por umas batatas fritas caseiras ótimas, e uma salada muito fresca e bem temperada. Já comi..."
180,"Resume-se a uma frase: a comida é boa mas o serviço não.
O senhor que atende às mesas, julgo que seja apenas ele, não tem a simpatia própria das gentes alentejanas. Para ele servir à mesa é transportar a comida e a bebida para os..."
181,"Na praça da república em Beja encontra uma transversal com o nome de Rua da Moeda, onde encontra a Taberna A Pipa. Ambiente familiar, simpático, bem cuidado, com decoração tipicamente alentejana. O atendimento é personalizadissimo. A ementa é vasta é bem recheada de grelhados e..."
182,"Queríamos ir à Adega 25 de Abril que estava fechada, ainda não eram 13h e havia diversas mesas disponíveis, apenas um homem a atender que, ao perguntar se nos podíamos sentar, mal responder com um encolher de ombros.
Ao fim de 15m à espera dignou-se..."
183,"Não recomendo, Staff não sabe receber e não faz questão de mostrar o que o Alentejo tem de bom. Sou Lisboeta e fui muito mal recebido, tal como um casal Espanhol que chegou ao mesmo tempo. Comida banal."
184,"Originalmente seria para comer na Adega Típica 25 de abril, mas visto que esta se encontrava fechada e este era o único nas redondezas optámos por vir comer aqui!
As bochechas de porco às 13 horas já estariam esgotadas, tendo a empregada nos mandado escolher..."
185,"Apesar de termos vindo ao engano, porque o objectivo era a Adega 25 Abril (estão de férias!) não estavam nada más as migas de tomate com lagartos. Vinho da casa a não comprometer.
Já comi bem pior!! 😉"
186,"E mesmo uma tasca, no mau sentido da palavra... nao no sentido rustico do termo.  A dona e bruta no trato, a comida e banal comida de restaurante berma de estrada, nao ha pratos alentejanos, vinho mau... problemas de higiene.... NAO IR"
187,"Lugar rústico e agradável, staff muito simpático mas acima de tudo comida muito bem confecionada. Recomendo vivamente a carne de alguidar com migas e para sobremesa pudim de ovos com vinho de porto e/ou pudim de amêndoa. Divinal!"
188,"Fui a este restaurante, recomendado pela recepção do hotel onde estava, mas fiquei muito desiludido, pelas 19:45h, hora a que cheguei para jantar, não existia prato do dia e     nem qualquer prato típico da região como umas simples migas, tive de me contentar com um..."
189,"Depois de duas tentativas anteriores para tentar jantar (sem marcação), acabámos por terminar a demanda nesta casa de pasto.
Confesso que a primeira impressão não foi das melhores, porque de alguma forma não contávamos que fosse o restaurante certo surgir na terceira tentativa. O que..."
190,"Foi a segunda vez que comi neste restaurante, se da primeira foi de se lhe tirar o chapéu da segunda passei a cliente do nunca mais. Não sei se era por ir de chinelos mas achei uma exurbitância a conta."
191,"Vale a pena pela comida. Boa relação preço qualidade. Vale a pena mas vá com tempo. Recomendo reservar a casa enche muito rápido e en beja não há muitas opções. Só tem 1 cadeira criança peça tambem para reservar. O serviço demora e as crianças..."
192,"Espaço agradavel e comida de boa qualidade. O vinho da casa é muito bom e as presas de porco preto estavam boas. O servico foi bastante rapido e atencioso."
193,"Situado perto da Adega 25 de Abril que está encerrada à segunda feira, havia mesas mas quem nos atendeu disse logo que ia demorar. Sentamo-nos e durante 10 minutos ninguém se dirigiu à mesa. A mesma coisa se passou com mais talvez 10 pessoas que..."
194,"Boa cozinha regional. confecção de boa qualidade e a preços acessiveis. Restaurante bom para familias, viajantes e grupos."
195,"Muito Rústica, comida saborosa, ambiente familiar no centro da cidade preços dentro do normal :-D..."
196,"Excelente espaço, que me faz lembrar, aquelas tascas antigas, como já é muito raro ver. Excelente para jantares de grupo, e beber vinho de garrafão em copos sem pé, à moda da taberna."
197,"Sempre que vou ao Alentejo (ou mesmo a outra região qualquer) gosto de comer o que é ... típico. Felizmente este foi o caso porque parece que os restaurantes se esqueceram das tradições onde estão inseridos. Este restaurante é extraordinário pelo atendimento, qualidade da comida..."
198,"Uma tipica taberna, todo o ambiente é rústico e simples, com pouco espaço entre as poucas mesas existentes, mas a comida é excelente, o tempero é do melhor, lembra o tempero da nossa avó. Muito bom mesmo. Recomendo."
199,"Um empregado muito pouco simpático, embora prestável, uma cozinheira (?dona?) prestável e a tentar agradar. Um tipo de casa que trata muito bem os seus clientes habituais e que tudo o resto é para despachar.
Para casa típica não poderia ter dois grandes televisores ligados..."
200,"É inacreditável assistir, num espaço que goza de tão boa reputação, à falta de educação do seu empregado (ou proprietário, não deu para entender qual o seu papel naquele triste espectáculo) para com vários clientes que, ao entrarem no restaurante, o abordavam delicadamente na perspectiva..."
201,"Viemos 6 para almoçar. O serviço é inacreditavelmente mau. Já antes de sentarmos ouvimos o empregado discutir com clientes. Toda a gente do restaurante estava incrédula com a forma como o empregado tratava os clientes. De resto, lento para além da imaginação."
202,"Restaurante simples, num espaço rústico decorado do mesmo modo o que o torna bastante típico e simpático. Pratos típicos e regionais, muito bem confecionados com destaque para os grelhados de porco preto e a picanha. É normal haver migas, sopa de cação, borrego, lebre. As..."
203,"Espaço simples e rustico. Comida bem confeccionada e de qualidade. Boa sopa de cação!
Excelente relação qualidade preço."
204,"Éramos 3 para jantar.
Pedimos chouriça assada de entrada que estava boa, queijo fresco muito bom e pão. Costeletas de borrego e presas de porco preto grelhados. Também estavam bons, mas já não tinham migas. A falta deste clássico alentejano, foi uma desilusão.
Uma garrafa..."
205,"Todas as recomendações dadas pelo senhor que atendeu foram bem recebidas e revelaram-se boas dicas para o nosso jantar de grupo. A açorda de bacalhau estava muito boa (confecionada de acordo com a receita alentejana que conheço) e a presa era óptima. Os preços foram..."
206,"Recomendado por uma amiga lá fui almoçar. Gostei da decoração do espaço, embora fosse fria de inverno. O serviço muito lento, a simpatia era nula, vinha relativamente bem servido e o preço podia ter sido mais em conta.

Se recomendo? Não."
207,"A autenticidade do espaço aliada à excelente comida portuguesa de qualidade, são características que tornam este estabelecimento ímpar em pleno Alentejo. Acresce o atendimento familiar e a oportunidade de crítica. Do melhor e autentico que é a nossa gastronomia regional! ****"
208,"O serviço muito lento, simpatia do empregado deixa muito a desejar, a comida nada demais para o típico alentejano e muito caro para o que se come. Experiência a não voltar a repetir sem dúvida."
209,"A falta de cuidado pela decoração e pela sala no seu todo, confunde-se pelo aspecto que poderia de ser chamado de decoração ""castiça"". O atendimento é muito lento, a simpatia não é muita, e a comida naquele dia em que eu e minha mulher fomos..."
210,"Não é a primeira vez que venho a este restaurante, pois é sem dúvida um marco na restauração em Beja.
Representa totalmente o melhor e mais tradicional da região.
A simpatia do pessoal é fantástica."
211,"Decoração e menus tradicionais alentejanos.empregado simpático, eficaz.boas televisões em ambos os lados.sossegado e acolhedor."
212,"Fui experimentar este restaurante, porque o restaurante da frente, a que eu queria ir, estava cheio e com fila de espera. Demorou bastante a servir e a comida nada de mais! O espaço está decorado tipicamente, mas não é acolhedor. Achei caro, pela comida que..."
213,"Restaurante simples,mas com excelente comida regional e serviço eficiente .Poucas sobremesas,mas boas.Preço amigável.Nunca é de mais referir:A comida é excelente!Ao nível do melhor que já provamos nesse Alentejo da m'nhalma."
214,"Um restaurante a fazer lembrar as típicas tabernas (é verdade que podia estar um pouco mais cuidado a nível decorativo, mas não sei se é por desleixo ou propositado). Todo o ambiente faz-nos catapultar para um interior típico alentejano. Só tenho bem a dizer da..."
215,"O dono do restaurante nos atendeu muito em sugerindo pratos  e foi super simpático batendo um longo papo conosco. adoramos"
216,"Estive neste restaurante típico e adorei. Comi bochechas de porco no forno com alecrim e adorei. Fazem migas, sopa de cação, borrego, sopas de tomate, etc ,tudo regional.
As sobremesas são uma verdadeira tentação: mousse de chocolate caseira que foi o que comi e estava..."
217,"Restaurante típico, tipo adega.
Pessoal simpático e comida muito saborosa.
Decoração rústica.
Um bom local para quem visitar a bela cidade de Beja"
218,"Cheguei um pouco tarde... cerca das 22.00. Há muito tempo que não ia à minha cidade. Levei a minha namorada.
Queríamos alguma coisa para comer.
Entrámos. uma senhora extremamente simpática olhou para (suponho eu) o dono. suplicante.
Este falava com uns clientes. Debruçado sobre a..."
219,"Ambiente muito rústico, fazendo lembrar um velho celeiro agrícola. Comida saborosa e bem confeccionada, desde a sopa de cação ao pudim de amêndoa de sobremesa. O Serviço foi rápido e atencioso. O dono, é uma figura pitoresca que transforma o local em bastante acolhedor. Pratos..."
220,"Já repito este restaurante pela 3a vez e fui sempre bem recebida. Óptima comida, ambiente acolhedor, muito bom."
221,"Espaço simpático, típico e agradável. Comida simples mas bem confeccionada. O atendimento (feito pelo dono!!!) podia ser melhor! Digamos que é feito à velocidade de Bêjã! ☺RECOMENDO"
222,"Por vezes, a avaliação negativa dos restaurantes, não é feita tendo em conta a comida ou o local, mas sim pela forma como somos atendidos. Neste campo, o dono do restaurante deixa muito a desejar. Faz um atendimento muito antipático, demorado, e perde muito tempo..."
223,"Para quem gosta de porco preto recomenda-se!! A carne estava divinal e as migas uma delícia!! Preços bastante em conta. O serviço é susceptível a algum esquecimento, mas de um modo geral foram simpáticos e prestáveis."
224,"Restaurante tipicamente Alentejano no centro de Beja, a comida é divinal, principalmente as presas de porco preto, as pessoas são simpaticas, os preços acessiveis."
225,"Restaurante de qualidade razoável acima da media de pratos de carne variados com base nos grelhados. Boa relação preço qualidade"
226,"Boa comida,rápido e serviço simpático. As sobremesas são boas! Situado no centro da cidade! A ter em conta quando visitar Beja! Preço adequado. !"
227,"Ambiente e decoração tipicamente alentejana. Recomendo vivamente a presa iberica de porco preto, o queijo fresco de cabra é optimo assim como a sangria que é feita de forma artesanal.
O único senão é o tempo de espera."
228,"Sala típica e recomendo a presa ibérica, a melhor carne de porco preto que já comi. Atendimento simpático ao bom estilo alentejano."
229,"O atendimento e excelente e as refeições são mesmo espetaculares São refeições confecionadas na hora de servir,com carnes da melhor qualidade."
230,"Antiga adega com bom ambiente simples. Comida tradicional, excelentes febras de porco preto e outras iguarias da cozinha alentejana. Excelente na relação qualidade/preço (38 Eur para 4 pessoas, com entradas, prato, bebidas e sobremesas)."
231,"O restaurante é típico alentejano.
Eu e a minha esposa comemos 1 dose de presa ibérica de porco preto, um jarro 1/2 litro, azeitonas e sobremesas, por 19€.
Não é o melhor restaurante típico que já experimentei, mas pelo preço é bastante razoável."
232,"Acolhimento e atendimento muito bom. Ambiente agradável. Pratos simples mas bem confeccionados. Preços acessíveis."
233,"Restaurante simples,com atendimento muito simpático. A decoração é  do Alentejo. A comida tem qualidade. A açorda é realmente muito boa,Aconselho o vinho da casa e o queijo fresco de entrada é muito bom. O preço da refeição é baixo em função da qualidade servida."
234,"restaurante com algumas condições e capacidades, mas sem as aproveitar. Menu com pouca variedade, embora com preços acessíveis. A comida tinha qualidade, mas sendo o normal, não se pode estar a espera de surpresas. Podemos esperar o básico, sendo tudo grelhados."
235,"A simpatia dos alentejanos e a gastronomia portuguesa no seu melhor! Adorei o queijo fresco de cabra, a açorda e a presa de porco preto, tão bem servidos que nem sobrou espaço para a sobremesa."
236,"Excelente restaurante de comida típica alentejana, gostei muito e quando voltar a beja espero voltar a este restaurante.
Boa comida, staff simpático.
Recomendo sem dúvida este espaço"
237,"Tive lá duas vezes, e em ambas jantei muito bem! Costoletas de borrego optimas! Pudim de mel maravilhoso!! Bom ambiente, bom serviço. Aconselho"
238,"Espaço típico alentejano a comida estava boa tipica alentejana doses boas, boa relação preço qualidade recomendo para um almoço."
239,"Casa tipia alentejana! Boa qualidade preço! As costeletas de borrego são maravilhosas! Excelente local para comer em beja!"
240,"Restaurante rústico em ambiente familiar gostamos de todas as recomendações que o senhor nos fez e embora nos tenhamos esquecido de perguntar acreditamos verdadeiramente que as maravilhosas sobremesas que nos recomendou são mesmo caseiras. Adoramos o serviço, o ambiente, a comida e o preço. A..."
241,"Talvez por culpa da crise, as ""meias-doses"" já não são o que eram e estão mal servidas para o preço pedido. Cerca de 8€ por uma meia-dose com duas peças de carne que pesam pouco mais de 100 gramas!

Sempre aconselhei esta casa mas agora..."
242,"Muito bom ..comida caseira..sobremesa pudim de mel mto bom...recomendo!!
eramos 3 e comemos lagartos , bife vitela,  sopa , pão, salada...bebemos 2 cervejas e 1 água 1 pudim de mel 1cafe 1 chá tudo por 24 eur...calhou mm bem!!"
243,"Excelente ambiente, acolhedor e simpatia.
Só tenho pena de não terem mais pratos de peixe, pois a carne domina."
244,"O local é simpático, mesas corridas, decoração regional. Escolhi uns ""lagartos"" de porco preto, carne cortada em tiras e grelhada. Acompanhava de batatas fritas(caseiras, não congeladas) e arroz solto de cenoura. Tudo razoável, sendo a carne boa o difícil é estragar(embora haja quem consiga). Vi..."
245,"Restaurante bem situado, perto da praça central.
É realmente um restaurante típico em todos os aspetos.
A decoração é regional. Bom ambiente. Proprietário muito simpático.
Mas o melhor mesmo é a comida!
E as carnes alentejanas!

Muito bom mesmo.
Recomendado!"
246,"O melhor restaurante que visitei em Beja, localizado numa rua estreita da zona mais antiga da cidade ( só o conseguirá encontrar com um guia, mapa ou ajuda de locais ) tipica casa Alentejana com um ambiente que remonta aos tempos dos nossos antepassados, decoração..."
247,"Espaço simples, muito tradicional. A presa ibérica de porco preto foi a melhor carne de porco que já comi. A entrada de linguiça assada foi também seguramente das melhores que já provei. A relação qualidade preço é excelente. Jantar com entradas, prato e sobremesa por..."
248,"Recomendo vivamente este restaurante.
Além da comida tipicamente alentejana, o ambiente é muito bom. O restaurante localiza-se numa antiga adega (numa travessa junto à Praça da República), toda decorada com objectos do quotidiano alentejano e fomos muito bem atendidos.
Comemos migas com lombinhos, que estavam..."
249,"Fui jantar ao Restaurante Tipico de Beja Taberna “ Pipa”, tive foi azar que estava cheio e tive que estar há espera uma meia hora.
uma taberna típica, com mesas corridas e bom ambiente!
O restaurante  é fantástico desde a comida e desde já recomendo..."
250,"Belos secretos. O vinho da casa é óptimo. Excelente requeijão com o tipico doce de abóbora."
251,"O restaurante a pipa é fantástico desde a comida e desde já recomendo os secretos de porco preto que são uma especialidade, assim como a decoração toda ""made in alentejo""! um sitio para voltar sempre que lá vou"
252,"As presas ibéricas estavam bastante saborosas e o serviço foi muito afável"
253,"Eu recomendo para comer no a pipa. Eu recomendo comer o porco preto. não só é delicioso, mas também saudável. o serviço é incrível e muito acolhedor. familia damil"
254,"Um quarto restaurante com bar/chill armários em uma das extremidades e uma pequena cozinha para o lado. Há um longo prazo de lado-a-lado mesas para baixo a médio, com alguns pequenos grupos de toda a as arestas. Serviço amigável e muito que conseguimos, com uma..."
255,"mistura de inglês e seu cres- cimento meu (ainda mais) travar Português. Menu principalmente porco, como muitas vezes na região. Nós tivemos febras de porco preto (a nível local porco preto), a qual foi muito bom, e o especial do dia, a qual foi porco com um monte de ""migas"" = pão e salsicha, não para o nosso gosto em todos. Ambos foram servidos com arroz e batatas fritas como a única produtos hortícolas, que é tradicional português, mas quase não saudável.
Nós plumped para a garrafa de Vidigueira DOC red já em cima da mesa em vez de vinho da casa e aproveitamos o bastante."
