,Avaliações
0,"Boa comida e staff muito simpático. Os preços são bastante acessíveis e o serviço muito rápido. Sem dúvida a repetir"
1,"A carne estava muito bem grelhada, um atendimento muito bom! Recomendo também o vinho e as sobremesas. Sem dúvida a voltar e a recomendar!"
2,"Comida realmente saborosa. Porco preto divinal. Provamos as costelas, os lagartos e as plumas. Vinho branco da casa bom!
O serviço foi um pouco demorado, nomeadamente para fazer o pedido da comida para almoçar. No entanto, o restaurante estava cheio e só o toi fazia..."
3,"os pedidos da comida. Staff muito simpático. Almoçamos no exterior, estava muito calor apesar de ser um dia no incio de Setembro e estava bastante barulho devido a um grupo maior presente.
Boa experiência!"
4,"Mais"
5,"Atendimento espectacular quer da parte da parte dos funcionários, quer do Sr. Toi.
Excelente comida a preços acessíveis."
6,"Casa simples e atendimento familiar. Provamos o ensopado de borrego (é preciso encomendar) e gostamos muito."
7,"Mas que excelentes carnes, simplicidade e sabor supremo. Excelentes carnes de porco preto.
Recomendado sem dúvida alguma."
8,"Sempre genial. Sempre fantástico.
Aqui é o Alentejo. É preciso aguardar. Quem espera sempre alcança.
Paciência... e provarão a melhor carne de porco preto do mundo."
9,"Excelente! Qualidade máxima nos produtos, no serviço e no ambiente!
Se vivesse aqui perto tinha mais 100 kg em cima!!"
10,"Espaço, mais parecido com uma tasca, mal entrei pensei que ia ser o maior barrete da minha vida, mas felizmente enganei-me.
 Pessoas muito mas muito simpáticas comida simples mas muito boa, recomendo a todas as pessoas que gostem de comer bem, a salientar que o..."
11,"melhor e carne de porco, tendo na ementa tambem vitela e peixe.
Negativo a apontar apenas a parte de ter que se passar no café e casa de banho para nos dirigimos a sala..."
12,"É um local que já visitamos várias vezes. É simpático e pitoresco. Servem uma carne na brasa bem saborosa e destaque para a salada de tomate. Não se come mal e convém reservar. Recomendaram nos o choco frito, mas como tem que ser com marcação..."
13,"ainda não conseguimos provar."
14,"Excelente carne, no ponto certo, com uma seleção variada que nem sempre encontramos - presa, plumas, abanicos, lagartos... O entrecosto foi o favorito, e a salada de tomate acreditem que nunca comeram melhor! A simplicidade vence, e o preço é mais do que justo. Vamos..."
15,"O caminho a beja leva nos so toy dos caracois@

Melhores grelhados do sul
Atendimento muito bom. Nem lembro o preço! Mas de voltar sempre!"
16,"Um staff simpático com uma boa confecção paladar único a um preço acessível deve marcar mesa para garantir um manjar dos deuses"
17,"Tudo de comer e chorar por mais, impossível não ficar gravado na memória. Salada de tomate divina, carne de porco preto assada na grelha de carvão como nunca comi. Tudo feito na hora, supre fresquinho. Excelente!"
18,"Trata-se do melhor entrecosto do mundo. As outras iguarias de porco preto tambem sao excelentes. A salada de tomate é de comer e chorar por mais."
19,"Quem quiser comer boa carne e de qualidade, vai ao Toi. Serviço esmerado, carne de muita qualidade, sobremesas boas e generosas"
20,"Boa noite Toy! Há 3 cadeiras para jantar?
-- Bem passadas?
De qualquer modo, estamos com fome e com pressa! Demoramos 15 min...
-- Venham...
Até já!
Passados 2 min o telefone toca... Rest. Toy Farois... comentamos "" o toy a ligar... afinal não tem..."
21,"a melhor salada de tomate do mundo e tem um piano de porco preto de comer e chorar por mais conforme foto junto"
22,"Fui num dia de casa cheia mas o dono que até estava a nos servir não foi nada simpático nem atencioso. Até foi rude e bruto no atendimento. A comida são grelhados no carvão, a carne é de boa qualidade mas as doses não são..."
23,"Em viagem, de Norte para Sul, ia com a referência deste restaurante, como destino a testar de boa qualidade gastronómica. Sem marcação, uma sexta à tarde, contei com a amabilidade do Gerente Sr. Tói, arranjou uma mesa , entre as 12:30 e as 13;45, para..."
24,"1hora de espera na mesa até chegar a carta, mesa reservada previamente!!!! , sentamos às 20h00 comida chegou às 22h10m, estamos a falar de uma quinta feira no mês de Setembro, desorganização, falta de atenção para os clientes"
25,"A melhor carne de Porco preto grelhada que já comi. Éramos 6 pessoas e comemos entrecosto, lagartos e presas...qual delas a melhor!!! Salada de tomates fenomenal e batata frita excelente são o acompanhamento. Atendimento muito simpático e correcto. Preço / qualidade excelente. Pena a distância..."
26,"É uma verdadeira casa alentejana.
Comida muita saborosa, a carne é maravilhosa e a salada de tomate é de outro mundo.
Simpatia do Dono e do restante staff são uma mais valia.
Espero voltar. Ainda bem que existem este sitios típicos, onde podemos comer bem..."
27,"Este restaurante continua a ser um dos melhores de Beja. Nunca desilude. Excelente carne, bem grelhada acompanhada por umas boas batatas fritas e excelente salada de tomate. Ambiente simples e descontraído. Equipa simpática e atenciosa. Preço adequado. Saímos sempre satisfeitos e com vontade de voltar...."
28,"Local muito acolhedor.
Recomendo os lagartinhos, os grelhados são todos fantasticos. Local a repetir numa proxima visita a Beja."
29,"Boa carne de porco preto, ótimas batatas e excelente salada de tomate!Fica sempre a vontade de voltar outra vez."
30,"Ambiente acolhedor, com staff simpático e atencioso. Carne de porco preto do melhor que há, sem dúvida que voltaremos. 5⭐"
31,"É por estes restaurantes que vale a pena ter o tripadvisor, caso contrário não o encontraria. Carne de porco preto é a especialidade da casa. Comi presa ibérica que não conhecia e que estava excelente. Acompanhada de salada de tomate (temperada com sal grosso um..."
32,"Excelente qualidade, onde não faltam o entrecosto, plumas e secretos. As batatas fritas não são congeladas e a salada de tomate vem com oregãos. É necessário telefonar primeiro a confirmar lugar."
33,"É sempre uma grande satisfação comer uma refeição neste restaurante especializado em carne de porco preto. Aconselho a marcar previamente."
34,"Local agradável, comida muito boa, carne bem grelhada, salada de tomate magnífica... atendimento 5 estrelas.... recomendo"
35,"Este restaurante e mesmo muito. A entrada e algo estranha mas vale a pena la ir almocar ou jantar. A salada de tomate e efectivamente muito boa. Comemos plumas e lagartos e ambos estavam super tenros e suculentos.
A repetir, sem duvida!"
36,"A quem quiser comer uma carne grelhada, recomendo este restaurante. Fica a alguns km de Beja mas vale bem a pena. A salada de tomate é fantástica já para não falar nas batatas feitas caseiras. Quem gostar de tarde de amêndoa aconselho.
É um espaço..."
37,"Restaurante simples e especialista em grelhados. A possibilidade de escolha é reduzida (carne de porco grelhada), mas bastante interessante. Excelente relação preço, quantidade e qualidade. Atendimento de bom nível."
38,"5*. Venho aqui de propósito para comer este entrecosto maravilhoso. Salada 5*. Aconselho a todos 😍 venham a Beja conhecer e provar"
39,"Após chegada tardia para almoçar e mesmo assim muito bem recebidos.
Fomos surpreendidos pelo sabor magnífico da carne de porco preto (plumas, lagartos é uma costelinha) acompanhado por uma salada de tomate única.
O que resultou daí tivemos que lá voltar mais duas vezes em..."
40,"Numa pequena aldeia bem escondida a poucos quilómetros de Beja fica este templo do porco preto.
Carne muito bem grelhada, salada de tomate 5 estrelas. Pessoal 6 estrelas. Divertidos e simpáticos.
Tudo a um preço muito simpático."
41,"Um dos melhores sitios pars comer um bom porco preto. Atendimento tipico e simpatico. Comida de chorar por mais. aconselho vivamente este espaço."
42,"Local típico alentejano, muito humilde. Cada funcionário tem a sua função, não adianta pedir logo comida pq a primeira menina do tratava das bebidas... É esperar e ponto.
No entanto, vale a pena pela boa carne de porco preto que servem... Suculenta e muito tenra...."
43,"Como era um grupo grande ligamos a pedir reserva. Na chegada o sr disse como tinha o restaurante cheio não garantia reserva para esperar um pouco. Uma hora depois perguntei porque não nos punham em 2 mesas. O sr mais novo veio ao balcão e..."
44,"Vivo em Beja e é um dos restaurantes onde às vezes faço uma escapadinha. Todos os grelhados são fenomenais, o serviço é de qualidade, a comida excelente e recomendo os pratos de porco"
45,"bom em todos os aspectos ao contrario da dona maria porque a higiene meu Deus .
Muito bom podem ir  confiança"
46,"Atendimento do melhor com simplicidade e gentileza
Porco preto o melhor deste mundo
Salada tomate 5*"
47,"Somos do Norte e viemos cá experimentar a tão bem falada carne de porco preto grelhada.
Carne de porco preto, salada de tomate e batatas fritas, simples e ótimo! Comida top, atendimento top (de salientar a simpatia do senhor mais velho super atencioso), preço top!..."
48,"Local soberbo para comer carne de porco grelhada. Carne de qualidade, bem temperada e bem cozinhada.
Restaurante pacato, modesto, com boa climatização. Em pleno verão não se sente a temperatura alta da rua.
Pessoal simpático e acolhedor.
Local para ir com calma, sem pressas, para..."
49,"Restaurante simples mas com comida vem confeccionada. Excelente carne de porco preto grelhada com  uma salada divinal! Convém marcar !"
50,"Restaurante informal mas com carne grelhada fora do normal ! O vinho da casa podia ser um pouco melhor ! Carne, batatas fritas e salada de tomate , tudo cinco estrelas !
Convém marcar mesa com antecedência !"
51,"Restaurante informal, refeições à base de grelhados salientando-se o entrecosto, porco preto e achigã.
Simpatia dos funcionários e preços razoáveis.
Convém reservar mesa pois está quase sempre lotado.
Ah... e não tenham medo da salada de tomate do Toy, até podem molhar o panito..."
52,"Restaurante familiar com o amigo Toy Farois ao leme. Para se comer do melhor porco preto em Beja e arredores é obrigatório fazer uma visita a esta casa, a cerca de 5 kms da cidade no lugar de Porto Peles. Também serve por encomenda uma..."
53,"Do melhor em Beja restaurante 5 estrelas boa comida boa bebida. Simpatia e eficiência. Servir bem e bem servir"
54,"Aqui o porco preto grelhado é rei. Serviço algo lento, mas muita qualidade na carne e no tempo da grelha."
55,"Casa pequena e geralmente cheia. Os sabores estão no ponto certo. O entrecosto na brasa e a salada de tomate são obrigatórios."
56,"Serviço lento, boa comida.
A espera o r vezes é longa mas quando chega a carne grelhada no ponto tudo se esquece."
57,"Excelente qualidade a um preço muito acessível, muita simpatia no serviço, melhor porco preto que já comi, experiência a repetir.Convém usar gps para lá chegar mas vale bem o esforço"
58,"Almoço de amigos neste simples restaurante bejense que serve carne porco preto de excelência. Costelinhas e plumas divinais, salada de tomate irrepreensível e batata frita tradicional... a beleza da simplicidade no meio da planície alentejana."
59,"mesmo com mesa marcada, levou cerca de 40 minutos para sermos atendidos! mas  pronto como era fim de semana e nada para fazer, compensou a espera com umas deliciosas plumas e entrecosto!"
60,"Nada arrependidos por esperarmos pelo jantar. Fomos muito bem recebidos, para além disso foi-nos explicado toda a carta. Carne divinal e a melhor salada de tomate que alguma vez comemos. Qualidade vs preço do melhor. Voltaremos em breve."
61,"O restaurante Toy Farois é um local a visitar ( apesar de não ser fácil de lá chegar, mas só a primeira vez porque depois não tem nada que enganar).  O Porco Preto é o rei neste espaço com uma qualidade excepcional, comemos presa Ibérica..."
62,"O ""Toi Farois "" é um restaurante que já tem fama, particularmente para os apreciadores do que o Alentejo tem de melhor, a carne de porco preto, o bom vinho, o ambiente simples e acolhedor são a junção dos elementos básicos para transformar este local,..."
63,"Restaurante muito simples mas com uma ementa de carne porco preto grelhada fantástica. Salada de tomate muito boa, Na hora de escolher nada melhor que aceitar a sugestão do dono. v"
64,"Apesar do caminho muito defeituoso, este lugar isolado surpreendeu. O dono é muito simpático. E a carne é divinal. Muito muito bom."
65,"A comida é simples, caseira mas muito saborosa. O espaço é simples, sempre cheio de gente. Sinceramente, não sei que magia fazem com a salada de tomate que só tem tomate e cebola, mas foi a melhor salada de tomate que já comi!"
66,"Possivelmente o melhor restaurante onde comi desde que cheguei a Beja! Por mais reportes que tenha tido, a salada de tomate faz jus à fama e a carne grelhada.. bem, sem comentários! Entrecosto, lagartos, plumas, etc, tudo o que o porco preto tem para oferecer..."
67,"A caminho de Évora fiz um desvio em Beja para conhecer o Restaurante Toy Farois, por sorte sem reserva apanhei a ultima mesa disponivel, o Porco Preto é o rei neste espaço com uma qualidade excepcional, comemos presa Ibérica e Entrecosto ( piano ), as..."
68,"Restaurante típico, com comida, bebida atendimento de qualidade alentejana ( do melhor).
Sitio para voltar sempre que estejamos pelos lados alentejanos - BEJA -
Qualidade vs quantidade"
69,"Foi-nos recomendado ir ao Toy, pelo entrecosto e pela batata frita caseira.

Valeu bem cada ossinho!

O espaço é uma café modesto, o atendimento simpático mas nada do outro mundo.

Mas o entrecosto, a salada de tomate e as batatinhas, tudo óptimo.

De tal maneira..."
70,"Um lugar a voltar sem dúvida! Pela simpatia dos funcionários e pela excelente confecção da refeição.  A carne grelhada é magnífica!  Excelente qualidade!!"
71,"Restaurante sensacional! Vale a pena a parada  quando estiver indo para Algarve ou voltando para Lisboa. É um restaurante bem simples mas com um atendimento IMPECÁVEL! Pode ligar para reservar e não arriscar chegar e estar lotado. Pedimos plumas, entrecosto e presa de porco preto...."
72,"Um pequeno restaurante que serve uma carne de porco grelhado excelente (entrecosto, plumas, lagartos) com um ambiente descontraído e com uma cerveja muito fresca! Eramos um grupo grande de 23 pessoas e as sobremesas variadas e saborosas! No fim ainda tivemos tempo de provar uma..."
73,"A primeira vez que estive no farois jurei que não voltava.
Imenso barulho, espaço desconfortável, cadeiras duras.. enfim..só valeu pela comida.
A comida tem um sabor diferente, a grelha tem arte e a salada de tomate também.
Voltei outra vez.. e voltarei mais vezes. Vale..."
74,"O melhor entrecosto de porco grelhado, acompanhado com batatinhas fritas caseiras e uma salada de tomate divinal fazem do restaurante do Toi das melhores opções de grelhados do Alentejo.
Imperdível"
75,"Restaurante sem grande pretensões a não ser o que não é. Tem um pequeno café de bairro e após uma porta entra-se numa sala simples com mesas e cadeiras preparadas para acolher os mais variados comensais. Comida tipica portuguesa como o entrecosto na brasa, manta..."
76,"Tasca com barulho e sem requintes mas, se já nao se lembra do sabor da verdadeira carne, experimente aqui. Vai ver que não vai esquecer. Ainda por cima é barato!"
77,"Um jantar muito bom. Por sugestão do Patrão - uma Pessoa espectacular - comemos lombinhos, presas e plumas excelentemente grelhadas. Uma carne toda ela excelente!  Uma salada de tomate única. Não deve haver igual. Sala muito simples, mas as Pessoas com uma simpatia excepcional."
78,"Chegar cedo para conseguir um bom lugar. A comida do toi é algo que nao se encontra em qualque sitio. É de aproveitar a qualidade da carne e da salada de tomate que sao exelentes."
79,"Neste restaurante comi o melhor entrecosto dos últimos anos. Casa muito simples mas com uma qualidade e simpatia magnífica! Adorei"
80,"Chegámos eram já 14,30. Ainda com muitas mesas ocupadas,foi-nos dito que já só serviam carne grelhada. Após optarmos por vários tipos de carne,com rapidez surgiram na nossa mesa 2 travessas com um aspecto muito apetitoso: plumas, abanicos, lagartos e presas, acompanhadas por uma óptima salada..."
81,"Desde o celebre ""piano"" de porco preto, passando pelo bacalhau assado, só por encomenda, à dobrada ou ao feijão com cogumelos qual o melhor dificil de escolher"
82,"Fantástico come se muito bem, grelhados muito bons, plumas um prato muito bom, com salada de tomate formidável e a baratinha frita caseira, tava tudo top."
83,"Carne mt bem grelhada, saladinha de tomate super bem temperada (tipicamente alentejana), pena estar tão longe de Lisboa."
84,"Uma sala de pequenas dimensões, sempre cheia. Atendimento simpático e eficiente. Marcação quase obrigatória. Vários tipos de carne de porco preto, sempre muito bem grelhados, boa salada de tomate, boas batatas fritas. Escolha limitada mas não engana, se quer comer carne de porco grelhada é..."
85,"Espectaculoooooo!!!!! Melhor sitio para comer... Para quando um take away? alguem faça um franchise disto!!! Adoro!!"
86,"A qualidade da carne grelhada é maravilhosa. É um restaurante familiar onde ainda se consegue comer à antiga portuguesa! Vale a pena o pequeno desvio!"
87,"Pergunto me como numa sala com mesas em cima umas das outras pessoas a fumar lá dentro, e carne de porco preto e salada de tomate vinho de jarro 15€
O povo gosta...
Pelos vistos sim está cheio."
88,"Lugar simples que serve uma das melhores carnes de Porco Preto do Alentejo. Porções muito fartas e atendimento rápido. Gastamos apenas 25 euros em almoço para 2 pessoas com meia garrafa de vinho e refrigerante. Recomendo!"
89,"Muito bom em grelhados, bom para almoços de negócios informais ou jantares com amigos onde deverá imperar um clima descontraido."
90,"Foi a minha segunda visita desta vez para almoçar. Ambiente acolhedor, simples e típico alentejano. Grelhados de porco preto de grande qualidade assim como os acompanhamentos. Atendimento muito bom. Recomendo"
91,"É pena que a única fruta existente seja pêro, de resto encontramos neste restaurante o melhor entrecosto da zona de Beja."
92,"foi o entrecosto melhor que comi até hoje...quem diria que num lugar tão pequeno está um restaurante com tanta qualidade, desde o serviço ,limpeza,e claro a carne grelhada...recomendo!!!"
93,"A melhor carne grelhada, a carne é magnifica e grelhada nas brasas com batata frita magnifica e salada mesmo maravilhosa.."
94,"Nunca comi melhor porco Preto.

Sem pretensões, simples e de carne e confecção muito boas.
Atendimento rápido e simpático.
Não perder a Tarte de amêndoa caseira e medronho como digestivo.
Convém reservar mesa porque dificilmente se consegue lugar"
95,"Espaço modesto e acolhedor. Uma casa simples e com poucos lugares, mas com uma carne de porco divinal que se derrete na boca. Não se pode dizer que será uma refeição barata, mas também não será nada de extraordinariamente caro.
A repetir sem dúvida!"
96,"O melhor assador de porco preto do alentejo. Funcionários simpáticos e atenciosos.

Apesar do estacionamento ser um pouco restrito, o restaurante mantém o estilo rústico e característico da região.

Ps: a localização do site esta errada, situa-se na freguesia de Porto Peles"
97,"Já venho aqui a muitos anos e digo já que é dos melhores entrecostos e porco preto! A hospitalidade e a qualidade/preço não iguala com mais nenhum. No caminho para o Algarve, nada melhor que o saborear um dos melhores entrecostos! Atendimento 5*; qualidade 5*;..."
98,"Simples e Sem Pretensões!
Apresentam do melhor porco preto que já comi acompanhado por uma ""simples"" salada de tomate e batas fritas caseiras.
Recomenda-se!"
99,"Positivo: Carne grelhada de porco preto de sublime. Salada de tomate divinal e batatas fritas ""caseiras"" ótimas.

Negativo: Atendimento lento e sala com muito barulho quando está cheia ou quase cheia. Poucas sobremesas."
100,"Sempre igual , a simpatia do Sr Toi que continua a preparar o melhor porco preto do Alentejo
Plumas, lagartos, secretos ou o entrecosto( piano) deliciosos
As batatas fritas fabulosas sempre frescas e louras
So um reparo para a salada de tomate!!! Os tomates não..."
101,"Grelhados de carne de porco preto de alta qualidade, ambiente informal desde executivos a operários. é melhor reservar mesa"
102,"Se gosta de carne de porco preto e não espera serviço de top venha ter uma refeição em GRANDE, das melhores carnes q ja comi e o atendimento de grande simpatia mas informal, estavam clintes com fatos e outros com calções, a espera não foi..."
103,"Comida simplesmente genial, grelhados de top, sem duvida um local de paragem obrigatorio para comer aqueles grelhados de porco preto. Recomendo sem duvida."
104,"Parabéns mais uma vez.
Salada mista sempre bem temperada , a mista de carne de porco preto grelhada estava no ponto.
Sensacional sentimos nos em casa .
Staff De Excelência com
D. Suzana"
105,"Boas grelhadas de porco preto, servidas com batata frita caseira e salada de tomate.
Ambiente rústico
Vinhos da vidigueira
(Serve o proposito de bem comer!)
Preço medio 15€/pax"
106,"Por iindicação de amigos fui a este local com a minha esposa num dia de semana. Fizemos alguns Km, não foi fácil descobrir, mas lá chegámos por volta das 14h.
Ao entrar, apesar de uma mesa grande ""reservada"" existiam lugares visivelmente vagos para dois, pois..."
107,"O Toi Faróis é uma aposta ganha, excelente atendimento, melhor carne de porco de sempre. Um sítio a voltar sem dúvida!"
108,"Excelente comida, pouca variedade, mas sem problema. A pedido prévio, pode ter um bacalhau fenomenal. A salada é excelente."
109,"Boa casa para quem vai com o objectivo defenido, grelhados, a carne é de qualidade o espaço é razoável o atendimento é bom recomendo."
110,"Bom para comer grelhados bem feitos e para grupos grandes. Atendimento simpático mas um pouco caro para o local.
É bastante ruidoso."
111,"À saída de Beja para Serpa, recebemos um sinal de luzes e fomos desviados para Porto Peles.
Paramos a moto e deixamos o cheiro a churrasco indicar o caminho.
Uma porta para um pátio vazio, seguido de uma porta para um café ""da terra"" que..."
112,"Um lugar simples e simpático. A Carne é divinal e a salada de tomate como há muito não conseguia saborear. Churrasco impecável entre amigos e boa companhia com direito a cante alentejano e boas gargalhadas, atendimento cinco estrelas."
113,"Ambiente acolhedor, muito simples e o melhor porco preto grelhado que comi, pelo menos, até hoje. Vale a pena, incluindo o preço. Muito bom!"
114,"Pessoal muito simpático.
Cozinha regional alentejana, para gente de trabalho.
Muito bom paladar e quantidade.
Preço muito ajustado."
115,"Otimo lugar para os carnívoros!! Especialidade em carnes de porco preto! Salada de tomate com tempero muito saboroso, viciante! Lugar simples e aconchegante, Atendimento 5 estrelas!!
Muito bom super rcomendo!!"
116,"Excelente porco preto, acompanhado de batatas fritas e salada de tomate.
Achei, no entanto, um pouco caro."
117,"Se quiser um local para o melhor entrecosto grelhado com salada de tomate e batata frita, vai ao sítio certo. Foi exactamente isto que fez do toi o melhor no género. Se quiser local romântico, aqui só se o seu conceito for o de comer..."
118,"Carne, salada e simpatia é  tudo o que o toy tem para oferecer. Vale a pena a deslocação para degustar o porco preto. Só tem um se não que é  a dimensão da sala."
119,"O sitio onde comi a melhor carne de porco preto no Alentejo. Atendimento espetacular, a qualidade preço é optima.
A repetir seguramente."
120,"Não é preciso ementa, é para comer porco preto com salada de tomate que é divinal.
A comida é delicioso, e o serviço é simpático, com preocupação pelo cliente.
Como era a 1a vez, explicaram-nos as peças de porco que poderíamos escolher e depois vieram-nos..."
121,"Não é necessária ementa.
O menu é Porco batatas fritas e salada.
Podem escolher a peça de porco que querem. aconselho vivamente os lagartos."
122,"O espaço em si nao é nada de especial, tem um bocado aspeto de taberna e a luz é super forte e incomoda um bocado, mas é limpo. Está SEMPRE cheio. A carne grelhada é do melhor que há, tal como as batatas e até..."
123,"Cheguei mais uma vez 45 min antes das reservas feitas por outros clientes e não houve mesa!
Excelente comida mas não vale a deslocação se não se for amigo do dono!"
124,"Taberna pacata, serviço humilde mas educado. Espaço limpo mas pequeno.
A melhor carne de porco preto grelhada que ja comi. Uma excelente batata frita e uma salada de tomate e cebola com oregãos que é simplesmente divinal. O entrecosto não é de porco preto, mas..."
125,"Da melhor carne grelhada que ja comi! Muita qualidade, uma salada de tomate de chorar por mais, nada de grande mordomias, mas um ambiente acolhedor e familiar, estou ansioso por voltar."
126,"Excelente local para degustar a melhor carne de porco preto que já comi !  Bem confecionada e com um acompanhamento de salada de tomate fantastica !!"
127,"É um restaurante simples, mas com grande qualidade na carne de porco preto, o entrecosto é maior especialidade. Agora também já tem peixe que dá outra opção de escolha."
128,"O espaço não impressiona ninguém pela positiva. A comida idem! Os empregados simpáticos são tudo o que a casa oferece. E mesmo assim não são eficientes"
129,"Restaurante/ taverna  muito rústico em Porto Peles a 7 km de Beja onde se come o melhor porco preto do alentejo apenas gralhado com sal na brasa. Batatas fritas em óleo sempre fresco  e clarinhas e uma salada de tomate chucha com cebola verdadeiramente de..."
130,"Dos vários petiscos que avaliei com um grupo de amigos, uma nota grande para a salada de tomate e para o porco preto alentejano. Boa relação qualidade/preço."
131,"Local um pouco recôndito mas que no final se mostrou ser um dos melhores restaurantes a servir carne de porco preto. Simplesmente se derrete na boca."
132,"No Toi Faróis, restaurante simples, o cliente sente que entrou num espaço muito organizado e asseado. A comida é feita na hora e além da qualidade, o sabor e a frescura são irrepreensíveis."
133,"A simplicidade da casa e da ementa podem causar algum desconforto numa primeira abordagem, mas quem prova o porco preto grelhado (qualquer parte à sua escola) com batatas fritas e salada de tomate fica rendido! É um dos meus restaurantes de eleição e recomendo muito...."
134,"Muito bom... Os melhores tomates do país... Muito bons grelhados de porco e achigãs  (deve ser assim) espetaculares... E um medronho para aconchegar... Fica tudo em beleza...."
135,"Uma verdadeira aventura pelos sabores do porco preto. Excelente relação qualidade preço, atendimento bom. Salada de tomate que é uma verdadeira delicia. E no fim um medronho para rematar. Recomendo e aconselho a quem gosta de comer boa comida. Carrega Foi."
136,"Situado no Porto Peles, a 10 minutos de Beja fica um dos melhores restaurantes para se comer porco preto da região. Chegados ao restaurante somos brindados com um local simples, desprovido de muitos adereços típicos dos restaurantes actuais. Os empregados são muitos simpáticos e o..."
137,"Os grelhados simplesmente deliciosos e a salada de tomate então...

Excelente qualidade/quantidade pelo preço."
138,"Verdadeiro grelhado na brasa de porco preto, viva os abanicos e os lagartos, tudo sabe sempre deliciosamente neste restsurante em que tudo tem simplicidade a antiga e sabor do tradicional como na casa das avos. Verdadeira batata frita a acompanhar e a salada de tomate...."
139,"Dos melhores lugares , grandes doses,  barato
e o melhor de tudo os grelhados ,
Junto à nossa senhora das neves, uma localidade de nove porto peles"
140,"Quem não conhece o ""toy farois"" não sabe o que é o verdadeiro porco preto. É definitivamente o melhor restaurante para se deliciar com esta iguaria, se bem, que o prato mais famoso, o entrecosto, é de porco branco, ou vermelho, mas é mesmo assim..."
141,"Porto Peles fica fora de Beja, em zona de quintas e casas dispersas, é um lugar com duas ruas e numa delas tem 2 restaurantes, apenas conheço um deles, o Toi Farois. Tenho a dizer que das varias vezes que lá fui, apenas comi uma..."
142,"Localizado numa pequena aldeia fora Beja, este pequeno e simples restaurante que se destaque em uma coisa. PORCO! Enquanto porco é destaque em quase todos os restaurante em Beja, Toi farois leva-lo para um novo nível. Preparado muitas formas diferentes, que é o mais saboroso,..."
143,"porco do concurso que já comi (e que diz muitas vezes) ..a devem ter. Também muito romance e delicioso é a salada de tomate. com apenas o tomate, azeite de oliva, um toque de vinagre e especiarias são combinadas em uma excelente salada. O nosso grupo de 8 passou por 2 enormes taças! Este restaurante pode ser um pouco fora do caminho batido, vale a pena a viagem. Eu planejo estar em Beja novamente próximo outono e com certeza iremos parar nas proximidades."
