Avaliacoes
"Boa comida e staff muito simpatico. Os precos sao bastante acessiveis e o servico muito rapido. Sem duvida a repetir"
"A carne estava muito bem grelhada, um atendimento muito bom! Recomendo tambem o vinho e as sobremesas. Sem duvida a voltar e a recomendar!"
"Comida realmente saborosa. Porco preto divinal. Provamos as costelas, os lagartos e as plumas. Vinho branco da casa bom! O servico foi um pouco demorado, nomeadamente para fazer o pedido da comida para almocar. No entanto, o restaurante estava cheio e so o toi fazia os pedidos da comida. Staff muito simpatico. Almocamos no exterior, estava muito calor apesar de ser um dia no incio de Setembro e estava bastante barulho devido a um grupo maior presente. Boa experiencia!"
"Atendimento espectacular quer da parte da parte dos funcionarios, quer do Sr. Toi. Excelente comida a precos acessiveis."
"Casa simples e atendimento familiar. Provamos o ensopado de borrego (e preciso encomendar) e gostamos muito."
"Mas que excelentes carnes, simplicidade e sabor supremo. Excelentes carnes de porco preto. Recomendado sem duvida alguma."
"Sempre genial. Sempre fantastico. Aqui e o Alentejo. E preciso aguardar. Quem espera sempre alcanca. Paciencia... e provarao a melhor carne de porco preto do mundo."
"Excelente! Qualidade maxima nos produtos, no servico e no ambiente! Se vivesse aqui perto tinha mais 100 kg em cima!!"
"Espaco, mais parecido com uma tasca, mal entrei pensei que ia ser o maior barrete da minha vida, mas felizmente enganei-me. Pessoas muito mas muito simpaticas comida simples mas muito boa, recomendo a todas as pessoas que gostem de comer bem, a salientar que o melhor e carne de porco, tendo na ementa tambem vitela e peixe. Negativo a apontar apenas a parte de ter que se passar no cafe e casa de banho para nos dirigimos a sala E um local que ja visitamos varias vezes. E simpatico e pitoresco. Servem uma carne na brasa bem saborosa e destaque para a salada de tomate. Nao se come mal e convem reservar. Recomendaram nos o choco frito, mas como tem que ser com marcacao ainda nao conseguimos provar."
"Excelente carne, no ponto certo, com uma selecao variada que nem sempre encontramos - presa, plumas, abanicos, lagartos... O entrecosto foi o favorito, e a salada de tomate acreditem que nunca comeram melhor! A simplicidade vence, e o preco e mais do que justo. Vamos O caminho a beja leva nos so toy dos caracois@ Melhores grelhados do sul Atendimento muito bom. Nem lembro o preco! Mas de voltar sempre!"
"Um staff simpatico com uma boa confeccao paladar unico a um preco acessivel deve marcar mesa para garantir um manjar dos deuses"
"Tudo de comer e chorar por mais, impossivel nao ficar gravado na memoria. Salada de tomate divina, carne de porco preto assada na grelha de carvao como nunca comi. Tudo feito na hora, supre fresquinho. Excelente!"
"Trata-se do melhor entrecosto do mundo. As outras iguarias de porco preto tambem sao excelentes. A salada de tomate e de comer e chorar por mais."
"Quem quiser comer boa carne e de qualidade, vai ao Toi. Servico esmerado, carne de muita qualidade, sobremesas boas e generosas"
"Boa noite Toy! Ha 3 cadeiras para jantar? -- Bem passadas? De qualquer modo, estamos com fome e com pressa! Demoramos 15 min... -- Venham... Ate ja! Passados 2 min o telefone toca... Rest. Toy Farois... comentamos ' o toy a ligar... afinal nao tem a melhor salada de tomate do mundo e tem um piano de porco preto de comer e chorar por mais conforme foto junto"
"Fui num dia de casa cheia mas o dono que ate estava a nos servir nao foi nada simpatico nem atencioso. Ate foi rude e bruto no atendimento. A comida sao grelhados no carvao, a carne e de boa qualidade mas as doses nao sao Em viagem, de Norte para Sul, ia com a referencia deste restaurante, como destino a testar de boa qualidade gastronomica. Sem marcacao, uma sexta a tarde, contei com a amabilidade do Gerente Sr. Toi, arranjou uma mesa , entre as 12:30 e as 13;45, para 1hora de espera na mesa ate chegar a carta, mesa reservada previamente!!!! , sentamos as 20h00 comida chegou as 22h10m, estamos a falar de uma quinta feira no mes de Setembro, desorganizacao, falta de atencao para os clientes"
"A melhor carne de Porco preto grelhada que ja comi. Eramos 6 pessoas e comemos entrecosto, lagartos e presas...qual delas a melhor!!! Salada de tomates fenomenal e batata frita excelente sao o acompanhamento. Atendimento muito simpatico e correcto. Preco / qualidade excelente. Pena a distancia E uma verdadeira casa alentejana. Comida muita saborosa, a carne e maravilhosa e a salada de tomate e de outro mundo. Simpatia do Dono e do restante staff sao uma mais valia. Espero voltar. Ainda bem que existem este sitios tipicos, onde podemos comer bem Este restaurante continua a ser um dos melhores de Beja. Nunca desilude. Excelente carne, bem grelhada acompanhada por umas boas batatas fritas e excelente salada de tomate. Ambiente simples e descontraido. Equipa simpatica e atenciosa. Preco adequado. Saimos sempre satisfeitos e com vontade de voltar. Local muito acolhedor. Recomendo os lagartinhos, os grelhados sao todos fantasticos. Local a repetir numa proxima visita a Beja."
"Boa carne de porco preto, otimas batatas e excelente salada de tomate!Fica sempre a vontade de voltar outra vez."
"Ambiente acolhedor, com staff simpatico e atencioso. Carne de porco preto do melhor que ha, sem duvida que voltaremos. 5"
"E por estes restaurantes que vale a pena ter o tripadvisor, caso contrario nao o encontraria. Carne de porco preto e a especialidade da casa. Comi presa iberica que nao conhecia e que estava excelente. Acompanhada de salada de tomate (temperada com sal grosso um Excelente qualidade, onde nao faltam o entrecosto, plumas e secretos. As batatas fritas nao sao congeladas e a salada de tomate vem com oregaos. E necessario telefonar primeiro a confirmar lugar."
"E sempre uma grande satisfacao comer uma refeicao neste restaurante especializado em carne de porco preto. Aconselho a marcar previamente."
"Local agradavel, comida muito boa, carne bem grelhada, salada de tomate magnifica... atendimento 5 estrelas.... recomendo"
"Este restaurante e mesmo muito. A entrada e algo estranha mas vale a pena la ir almocar ou jantar. A salada de tomate e efectivamente muito boa. Comemos plumas e lagartos e ambos estavam super tenros e suculentos. A repetir, sem duvida!"
"A quem quiser comer uma carne grelhada, recomendo este restaurante. Fica a alguns km de Beja mas vale bem a pena. A salada de tomate e fantastica ja para nao falar nas batatas feitas caseiras. Quem gostar de tarde de amendoa aconselho. E um espaco Restaurante simples e especialista em grelhados. A possibilidade de escolha e reduzida (carne de porco grelhada), mas bastante interessante. Excelente relacao preco, quantidade e qualidade. Atendimento de bom nivel."
"5*. Venho aqui de proposito para comer este entrecosto maravilhoso. Salada 5*. Aconselho a todos  venham a Beja conhecer e provar"
"Apos chegada tardia para almocar e mesmo assim muito bem recebidos. Fomos surpreendidos pelo sabor magnifico da carne de porco preto (plumas, lagartos e uma costelinha) acompanhado por uma salada de tomate unica. O que resultou dai tivemos que la voltar mais duas vezes em Numa pequena aldeia bem escondida a poucos quilometros de Beja fica este templo do porco preto. Carne muito bem grelhada, salada de tomate 5 estrelas. Pessoal 6 estrelas. Divertidos e simpaticos. Tudo a um preco muito simpatico."
"Um dos melhores sitios pars comer um bom porco preto. Atendimento tipico e simpatico. Comida de chorar por mais. aconselho vivamente este espaco."
"Local tipico alentejano, muito humilde. Cada funcionario tem a sua funcao, nao adianta pedir logo comida pq a primeira menina do tratava das bebidas... E esperar e ponto. No entanto, vale a pena pela boa carne de porco preto que servem... Suculenta e muito tenra. Como era um grupo grande ligamos a pedir reserva. Na chegada o sr disse como tinha o restaurante cheio nao garantia reserva para esperar um pouco. Uma hora depois perguntei porque nao nos punham em 2 mesas. O sr mais novo veio ao balcao e Vivo em Beja e e um dos restaurantes onde as vezes faco uma escapadinha. Todos os grelhados sao fenomenais, o servico e de qualidade, a comida excelente e recomendo os pratos de porco"
"bom em todos os aspectos ao contrario da dona maria porque a higiene meu Deus . Muito bom podem ir  confianca"
"Atendimento do melhor com simplicidade e gentileza Porco preto o melhor deste mundo Salada tomate 5*"
"Somos do Norte e viemos ca experimentar a tao bem falada carne de porco preto grelhada. Carne de porco preto, salada de tomate e batatas fritas, simples e otimo! Comida top, atendimento top (de salientar a simpatia do senhor mais velho super atencioso), preco top! Local soberbo para comer carne de porco grelhada. Carne de qualidade, bem temperada e bem cozinhada. Restaurante pacato, modesto, com boa climatizacao. Em pleno verao nao se sente a temperatura alta da rua. Pessoal simpatico e acolhedor. Local para ir com calma, sem pressas, para Restaurante simples mas com comida vem confeccionada. Excelente carne de porco preto grelhada com  uma salada divinal! Convem marcar !"
"Restaurante informal mas com carne grelhada fora do normal ! O vinho da casa podia ser um pouco melhor ! Carne, batatas fritas e salada de tomate , tudo cinco estrelas ! Convem marcar mesa com antecedencia !"
"Restaurante informal, refeicoes a base de grelhados salientando-se o entrecosto, porco preto e achiga. Simpatia dos funcionarios e precos razoaveis. Convem reservar mesa pois esta quase sempre lotado. Ah... e nao tenham medo da salada de tomate do Toy, ate podem molhar o panito Restaurante familiar com o amigo Toy Farois ao leme. Para se comer do melhor porco preto em Beja e arredores e obrigatorio fazer uma visita a esta casa, a cerca de 5 kms da cidade no lugar de Porto Peles. Tambem serve por encomenda uma Do melhor em Beja restaurante 5 estrelas boa comida boa bebida. Simpatia e eficiencia. Servir bem e bem servir"
"Aqui o porco preto grelhado e rei. Servico algo lento, mas muita qualidade na carne e no tempo da grelha."
"Casa pequena e geralmente cheia. Os sabores estao no ponto certo. O entrecosto na brasa e a salada de tomate sao obrigatorios."
"Servico lento, boa comida. A espera o r vezes e longa mas quando chega a carne grelhada no ponto tudo se esquece."
"Excelente qualidade a um preco muito acessivel, muita simpatia no servico, melhor porco preto que ja comi, experiencia a repetir.Convem usar gps para la chegar mas vale bem o esforco"
"Almoco de amigos neste simples restaurante bejense que serve carne porco preto de excelencia. Costelinhas e plumas divinais, salada de tomate irrepreensivel e batata frita tradicional... a beleza da simplicidade no meio da planicie alentejana."
"mesmo com mesa marcada, levou cerca de 40 minutos para sermos atendidos! mas  pronto como era fim de semana e nada para fazer, compensou a espera com umas deliciosas plumas e entrecosto!"
"Nada arrependidos por esperarmos pelo jantar. Fomos muito bem recebidos, para alem disso foi-nos explicado toda a carta. Carne divinal e a melhor salada de tomate que alguma vez comemos. Qualidade vs preco do melhor. Voltaremos em breve."
"O restaurante Toy Farois e um local a visitar ( apesar de nao ser facil de la chegar, mas so a primeira vez porque depois nao tem nada que enganar).  O Porco Preto e o rei neste espaco com uma qualidade excepcional, comemos presa Iberica O 'Toi Farois ' e um restaurante que ja tem fama, particularmente para os apreciadores do que o Alentejo tem de melhor, a carne de porco preto, o bom vinho, o ambiente simples e acolhedor sao a juncao dos elementos basicos para transformar este local, Restaurante muito simples mas com uma ementa de carne porco preto grelhada fantastica. Salada de tomate muito boa, Na hora de escolher nada melhor que aceitar a sugestao do dono. v"
"Apesar do caminho muito defeituoso, este lugar isolado surpreendeu. O dono e muito simpatico. E a carne e divinal. Muito muito bom."
"A comida e simples, caseira mas muito saborosa. O espaco e simples, sempre cheio de gente. Sinceramente, nao sei que magia fazem com a salada de tomate que so tem tomate e cebola, mas foi a melhor salada de tomate que ja comi!"
"Possivelmente o melhor restaurante onde comi desde que cheguei a Beja! Por mais reportes que tenha tido, a salada de tomate faz jus a fama e a carne grelhada.. bem, sem comentarios! Entrecosto, lagartos, plumas, etc, tudo o que o porco preto tem para oferecer A caminho de Evora fiz um desvio em Beja para conhecer o Restaurante Toy Farois, por sorte sem reserva apanhei a ultima mesa disponivel, o Porco Preto e o rei neste espaco com uma qualidade excepcional, comemos presa Iberica e Entrecosto ( piano ), as Restaurante tipico, com comida, bebida atendimento de qualidade alentejana ( do melhor). Sitio para voltar sempre que estejamos pelos lados alentejanos - BEJA - Qualidade vs quantidade"
"Foi-nos recomendado ir ao Toy, pelo entrecosto e pela batata frita caseira. Valeu bem cada ossinho! O espaco e uma cafe modesto, o atendimento simpatico mas nada do outro mundo. Mas o entrecosto, a salada de tomate e as batatinhas, tudo optimo. De tal maneira Um lugar a voltar sem duvida! Pela simpatia dos funcionarios e pela excelente confeccao da refeicao.  A carne grelhada e magnifica!  Excelente qualidade!!"
"Restaurante sensacional! Vale a pena a parada  quando estiver indo para Algarve ou voltando para Lisboa. E um restaurante bem simples mas com um atendimento IMPECAVEL! Pode ligar para reservar e nao arriscar chegar e estar lotado. Pedimos plumas, entrecosto e presa de porco preto. Um pequeno restaurante que serve uma carne de porco grelhado excelente (entrecosto, plumas, lagartos) com um ambiente descontraido e com uma cerveja muito fresca! Eramos um grupo grande de 23 pessoas e as sobremesas variadas e saborosas! No fim ainda tivemos tempo de provar uma A primeira vez que estive no farois jurei que nao voltava. Imenso barulho, espaco desconfortavel, cadeiras duras.. enfim..so valeu pela comida. A comida tem um sabor diferente, a grelha tem arte e a salada de tomate tambem. Voltei outra vez.. e voltarei mais vezes. Vale O melhor entrecosto de porco grelhado, acompanhado com batatinhas fritas caseiras e uma salada de tomate divinal fazem do restaurante do Toi das melhores opcoes de grelhados do Alentejo. Imperdivel"
"Restaurante sem grande pretensoes a nao ser o que nao e. Tem um pequeno cafe de bairro e apos uma porta entra-se numa sala simples com mesas e cadeiras preparadas para acolher os mais variados comensais. Comida tipica portuguesa como o entrecosto na brasa, manta Tasca com barulho e sem requintes mas, se ja nao se lembra do sabor da verdadeira carne, experimente aqui. Vai ver que nao vai esquecer. Ainda por cima e barato!"
"Um jantar muito bom. Por sugestao do Patrao - uma Pessoa espectacular - comemos lombinhos, presas e plumas excelentemente grelhadas. Uma carne toda ela excelente!  Uma salada de tomate unica. Nao deve haver igual. Sala muito simples, mas as Pessoas com uma simpatia excepcional."
"Chegar cedo para conseguir um bom lugar. A comida do toi e algo que nao se encontra em qualque sitio. E de aproveitar a qualidade da carne e da salada de tomate que sao exelentes."
"Neste restaurante comi o melhor entrecosto dos ultimos anos. Casa muito simples mas com uma qualidade e simpatia magnifica! Adorei"
"Chegamos eram ja 14,30. Ainda com muitas mesas ocupadas,foi-nos dito que ja so serviam carne grelhada. Apos optarmos por varios tipos de carne,com rapidez surgiram na nossa mesa 2 travessas com um aspecto muito apetitoso: plumas, abanicos, lagartos e presas, acompanhadas por uma optima salada Desde o celebre 'piano' de porco preto, passando pelo bacalhau assado, so por encomenda, a dobrada ou ao feijao com cogumelos qual o melhor dificil de escolher"
"Fantastico come se muito bem, grelhados muito bons, plumas um prato muito bom, com salada de tomate formidavel e a baratinha frita caseira, tava tudo top."
"Carne mt bem grelhada, saladinha de tomate super bem temperada (tipicamente alentejana), pena estar tao longe de Lisboa."
"Uma sala de pequenas dimensoes, sempre cheia. Atendimento simpatico e eficiente. Marcacao quase obrigatoria. Varios tipos de carne de porco preto, sempre muito bem grelhados, boa salada de tomate, boas batatas fritas. Escolha limitada mas nao engana, se quer comer carne de porco grelhada e Espectaculoooooo!!!!! Melhor sitio para comer... Para quando um take away? alguem faca um franchise disto!!! Adoro!!"
"A qualidade da carne grelhada e maravilhosa. E um restaurante familiar onde ainda se consegue comer a antiga portuguesa! Vale a pena o pequeno desvio!"
"Pergunto me como numa sala com mesas em cima umas das outras pessoas a fumar la dentro, e carne de porco preto e salada de tomate vinho de jarro 15 O povo gosta... Pelos vistos sim esta cheio."
"Lugar simples que serve uma das melhores carnes de Porco Preto do Alentejo. Porcoes muito fartas e atendimento rapido. Gastamos apenas 25 euros em almoco para 2 pessoas com meia garrafa de vinho e refrigerante. Recomendo!"
"Muito bom em grelhados, bom para almocos de negocios informais ou jantares com amigos onde devera imperar um clima descontraido."
"Foi a minha segunda visita desta vez para almocar. Ambiente acolhedor, simples e tipico alentejano. Grelhados de porco preto de grande qualidade assim como os acompanhamentos. Atendimento muito bom. Recomendo"
"E pena que a unica fruta existente seja pero, de resto encontramos neste restaurante o melhor entrecosto da zona de Beja."
"foi o entrecosto melhor que comi ate hoje...quem diria que num lugar tao pequeno esta um restaurante com tanta qualidade, desde o servico ,limpeza,e claro a carne grelhada...recomendo!!!"
"A melhor carne grelhada, a carne e magnifica e grelhada nas brasas com batata frita magnifica e salada mesmo maravilhosa.."
"Nunca comi melhor porco Preto. Sem pretensoes, simples e de carne e confeccao muito boas. Atendimento rapido e simpatico. Nao perder a Tarte de amendoa caseira e medronho como digestivo. Convem reservar mesa porque dificilmente se consegue lugar"
"Espaco modesto e acolhedor. Uma casa simples e com poucos lugares, mas com uma carne de porco divinal que se derrete na boca. Nao se pode dizer que sera uma refeicao barata, mas tambem nao sera nada de extraordinariamente caro. A repetir sem duvida!"
"O melhor assador de porco preto do alentejo. Funcionarios simpaticos e atenciosos. Apesar do estacionamento ser um pouco restrito, o restaurante mantem o estilo rustico e caracteristico da regiao. Ps: a localizacao do site esta errada, situa-se na freguesia de Porto Peles"
"Ja venho aqui a muitos anos e digo ja que e dos melhores entrecostos e porco preto! A hospitalidade e a qualidade/preco nao iguala com mais nenhum. No caminho para o Algarve, nada melhor que o saborear um dos melhores entrecostos! Atendimento 5*; qualidade 5*; Simples e Sem Pretensoes! Apresentam do melhor porco preto que ja comi acompanhado por uma 'simples' salada de tomate e batas fritas caseiras. Recomenda-se!"
"Positivo: Carne grelhada de porco preto de sublime. Salada de tomate divinal e batatas fritas 'caseiras' otimas. Negativo: Atendimento lento e sala com muito barulho quando esta cheia ou quase cheia. Poucas sobremesas."
"Sempre igual , a simpatia do Sr Toi que continua a preparar o melhor porco preto do Alentejo Plumas, lagartos, secretos ou o entrecosto( piano) deliciosos As batatas fritas fabulosas sempre frescas e louras So um reparo para a salada de tomate!!! Os tomates nao Grelhados de carne de porco preto de alta qualidade, ambiente informal desde executivos a operarios. e melhor reservar mesa"
"Se gosta de carne de porco preto e nao espera servico de top venha ter uma refeicao em GRANDE, das melhores carnes q ja comi e o atendimento de grande simpatia mas informal, estavam clintes com fatos e outros com calcoes, a espera nao foi Comida simplesmente genial, grelhados de top, sem duvida um local de paragem obrigatorio para comer aqueles grelhados de porco preto. Recomendo sem duvida."
"Parabens mais uma vez. Salada mista sempre bem temperada , a mista de carne de porco preto grelhada estava no ponto. Sensacional sentimos nos em casa . Staff De Excelencia com D. Suzana"
"Boas grelhadas de porco preto, servidas com batata frita caseira e salada de tomate. Ambiente rustico Vinhos da vidigueira (Serve o proposito de bem comer!) Preco medio 15/pax"
"Por iindicacao de amigos fui a este local com a minha esposa num dia de semana. Fizemos alguns Km, nao foi facil descobrir, mas la chegamos por volta das 14h. Ao entrar, apesar de uma mesa grande 'reservada' existiam lugares visivelmente vagos para dois, pois O Toi Farois e uma aposta ganha, excelente atendimento, melhor carne de porco de sempre. Um sitio a voltar sem duvida!"
"Excelente comida, pouca variedade, mas sem problema. A pedido previo, pode ter um bacalhau fenomenal. A salada e excelente."
"Boa casa para quem vai com o objectivo defenido, grelhados, a carne e de qualidade o espaco e razoavel o atendimento e bom recomendo."
"Bom para comer grelhados bem feitos e para grupos grandes. Atendimento simpatico mas um pouco caro para o local. E bastante ruidoso."
"A saida de Beja para Serpa, recebemos um sinal de luzes e fomos desviados para Porto Peles. Paramos a moto e deixamos o cheiro a churrasco indicar o caminho. Uma porta para um patio vazio, seguido de uma porta para um cafe 'da terra' que Um lugar simples e simpatico. A Carne e divinal e a salada de tomate como ha muito nao conseguia saborear. Churrasco impecavel entre amigos e boa companhia com direito a cante alentejano e boas gargalhadas, atendimento cinco estrelas."
"Ambiente acolhedor, muito simples e o melhor porco preto grelhado que comi, pelo menos, ate hoje. Vale a pena, incluindo o preco. Muito bom!"
"Pessoal muito simpatico. Cozinha regional alentejana, para gente de trabalho. Muito bom paladar e quantidade. Preco muito ajustado."
"Otimo lugar para os carnivoros!! Especialidade em carnes de porco preto! Salada de tomate com tempero muito saboroso, viciante! Lugar simples e aconchegante, Atendimento 5 estrelas!! Muito bom super rcomendo!!"
"Excelente porco preto, acompanhado de batatas fritas e salada de tomate. Achei, no entanto, um pouco caro."
"Se quiser um local para o melhor entrecosto grelhado com salada de tomate e batata frita, vai ao sitio certo. Foi exactamente isto que fez do toi o melhor no genero. Se quiser local romantico, aqui so se o seu conceito for o de comer Carne, salada e simpatia e  tudo o que o toy tem para oferecer. Vale a pena a deslocacao para degustar o porco preto. So tem um se nao que e  a dimensao da sala."
"O sitio onde comi a melhor carne de porco preto no Alentejo. Atendimento espetacular, a qualidade preco e optima. A repetir seguramente."
"Nao e preciso ementa, e para comer porco preto com salada de tomate que e divinal. A comida e delicioso, e o servico e simpatico, com preocupacao pelo cliente. Como era a 1a vez, explicaram-nos as pecas de porco que poderiamos escolher e depois vieram-nos Nao e necessaria ementa. O menu e Porco batatas fritas e salada. Podem escolher a peca de porco que querem. aconselho vivamente os lagartos."
"O espaco em si nao e nada de especial, tem um bocado aspeto de taberna e a luz e super forte e incomoda um bocado, mas e limpo. Esta SEMPRE cheio. A carne grelhada e do melhor que ha, tal como as batatas e ate Cheguei mais uma vez 45 min antes das reservas feitas por outros clientes e nao houve mesa! Excelente comida mas nao vale a deslocacao se nao se for amigo do dono!"
"Taberna pacata, servico humilde mas educado. Espaco limpo mas pequeno. A melhor carne de porco preto grelhada que ja comi. Uma excelente batata frita e uma salada de tomate e cebola com oregaos que e simplesmente divinal. O entrecosto nao e de porco preto, mas Da melhor carne grelhada que ja comi! Muita qualidade, uma salada de tomate de chorar por mais, nada de grande mordomias, mas um ambiente acolhedor e familiar, estou ansioso por voltar."
"Excelente local para degustar a melhor carne de porco preto que ja comi !  Bem confecionada e com um acompanhamento de salada de tomate fantastica !!"
"E um restaurante simples, mas com grande qualidade na carne de porco preto, o entrecosto e maior especialidade. Agora tambem ja tem peixe que da outra opcao de escolha."
"O espaco nao impressiona ninguem pela positiva. A comida idem! Os empregados simpaticos sao tudo o que a casa oferece. E mesmo assim nao sao eficientes"
"Restaurante/ taverna  muito rustico em Porto Peles a 7 km de Beja onde se come o melhor porco preto do alentejo apenas gralhado com sal na brasa. Batatas fritas em oleo sempre fresco  e clarinhas e uma salada de tomate chucha com cebola verdadeiramente de Dos varios petiscos que avaliei com um grupo de amigos, uma nota grande para a salada de tomate e para o porco preto alentejano. Boa relacao qualidade/preco."
"Local um pouco recondito mas que no final se mostrou ser um dos melhores restaurantes a servir carne de porco preto. Simplesmente se derrete na boca."
"No Toi Farois, restaurante simples, o cliente sente que entrou num espaco muito organizado e asseado. A comida e feita na hora e alem da qualidade, o sabor e a frescura sao irrepreensiveis."
"A simplicidade da casa e da ementa podem causar algum desconforto numa primeira abordagem, mas quem prova o porco preto grelhado (qualquer parte a sua escola) com batatas fritas e salada de tomate fica rendido! E um dos meus restaurantes de eleicao e recomendo muito. Muito bom... Os melhores tomates do pais... Muito bons grelhados de porco e achigas  (deve ser assim) espetaculares... E um medronho para aconchegar... Fica tudo em beleza. Uma verdadeira aventura pelos sabores do porco preto. Excelente relacao qualidade preco, atendimento bom. Salada de tomate que e uma verdadeira delicia. E no fim um medronho para rematar. Recomendo e aconselho a quem gosta de comer boa comida. Carrega Foi."
"Situado no Porto Peles, a 10 minutos de Beja fica um dos melhores restaurantes para se comer porco preto da regiao. Chegados ao restaurante somos brindados com um local simples, desprovido de muitos aderecos tipicos dos restaurantes actuais. Os empregados sao muitos simpaticos e o Os grelhados simplesmente deliciosos e a salada de tomate entao... Excelente qualidade/quantidade pelo preco."
"Verdadeiro grelhado na brasa de porco preto, viva os abanicos e os lagartos, tudo sabe sempre deliciosamente neste restsurante em que tudo tem simplicidade a antiga e sabor do tradicional como na casa das avos. Verdadeira batata frita a acompanhar e a salada de tomate. Dos melhores lugares , grandes doses,  barato e o melhor de tudo os grelhados , Junto a nossa senhora das neves, uma localidade de nove porto peles"
"Quem nao conhece o 'toy farois' nao sabe o que e o verdadeiro porco preto. E definitivamente o melhor restaurante para se deliciar com esta iguaria, se bem, que o prato mais famoso, o entrecosto, e de porco branco, ou vermelho, mas e mesmo assim Porto Peles fica fora de Beja, em zona de quintas e casas dispersas, e um lugar com duas ruas e numa delas tem 2 restaurantes, apenas conheco um deles, o Toi Farois. Tenho a dizer que das varias vezes que la fui, apenas comi uma Localizado numa pequena aldeia fora Beja, este pequeno e simples restaurante que se destaque em uma coisa. PORCO! Enquanto porco e destaque em quase todos os restaurante em Beja, Toi farois leva-lo para um novo nivel. Preparado muitas formas diferentes, que e o mais saboroso, porco do concurso que ja comi (e que diz muitas vezes) ..a devem ter. Tambem muito romance e delicioso e a salada de tomate. com apenas o tomate, azeite de oliva, um toque de vinagre e especiarias sao combinadas em uma excelente salada. O nosso grupo de 8 passou por 2 enormes tacas! Este restaurante pode ser um pouco fora do caminho batido, vale a pena a viagem. Eu planejo estar em Beja novamente proximo outono e com certeza iremos parar nas proximidades."
