Avaliacoes
"Em final de ferias no Alrgarve, a caminho de Lisboa foi o unico restaurante onde conseguimos atendimento. O meu filho teve de fazer teste covid e o funcionario foi impecavel! Esplanada cheia com fila de espera, conseguimos mesa no interior; ambiente agradavel, staff profissional mas pouco simpatico para pessoas de fora que nao estrangeiros... Comida bem confeccionada, meias doses suficientes se nao comer muito! Gostariamos de voltar para experimentar outros pratos."
"Excelente atendimento e a comida e excelente amei e recomendo o marisco e excelente qualidade e o atendimento superior"
"Excelente marisqueira no interior do Alentejo , com viveiro e marisco muito freco. Boa relacao qualidade preco atendimento muito bom. Recomendo,  irei voltar seriamente"
"Palavras pra que...a foto da conta que paguei fala por si...atencao malta!!!!! A conta e feita em funcao do que aparentas.....Meio quilo de Perceves mais caros que Lagosta? So neste local...eu paguei porque nao sou pessoa de levantar ondas...mas..prejuizos derivados do Covid???? Ja dei involuntariamente o meu contributo para a recuperacao deste local....tirem as elacoes que quiserem!"
"Paragem para almocar apos regresso de espanha. Opcao de esplanada e interior. Fomos sem marcacao e num feriado e conseguimos lugar rapidamente. Optamos pelo terra e mar com bife de porco preto e camarao...estava espectacular! Sobremesas com delicioso aspecto"
"As instalacoes sao muito agradaveis e com uma boa esplanada de que infelizmente nao podemos usufruir por estar cheia. O acolhimento e simpatia dos colaboradores foi inexcedivel a boa maneira alentejana. O Naco de Novilho era excelente, bem confeccionado e quase se podia cortar com um garfo. Fantastico realmente. Os Percebes, cozidos na hora, eram grandes e muito saborosos. A salada russa de entrada era optima, carregada de camaroes. Os restantes pratos servidos eram tambem de boa qualidade e as sobremesas muito boas. Tiveram ainda a simpatia de de oferecer uma 'dose' extra de Jameson no fim da refeicao e do cafe. Local a revisitar, sem duvida."
"Devo de admitir que quando cheguei nao fiquei com grandes expectativas, mas era tudo muito bom, atendimento, comida, cerveja e um preco bastante aceitavel!!"
"Restaurante com uma boa e agradavel esplanada, servico simpatico mas com falta de profissionalismo em alguns aspectos, como favorecer alguns clientes em detrimento de outros. A confeccao e irregular, sendo que em alguns pratos, chega mesmo a ser mediocre."
"Muito simpatico. Excelente comida caseira. Boa relacao preco qualidade. Boa pata negra e uma boa carta de vinhos para provar."
"Bons petiscos e servico de mesa muito eficiente Recomendo vivamente Especial recomendacao para maionese de camarao e salada de polvo"
"Excelente localizacao, simpatia dos colaboradores e comida excepcional! Um sitio, sem qualquer duvida, para voltar !! Obrigada !!"
"Em Beja  faz a diferenca  pela positiva. Bom servico de mesa,  com rapidez e simpatia , mesmo com casa cheia. Menu suficiente e variado.  Entradas e petiscos bons.  O vinho servido,  branco da casa, de boa qualidade . A repetir sempre nas deslocacoes a Beja Otimos petiscos. Uma saborosa maioneses de camarao e um excelente pata negra de Barrancos, 40 meses. E provei pela primeira vez caracois, ganhei coragem e gostei."
"Atendimento bom, comida espetacular! Relacao qualidade-preco bastante agradavel. Experiencia a repetir numa proxima visita a Beja"
"Apesar do restaurante estar cheio e haver varias familias a espera, como eramos so 2, conseguimos uma mesa rapidamente. Optamos por comer petiscos. Depois da maionese e do pao alentejano torrado com manteiga, comemos uma salada de ovas muito boa, um polvo com coentros e Comida deliciosa, atendimento muito simpatico e precos muito acessiveis. A carne e muito muito boa Bem servido, bom atendimento e boa comida. O que podemos querer mais?! Muito bom, mas falta um pouco para excelente."
"Pela quantidade de pessoas da terra notava-se que iamos ter sorte. Comemos muito bem a um preco bastante razoavel. Recomendamos!"
"Depois de 20min a circular em Beja sem ver nada que nos agradasse decidimos procurar online. Baseados na sugestao de uma amiga, viemos aqui parar. Recomendamos o Terra e Mar, muito bem conseguido e saboroso. Os doces sao todos optimos e tipicos da regiao. Oferta Restaurante simpatico, comida bem confecionada e doses medias. Preco dentro da media. Pessoal simpatico. Dispoe de esplanada."
"Boa relacao qualidade preco. Bom servico e comida bem confeccionada. Nao gostei das migas com tomate. E nao achei bem colocarem as entradas da mesa sem nos perguntarem."
"Excelente. Excelente cozinha e atendimento simpatico, familiar e eficiente. Parabens. Escolhemos borrego a casa (tipo a pastor) que estava excelente. Boas e tipicas sobremesas. Bom vinho da regiao (monte das Servas)."
"Pedimos para petiscar 1/2 dose de maionese de camarao, e 1 dose de terra e mar. Ficamos bastante satisfeitos com a 1/2 dose de maionese de camarao, nao so pela quantidade servida, como pelo fator qualidade/preco, (neste caso; 3,5). Ja na dose de terra e Ha 17 anos que nao comia neste restaurante! Regressei este Verao e tive uma agradavel surpresa. Foram feitas remodelacoes, o servico continuava impecavel e a comida de chorar por mais! Pedi um terra e mar e comi um porco preto com camarao que estava 5 Todos os pratos sao de excelente qualidade, o espaco e muito agradavel, simpatia e um atendimento excelente! Adoro tudo! Muito bom mesmo! Recomendo!!"
"De regresso das ferias procuravamos um sitio para comer!! Este restaurante apareceu-nos quase por acaso, estavam todos cheios!! Disponibilizaram-se imediatamente para nos arranjar  !! uma mesa! Boa comida, caseira com uma grande relacao qualidade / preco!! Quando passamos em Beja e sempre uma opcao!"
"Nunca esperei gastar 11 numa meia dose e ficar literalmente cheio fome ( porco preto terra mar). Dose excessivamente caras para a quantidade .Empregados prestaveis e comida bem confecionado e saborosa ."
"Se ha sitio com bom. Atendimento em beja e com. Comida deliciosa desde marisco a porco iberico e aqui. Sempre bem tratados, staff bem. Disposto. Recomendo."
"Restaurante muito acolhedor. Atendimento super rapido e simpatia dos funcionarios Pratos de marisco misturados com a carne do porco preto.... divinal!!!! Recomendo 100%"
"Foi a segunda vez que almocei neste restaurante, e cada vez mais recomendo o mesmo. Para entrada comi espargos selvagens com ovo mexido que estavam divinais e uma salada russa, depois vieram umas migas com porco preto e estava tambem maravilhoso e para finalizar experimentei A comida e de excelente qualidade, o atendimento e bom, o espaco e suficiente. Os precos sao mais altos que o normal, mas nao e uma fortuna."
"Valeu pelas entradas e pelas imperais, a refeicao em si achei valor exagerado em relacao ao entregue. Uma espetada de porco preto que trazia meio camarao... Precos caros, imperial a 1,10. 2 pessoas 50 +/-"
"Um excelente sitio em Beja para um almoco com amigos . Restaurante Pulo do Lobo . Servico rapido e simpatico . Grelhados com camarao . Boas entradas . Excelente relacao qualidade preco . Recomendo numa deslocacao ao baixo Alentejo ."
"Excelente atendimento, comida muito saborosa e otimo custo beneficio. Meu pedido foi bochechas de porco, e minha esposa pediu um prato chamado Terra e Mar. Ambos estavam espetaculares, voltarei no restaurante quando regressar a Beja."
"Refeicao rapida e caseira.  Meias doses suficientes. Acompanhamento de legumes bom. Pouco peixe na carta so o comum bacalhau e polvo."
"Imenso tempo espera,.. Quando nao ha previsao e espaco suficiente, ...para servir, pede-se desculpa."
"Imperial top marisco sempre fresco e salada russa espetacular. Staff sempre atendo para que sobretudo a imperial nao falte. Restaurante obrigatorio na passagem por Beja"
"Estava completamente cheio e ate pensamos mal da nossa vida, mas rapidamente fomos convidados a sentar. O servico foi rapidissimo, com simpatia e acolhimento. Comida muito saborosa e rapida, tipicamente Alentejana. Melhor nao podiamos querer."
"Continua a ser um dos melhores de Beja. Boa qualidade, equipa ok. Experimentamos o arroz de marisco (muito bom). Ambiente descontraido. Preco adequado."
"Marisco muito fresco e saladinhas excelentes. Boa imperial. Bom atendimento e simpatia. Terra e mar e polvo grelhado muito gostosos. Cuidado com as calorias dos doces"
"muito bom. e sempre um gosto ir comer ao Pulo do Lobo. e tudo bom, o ambiente, a comida (maravilhosa) e a simpatia dos que la trabalham. de salientar o vinho 'Pulo do Lobo' Syrah"
"Atendimento muito simpatico. Entrada de maionese sem reprimenda! Tomatada (hmmm.... ) e carnes alentejanas  Mais uma vez o Alentejo a nao  desiludir !"
"Um dos melhores sitios de Beja, nunca compromete. Desde as entradas as sobremesas a qualidade e inquestionavel. Bom sitio tambem para ir beber uma imperial com um petisco so fim da tarde."
"A entrada de salada de maionese e completamente unica. Extraordinariamente fresca e de sabor inigualavel. Apenas tive oportunidade, nesta visita, de provar a espetada de polvo e uns lombinhos de porco preto ambos muito bem confecionados. Na proxima visita a Beja, garantidamente que nao deixarei Muito bom sitio, fomos la almocar e gostamos muito. Preco qualidade muito em conta. Recomendo vivamente."
"Atendimento muito bom. O presunto a maionese o pao torrado muito bom. Espetada de polvo e secretos com ovo de tomatada tambem muito bom. 100%"
"Um local com varios sabores da regiao. Tanto a carne como o peixe sao excelentes. Uma vinhaca e uma sericaia e esta feito"
"Pratos do dia muito bons. Bacalhau a casa excelente. Presunto e imperiais divinais! Servico muito simpatico"
"Por recomendacao visitei este restaurante para jantar, mas afinal restaurante ou melhor Cervejaria, muito marisco, muita cerveja e nada de pratos tipicos alentejanos. Comemos no entanto um excelente queijo de cabra, secretos bastante bons, acompanhados de batata frita normal e uma boa salada alentejana de Local muito agradavel. Bons petiscos e bem confeccionados, bom atendimento e precos dentro do normal."
"Bons grelhados, bons mariscos. Pouco tempo de espera, servico simpatico, atmosfera acolhedora. Uma escolha sempre certa"
"Para comecar os funcionarios foram super simpaticos e atenciosos. Em relacao a comida, as entradas estavam optimas. Comemos migas com secretos, os secretos excelentes mas as migas podiam estar um pouco mais saborosas, mas dentro do aceitavel. Mais uma vez, excente atendimento dos funcionarios."
"Servico muito muito bom. Desde a simpatia dos funcionarios a qualidade da comida. Recomendo vivamente."
"Mais um bom petisco em Familia como sempre tudo optimo  sempren bem recebidos e a comida sempre com qualidade"
"Restaurante muito bom em  termos de preco qualidade. Recomendo o presunto acompanhado com pao torrado, e excelente. Para prato principal o terra e mar de porco preto satisfaz, mas na minha opiniao poderia trazer mais carne e menos batata frita. Em termos de sobremesa peca Muito bom restaurante tem vertente cervejaria como restaurante comida com boa qualidade o prato terra e mar e maravilhoso os mariscos sao frescoa recomendo vivamente"
"Comida muito bem confeccionada, com um atendimento eficiente e simpatico. Fui a este restaurante por recomendacao de uma amiga e gostei da experiencia. Espero voltar mais vezes."
"Cervejaria onde se pode beber um copo ao balcao ou sentar e petiscar qq coisa Mesas tipo cafe Servico rapido, e eficiente tipico se cervejaria Boa cerveja Provamos salada polvo, camarao a guilho e maionese de camarao bons Vale a pena passar"
"E certo que quem conhece, acha que e um bocadinho caro, concordo ! Contudo, nao se importa de pagar um bocadinho mais, mas saborear sempre boa comida em qualidade, nao deve hesitar !!1"
"Espaco agradavel, servico rapido e atencioso, comida bem confecionado, ambiente tranquilo, preco justo. Estacionamento disponivel e muito perto."
"A recepcao do restaurante foi boa. E ficamos por aqui de coisas boas a dizer. Falta de atencao, Tempo ridiculo de espera e para melhorar tiraram bacalhau do meu prato a meio da refeicao porque tinham posto a mais. Ridiculo. A coca cola foi o Snack bar, cervejaria e restaurante incontornavel na cidade de Beja. A excelencia e eficiencia do servico marcam a diferenca deste estabelecimento. Um staff fidelizado que funciona em equipa assegura o sucesso do Pulo do Lobo. Pratos como o terra e mar, naco de vitela em Ha anos que sou cliente desta grande casa em Beja, e sempre fiquei satisfeito em todos os aspectos! Ontem foi uma desilusao, reparei que existe na casa muita falta de profissionalismo, na qual o empregado esquece-se de me trazer a minha bebida para a mesa, Ja algum tempo que nao ia a este restaurante, e foi uma agradavel surpresa que continua com comida saborosa. LOCAL: Perto das Piscinas Municipais e facil acesso. ESTACIONAMENTO: Ha varios estacionamentos nos arredores. ATENDIMENTO: O staff foi atencioso. aceitavel. INSTALACOES: As instalacoes, sao boas. Ha Paisagem natural de referencia! Sitio ideal para passear com amigos, familia ou em casal, em contacto directo com a natureza. Pode ser observada uma queda de agua ou andar por entre as rochas... ou simplesmente contemplar e desfrutar!"
"bom ambiente, boa qualidade. comida com qualidade. vinho optimo. bom ambiente para casais e familias. sitio descontraido. optimo para um final de tarde a ficar para a noite"
"Carne top e service simpatico. Muito Obrigado a Familia do Douro !! Sobremesas tambem muito bom. Ate um dia."
"Espaco despretensioso mas arejado. Equipa dinamica e sempre atenta. Doses generosas e bem preparadas. Estao de parabens!"
"vivo em Beja e e um dos restaurantes que frequento. Recomendo os secretos de porco preto. Tem esplanada e petiscos. Um lugar excelente para passar um fim de tarde com os amigos"
"Empregados com pouca atencao e profissionalismo. Esperas em todas as etapas: desde sentar ate ter o menu (10min), trazer a travesssa e esquecer que nao se pode comer sem pratos (mais 5min) ate que o empregado se dignasse a olhar novamente para a mesa, espera Restaurante com comida tipica e muito saborosa. Funcionarios muito simpaticos e atenciosos. Recomendo"
"Otima qualidade e servico. Esplanada bastante agradavel e o atendimento rapido e atencioso. Recomendo desde o pao torrado e o queijo, a salada de polvo e a sapateira. Algum dia que volte a passar por Beja, regressarei."
"Gostei da carta com varias aguarias alentejanas, espaco agradavel, preco simpatico e pessoal atento e simpatico"
"Excelente imperial, empregados muito profissionais , boa comida, bom marisco e boa variedade ! Recomendo !"
"Excelente ementa, comida regional muitissimo bem confecionada. Bons vinhos, boas sobremesas. Atendimento rapido e eficiente. Precos dentro da media. Vale a pena voltar mais vezes."
"Espaco amplo, agradavel e funcional para almocar ou jantar. Limpo. Pessoal simpatico. Ementa tipica de restaurantes onde o toque regional aparece. Os acompanhamentos dos pratos poderiam ser mais diversificados, nao insistindo tanto na batata e arroz. Os precos sao moderados."
"Tem fama, faz-se pagar por essa fama, mas nao deslumbra. Esta uns furos acima da concorrencia mas os precos estao um pouco para alem do esperado. Boas entradas e boa comida. Servico a melhorar. Por vezes o servico de cervejaria tende a confundir-se com o Tudo o que comi estava bem preparado e saboroso. Gostei da espetada, da mousse de chocolate e a cerveja estava bem tirada."
"Pode dizer-se que nao desapontou ... Boa qualidade dos secretos apresentados! As entradas tambem boas... enfim a repetir numa proxima visita ao Alentejo e designadamente a Beja!"
"Ex libris de Beja, o pulo do lobo mantem a qualidade de ha anos. Boa escolha de produtos regionais como queijos, azeitonas e presunto."
"Restaurante no centro de Beja sendo uma boa referencia da cidade. Boa comida com boa relacao qualidade preco. Recomendo"
"Chegei por voltas das 13h00 de sabado passado e so havia uns lugares disponiveis de resto na outra sala estava completamente cheia eu gostei das migas tavam boas!"
"O melhor restaurante que comemos em beja. O servico muito bom e profissional. Comida rapida e bastante saborosa. Precos muito baixos e acessiveis. Voltaremos sem duvida. Recomendo"
"Excelente comida servida com a tradicional simpatia alentejana. As tostas de pao alentejano, com manteiga estavamdeliciosas"
"Saimos de Beja ate Portalegre so para conhecer esse restaurante pq um amigo nos indicou. Na verdade, ele nos indicou o Tombalobos q e do mesmo do o, mas estava momentaneamente fechado para reformas. E nao nos arrependemos dos mais de 200km q tivemos de Boa localizacao. Sala bem arrumada. Bastante asseio. Pessoal qualificado. Comida tradicional. Comi Cozido de Grao, que era prato do dia, estava no ponto. Vinho da casa de qualidade. Colaborador atento e simpatico. Preco moderado. Verifiquei que tambem e marisqueira."
"Ja nao vinha ao Pulo do Lobo a mais de um ano, mas continua tao bom como eu me lembrava. Paragem obrigatoria em Beja!"
"Sempre que viajo para sul, seja para o Alentejo, seja para o Algarve, o almoco ou o jantar sao obrigatoriamente aqui. De tudo que ja provei, a que me continua a dar agua na boca sao os secretos de porco preto, comer e chorar por Mais um excelente jantar neste classico Pulo do Lobo. Quer se escolha prato ou opte pelos petiscos, fica sempre a lembranca de um optimo servico e excelente comida.. ... e com a certeza de nunca ficar 'seco' pois a cerveja nunca se acaba na mesa Muito boa comida! Marisco e presunto de excelente qualidade. Funcionarios muito disponiveis!!! Um restaurante a frequentar e recomendar!!!"
"Um refeicao muito boa. O atendimento foi bom a sapateira estava divinal. Preco razoavel para o que se comeu. Optimo vinho o que teem mesmo do pulo do lobo. Experiencia a repetir"
"Qualidade inferior ao habitual, a comida estava normal. Pareceu-me que a quantidade de comida reduziu um pouco Positivo: Petiscos e marisco de qualidade, apesar de caro. Atendimento simpatico. Imperiais muito boas. Negativo: Os pratos principais sao em pequena quantidade. Cada dose nao da para um adulto e e tudo absurdamente caro. Senti-me enganado e roubado. Nao voltarei."
"Comida simples, caseira e gostosa. Passando por Beja, vale a pena conhecer esse restaurante. Nao sera a melhor experiencia gastronica de Portugal, mas dificilmente vai se decepcionar. Pode ir sem medo."
"Simpatico e um excelente prato de secretos com arroz batatas fritas e ovo a cavalo A repetir . E aposta segura"
"Restaurante com muita fama , nao consigo vislumbrar o porque apenas pela localizacao. Um restaurante normal como muitos."
"Simpatia, boa comida e rapidez no atendimento, fiquei fa. O prato terra e mar e muito bom e a ameijoa a bolhao pato e das melhores que ja comi"
"Este restaurante tem um fama enorme, dai fui com uma expectativa elevada. Encontrei um restaurante normal, a comida igual a outros restaurante de Beja, sem a notoriedade do Pulo do Lobo. Nao justifica o preco pedido. Caro demais para a comida servida."
"Nada de especial, antes pelo contrario. Confusao e barulho no interior, e empregados agressivos e mal dispostos. Beja tem muito mais para oferecer do que este tipo de servico. Existem melhores opcoes. Nao volto."
"Tem desde os pratos tradicionais, ao marisco, com elevada qualidade no servico. Boas sobremesas e o ambiente muito acolhedor."
"Ambiente agradavel e comida saborosa servida em pratos com boa  apresentacao. Local simpatico para voltar a visitar."
"Restaurante onde a qualidade e profissionalismo predominam!! Excelentes tapas e carne de porco preto otima! ! Altamente recomendado!"
"Quando vou a Beja vou sempre este restaurante maravilhoso tem carnes fantasticas peixe maravilhoso.mas tem um prato que e sublime o terra mar,que consiste no bife de novilho e com camarao tigre. E tambem tem um atendimento 5  estrelas"
"No dia 30 de agosto ao regressar do algarve fui com a minha familia almocar a este restaurante. A comida estava muito boa e o espaco e muito agradavel. O empregado de mesa estava em dia mau, ao servir os cafes deixou cair um cafe Bom atendimento. Muito boas entradas, boa comida e bem servido. Para sair a rebolar. Recomendo as espetadas de polvo, dos poucos sitios onde me interesso por comer polvo. Mas e de salientar as tapas como entrada de uma excelente qualidade"
"Local simpatico e com boa comida. Doses bem servidas boa relacao qualidade preco e bom ambiente."
"Fantastico jantar em Beja. Restaurante lotado por gente local e por estrangeiros, numa quinta noite, e sinal que o restaurante e muito bom... Prato Terra e Mar muito bom... funcionarios super atenciosos!"
"Muito bom. Estabelecimento muito bem estruturado em que divide a parte da cervejaria e restaurante. Servico de atendimento muito bom assim como a comida confecionada. Ja la estive tres vezes e voltarei novamente, assim que possa."
"Os pratos sao bons mas foram as sobremesas que surpreenderam. O pudim de amendoa e o de mel eram deliciosos."
"Simpatia dos funcionarios, excelente comida, destaca-se o arroz de marisco e as ameijoas a bulhao pato"
"Boa comida e simpatia. A nao perder o porco preto com gambas. Otimo! A sopa de espinafres e muito boa e, como sobremesa, a sericaia com ameixa e uma opcao deliciosa."
"Recomendo a salada de polvo e o marisco. Quanto ao atendimento, e bom. A localizacao e boa, mas estacionamento nem por isso."
"Comida de muito boa qualidade. Algum tempo de espera. Servem uma dose pequena, que nao satisfaz dois adultos que comam bem."
"Restaurante  e bar bem movimentado e bem frequentado . O atendimento e bom . Serve pratos a base de porco e frutos do mar de boa qualidade e preparo . A nota destoante fica por conta de se poder fumar no interior do estabelecimento e Invariavelmente, ha ja alguns anos que almocamos por aqui no regresso de Islantilla aos domingos. Quer o servico como a qualidade da cozinha sao bons. Destaque para uma carta de vinhos locais muito razoavel e a excelentes precos. Vale a visita."
"Um restaurante de referencia em Beja. Como prato de referencia, o 'Terra e Mar' e uma boa escolha e muito equilibrado."
"Desde as entradas as sobremesas este restaurante nao desilude Sempre tudo optimo. empregados simpaticos e atenciosos. Sobremesas muito boas ... para acabar bem a refeicao"
"Excelente relacao qualidade preco. Comida muito bem confeccionada e servico rapido e bom. Por fora pode parecer um cafe convencional, porem vale muito a pena."
"Comida simples, mas boa, bem confeccionada. Quantidades justas para bom preco. Atendimento nao e simpatico, mas e cordial, eficiente, rapido e atento. Bom para petiscos ao fim da tarde."
"Restaurante simples, mas com um atendimento excelente, comida extremamente gostosa e preco justissimo..... Valeu muito a pena !!!!!!"
"excelente cozinha, de destacar o terra e mar, bem como todos os petiscos e mariscos. Magnifica imperial, sobretudo na esplanada, durante os dias de calor."
"A segunda depois de estarmos 1 hora a espera fomos roubados. Um grupo de 10 pessoas sao mal servidas escolhendo o prato da casa terra e mar."
"Sempre que vou a Beja gosto de parar neste restaurante!!! Gosto particularmente das tapas!! Aconselho, sem duvida"
"A minha preferencia ' Terra e mar' e pudim de mel. Restaurante acolhedor e pessoal muito simpatico.  sempre que possivel faco uma visita."
"Equipa ja foi melhor, no entanto continua boa onde todos sao atenciosos. Os pratos sao bons e as acessibilidades excelentes."
"Entradas boas. Prato principal 'Terra e mar' nada de especial para o preco praticado. Boa imperial e boas sobremesas. A destacar a simpaticos e boa disposicao dos funcionarios. Nao recomendo."
"Fomos 6 e fomos atendidos rapidamente e comemos uma entrada de caracois e prato de bacalhau , tudo 5 estrelas."
"Restaurante muito acolhedor, amplo e bem decorado, fazendo justica a boa gastronomia do Alentejo. Pao e azeitonas, sao de comer e chorar por mais! Precos dentro do habitual para esta categoria de restaurantes; as meias doses satisfazem qualquer estomago. Empregados eficientes, mas que poderiam sorrir Servico eficaz e simpatico, boa comida, bem localizado, refeicoes variadas, pratos do dia para quem menos tempo de espera. Muito agradavel"
"No Pulo do Lobo temos a certeza de ter sempre umas optimas refeicoes. Ambiente agradavel em sala ampla e com um staff muito atencioso. Uma das melhores opcoes em Beja."
"Qualidade muito simpatica. Empregados atenciosos e despachados. Numa cidade pequena por vezes nao e facil encontrar aonde efetuar uma refeiao mais tarde e este espaco oferece ate as 22,30 h pratos da lista e ate as 00,00 h algo para 'picar'"
"A comida a e saborosa e a quantidade suficiente. O atendimento e bastante despachado e educado. O espaco e normal e o preco foi um pouco acima do esperado. Nao foi uma agradavel surpresa mas nao foi mau."
"Bom restaurante. A espetada de polvo com batatas a murro e muito boa. O servico e bom. A sala e agradavel. Esta sempre cheio!"
"Nao tenho boa recordacao deste restaurante. Devido a um tempo de espera inconcebivel. A comida e boa e a cervaja ainda melhor."
"Boa confecao. Simpatia e preco qualidade. Voltarei assim que puder. Vou aconselhar aos amigos quando passarem por Beja. Continuem."
"Escolhemos este restaurante derivado as excelentes avaliacoes na app, e certo e que sao justas. Escolhemos por aconselhamento a especialidade da casa,  o famoso terra e mar e de facto foi a excelente recomendacao. Ambiente espetacular. Nao sendo um restaurante barato os precos sao justos. Muito bom. Comida bastante saborosa e caseira. Preco em conta. Recomenda-se chegar cedo ou fazer reserva antecipada."
"E um bom restaurante, com boa comida e um atendimento agradavel. Recomendo o Prato de carne de porco preto e camarao (conhecido como terra e mar), que deve ser sempre acompanhado com um bom vinho tinto alentejano. O preco e medio, ou seja uma refeicao A comida e muito boa. Desde o presunto e da salada de polvo como entrada, passando pela deliciosa espetada de polvo com batatas e legumes ate ao molotof de sobremesa (nham! nham!) As instalacoes encontram-se divididas em fumadores e nao fumadores e as casas de Restaurante tipico alentejano com muito boa comida e preco aceitavel dado tratar-se de uma marisqueira. Carne de extrema qualidade, entrada muito boas, produtos alentejanos, nada de enlatados."
"E um dos nossos lugares preferidos para petiscar, ja ha anos. Bom ambiente, produtos fresco e de qualidade. Pra mim o unico inconveniente e que a area toda e de fumadores o que me incomoda um pouco."
"Um bom restaurante um pouco mais caro, mas tem bom marisco, costumo visitar em ocasioes especiais. Boas entradas!"
"Decoracao do espaco ausente,espaco muito recomendado por todos. Mas no fundo e uma cervejaria como tantas outras. Normal."
"visitamos este restaurante com um grupo de amigos numa visita a Beja. o restaurante tem comida tipica alentejana, bem confeccionada e o staff e atencioso. os precos sao um pouco acima da media mas vale a pena."
"Tudo excelente desde as entradas ate as sobremesas. Tudo muito saboroso, sem duvida um restaurante a repetir numa proxima visita a Beja."
"Comemos boa comida alentejana, restaurante com servico adequado, nao tinha uma grande decoracao, mas servia."
"Mais uma vez almocei neste restaurante e voltei a nao ficar desiludido em nenhum aspeto. Desde as entradas a sobremesa tudo estava em perfeitas condicoes. Comida muito saborosa."
"Local ja conhecido. Os pratos parecem me simples, mas bem confecionados. O servico foi rapido e agradavel. Uma boa referencia em Beja."
"Restaurante familiar com bom ambiente apesar de barulhento, comida caseira e sobremesas deliciosas muito bom o pudim de mel nunca tinha provado, simpatia dos empregados,precos acessiveis a repetir duma proxima vez quando for a Beja."
"Relacao preco qualidade boa, bom servico e boa comida. Algo barulhento. Estava cheio. Bom almoco! Empregados simpaticos e eficientes!"
"Boa relacao preco qualidade. Comida bem confeccionada. As sobremesas sao uma delicia. Experimente o pudim de mel."
"Das marisqueiras que melhor marisco comi ate hoje! Excelente atendimento e uma optima gastronomia! Recomendavel para qualquer hora!"
"Refeicoes bem confeccionadas tendo por base os pratos alentejanos de carne. Com duas salas distintas para fumadores e nao fumadores. Apenas um alerta, caso passe neste restaurante algumas vezes verificara que a ementa nao tem alteracoes."
"Bom servico e comida muito boa! Acho no entanto que o preco e demasiadamente excessivo, se por um lado compreendo que haja pratos que tenham de ser necessariamente mais caros, nao compreendo por exemplo o balurdio que levam por uma dose de caracois! Ganhavam mais A melhor salada de maionese do MUNDO!! NAO HA OUTRA IGUAL! Terra e mar e camarao da Costa divinais.. recomendo e  mesmo fantastico.  Os precos sao aceitaveis para a relacao qualidade preco."
"Excelentes ingredientes, carne de muita qualidade, atendimento rapido e simples. Bem confeccionado ,doses normais,preco medio. E uma cervejaria e um restaurante de bairro com esplanada. Aconselho carne porco preto, belissimo"
"cozinha regional ou tradicional portuguesa, incluindo sobremesas, de boa qualidade e sabor a preco medio/justo"
"Comi o prato terra e mar que tem carne e alguns camaroes, para o que e habitual no Alentejo, a dose era um pouco 'acanhada', o preco um pouco acima da media."
"Restaurante tipico alentejano. Empregados simpaticos. Carne muito boa e um vinho da casa excelente. Doces conventuais dos deuses. Boa escolha."
"Muito bom. Espaco muito agradavel. Servico simpatico e excelentes pratos. O presunto e espectacular, as carnes de porco tambem. Boa carta de vinhos do Baixo Alentejo interior desde os mais em conta aos mais caros."
"Comecamos por almocar, como ficamos satisfeitos acabamos por voltar para jantar. Nao sendo um espaco muito requintado e amplo, arejado. O servico e rapido e o funcionario muito eficiente e simpatico e nao foi caro."
"Boa comida, boa carta, excelente imperial, muita simpatia e bons doces. Preco medio de 15-20. Tem sopa para os miudos e tem excelente sobremesas. E uma cervejaria e como tal tem sempre bom marisco e boa carne."
"Boa comida, servico eficaz e agradavel. Uns petiscos como entradas muito bons e com bastante escolha. Pratos principais na base de marisco e carne de porco preto. As sobremesas na mesma linha. O preco adequado"
"Boa comida a um preco bastante agradavel. O restaurante e muito concorrido,  o que o torna um pouco ruidoso e atrasa um pouco o servico. Mas a comida e boa e bem confeccionada. NOTA: A morada no TripAdvisor esta errada."
"Boa relacao qualidade/preco. Servico simpatico mas com muitas falhas nos pedidos desde o inicio ao final da refeicao."
"Esta review representa duas idas ao Pulo do Lobo na mesma semana.  Em ambas fomos atendidos pelo sr Lino,  que e um empregado simpatico,  atencioso e atento ao cliente.  A pergunta 'o que aconselha'  o sr Lino respondeu 'e tudo bom'  e e mesmo!!! A Entradas muito muito boas, espetada de porco preto muito boa. Otimo atendimento e bom preco. Das melhores refeicoes em termos de qualidade preco que usufrui. Recomendo."
"Um dos nossos restaurantes favoritos pela ementa variada e de alta qualidade, boa atencao e carta de vinhos excelente. Ambiente sempre agradavel ."
"A comida deste restaurante e de excelente qualidade. O preco e condizente com a qualidade da comida e o atendimento. Para uma refeicao feita com os pratos do dia, acompanhada com vinho da casa e com sobremesa e entradas, pagaremos cerca de 15 euros por O melhor sitio em Beja para se comer ou petiscar. Excelente o Terra e Mar de porco preto. Presunto Pata Negra. Queijo de Serpa. Bom marisco."
"Local acolhedor, pessoal muito simpatico, torradas e maionese maravilhosas. Sitio muito agradavel para petiscar ou para fazer para uma refeicao completa."
"Numa passagem por Beja para um almoco de familia, restaurante com boas entradas e doses generosas, comida agradavel e a precos acessiveis!"
"Sem qq defeito, desde a confeccao ao atendimento. E depois sem surpresas na conta. 6 *. Comida caseira e de qualidade."
"Fui jantar ja perto da 22:00, pelo que talvez nao tenha apreciado da melhor forma ,mas o ambiente era agradavel e a comida bem confeccionada e saborosa, comi um bom presunto Pata Negra Costeletas de borrego muito saborosas."
"Restaurante muito agradavel, com uma excelente gastronomia, de grande qualidade e um servico muito cordial e eficiente. Um local de referencia em Beja."
"Passado um ano, nada mudou... Tudo na mesma. Comida vulgar. Precos elevados. Nada de especial. Apesar de serem necessarios pelos menos cem caracteres, nada mais tenho a acrescentar."
"Tudo o que se peca e de alta qualidade, praticamente sempre cheio pelo que podera haver algum tempo de espera"
"Solicitei no hotel uma sugestao para ir jantar. Nao desiludiu. boa qualidade das carnes. Especialidade da casa 'terra mar' muito bom . estava cheio e houve uma espera de 20min. Staff eficiente."
"Atendimento excelente e o que servem fazem-nos sentir parte do Alentejo. Paragem obrigatoria a partir de ontem!"
"Gostei muito do restaurante. Servico de qualidade a bom preco. Atendimento de qualidade com atencao e simpatia. Comoda muito boa e regional. Recomendo."
"Excelente localizacao Espaco arejado,com uma agradavel esplanada . Servico competente ,cordial e,normalmente ,rapido Muitos aperitivos com marca alentejana , cozinha bem confeccionados ,com especial indicacao na comida regional Cerveja bem tirada."
"Foi um dia inesquecivel , Excelentes entradas Terra e mar prato principal Marisco 100% fresco Ostras top+ Recomendo E continuo a ir em familia Parabens"
"Restaurante muito bom,  com uma optima esplanada,  onde se pode tomar uma refeicao ou simplesmente petiscar. Servicos excelente,  sem nenhum ponto negativo a salientar.  Preco adequado a relacao servico/qualidade"
"Servico,  comida,  espaco, tudo mas tudo agradavel e sempre a repetir. Vale a pena e a nao perder este espaco de degustacao"
"Apesar do aspecto pouco apelativo do exterior do edificio, a sala de refeicoes e bastante ampla e agradavel. No que respeita a parte gastronomica, de salientar  que todos os pratos sao muitissimo bem confeccionados e o servico e bastante profissional .Destacam-se os pratos regionais."
"o prato caracteristico desta cervejaria  o mar e terra e maravilhosamente bom. todo o resto e de acompanhar... talvez um dos sitios para beber uma cerveja como deve de ser Os pratos sao razoavelmente bem confeccionados, mas as meias doses deveriam ser chamadas de mini-pratos e as doses deveriam ser chamadas de meias-doses. O Terra e Mar e o prato que se destaca e com razao. O empregado foi solicito e muito profissional."
"Com estacionamento facilitado, a sua imagem exterior nao corresponde a agradabilidade interior encontrada. Carta regional, qualidade boa, preco certo e atendimento muito bom. A repetir!"
"Tudo o que pedir e bom, 5 estrelas. Sucesso garantido. Servico simpatico e muito eficiente. O reverso da medalha e que as doses sao pequenas e os precos grandes  Melhor bacalhau que comi em Portugal. A salada russa e imperdivel e o polvo e fantastico. Estando ou passando por Beja este e o lugar."
"A vincada pronuncia alentejana foi logo um bom prenuncio. Uma salada russa e um pao torrado com manteiga deitaram por terra qualquer afirmacao de 'hoje vou portar-me bem'. Uns camaroes de Mocambique cozidos, um porco preto com camarao grelhado e um bolo de requeijao a Uma bela cervejaria com um atendimento simpatico e impecavel. Tivemos a sorte de na ementa constar savel frito com acorda de ovas do mesmo e valeu bem a pena. De entrada a salada de polvo muito bem temperada e saborosa estava irrepreensivel, os camaroes eram Apesar das gostosas entradas bem como a boa confeccao do prato principal, algo me deixou muito indignado neste restaurante, e que nao me vai fazer voltar. Para a mesa foram pedidas 2 doses, e chegou a mesa um prato, onde o empregado refere que eram Aqui encontramos muitos boas opcoes gastronomicas, boa carta de vinhos e petiscos maravilhosos. O seu servico desde ha muito que se mantem optimo."
"Bom em mariscos e em pratos regionais. Duas salas com ambientes distintos. Gastronomia regional alentejana de nivel superior."
"Tanto da parte do restaurante como da parte da cervejaria a comida e muito boa recomendo vivamente. A salada russa e excelente"
"Otimo local para petiscar pratos tipicos alentejanos , um bela imperial com amigos . O ambiente e espetacular e um otimo local para estar com amigos e saborear otimos petiscos ."
"Fomos la recomendados. Pelo apecto exterior parece banal, mas e excelente. Excelente restaurante e melhor marisqueira. Tem sala para fumadores. O servico e simpatico, profissional e intuitivo. O funcionario antecipava o que precisava-mos. Esplanada com bom tempo. Estacionamento facil. Bem frequentado. Vale bem um desvio Comida de muito boa qualidade! Os precos praticados nao sao elevados tendo em conta a qualidade da refeicao."
"E um restaurante com petiscos muito bons. Se quiser tomar uma refeicao mais completa tambem pode. A comida tem muita qualidade. O atendimento e simpatico. No verao nao deixe de frequentar a esplanada e comer um prato de caracois, sao maravilhosos."
"Para mim um dos melhores restaurantes de Beja. Nao e dos locais mais baratos mas acho que a comida compensa. O presunto das entradas e sempre fantastico mas e pelo prato Terra e Mar que volto sempre. Este prato premiado pode ser de porco normal Bons petiscos e bons jantares . A carne e muito boa , principalmente a carne de porco preta grelhada. As entradas sao uma tentacao . O pessoal muito simpatico."
"E um dos melhores restaurantes em Beja, as entradas sao muito boas e variadas, os pratos de carne e peixe sao de boa qualidade, principalmente os de carne de porco preto. O custo da refeicao podera ser elevado se optarem por comer entradas, doses completas O melhor da refeicao sao as entradas. Servem umas boas ameijoas, presunto, queijo, camarao, gambas. Os pratos principais nao deslumbram quer pela qualidade bem como pela quantidade, e medio no que oferece."
"Restaurante agradavel, sem tradicionalismos de decoracao, mas com comida tradicional alentejana bem confeccionada e variada. Bom ambiente, embora nao abunde o espaco. Pessoal competente, prestavel e simpatico."
"Vista deslumbrante, tiramos inumeras fotografias. O caminho e longoe tem que se ir num espirito positivo,mas vale a pena a vista e de facto magnifica. a paisagem esmaga-nos."
"Restaurante com bom ambiente e cozinha reconhecida Boa variedade de opcoes Servico lento Preco razoavel com vinho (aproximadamente 22 pessoa) Excelente carta de vinhos"
"O atendimento e do melhor que ha, simpatia e eficiencia. Servem sempre a todas as horas, as entradas sao optimas maionese de camarao, presunto....o prato principal e sempre do melhor muita qualidade, febras de porco preto,o terra e mar, polvo a lagareiro e todos os Come-se bem, o servico e normal. Cumpre dentro da normalidade. A localizacao e boa e se nao souber de outro restaurante melhor, neste nao ficara insatisfeito."
"As entradas sao fabulosas! O pao torado, o presunto e o queijo sao uma maravilha! O bitoque de porxo preto foi a cereja no topo! Uma refeicao a repetir!"
"Restaurante muito agradavel e com muito boa comida !  Boa carta de vinhos ! Atendimento profissional e afavel !"
"A expectativa nao era nada boa, as criticas lidas eram pessimas. Toda a refeicao foi uma contradicao ao que tinha lido. Desde as gambas a guilho DELICIOSAS, aos lombinhos de vaca com ameijoa que estavam de comer e chorar por mais! Nao houve nada na Terra e Mar, um prato a experimentar para quem gosta de porco e camarao. Docaria muito boa. Servico sem qualquer reparo."
"Uma desilusao. Comida normal, mas precos muito elevados. Servico sem reparos. Uma desilusao, dadas as referencias que tinha ouvido e lido O espaco deixa muito a desejar desde que se entra ate que se sai. A comida e muito cara para a qualidade do restaurante e as doses sao pequenas demais. Os empregados nao sao nada simpaticos e nao parecem aptos a servir. A decoracao do Apesar da grande variedade de petiscos, estes nao sao baratos e o servico tambem nao e nada de especial. Precos demasiados elevados para o tipo de servico e comida servidos."
"Adepto confesso da gastronomia alentejana, a comecar pelos enchidos, estava curioso em conhecer este famoso restaurante. Fui num dia de semana ao almoco e tive de estar a espera por mesa o que revela, so por si, a qualidade do restaurante. Sem grandes atrasos foram Local simpatico no coracao de Beja boa sala com ar condicionado e tiragem de fumo pode-se fumar, boa esplanada. Imperial no ponto e sempre geladinha, gamba da costa maionesse de gambas e um picapau de porco preto que e de chorar por mais.. entre outras Terra e Mar talvez o prato mais conhecido e apetecido, uma mistura de Alentejo com sabor a mar, tem no entanto outros pratos igualmente bons."
"Comida tradicional razoavel mas com um preco demasiado elevado! Muito barulhento na hora de almoco. Atendimento demasiado apressado."
"Ambiente muito confortavel e atendimento rapido eficiente e dedicado. Comida alentejana de elevado nivel. Perguntem pelo Gaspacho (Vinagrada) com carapauzinhos ou tomatada com carne. Para quem gosta de Marisco tem tambem a sua disposicao diversos petiscos. Sem duvida um lugar a voltar....repetidamente. Refeicao entre 9 a 12 e e bastante bom e rapido! Sempre que comi la foi carne e sai sempre satisfeito! Pelo que me disseram, e dos melhores de Beja! Recomendo!"
"Entradas fantasticas,  boa comida um servico de excelencia por parte dos empregados. Simpaticos e eficientes. Um sitio para voltar quando visitar beja novamente."
"Local agradavel , os funcionarios sao muito despechados e se encontrar estacionamento facilmente.... A esolha recaiu sobre o 'Terra e mar' e apesar de os doses servidas e os precos nao serem da mesma proporcao...estava muito bom... Aconselho reserva de mesa, pois dez minutos de Muito boa qualidade na confeccao dos pratos, assim como no atendimento e servico por parte dos empregados. Uma ementa bastante apelaria."
"Por ser a primeira vez optei por pedir o prato mais falado que e o Terra e Mar, e fiquei satisfeito. Mas outras pessoas do grupo pediram outros pratos e o bom aspecto era comum a todos eles. Uma ementa de pratos tipicos portugueses na Gostei muito de ver a zona, nomeadamente a cascata do pulo do lobo, situada na herdade. A erosao aquatica e eolica deixam ver um cenario muito interessante, com rocha em xisto, cujas laminas dao ao cenario um aspecto interessante. A forca da agua era impressionante."
"Com as expectativas muito altas, decepcionou-me bastante. As especialidades, nao sao especiais, o servico e demorado e a relacao qualidade preco e baixa... louvavel somente na diferenciacao do restante que existe na cidade de Beja."
"Fui no dia dos namorados aconselhada por amigos correspondeu ainda mais do que a minha expectativa, certamente iremos voltar!"
"Um dos melhores restaurantes de Beja, servico e muito rapido e funciona perfeitamente! A qualidade e realmente muito boa. O prato mais famoso e o 'terra e mar'."
"Considero dos melhores restaurantes de Beja. Todos os pratos sao bem confeccionados, mas o predilecto sera sempre o Terra e Mar! Os empregados sao simpaticos e atenciosos. O espaco e acolhedor, decorado de forma simples. Costuma ter fila de espera, mas vale a pena!"
"A comida e boa e bem-feita. Sugiro o terra e mar: camaroes grelhados, porco preto e respectivos molhos. Funciona. Recomendo!!"
"Bom atendimento O pratos regionais, o picado de porco preto, gaspacho alentejano... Qualidade/ preco acessivel Muito bom!"
"Gostamos do prato estrela 'terra e mar'. A sobremesa tambem estava deliciosa 'bolo de requeijao e noz'. Voltaremos.. Um restaurande com muito boa qualidade na confecao e materias primas. A provar  : a sapateira e a maionese de camarao( em pleno baixo alentejo) enchidos alentejanos de qualidade e polvo grelhado macio e saboroso! Uma variedade de entradas  grande e pratos diarios ao almoco Depois de muita gente me falar no magnanimo pulo do lobo. A comida nao era ma, o dissabor veio com o preco que nao compensou a qualidade"
"Restaurante simples, mas com comida muito boa. Experimentei as espetadas de polvo e o terra e mar de porco preto e estou muito satisfeito."
"E um restaurante que vale a pena conhecer em Beja, o Terra e Mar, a maionaise, o Naco frito com ameijoas sao pratos que valem a pena ser degustados."
"Segunda vez que estamos neste restaurante a prumeira foi ha quatro anos voltei a repetir o prato Mar Terra de porco preto, foi do melhor! Passados 4 anos volto a aconselhar."
"Recomendo a quem visitar Beja, pratos bem confeccionados, sobremesas saborosas, em suma uma experiencia agradavel."
"Restaurante simples mas muito afamado. Atendimento descuidado beirando a falta de cortesia. Boa comida, mas nada que me faca voltarpu indicar."
"Dos melhores Restaurantes que ja comi, uma excelente equipa de trabalho, muito atenciosos e um bom ambiente. Aconselho"
"Com a aparencia de um restaurante vulgar, tipo cervejaria, tem um servico muito bom e a comida e fantastica. Se gosta de lampreia, va na Primavera, ligue a encomendar, e delicie-se com o arroz da dita. Digo o mesmo para uma acorda de savel. Os Muito bom! Boa relacao preco qualidade! Com estacionamento! Comida bem confeccionada ! O copo esta sempre cheio!"
"O atendimento e 5* e a gastronomia de se lhe tirar o chapeu! Aconselho o marisco e caso tenha menos tempo pode optar pelas sugestoes do dia! Comi uma espetada de porco preto que deixa muitos restaurantes de topo a morrer de inveja... Nao so Restaurante de aspeto basico, tipo cervejaria. Encanta pela qualidade da comida que apresenta, desde a carne, ao bacalhau e ate ao marisco. As entradas sao deliciosas! Muito bom! Vale a pena experimentar!"
"fomos ao Restaurante Pulo do Lombo com a intencao de petiscar qualquer coisa, acabamos por jantar , nao foi mau mas para o preco esperava melhor qualidade o servico e bom muito embora o restaurante estivesse com muito movimento."
"Tinha o porco do corte, nao sei o que nos pedimos mas desejo que nos pedimos mais ! Chips nao eram necessarios / un-necessario e old / frio, mas o corte porco era de morrer! Gostosa gostosa gostosa. O lugar estava cheio de pessoas locais que tomamos como um sinal, agora sabemos porque. Com certeza ir la novamente. O Servico foi otimo para comecar com, mas muito lento quando veio para obtencao da conta .... mas eles estavam ocupados!"
"Este e um bom restaurante para visitar em Beja mas eu recomendo a visita-lo bastante dias porque a qualidade do servico vai para baixo em dias muito movimentados, bem como a simpatia dos funcionarios. E limpo, simples nao gosta, mas a comida e boa e tem espaco para familias e grupos. Eu daria uma classificacao melhor se a qualidade foi sempre a primeira vez que fui la quando havia menos pessoas e a qualidade geral foi melhor. A meu parecer, um bom restaurante tem de manter os padroes em todos os momentos."
