Avaliacoes
"Atendimento optimo, empregados muito Simpaticos e atenciosos Comida optima e saborosa, da carne ao peixe Precos muito bons"
"Mesmo em momentos dificeis (covids e take aways), Sr Antonio e sua equipa sempre disponivel para satisfazer o cliente. comida muito boa! Vale 6*. Continuem assim! mais uma vez obrigado!!"
"Este restaurante tem menu infantil o que nos incentivou a entrar. O servico e feito com simpatia e prontidao. Eu e a minha filha gostamos e pretendemos voltar."
"Apesar de ser um pouco demorado, a comida estava otima, o atendimento muito simpatico e familiar. A sala e muito caseira e o ambiente agradavel. Recomendo a toda a gente que aqui vier."
"um espaco muito agradavel na cidade de Beja, com um menu interessante. Tem comida tipica alentejana mas tambem e um local bom para comer uma francesinha."
"A comida nao e nada de especial. O empregado foi indelicado. Tratava-se de um aniversario e este foi muito rude. Quando se presta um servico, as simpatia, delicadeza e boa educacao sao essenciais! Nao volto."
"Staff impecavel,  boa apresentacao  e precos  convidativos. A  primeira vista parece daqueles restaurantes carissimos, entramos e.....vemos que e  tudo uma questao  de bom gosto! Boas entradas, pao  delicioso e comida bem confeccionada. Foi uma surpresa muito agradavel,  na proxima vez que voltar a Beja,  certamente que voltarei."
"Notamos que muitos dos moradores de Beja vinham aqui para comer e decidimos tambem. Achei a comida bem feita tipica alentejana."
"Fomos ao almoco sem saber bem como ia ser... pedimos uma espetada de porco preto e umas tirinhas de choco a setubalense. A espetada vinha com camaroes que ja deviam ter uns meses congelados ja que o aspecto era tao mau, ainda me aventurei a comer um mas deixei logo o outro de lado. A carne tinha sido marinada com pimentao ou algo semelhante e nao sabia bem. As batatas da espetada sabiam a choco. O choco parecia pastilha elastica ja que os pedacos de choco eram enormes e a tempura apesar de nao ser ma era pesada demais. Bebemos o vinho da casa que pelo preco e optimo, o pao era formidavel assim como as azeitonas e os senhores ate eram simpaticos. No entanto, pagamos demais para o pouco que conseguimos comer... deixamos quase tudo no prato e so queriamos sair dali por causa da desilusao."
"Primeira vez neste restaurante e foi uma surpresa, para alem de relativamente barato a qualidade que apresentante e formidavel! Equipa de sala simpatica e atenciosa! Experiencia a repetir!"
"Espaco acolhedor e boa comida, nao so tipica alentejana, como as outras. Simpatia dos empregados. Espaco bom para jantares convivios"
"Quando se vai a um restaurante sem referencias fiaveis sucedem azares... foi o que me sucedeu a ir a este restaurante. Pedi um bife da casa por ser, em principio uma escolha certa. A familia escolheu entre peixe grelhado e secretos de porco. O bife Restaurante tradicional. Cozinha regional e internacional. Ao almoco funcional, rapido e adequado quanto aos pratos do dia, os restantes mais demorados (demasiado). Atendimento simpatico e competente. Excelente bife a cafe. Muito acima do normal para grupos com menu previamente combinado - qualidade alta e preco Comida tradicional muito saborosa, empregados muito simpaticos e atenciosos, servico rapido e bom preco."
"Um espaco normal mas com um bom nivel de atendimento, e uma cozinha simples mas muito bem confeccionada com sabores de excelencia. Para quem nao e da terra, como eu, adorei e recomendo. EXCELENTE relacao qualidade preco. Vou voltar."
"Encontramos este restaurante quase por acaso, mas em boa hora. O servico e rapido e a qualidade acima da media. Os funcionarios sao eficientes, atentos e prestaveis. O preco foi muito acessivel tendo em conta o que foi servido e a qualidade do mesmo"
"Comida tradicional portuguesa, staff muito simpatico e relacao qualidade-preco optima. Aconselho a fazer reserva pois e bastante movimentado."
"E aconselhavel chegar cedo, precos acessiveis com qualidade razoavel, pratos tipicos da regiao, bom atendimento. Boa qualidade preco."
"Um restaurante simpatico mas que podia ser um pouco melhor em termos de demora nos pratos mas tirando isso . Simpatica e confeccao excelente ."
"Comida muito boa. Pratos tipicos da regiao. Excelente relacao qualidade preco. Very good food. Excellent value for money."
"Refeicoes tipicas alentejanas. A comida e boa e com qualidade. Os funcionarios tem um bom atendimento. Boa relacao qualidade preco. Entre muitos pratos sugiro migas de tomate com camarao."
"Refeicoes sempre deliciosas, optimo atendimento, e a relacao qualidade/preco e realmente muito boa... E um dos meus restaurantes de eleicao e volto semrpe la, tanto para jantares com amigos, como para jantares em familia!"
"Adorei simpatia dos empregados e comida mt boa!!!! Lugar a aconselhar Ementa mt boa tornasse dificil escolher entre tanta coisa boa"
"Qualidade de servico simpatia acima de tudo e comida de qualidade vou repetir Boa carne bons vinhos acorda de marisco especial"
"Conheco bem a maioria dos pratos da ementa, muito bem confecionados, em boa quantidade e a precos muito acessiveis. Existem sempre varias opcoes de sobremesa (o cheesecake de frutos silvestres e otimo). O atendimento e excelente."
"Este Restaurante tem uma ementa bastante variada e por esse motivo a escolha e ampla, o ambiente e descontraido, bom servico de mesa, comida regional e saborosa. Precos sao adequados aos pratos, bom ambiente e isso que o cliente procura. Este restaurante esta quase sempre Restaurante familiar agradavel onde se come bem e a um preco acessivel. Equipa bastante simpatica e prestavel."
"Infelizmente, este restaurante foi fechado para ferias durante a maior parte da nossa estadia em Beja, ou teriamos ido mais vezes. Muito popular entre os habitantes locais. O nosso jantar (porco grelhado e pescada com molho de camarao) foi excelente, e o servico muito amigavel. Com meio litro de vinho, a conta chegou a menos de 20 euros."
