Avaliacoes
"Boa relacao precos/qualidade. Staff simpatico, atento ao cumprimentos dos normas de protecao no contexto covid-19."
"Adorei o local. As opcoes sao interessantes, provei um dos pratos do dia e sai extremamente satisfeito. O antedimento e excepcional. O que mais me agradou foi a simplicidade e simpatia das pessoas. Perfeito"
"Moderno, limpo, rapido atendimento, central, comida boa e com bom preco. De sobremesa os crepes com gelado sao divinas"
"Funcionarios muito educados, simpaticos, sugeriram como sobremesa um doce muito bom, com um misto de frio e quente muito saboroso... a repetir!!"
"Quando chegamos o restaurante estava encerrado para descanso do pessoal no entanto o dono Ioan abriu o restaurante para nos as 15:30. Bifinhos com cogumelos e feijoada de chocos foi o que pedimos para almocar. Estava espectacular. Recomendo a todos. Bom e barato. Muito obrigado."
"Excelente restaurante, pratos apetitosos, staff muito simpatico, ambiente renovado e muito acolhedor. excelente relacao qualidade-preco!"
"O pessoal e muito simpatico. O ambiente e acolhedor e calmo. A comida e boa. Encontra-se bem localizado."
"Boa comida, bom ambiente, bom atendimento. Dos melhores restaurantes de Beja para fazer jantares de grupo."
"E muito bom ! Tem precos em conta e a comida e top ! Fui num jantar de anos , fomos tratados 5* recomendo vivamente !"
"Muito bom. A comida, o ambiente e o atendimento sao otimos. Ambiente simples e aconchegante. Vinhos bons."
"Nos comemos aqui para o almoco, tivemos o salmao e ficamos muito impressionados. Nos somos do noroeste dos EUA, incluindo o Alasca, e tivemos muito salmao. Isso foi preparado com muita simplicidade e muito saboroso, tanto que voltamos para jantar no dia seguinte. O casal que era dono do restaurante era muito bom, eles imigraram da Romenia e nos gostamos de conhece-los. Os precos sao muito razoaveis: tivemos dois jantares de salmao, sopa, salada, 1/2 litro de vinho e chegou a apenas 20 euros. Apos quatro dias em Beja, este e definitivamente o nosso restaurante favorito."
"O servico pode ser lento e severo - na verdade, a primeira vez que tentamos ir, fomos ignorados e deixados - mas a comida e boa e com precos razoaveis."
"Comida deliciosa: saborosa e em boa quantidade. Me deu uma sensacao de'comida da mae'. Pratos bem apresentados. A equipe atenciosa e bom preco."
"Depois de um passeio curto por esta cidade doce nos descemos para ter alguma lanchonete. Fomos recebidos por um anfitriao muito dedicado e simpatico. Ele nos deu muitas dicas sobre comida e vinhos. Nos nos sentimos muito confortaveis e amor para voltar."
"Restaurante restaurante restaurante restaurante restaurante restaurante restaurante simp simp simp simp motivo motivo motivo motivo motivo motivo motivo motivo motivo motivo Experimente este lugar com pessoas graciosas, como cozinheiro caseiro, excelente comida portuguesa e precos fantasticos! 5 estrelas em servico, preco e valor =)"
"Este pequeno restaurante serve tanto para casais como para grupos de amigos. Ambas as nossas visitas foram excelentes. A primeira foi uma refeicao italiana, a segunda foi cafe, Brandy e sorvete. O servico e simpatia nao poderia ser superado. Um casal maravilhoso. A localizacao e literalmente oposta a Pousada Beja."
"E um pequeno restaurante de comida italiana. O proprietario e muito simpatico, usando seu telefone celular com os aplicativos de traducao on-line do Google para se comunicar conosco. Eu pedir macarrao de cogumelos e bacon, gosto e excelente. E muito melhor do que muitos outros restaurantes italianos nas grandes cidades. Os outros pratos, como peixes grelhados, tambem sao bons. Preco de comida e muito razoavel, um lugar agradavel e amigavel para desfrutar da sua refeicao."
