Avaliacoes
"Dos melhores restaurantes a que ja fui! Comida otima e atendimento melhor ainda. E raro encontrar restaurantes com um ambiente e um atendimento tao bom."
"Da vinda do Algarve foi preciso fazer uma pequena pausa para almocar antes de se seguir caminho para Evora. Fomos super bem atendidos pelos empregados que eram muito amaveis e prestaveis, que quando por engano nosso ainda nos deixaram trocar um pedido. As instalacoes para alem de serem bonitas tambem estou muito bem higienizadas. As mesas e as cadeiras sao higienizadas logo apos a utilizacao para evitar contagios da COVID. Muito obrigada pela atencao por parte de toda a equipa e continuacao de um excelente trabalho."
"Hamburgueres muito bem confecionados, com sabor, substancia, carne legitima, uma experiencia nada a ver com cadeias de fast food, com muito mais qualidade e a um preco quase identico. Casa agradavel e equipa muito simpatica. Uma experiencia a repetir!"
"Comida razoavel,  carne seca e molho de francesinha com cheiro de knorr. Atendimento pessimo,  neste caso em particular falo da senhora de oculos loira que nao responde a perguntas feitas por clientes e com atitude de superioridade para com os clientes. No final da refeicao foi pedido factura ao qual respondemos obrigada , como desde do inicio da refeicao sem resposta , atirou a mesma para cima da mesa e virou costas e com o tom arrogante disse 'adeus obrigada '. Nao aconselho a visitarem o restaurante,  pecam take away ou delivery, porque em termos de atendimento faz sentir que nao somos bem vindos. Os empregados nao estao identificados pelo qual nao posso dizer o nome da pessoa em questao Variedade e excelentes sabores. Ambiente espacoso e muito agradavel. De comer e chorar por mais.. De todos os locais onde ja fui jantar fora, este e de todos o meu favorito. Boa relacao preco qualidade, e a comida tem um sabor incrivel! Adorei"
"Restaurante onde queremos sempre voltar !! A qualidade e elevada e o servico eficiente e simpatico. Muito boa oferta de sumos naturais. Parabens e continuacao de bom trabalho."
"Muito bem servidos. Comida saborosa e muito bem confeccionada. Sem duvida uma experiencia muito boa. Recomendo."
"O servico e rapido e a maioria dos ingredientes tem qualidade. No entanto, nao gostei da carne de vaca. Acho que o excelente bolo do caco e os restantes ingredientes, mereciam ser servidos com uma carne a altura. O restaurante podia ter um pouco mais de ambiente. Quanto ao preco, nota positiva."
"Tudo muito bom A decoracao simples mas atractiva Em destaque os hamburgueres (pedimos o bolo do caco e o de porco preto mas trocamos a carne de porco por frango) e os sumos naturais (o sumo de espinafres com maca e ananas era top) Iremos voltar com certeza"
"Frequento com regularidade este local desde a sua abertura. Muito bom servico e excelente comida. Adoro e recomendo."
"Atendimento pessimo! Super mal educadas... enquanto os clientes fazem o pedido estas encostam-se a mesa do lado como se tivessem contrariadas, tiram produtos especialmente molhos da mesa de uns clientes para os outros a descarada. Terrivel no entanto a comida e razoavel."
"Nos meus 47 anos de vida so tinha enviado o meu prato para tras 1 vez, no estrangeiro,  por causa dum cabelo, ha 10 anos atras e note-se vou a restaurantes todas as semanas. Hoje fui a esta hamburgueria e so nao enviei o meu Uma desilusao. Dia 31, com a Hamburgueria completamente cheia, a senhora disse-me, depois de ter iniciado o seu almoco, que o hamburguer estava 'cor de rosa', medio passado. Disse-me que gostava de carne mal passada mas, no que respeita a carne moida, preferia bem passado. Visita rapida a Beja, quando foi altura de almocar escolhemos a hamburgueria da avenida. Atendimento muito simpatico. Espaco muito acolhedor e bem decorado. Comida boa e com muita variedade de escolha. Atendimento rapido. Boa escolha"
"Sala cuidada, bom ambiente, staff atento, hamburguer artesal e muito saboroso, nao podia ter corrido melhor."
"Vale a pena visitar este espaco. Profissionalismo aliado a produtos de qualidade e ainda com uma atencao ao detalhe e bom gosto assinalavel. Os proprietarios atras do balcao a comandar e bem a equipa e o servico rapido eficaz e profissional. A comida de qualidade Os hamburgueres sao muito bons, com muita variedade de ingredientes e com aquele sabor caseiro. Recomendo as batatas doce fritas."
"Bom hamburguer e bom bolo do caco para entrada, rapidez e simpatia no atendimento. A unica coisa que nao estava muito bom era a limonada, nao sei o que estava mal ao certo mas a limonada nao sabia. Espaco bastante acolhedor e com uma boa Servico rapido num espaco agradavel. A carne era boa e bem confecionada. As batatas fritas nao sao o que eu considero  como batatas fritas tradicionais e nao gostei."
"Hamburgueria situada no centro de Beja. Decoracao simples, moderna vem trazer um outro nivel ao que estamos habituados a ver em muitas outras hamburguerias algo que hoje em dia esta na moda. Casa com uma grande variedade de hamburguers desde vegetarianos a passar por algo Comida razoavel, espaco entre mesas muito apertado, sem um minimo de privacidade. Preco elevado para comida apresentada. Empregados e gerencia sem simpatia nenhuma."
"Espaco engracado, mas a imitar as N hamburguerias e outras 'ias' que vao surgindo por todo o lado, com o tipico quadro negro com ementa a giz. O hamburguer de frango com molho de mostarda e mel estava comestivel. As batatas as rodelas nem tanto, Excelente hamburgueria no centro de Beja. Uma decoracao moderna e estilo acolhedor. Pela primeira vez numa hamburgueria, encontrei duas opcoes vegetarianas: batata doce e grao. Optei pela de grao e estava muito saboroso. Adorei! Para alem disso, sublinho a atenciosidade dos funcionarios, extremamente preocupados connosco Consiste num local agradavel como opcao para tomar uma refeicao nesta localidade. O local apresenta uma decoracao moderna e leve, com opcoes artsanais de qualidade e um servico adequado."
"Boa comida, bons hamburgueres caseiros. Entrada saudavel neste caso palitos de cenoura. O meu hamburguer veio com molho tikka masala, mas pedi em pao bolo do caco, pedido possivel visto na carta haver essa opcao, tal como o tipo de batata. O hamburguer da minha Ambiente e decoracao muito agradavel, atendimento simpatico e comida muito boa. Recomendo a qualquer um."
"Lugar girissimo, com uma decoracao muito agradavel, empregada muito simpatico, hamburgueres excelentes com umas batatas fantasticas, precos muito acessiveis"
"Pessoal simpatico, comida variada e saborosa. Servico rapido. Boa localizacao. Estacionamento perto."
"Espaco giro e moderno.  Arendimento rapido.  Desaconselho o hamburguer vegetariano de grao: sem sabor, desfaz-se todo."
"Bons hamburgueres e boas batatas. Atendimento muito rapido. Staff muito simpatico e prestavel. Espaco acolhedor, agradavel e com decoracao moderna."
"Bom servico, boa a refeicao. Ambiente agradavel. Bom para grupos. Acesso facil. Precos acessiveis. A repetir."
"Hamburgueria muito simpatica, jovem limpa e com boa decoracao. A comida e de qualidade e as sobremesas sao muito boas. Parabens a equipa que tambem e bastante simpatica"
"Almoco de amigas mas nao sabiamos ao certo onde. A minha amiga disse que eu precisava experimentar estes hamburgueres, no inicio confesso que estava com receio da carne ser seca ou algo parecido... A verdade e que foi tudo perfeito o servico rapido e simpatico, Positivo: Espaco bem decorado e confortavel. Atendimento muito simpatico, atencioso e extremamente rapido. O menu de hamburgueres sofreu uma melhoria bastante positiva, uma vez que tinha la ido pouco depois da inauguracao e nao ter gostado. Hoje esta bastante melhor. Negativo: Nada a registar."
"Espaco moderno e acolhedor. Ementa variada, para todos os gostos.. Os Hamburgueres fantasticos. Servico de pedido para fora eficiente!"
"local muito agradavel, espaco divertido, os hamburguer de muito qualidade  e excelencia, hamburgueres  diferente e muito saborosos."
"Ambiente muito tranquilo. Fazia falta mais assim em beja. Staff simpatico. E a comida vem confeccionada e saborosa. Sem duvida para repetir"
"Muitas pessoas escolhem ir ter uma refeicao a este restaurante que sendo de hamburgueres a carne e de excelente qualidade e acompanhada de excelentes batatas fritas."
"Das vezes que ca viemos....por acaso foi sempre ao jantar...mas isso diferenca nao faz....sempre impecavel....em tudo...atendimento, excelente qualidade e preco acessivel"
"estava sozinho, procurava espaco moderno/jovem e encontrei, boa musica, atendimento simpatico, os hamburgueres sao muito bons,tao bons, que comi 2, capoeira e o Caco, as batatas fritas sao excelentes, grandes,finas e super estaladicas, mas atencao, tem ervas aromaticas,eu gostei muito,preco adequado a qualidade,talvez um dia,quando Mais um almoco num local tranquilo e com excelentes hamburgueres. Na foto um Ingles xxl. Excelente mesmo para quem esteja de passagem por Beja."
"Nesta hamburgueria tudo o que come e muito saboroso e diferente dos hamburguers a que esta habituado. Para alem do hamburguer propriamente dito acompanhado de umas belas e estaladicas batatas fritas as rodelas o que nao se esquece e claramente a maionese caseira, que deixa Desde o atendimento a apresentacao dos pratos ao sabor, gostei muito. Optimo local de convivio familiar ou entre amigos."
"Para que complicar? Num sabado em que o almoco nao estava ainda pensado, foi hora de experimentar esta hamburgueria que ja andava debaixo de olho. Chegar, escolher a mesa.. e estar a comer em 10 min! Perfeito! A diversificacao de hamburguerias que nos ultimos anos Excelente decoracao,espaco muito bonito e com muito bom gosto. Staff muito simpatico . Excelente hamburguer de batata doce. Excelente hamburguer avenida."
"Uma hamburgueria tipica, a comida e de boa qualidade e tem oferta variada de hamburgueres,as batatas fritas sao muito boas tambem. Os funcionarios sao simpaticos e eficientes. A relacao qualidade - preco e execelente."
"Depois de umas belas ferias nada melhor que um belo almoco no regresso a casa Provamos uma das opcoes de frango e um vegetariano. Batatas crocantes e um molho delicioso Espaco moderno e bem decorado. Passou a ser paragem obrigatoria!"
"A hamburgueria da Avenida tem mantido desde a abertura uma qualidade impar em Beja. Com um atendimento simples e eficaz, serve de forma despretensiosa produtos de excelente qualidade a um preco muito justo. Recomendo"
"Ambiente agradavel, tranquilo, ma surpresa dentro do estilo. Hamburgueres bem confeccionados, com boa apresentacao e servico rapido."
"Maravilhosos hamburgueres caseiros feitos no momento, com variedade, sabor e qualidade. Recomendo os de frango, os meus favoritos sem duvida!"
"Espaco moderno. Bom servico. Hamburgueres boa qualidade / preco. Bela batata frita caseira. Bom hamburguer vegetariano. Recomendo."
"Hamburgueres com muita variedade e acompanha com umas batatas fritas excelentes e claro que foi no bolo do caco. A voltar uma Boa paragem acaminho de Monte gordo."
"O espaco e agradavel e moderno. O servico normal - nada a apontar. Os hamburgueres sao grandes e saborosos"
"Espaco bastante acolhedor e a comida muito boa, tanto os hamburgueres como as tostas sao irrepreensiveis, sem falar na sangria bem geladinha e super frutada. Sitio para voltar sempre que oportuno.."
"Ambiente muito agradavel, pessoal simpatico! Muita oferta de hamburgueres, e ate dificil escolher entre tantas opcoes. Preco justo."
"Para quem ja se fartou do macdonalds aqui e o sitio para visitar. A qualidade da carne e inegavel, o espaco muito bem decorado e o staff muito amigo."
"Restaurante com ambiente agradavel e com um atendimento bom. O tempo de espera e razoavel e a relacao qualidade preco e boa. Contudo o pao dos hamburgueres estava um pouco seco, mas pode apenas ser uma situacao pontual."
"tipica hambugueria, com bom ambiente e decoracao, o tempo de espera e aceitavel e o atendimento e excelente."
"Ambiente acolhedor Os empregados sao muito simpaticos Adecoracao do espaco bastante original. O preco e bastante acessivel"
"Bem localizado, servico rapido e atencioso, e uma boa experiencia que podemos ter em Beja, cuidadosa selecao dos ingredientes que combinam e resultam muito bem, adorei os hamburgueres, gostei do espaco. Precos acessiveis."
"Ambiente acolhedor, atendimento excepcional! Muito atenciosos. Refeicoes com preco muito acessivel e saborosas!"
"O acolhimento e extraordinario. Simpatia e savoir faire dos empregados de mesa destaca-se pela positiva (lembrou-me um documentario que vi sobre o El Bulli), sempre atentos e cordiais q.b. para o espaco que se quer descontraido. A cozinha tambem e muito boa e rapida. Vou Gostei muito do hamburguer, apesar de achar o pao um pouco seco...para compensar as batatas que acompanham o hamburguer sao simplesmente fantasticas. Ambiente super tranquilo e agradavel,   funcionarios simpatisissimos :-)"
"Adorei! Muita variedade de hamburgueres, excelente confeccao, servico de extrema simpatia e super rapido. A voltar, com toda a certeza!"
"Positivo: Espaco acolhedor e giro, empregados simpaticos, atendimento rapido e boa localizacao. Negativo: Hamburguer sem molho, tornando-o seco e sem grande sabor. Sumo de limao da casa, sem doce, sendo por isso bastante acido, tornando-se intragavel."
"Comida razoavel, menu variado, preco/qualidade  razoavel, bem localizado, bom ambiente e simpatia por parte dos funcionarios"
"Excelente hamburgueria com muita variedade e sobremesas otimas. Destaque hamburguer de picanha. .. A decoracao lembra bastante a hamburgueria do bairro. Ementa diversificada, o hamburguer estava pouco seco. Quanto ao atendimento nao tenho reparos a fazer. Vou voltar certamente A carne demasiado passada, a ausencia de molho e o pao seco tornam o hamburguer demasiado embacante. A carne pode ser boa mas a confeccao no geral deixa a desejar... Com uma imagem muito colada a Hamburgueria do Bairro, infelizmente o sabor fica aquem do Muito bom! A repetir brevemente. Carne excelentemente confeccionada... As batatas como acompanhamento uma perdicao. O molho tem capacidade para evoluir. Estao de parabens Abriu recentemente a decoracao lembra bastante a hamburgueria do bairro e um pouco menos o honorato. Tentam de certa forma trazer o conceito para Beja mas a confeccao e a originalidade esta um pouco off (o hamburguer estava salgado um pouco seco). O atendimento nao Um conceito que ja fazia falta em beja e arredores, havendo ja varias lojas do genero noutros pontos do pais, fiquei agradado por poder comer um hamburguer de qualidade.O espaco e muito agradavel, o staff tambem, o menu e algo diverso. Vao e divirtam-se a Hamburgueria que nada tem a ver com fast food. Servico rapido e simpatico, com uma variedade de preparacao de hamburguers, incluindo uma opcao vegetariana. Espaco agradavel e bem decorado para familias ou uma refeicao a dois. Os hamburguers sao deliciosos, estilo caseiro, que so tem..."
