Avaliacoes
"A evitar. Servico lento. Meia hora apos o pedido vieram a mesa dizer que nao tinham dois dos pedidos disponiveis. Bacalhau sem sabor. Bife da vazia nervoso. Aproveitaram-se as plumas e uma boa costeleta servida, por engano, ao inves de um bife. Sem MB."
"Espaco e ambiente muito agradavel. Refeicao despretensiosa de elevada qualidade. Recomendo bastante."
"Venho apenas elogiar a comida servida, nem sempre tem o melhor servico de mesa, nem o melhor ambiente, nem as melhores sangrias; Mas tem sempre a melhor comida com um sabor delicioso e sem sabores elaborados ou processados em fabricas. Da a sensacao que muitos dos pratos levam ingredientes caseiros e naturai da 'horta'ali ao lado!"
"Fotos e menu disponiveis no trip advisor levam a acreditar que se trata de uma agradavel alternativa aos restaurantes tradicionais alentejanos, nao so pelo conteudo do menu, mas tambem pelo ambiente da casa. Infelizmente a nossa experiencia foi uma desilusao: Sala de refeicoes desconfortavel por ser fria, dado existir uma corrente de ar permanente que corria ao longo das mesas. Casa de banho dos homens (pelo menos) com muito mau aspecto (interruptor da luz partido, aspecto geral pouco higienico). Acesso a dita, muito mal iluminado. A maior parte das opcoes do menu nao estavam disponiveis. Refeicao com uma qualidade e aspecto banais, a nao fazer jus as fotos. Nem por isso barata. Para uma casa que se auto-intitula 'Museu do Vinho', a variedade da oferta de vinhos foi um dos aspectos mais negativos: Havia apenas 3 (!) vinhos tintos a escolha (ao contrario do que se pode ver na carta), e apenas dos mais comuns. E ainda percebemos mais tarde que de 1 dos 3 havia apenas uma unica garrafa disponivel no restaurante! A pandemia podera justificar alguma reducao na qualidade do servico, mas nao desculpa tudo (por exemplo, nao desculpa a escassez da oferta de vinhos), ate porque visitei outros restaurantes da zona, na mesma altura, e as experiencias foram bem mais positivas. Este restaurante deixa muito a desejar e certamente nao voltara a ser opcao no futuro. Nao recomendo de todo."
"Descobrimos o local por acaso e bendita a hora! O sitio e lindo e muito acolhedor! O atendimento e fantastico e supersimpatico! 5 estrelas! Recomendo vivamente!"
"Atendimento super antipatico, a sra que faz o atendimento a mesa nao e minimamente simpatica. Alguns dos pratos pedidos nao se encontravam disponiveis e o atendimento e efectuado a mesa sem o uso de mascara, o que face aos tempos que correm nao e aceitavel."
"A Senhora que a atendeu, tem duas licenciaturas.. e uma Senhora extremamente educada e afavel...O que nao e o seu caso. querida senhorita.. que nao tem com certeza nem 4 classes....E ainda por cima mentirosa....(onde e que o .....seu companheiro a encontrou????) A SENHORA que Pedimos a costoletinhas de borrego com migas e os lombinhos com cogumelos com batata frita. Estava tudo muito bom."
"Do melhor que o Alentejo tem coisa BOA, cosinha 5 estrelas antendimento perfeito do melhor nao ha palavras"
"Tudo delicioso... adoramos o peito frango com molho de limao, o arroz do chef, costeletas de borrego, plumas e o bife Angus maravilhoso..., estava tudo maravilhoso, ja esta nos favoritos quando passar em Beja com certeza farei uma paragem"
"Bom ambiente, acolhedor e confortavel, muito boa comida, pessoal muito simpatico! Visitamos o inicio do museu, interessante. A voltar!"
"Servico fraco e o restaurante estava vazio. Um empregado a fazer tudo, servir as mesas, fazer a comida e receber pagamento. Muito fraco para aquilo que mostrava. Muito caro para o menu apresentado."
"O ambiente e quente, acolhedor, cores quentes. Os medalhoes sao os mais macios que comi. Muito bem servido. Batatinhas com alho deliciosas. Vinho ao jarro muito bom. Para voltar!"
"Pedimos costeletinhas de borrego com arroz do chef. Divinal. Migas de camarao. Panacota com molho de frutos silvestres. Atendimento muito bom."
"Comida maravilhosa.....fresca, saborosa, atendimento atencioso personalizado. Comida portuguesa, e do mundo."
"O que para mim melhor caracteriza este Restaurante sao as pessoas que o compoem. Atendimento acolhedor num espaco tradicional/rustico. Cozinha de boa qualidade e flexivel a dieta vegetariana."
"Tivemos dificuldade em arranjar restaurante e aqui foi, apos 4 tentativas noutros locais, onde fomos recebidos!  Comida muito boa com ingredientes frescos, costelinhas de cordeiro,  plumas e migas tudo muito bom!  Servico razoavel,  valeu a pena!"
"Muito bom! Recomendo vivamente. A decoracao e fantastica a comida e o servico tambem. A voltar brevemente"
"Excelente comida e servico de primeira qualidade!!! A qualidade, apresentacao e sabor do prato pedido foi sensacional!"
"A comida e bem confeccionada e esta em linha com os precos praticados. O ponto forte do espaco e mesmo a sua decoracao/ambiente. Adoramos. Ponto a melhorar: para um restaurante que se chama 'Adega do Castelo - Museu do Vinho', achei a carta de vinhos Muito tipico sem duvida. Boa ementa mas.... quando pedimos seja o que for o empregado prontamente diz.... - acho que nao temos.  Acabam por ter, mas quando digo a tudo e a tudo mesmo. Pedi a posta alentejana com pimenta verde, considero normal, a Eu conheco esta casa desde o seu esqueleto e digo que nao existiu nenhuma vez em que me arrependesse de vir ca jantar ou almocar, recomendo a todos e aqui fica uma foto da entrada da qual a imagem fala por si!!! Venham descobrir!"
"Restaurante escondido mas divino. A comida estava optima, com carnes de qualidade superior. O servico e muito eficiente e a musica ambiente bastante agradavel. Aconselho os vinhos da casa pois sao realmente surpreendentes. Uma experiencia fantastica e sem duvida a repetir"
"Passamos pelo restaurante por acaso, mas revelou-se uma excelente surpresa. O servico foi muito rapido e cuidado e a comida estava deliciosa. Recomendo!"
"de passagem por Beja com a familia, uma agradavel surpresa. comida bem confeccionada. voltaremos numa proxima oportunidade."
"Sitio muito agradavel. Carta nada pretensiosa com pratos simples mas muito bem confeccionados e em doses bem razoaveis. Bom atendimento. Preco um pouco superior a media mas justo. Voltarei com toda a certeza!"
"Simplesmente n existem palavras quando a perfeicao e atingida num prato o de se ve e se prova a fusao de alguem com muita experiencia, venham e provem porque vao desejar mais!!!"
"E muito complicado arranjar um restaurante em Beja que sirva mais do que carne de porco ou bacalhau. Ja em desespero conseguimos encontrar esta Adega. Optimo arroz com vegetais, boas sobremesas de frutas, vinho a copo adequado a refeicao, simpatia q.b."
"O espaco e muito agradavel e bem decorado mas o atendimento pode ser mais simpatico. A comida e bastante boa e recomendo vivamente as gambas al ajillo, o lombo de bacalhau assado no forno e, principalmente, a carne de angus, que estava muito bem confecionada. Positivo: Comida saborosa, sem impressionar. Negativo: Servico pouco simpatico, nem 'boa noite' disseram. Restaurante sem vinhos, quando na carta apresentam varios, o mesmo acontecendo com os pratos principais. So tinham 1 sobremesa quando na carta de sobremesas tinham varios. Muito caro para a qualidade dos Fui com o meu marido, a comida servida estava bem confeccionado e de apresentacao cuidada mas o espaco chama-se museu do vinho, tem uma carta de vinhos curta... e quando tentamos escolher um vinho obtivemos por diversas vezes a resposta ' esse nao temos'! E Restaurante unico em Beja.Parabens!!!Boa comida,bom servico.Um ambiente familiar com uma decoracao evocando velhos tempos...Recomenda-se."
"Restaurante maravilhoso que encontramos andando em Beja. A comida foi incrivel e a equipe foi maravilhosa. E altamente recomendavel!"
"Nos estavamos nas proximidades e paramos para o almoco. Que otima experiencia. O servico foi rapido e gentil. Todos os pratos foram excelentes e muito bom, com precos moderados vinho. Retornaria em uma heartbeat."
"Escolhemos este lugar. Foi bastante mas a comida e muito boa! Voce tem que visitar este lugar. Tomei o bife com molho de pimenta e meu amigo o bacalhau com batatas. Foi tao delicioso! Garcom e amigavel tambem! E pena que nao muitas pessoas visitam este lugar!"
"Ja um cliente no restaurante / local anterior, nada de importante foi perdido na mudanca. A comida e tao boa como sempre foi. . . Talvez o nome seja incorreto. . . Digamos que eu va com mais frequencia a esse restaurante do que a todos os outros juntos. . . Esta e uma afirmacao forte o suficiente?"
