Avaliacoes
"O restaurante e self-service e o preco e por peso do prato. Ha 3 refeicoes do dia e varias opcoes de saladas, quiches, croquetes e sobremesas. Tambem ha sumos naturais. Vou muitas vezes e nunca desilude! A comida e deliciosa e a relacao qualidade/preco boa. Recomendo."
"Fui la porque sou vegetariana e celiaca,  entrei e perguntei o que poderia comer dali que fosse completamente sem gluten, o rapaz que estava a servir nao tinha essa informacao,  foi a cozinha perguntar e da cozinha informaram quais eram as opcoes que eu poderia comer, pedi mediante o que me disseram,  comi o prato principal e quando passei para a sobremesa comecei a sentir uma parte mais crocante e com um sabor que eu nunca tinha comido, nada de mal ate ai,  ate eu comecar a tirar as natas de cima da sobremesa e reparar que aquela sobremesa tinha bolacha Maria. Levantei-me, fui confirmar com o funcionario e confirmaram-me que realmente era bolacha com gluten. Nao sei qual e a formacao que tem naquela cozinha, so sei que comi metade de uma sobremesa ao qual perguntei antecipadamente se tinha gluten, disseram que nao,  confiei,  comi e agora estou a passar muito mal em casa e terei que ir ao hospital por brincadeiras destas. E uma falta de nocao e despreocupacao por pessoas que realmente nao podem comer e sao intolerantes a certos alimentos. Se querem ter um restaurante com uma placa a dizer 'apropriado para vegetarianos e comida sem gluten' entao sf tirem um curso do que significa realmente essas restricoes alimentares! Um restaurante pra nunca mais voltar muito menos recomendar! Tenham cuidado quando la voltarem a comer porque confiar no staff esta fora de questao. NAO SE BRINCA COM A SAUDE DE NINGUEM."
"Amei a refeicao, e sempre bom para quebrar os tabus nos mesmos tirarmos as nossas proprias conclusoes.. procurei algo de boa aparencia (pois a higienizacao conta muito) e relativamente em conta, e encontrei! Tem ainda boa comida e uma simpatia que agrada a qualquer um. Super recomendo!"
"Optimo opcao ao almoco, leve, sem gorduras ou fritos. Comida Vegan, vegetariana e Saudavel. Voltarei sempre"
"Tem otimas opcoes, muita variedade de comida e toda muito boa. Existem os pratos principais, saladas para acompanhar, salgados, pasteis...e muito mais. Ate podemos desfrutar de uma deliciosa sobremesa  Um local espacoso e agradavel para almocar. Os precos sao razoaveis. O unico defeito e nao ter cafe"
"Restaurante vegetariano com variedade de pratos, bom preco. Sobremesas e suco. Paes.  Tudo muito gostoso e fresquinho.  Ambiente arejado."
"Restaurante muito informal com comida vegetariana deliciosa e muito variada,sempre elaborada com produtos frescos. Os proprietarios e empregados sao bastante simpaticos o que torna o restaurante num espaco familiar."
"Ola boa noite. Gostaria de saber quem esta a gerir a  pagina do restaurante no tripadvisor. E no minimo estranho o que se esta a passar. Pois sei que nao e nenhum dos donos. Agradecia que respeitassem o trabalho, de quem trabalha."
"E um restaurante de comida vegetariana, muito agradavel, bom ambiente musical, e espaco muito moderno e saudavel. Recomendo vivamente"
"O Sabores do Campo e um restaurante familiar que serve comida vegetariana. Passei muitas vezes por este restaurante e nao entrava por pensar que a comida vegetariana era toda igual e sem sabor. Posso dizer, que depois de experimentar, este tornou-se a minha primeira opcao quando vou comer fora. Tem bastante variedade de entradas, frutas, acompanhamentos, sobremesas e normalmente sao dois ou tres pratos principais por dia. O restaurante e self-service, para quem e como eu e gosta de experimentar pode tirar um pouco de tudo e paga-se ao peso. Tem servico de take away. Tem pagina no Facebook onde podem ver os pratos do dia."
"Comida deliciosa, muito bem confecionada e apresentada. As sobremesas sao surpreendentes pelo aspecto e sabor. O ambiente e informal mas com muito boas energias. Mae e filho sao uma simpatia."
"Grande variedade e muita qualidade. Espaco luminoso e com muito boas energias. Sabores deliciosos e muita simpatia."
"Embora se trate de um restaurante self-service a qualidade e muito boa. Os produtos sao de qualidade e muito bem confeccionados. Optimo para todos, nao so vegetarianos. A comida e muito saborosa e com muita variedade. Fruta fresca e sobremesas... deliciosas."
"Adoramos a comida! E ao peso mas nao fica caro. Fomos la almocar todos os dias durante uma semana e os pratos eram sempre variados."
"Achamos este restaurante por acaso, ao sair, a pe, do Parque Gago Coutinho e Sacadura Cabral. Para quem gosta de comida vegetariana e otima opcao, com razoavel variedade e boa qualidade. O sistema e self-service na balanca, nao tao comum em Portugal, ao que percebi. Paramos aqui em nossa viagem para o Algarve a partir de Vora. A comida e em estilo buffet, onde voce paga em peso o seu prato. Embora nem tudo seja vegano, tivemos tantas opcoes para escolher. Nos amamos isto. Eu gostaria de saber como fazer o prato de lentilha e feijao tambem. Tudo estava delicioso"
"Nice, pequeno restaurante self - serving vegetariano com diversas opcoes saborosos que apelarao a (quase) todos. Tem a possibilidade de comer em casa ou levar embora. Tambem tem uma nova secao de biscoitos e bolos para tirar."
"O Alentejo nao e exactamente o melhor lugar em Portugal para os vegetarianos, por isso este hotel em Beja e uma raridade! Muitas opcoes de escolha, pago pelo peso, a comida era muito boa e voce tambem tem sumos frescos e sobremesas. Funcionarios simpaticos e prestativos. Bom valor."
