Avaliacoes
"Belo estabelecimento! Visitei com tres amigos e o dono foi impecavel, desde o servico a recomendacao do vinho (Vidigueira Trincadeira). Local a repetir certamente"
"Restaurante tipicamente alentejano. Excelente experiencia do inicio ao fim, com umas belas entradas, uma excelente recomendacao do vinho e umas maravilhosas migas com presa iberica. Terminamos com um tarte e um pudim de requeijao que estavam divinais. A repetir!"
"Ambiente tipico e acolhedor. Refeicoes tipicas alentejanas muito bem confeccionadas e saborosas. Doses generosas. O servico foi atencioso, no entanto, reparei que um colaborador (talvez o dono), foi muito indelicado para uma senhora que entrou a perguntar por uma mesa, o que nos deixou um pouco desconfortaveis. So por este motivo nao dou avaliacao maxima. De resto, nada a apontar."
"Restaurante recomendado por um amigo,quando cheguei fui perguntar  se havia mesa para 4 pessoas,foi me respondido de uma forma de muito ma  educacao  que nao havia e ja nao serviam mais refeicoes, eram 13h35m.perguntei entao onde se poderia comer ali perto e foi me respondido novamente com muita ma educacao  e arrogancia  'nao sei'! LAMENTAVEL Nao provei a comida,mas tb ja risque da minha lista!"
"Pela forma como fui tratado pelo dono do estabelecimento, pessoa mal educada e estupida, que inclusivamente me desafiou a chamar a policia quando lhe pedi o livro de reclamacoes depois da sua attitude intragavel, considero que o estabelecimento deve ser encerrado pelas autoridades competentes por os proprietarios nao terem o minimo das qualidades requeridas, em termos de relacoes sociais, para quem tem casa aberta."
"Bochechas e grelhada de porco preto maravilhosas Melhores migas do Alentejo Ambiente e decoracao muito tipica"
"Comemos todos muito bem. A presa de porco preto com migas estava excelente. Ate o bitoque de porco estava bom. A sobremesa estava divinal: encharcada, pudim de ovos com vinho do Porto e pudim de queijo. A simpatia do Sr. que nos serviu tambem e de realcar. Vou voltar de certeza. Recomendo vivamente mas facam reserva pois esta sempre cheio."
"a revisitar quando voltar a beja. espaco tradicional, tipico e de comida caseira. muito simpaticos no atendimento. adorei o almoco Pedi bife grelhado e perguntei como acompanhava. O senhor referiu que era com batatas frita. Disse que tambem nao tinha arroz. Perguntei se podia fazer batata cozida. Para meu espanto disse que nao!!! Devia dar muito trabalho ... como com uma salada que tive que pagar a parte... enfim... servico PESSIMO!"
"Em tempos de Covid-19, os pratos sao excelentes. Pedimos para quatro pessoas e fomos muito bem servidas. Ficamos a conhecer a 'historia' da Taberna A Pipa. Tem todas as condicoes para uma refeicao segura nos tempos que correm."
"O gaspacho e os carapaus nao tinham qualidade. Fui acabar de almocar a casa Nao passam fatura A conta e processada num papel a lapis ou esferografica"
"Das melhores experiencias gastronomicas que se podem ter no Alentejo! Desde as migas de espargos com carne de porco frita a presa grelhada, acompanhado de um bom tinto alentejano, nao se leva melhor sabor destas paragens!"
"Recomendo. Restaurante muito simpatico e acolhedor. Tipicamente alentejano. Destaco a simpatia dos empregados. A comida e excelente. O ponto fraco e o estacionamento, mas com sorte a 80/90 m na praca da igreja da misericordia pode ser que se safe."
"Comida tipica, muito bem confeccionada. Vitela com batata doce estava excelente. Vinho tinto da casa e da zona e e obrigatorio. Sobremesa tipica caseira. Excelente relacao qualidade/preco. Recomendo vivamente o restaurante, mas devem de ir com tempo, sem pressa."
"Sou de Beja e nunca me tinha acontecido ser tao mal recebida num restaurante como fui aqui. Cheguei ao restaurante Pipa, que estava com a porta aberta, eram 19:25, perguntei se podiamos jantar, as mesas estavam postas, no entanto o proprietario com um ar arrogante Vivemos uma situacao de pandemia. Os clientes so podem entrar no restaurante quando este oferecer condicoes. Se o proprietario nao o permitiu foi porque nao estavam reunidas as condicoes. Quem esta de fora, por vezes tem dificuldade em entender... lamento."
"Comeco por anunciar que nunca fiz uma avaliacao deste tipo neste site, mas nao podia deixar de alertar. Chegamos as 13h25 e perguntamos se nos podiamos sentar (havia 1 mesa vaga). O senhor, extremamente mal educado e sem nunca nos dirigir a palavra, foi buscar Comida tradicional alentejana ao mais alto nivel. De salientar a carne de alguidar com migas de espargos e a sopa de cacao que e maravilhosa. A decoracao e magnifica, com elementos da cultura alentejana. Simpatia dos funcionarios. Deve ser um restaurante a visitar, embora necessite Passaram mais de 10 anos desde a minha ultima refeicao nesta casa. Estava curioso e tinha algumas expectativas. Num regresso de ferias, resolvi fazer uma visita. Consegui uma mesa (a ultima) junto a porta. Pressa nao rima com alentejo. Sugerido pelo sr. Maldonado, comemos migas Impossivel vir a Beja e nao passar pelo Pipa. A melhor comida tipica alentejana, confessionada no momento. Dificil escolher numa gama variada de pratos e sobremesas dos Deuses. Atendimento de excelencia, local acolhedor e preco acessivel."
"A comida e muito boa, os alimentos sao de boa qualidade, o atendimento e de uma simpatia extrema, adoramos tudo!! O espaco e tipico Alentejano. Voltaremos seguramente. E recomendo a visitarem!"
"Pois... A mais de uma hora de encerrar, recusaram-se a servir um casal, apesar de haver mesa vaga, alegando que a esposa (cozinheira) ja estava cansada. Vim de proposito a este restaurante para o conhecer... Este restaurante surgiu ha pouco tempo num programa de TV O tipo do atendimento e um autentico trambolho. Provavelmente a reportagem televisiva recente aumentou o grau de estupidez do homem. Por muito que a comida seja boa nao irao contar comigo nunca mais, avaliando a rececao que tivemos, onde a sobranceria do homem que me A comida e boa e a dose e bem servida. Gostei da decoracao antiga e da simpatia dos donos. Ah as azeitonas sao deliciosas"
"Os pratos estavam bons, mas nao eram tao bem servidos e de acompanhamento e apenas batata frita. Atendimento foi um bocado rude e mal educado, mas nada de surpreendente ou que nos faca repetir. Ha outras melhores opcoes."
"Estes senhores so comeram batata frita porque quiseram. Foi-lhe sugerido um prato bastante Alentejano. Tinham para acompanhamento, migas de espargos, salada mista, salada tomate com orgao, etc, etc. Nao mostraram interesse em provar os nossos sabores. Foram lhe deixadas as entradas, nao comeram e nao Espaco agradavel. as mesas proximo da porta de acesso, na epoca fria tornan-se desconfortaveis. Atendimento simpatico do dono do espaco. Menu tipicamente alentejano. Servico em qualidade e tempo dentro dos padroes para o volume de clientes. Os netos ficaram maravilhados com umas feveras grelhadas e Muito obrigado pelo reconhecimento."
"Comida saborosa e espaco acolhedor. Recomendo os todos os visitantes e moradores de Beja! Dono muito simpatico."
"Se procura pratos tradicionais com doses generosas e um bom vinho alentejano deve entrar e pedir. Decoracao tradicional com apontamento do Alentejo"
"Comida boa, servico atencioso. Espaco agradavel para jantar com amigos ou familia. Boa relacao qualidade/preco/atendimento."
"E de facto uma perola perdida, mas com reconhecimento local e nao so. Bastante economico, doses generosas, sabores caseiros! A sala e belissima...a repetir"
"A comida tem qualidade, atendimento e excelente e o preco e acessivel. Para repetir. Restaurante tipico Alentejano. Top."
"Excelente local para uma refeicao tipica alentejana, com pratos muito bem confecionados e precos muito acessiveis."
"Eu gosto muito da comida aqui, quando vou tenho a certeza que vou comer bem. Quanto ao servico o senhor como esta sozinho a servir tem pouco tempo para se dedicar a cada mesa, o que e uma pena."
"Sabores inconfundiveis, comida em quantidade e qualidade. Nao esquecer as migas de espargos! Sobremesas tipicas otimas e atendimento puramente alentejano! Singelo e amistoso."
"Atendimento excecional e comida tradicional portuguesa fantastica. A Chef Saudade Campeao respeita a tradicao, levando a mesa pratos que definem a essencia da nossa gastronomia. Muito bem servido em quantidade e qualidade"
"Felizmente fomos ao restaurante sem ver os estes ultimos comentarios. Quem nos aconselhou, indicou-nos as MIGAS DE ESPARGOS e tivemos sorte era mesmo o dia das migas. Fomos os 1.as clientes da noite e iamos com pressa. No entanto, demorou mais do que planeado, mas Muito obrigada pela sua avaliacao! Ha 21 anos que trabalhamos na base da confianca. Tentando fazer cada dia melhor... Parabens!!! Voce foi dos muitos clientes que conseguiu perceber! Obrigada!"
"Vale a pena a visita pela qualidade da cozinha e pela decoracao. Apesar do atendimento um pouco resmungao Em relacao ao resmungao  depois vai-se a ver e nada!"
"A comida e muito boa. No entanto, o servico poderia/deveria melhorar pois nao e nada profissional. As doses, na minha opiniao, sao pequenas para o preco que se paga."
"As taberna tipica do Alentejo sempre tiveram um servico mais simples ao estilo do Alentejo...Percebo que nao agrade a determinadas pessoas. Em relacao as doses e so a sua opiniao e esta no seu direito. Ha 21 anos que ouvimos precisamente o contrario. Ficamos muito De destacar, so os pratos servidos. Empregado com pouca (??) formacao para as funcoes que lhe estao atribuidas. Multibanco seria uma optima mais valia. Dificilmente repetirei"
"O empregado, que na realidade e o proprietario, agradece a partilha."
"A comida e razoavelmente boa, mas o atendimento quer da cozinheira quer do empregado de mesa deixa muito a desejar... eu marquei mesa para a minha familia que veio de fora no proprio dia, que se acabaram por atrasar, eu liguei a avisar, porque infelizmente Desde o primeiro contacto que a Mariana se mostrou problematica. No dia do jantar ligou 30 minutos depois da hora marcada a avisar que estavam muito atrasados e o numero de pessoas tinha reduzido. Falava da uma forma arrugante e com uma certa superioridade desvalorizando simplesmente horrivel, atendimento pessimo, senti-me ate com vergonha da minha amiga pois foi a convida-la"
"Me disseram que era um dos melhores restaurantes de Beja e realmente me agradou bastante. Um lugar acolhedor, familiar, com varios objetos tipicos da regiao, logo se mostrando que nao precisa de tanto requinte para se sentir em casa. Fui principalmente para provar as migas A Taberna A Pip agradece a visita e o reconhecimento."
"Servico com pouca qualidade, muito tempo de espera e ainda por cima pouco ou nada simpaticos. Parecem que nos estavam a fazer um favor. E de lamentar."
"Por vezes, em momentos de maior movimento, nem sempre e possivel prestar o servico tao rapidamente. Agradecemos  a compreensao."
"Se esta e a hospitalidade Alentejana, vou ali e venho ja... chegados as 14h com 2 criancas para almocar Hora de fecho anunciada 14h30. Varias mesas disponiveis 10 minutos a espera e 5 perguntas depois para dizerem que ja nao nos servem... surreal"
"Por vezes, em momentos de maior movimento, nem sempre e possivel atender todos os clientes.  Agradecemos a compreensao."
"Espaco acolhedor, inteiramente tipico. Refeicao excepcional e a bom preco. Apenas achei as doses pequenas."
"Excelente restaurante tipico da zona. Sugiro as migas com espargos e carne frita. O borrego tambem e muito bom. Para sobremesa, nao deixe de experimentar a encharcada e o cheesecake."
"Um restaurante muito interessante, mas a comida e divinal. O porco preto e as migas sao fantasticos. O espaco e bastante interessante e fomos nos sentimos em casa. Muito obrigado pela experiencia"
"Segunda vez que aqui comemos, a primeira ao almoco e desta vez ao jantar. Gostamos na primeira e confirmou se na segunda. Carne de qualidade a precos convidativos, ambiente acolhedor, e o atendimento fez nos sentir como se tivessemos em casa de amigos. Seguramente para A proposito de um almoco de grupo de amigos... comida saborosa, em quantidades  generosas. O dono sempre atencioso a ver se precisavamos de alguma coisa. E um espaco tipicamente alentejano. Preco em conta."
"Esperei a porta cerca 5 minutos e como o senhor que andava a servir nao se dirigiu a mim eu fui ter com ele. Informei o numero de pessoas para almoco (4 adultos e 2 criancas) e simplesmente ignorou-me. Vi que havia mesa livre com Por vezes, em momentos de maior movimento, torna-se complicado atender todos os clientes. Na Taberna A Pipa temos o prazer de atender qualquer cliente, independentemente da sua nacionalidade. Agradecemos a sua compreensao."
"Achei a Taberna da Pipa muito gostosa. Os donos sao muito simpaticos e e um restaurante bem caseiro e familiar. Porem delicioso e com otimo preco"
"Vivo em Beja e este e um dos restaurantes que frequento e recomendo. Excelente comida, de qualidade, bem confeccionada, num ambiente de taberna alentejana. Recomendo e amigos meus de Lisboa, quando passam por Beja, vao la comer"
"excelentes em todos os aspectos e convido a todos para experimentarem os maravilhosos gostos da comida...obrigado"
"Boas migas, bom gaspacho... uma boa escolha para vir saciar a fome com uma boa comida Alentejana. Venham com a familia, amigos ou clientes que o espaco e muito agradavel e acolhedor"
"Comida bem confecionada e da regiao do Alentejo. Atendimento simpatico e familiar. Unico senao e nao ter pagamento com cartoes de credito ou Multi Banco."
"Pouca variedade mas bem confeccionado pena as migas terem um forte sabor a alho, simpatia do dono as sobremesas eram de qualidade e os precos acessiveis para o tipo de restaurante talvez um empregado para ajudar o dono nao fosse ma ideia porque era muita Muito obrigada pela atencao e pelo reconhecimento."
"Comida banal. Restaurante alentejano sem migas, sem sopa, sem grande qualidade. So o espaco e agradavel. O Dono nao e um bom anfitriao."
"A taberna A Pipa e uma taberna tipica alentejana, com um ambiente tradicional e familiar, onde pode degustar alguns pratos tipicos da regiao, como as famosas migas de espargos com porco preto."
"A taberna a Pipa e um espaco a imagem de muitos outros na regiao do baixo alentejo. Remonta, atraves da sua decoracao e pratos tipicos ao alentejo tradicional. A decoracao esta bem conseguida mas o espaco e algo desconfortavel,a simpatia nao e o prato forte A taberna A Pipa e uma taberna tipica alentejana, com um ambiente simples, tradicional e familiar. E como se recuassemos no tempo e voltassemos ao Alentejo do antigamente. Os nossos clientes procuram uma comida tipica alentejana, cozinhada com amor e dedicacao pela nossa chef, com Fui la no dia dos namorados... mas ja la queria ir a muito pois ja me tinham falado muito bem. A comida estava optima e a simpatia dos donos faz a diferenca... Espero que assim continuem"
"Muito obrigada pela sua visita e pelo reconhecimento."
"Em Dezembro perto do Natal decidimos mais uma vez fazer o nosso almoco de Natal no Restaurante A Pipa e mais uma vez adoramos. Foi servido polvo a lagareiro (divinal) e mista de carnes grelhadas tambem super saborosa! Recomendo"
"Comida tipicamente alentejana, d.e excelente confecao. Servico adequado a tipo de restaurante, simples e rustico"
"O empregado devia realmente considerar mudar de profissao. Atendimento a turistas nao e com ele. Trata mal todos os estrangeiros chamando-lhes nomes em portugues como se eles fossem burros e nao entendessem nada e sempre com ma cara. Obviamente depois de ouvi-lo a insultar tantos Antipatia extrema, recusando-se a servir o almoco. Depois de 5 min. a espera para nos indicarem a mesa, e com mesas vagas questionamos se nos poderiamos sentar, tendo o empregado respondido que estava atrapalhado e que nao nos podia atender. Sem multibanco, mas isso sao Mais um jantar de amigos em Beja! Grelhados muito bem confecionados e um servico de atendimento adequado. Possivelmente o facto de ser jantar de grupo pode ter contribuido para encarecer a refeicao."
"O restaurante ja estava para fechar no horario de almoco quando chegamos. Porem de uma forma muito simpatica o proprietario nos atendeu e pude comer um fantastico prato de migas de tomate que acompanhavam o tradicional porco alentejano. Dez!!"
"Estivemos um grupo de 10 pessoas e correu muito bem. O atendimento e muito simpatico e a comida e bastante boa."
"Vale a pena a visita...recomendacao de um local...servico com qualidade mesmo os chamados pratos do dia...servico muito aceitavel e preco bastante acessivel. Qualidade dos produtos de ' porco preto' muito bons.."
"Escolhi 'A Pipa' para almocar com uma familiar ja idosa, por saber que a ela lhe agrada o tipo de cozinha deste restaurante e todo o ambiente (bem) criado no espaco. Chegados ao local, ninguem se dirigiu a nos, e volvidos aqueles 2min de constrangimento, Comida normal, nenhum prato alentejano na ementa. Atendimento pessimo. Nao recomendo. Parecia que estavamos a fazer um favor."
"Visitamos duas vezes. Comida tradicional. Boa confeccao. Simpatia das pessoas. Decoracao regional. Vale a visita. Preco medio 15."
"Um bom local para saborear a gastronomia regional, num espaco tradicional com um decoracao tipica que favorece o convivio a mesa."
"Nota em todo lado: Em beja para almocar e jantar devem ir cedo. Depois de sala cheia nao servem. Mais rapido: sempre o prato do dia. A lista vai esperar.... Boas migas com carne de porco preto vinho vidigueira saudade, branco."
"Decoracao muito gira, tudo o que e servido e de qualidade. Peca pela falta de organizacao no servico a mesa. Imperdoavel nao ter migas nem chourico, afinal estamos em pleno Alentejo."
"Comida tipica fantastica, bom preco e optimo atendimento!! Vale muito a pena!!! Recomenda-se porco preto, migas e as deliciosas sobremesas!"
"Face ao seu reconhecimento e muito procurado e enche rapidamente. Para garantir a qualidade por vezes sao recusados clientes mesmo com algumas mesas livres mas o objectivo e servir bem a quem fica. Solucao: ir cedo e usufruir da otima comida a um preco bastante Pela segunda vez que tento visitar, encontrei sempre cheio. Mas a consideracao que tem pelo cliente e minima, ao perguntar se tinham mesa vaga, a unica resposta que optive foi um NAO, nem um de 'momento nao' , ou um 'nao mas talvez daqui xxx' No centro, algo complicado de encontrar para quem como nos nao e da zona! Mas vale a pena a procura!! Espaco pequeno mas confortavel e muito tipico! Servico atencioso! Comemos bem e o custo e bastante aceitavel! Nao me deslumbrou mas gostei!"
"A decoracao e de uma tipica adega alentejana. A comida era razoavel. O servico um pouco demorado. Apenas uma pessoa a servir o restaurante inteiro. O ambiente e um pouco abafado e ao entrar, sente-se um cheiro um pouco estranho. Deveria ser mais arejado."
"Uma taberna agradavel a moda do Alentejo. Comida razoavel e pessoas simpaticas. Localizado na zona historica de Beja."
"Atendimento amigavel. Espaco apertado quando fica cheio. O arroz apetitoso, as batatas fritas ficaram um pouco aquem da qualidade do resto da comida. Boa carne!"
"Nesta taberna tipica come-se muito bem e com variedade, tem pratos tipicos e bem confeccionados. O ambiente e muito acolhedor e muito giro. Gostei muito do atendimento, pois foram todos muito simpaticos."
"Gostei de tudo... Comida caseira, ambiente acolhedor, simpatia no atendimento e... Preco /qualidade, fantastico!! Atencao, nao tem multibanco, leve em cash. ..vale a pena, adorei!! ."
"O restaurante e bastante tipico e nao e para quem quer comodidade nem luxo. A meu ver esteve tudo impecavel, desde a comida ate ao atendimento e ao tempo de espera. Recomendo vivamente e quando voltar a Beja sera um restaurante a voltar."
"E uma taberna/restaurante tradicional, muito limpa, com uma cozinha exemplar no que toca a cozinha tradicional do Baixo-Alentejo. Tem as melhores batatas fritas de Portugal. Vale a pena voltar. Os donos sao pessoas muito simpaticas."
"Restaurante tipico alentejano, desde o ambiente ao cardapio apresentado. Comida muito saborosa e bem confeccionada. De destacar a simpatia do empregado. Um sitio que recomendo e que voltarei numa proxima ida a Beja."
"Excelente a comida e um espaco muito tipico e regional. No inicio o atendimento nao foi muito bem feito, mas acabou por se revelar simpatico e agradavel."
"Boa comida,  com pratos regionais bem confecionados, atendimento simpatico e com sobremesas divinais para finalizar. O Ambiente e tipico."
"Restraurante com muitas deficiencias, ao nivel da acomodacao, do ambiente, do servico e do pessoal (nomeadamente a falta de empregados). A comida nao e ma, e ate e bastante barato, no entanto, trata-se de um restaurante sem qualquer conforto e sem limpeza. Nao recomendo."
"Os pratos nao sao muito grandes. Para quem coma muito nao fica saciado. O preco e acessivel. A visitar na falta de outras opcoes."
"Boa comida com  pratos regionais bem confecionados, aliados a simpatia, com sobremesas divinais para finalizar. Ambiente acolhedor e tipico"
"Ambiente de taberna de amigos. Mas os pratos nao tem quase carne ... mas muitas migas. Precos inflacionados para a quantidade. Pessoal simpatico."
"Este e um dos restaurantes que gosto de ir de cada vez que regresso a Beja. A decoracao, o staff e a comida sao muito bons!!! Qualquer prato que pecam e excelente e vem muito bem servido!!! Sempre a repetir!!"
"Um Restaurante na media, vou la quando o vizinho esta fechado ou nao tenho mesa! Mas tem boas doses, e o preco e bom!"
"Almoco delicioso. Tipicamente alentejano. O pao tipico do alentejo com as azeitonas britadas e um queijo da zona preparam-nos o apetite para os pratos principais. Pedimos As migas de espargos com porco preto que sao de comer e chorar por mais, e a acorda de Comida bastante boa ! Ligar simpatico . Decoracao tipicamente alentejana. Atendimento bom . Lugar limpo ."
"Bom atendimento e uma sala cheia . Carnes muito saborosas e em boa quantidade. Atendimento rapido e eficiente."
"Atendimento muito genuino, espaco e decoracao tipico da regiao onde se insere. Bom restaurante para comer carne, doses adequadas. Falta por nao ter multibanco."
"Um almoco muito agradavel, bem servido e com boa comida. Doses nao sao muito grandes, mas sao muito saborosas, a carne estava muito bem feita. Migas de Tomate excelentes! A regressar."
"No que diz respeito a genuina tradicao dos comeres alentejanos, este restaurante e um dos melhores de Portugal"
"Desde sempre frequento este simpatico e acolhedor restaurante, a qualidade sempre se manteve e mantem, a simpatia igualmente e os cozinhados sao de chorar por mais!!! As sobremesas divinas;)"
"Simplesmente adoro, desde a decoracao a comida caseira e bem servida! O preco e fantastico e um bom local para se ter uma refeicao maravilhosa e descontrair. Recomendo!"
"Sou fa da Pipa, a comida e muito boa e suculenta, fita na hora e muito bem servida. os donos do restaurante sao muito simpaticos, o espaco e acolhedor."
"dificil de la chegar devido a nao haver estacionamento perto. nao ha informacao a nivel de tabuletas para nos orientarmos a la chegar. o espaco nao e grande ficando rapidamente esgotado. Em compensacao as pessoas muito simpaticas, a comida e muito boa, pratos tradicionais. foi Espaco agradavel e simples, preco qualidade bom, atendimento simpatico, a comida bem confeccionada, recomendo"
"Ja anteriormente tinha tentado almocar neste restaurante mas desisti por a espera ser incompativel com as criancas pequenas. Valeu a pena insistir, uma maravilha.Presa de porco com migas de espargos: delicioso. Lombinhos de porco grelhados com batata frita: muito bom. Salada excelente. Sopa caseira. A Muito bom. Ambiente agradavel e comida muito boa. Aconselho. Convem marcar antes de ir. Precos simpaticod"
"Gostei muito da refeicao, refeicoes com muito paladar, assim como tambem adorei o espaco. Aconselha-se"
"Possivelmente o melhor restaurante em Beja, lugar muito acolhedor, comida excelente muito bem confeccionada. Preco muito justo. Recomendo o Gaspacho, a acorda de Bacalhau ou qualquer prato que envolva porco preto. No final, um toucinho do ceu, ou ate mesmo uma simples laranja com mel Prato do dia bochechas no forno surpreendente no sabor. Qualidade preco muito aceitavel. Staff simpatico... A repetir Um jantar super agradavel entre amigos, o staff super simpatico, uma refeicao razoavel a muito bom preco. Convem reservar antes. Recomendo a grelhada mista."
"Local simples mas com atendimento muito bom e tambem com comida feita com carinho o que resultou em bons pratos. Tudo muito adequado."
"Atendimento simpatico. Comida saborosa. O espaco nao sendo extremamente elaborado na decoracao e bastante aceitavel. Vinho da casa muito aceitavel. Nota negativa nao ter multibanco."
"Atendimento pessimo, pouco cuidado na forma de atender os clientes, gerente muito arrogante, pouca opcao de escolha,  muito tempo a espera. Nao recomendo."
"Restaurante com atendimento pessimo, para quem espera por mesa. A comida era bem confeccionada embora sem grande escolha por ja estarem esgotados os pratos do dia (e nao so) cerca da 13:30."
"Restaurante tipico alentejano com uma decoracao bastante engracada. Servico muito bom. Preco bastante acessivel. A comida e bastante saborosa."
"Ambiente tipicamente alentejano. Fomos bem recebidos, a comida estava excelente e o sitio e bastante acolhedor. Muito bom."
"estavamos de ferias e foi o primeiro que nos apareceu, a comida e boa e saborosa. Nao veio ninguem ter connosco e demorou um pouco ate vir alguem recolher o pedido. So estava uma pessoa a fazer o servico de toda a sala o que Optimo local para degustar a verdadeira comida alenteja, principalmente os grelhados!! Doses muito bem servidas e preco muito em conta!! Local bastante acolhedor e muito bem decorado.. O patrao mesmo muito cansado, esteve sempre simpatico e disponivel para nos servir da melhor maneira."
"Ambiente acolhedor e tipicamente alentejano. Comida fantastica. Nao usam MB, pagamento em numerario."
"Pode contar com o verdadeiro tipico alentejano.Na cozinha maos de ouro.Restaurante simples e acessivel no que toca a preco.Carne de qualidade e otima confeccao.Nao vao ficar desiludidos.Recomendo"
"Muito bom com precos razoaveis, com gente muito simpatica a servir. COMIDA VERDADEIRAMENTE alentejana, com muito gosto e original. Aconselho a irem e desfrutarem do ambiente bastante bem decorado."
"Casa tipicamente decorada ao nosso Alentejo Comida muito bem confeccionada , e fesca servico espetacular. Preco justo Recomendo E voltarei Ate breve"
"Excelente! Sempre que vou para Beja vou em trabalho e janto sempre aqui. Atendimento top e comida do melhor! Desde as entradas as sobremesas! Nunca sobra nada!! Recomendo presinhas com migas de tomate, por exemplo, porque la e tudo muito bom mesmo! Para sobremesa o Uma decoracao tipica, muitos lugares e nao muito espaco disponivel. Comida caseira alentejana ao seu melhor nivel! Tal como a comida e caseira o servico tambem e, tao proximo que se o patrao estiver bem disposto corre bem, senao e assim-assim. No entanto nao ha Desconheco a qualidade. O espaco e agradavel tipico muito engracado.  Contudo quando entrei ninguem me orientou para me sentar isto porque nao entendi a disposicao das mesas... pouco depois apos estar alguns segundos em pe a porta sentamos.nos. os pratos iam passando por nos e Com o anfitriao. Se estiver num dia bom, corre tudo bem, de outro modo torna-se uma experiencia muito pouco agradavel. A comida e boa e bem confeccionada, quando ainda ha escolha pelos pratos do dia, quando acabam a oferta resume-se aos grelhados de carne. So O atendimento e bom mas por vezes demorado,caso esteja cheio. A comida e boa mas tem mais variedade ao almoco que ao jantar, onde a carta se resume a carne de porco, principalmente."
"Almoco em familia muito bom, os pratos escolhidos foram escalopes de porco com migas de poejos e bitoque de porco, ambos muito bem servidos."
"Recomendo os grelhados de porco preto! Divinais, nunca comi carne mais suculenta e saborosa. O sr. Jorge e a Sra. Saudade sao excelentes anfitrioes! Muito Obrigado"
"Comi, ha muitos anos, os melhores secretos de porco nesta tasca. Tentei voltar recentemente, as 13:30h foi-nos dito pela Dona com ar muito arrogante que nao serviam mais refeicoes (tinham imensa carne no balcao ainda para preparar e muitas mesas vazias). Pedimos entao por favor Fomos das primeiras pessoas a chegar para almocar e demorou imenso tempo para sermos servidos... O senhor (unico a atender) nao tinha muita vontade de atender os clientes e inclusive rejeitou servir refiecoes a inumeros clientes que iam aparecendo para almocar, mesmo com mesas vazias. Boa ementa, grande variedade de pratos, boas propostas. comida saborosa, um vinho tinto muito bom, aconselho vivamente este restaurante, quando voltar a Beja de certeza que irei la novamente sem hesitar"
"Com uma localizacao excelente, e um nome muito sugestivo, e uma decoracao agradavel, bem merecia ter um cardapio dentro do mesmo nivel, o que nao acontece, nem em qualidade, nem em quantidade, e sobretudo, a pouca diversidade de pratos tipicamente alentejanos. A juntar a isto, Restaurante tipico alentejano com comida a condizer.. Almocei migas com espargos e plumas d porco preto.. Apenas o servico e ligeiramente demorado.."
"Excelente localizacao, bem no centro historico de Beja.A decoracao transporta-nos a memorias que mantemos nas nossas mais queridas recordacoes.A comida bastante variada e saborosa e excelentemente confeccionada e servida por gente simpatica Nao foi a primeira vez, onde vou com alguma regularidade e a um outro restaurante muito perto... mas estava fechado. E um sitio tipico onde o tempo parou e que poderia ser melhor potenciado. Comemos costeleta de borrego... nao falha...estavam Boas.  Nao havia sopa...estranho um Menu so com bitoques e grelhados. Para um restaurante tipico deixa muito a desejar. Atendimento fraco e sem vontade. A nao repetir!!"
"Vale pena simpatia nao pela cozinha .. Menu muito reduzido e ao sabado em que devia ser uma noite forte as escolhas sao ainda mais reduzidas!! O dono e super afavel e que torna a noite agradavel. Espaco bonito e gente simpatica fazem valer a Este restaurante desiludiu-me bastante pois apesar de ter feito reserva de mesa no dia anterior, quando la cheguei no dia marcado pelas 20 horas ja nao havia nenhum prato do dia disponivel. Os unicos pratos que haviam disponiveis eram pratos de grelhados/bitoques que nao sao Restaurante com boa comida. Com qualidade. Todo o pessoal e muito simpatico, com um otimo atendimento. Tem uma variedade de pratos muito bons, mas sugiro, que no verao nao deixem de comer um caspacho com carapaus fritos. E o restaurante onde se come o melhor Comida tipicamente alentejana e ambiente familiar. Ao fundo ouve-se o nosso Antonio Zambujo. Que mais desejar? So mesmo as migas para tudo ficar perfeito. As migas de espargos sao de ir ao ceu!! Recomendo."
"Simpatia e boa comida alentejana! Os secretos com migas sao qualquer coisa de espectacular! totalmente recomendavel!"
"Restaurante acolhedor tipicamente alentejano com tudo o que de melhor o Alentejo pode oferecer. Recomendo a presa iberica de porco preto pois e divinal. Precos modestos e acessiveis."
"Restaurante agradavel com ambiente familiar, simples com refeicoes bem elaboradas. O estacionamento nao e facil, mas um pouco afastado ja se pode estacionar, a pagar, mas  sem problema. Os precos bastante acessiveis e friso que o vinho da casa e muito bom o que acompanha Local aprazivel de ambiente tipicamente alentejano e comidas a condizer com a regiao onde se integra. Destaco as sopas de Cacao ;)"
"Uma refeicao tipicamente alentejana a um preco economico, qualidade e quantidade excelente e em ambiente tipicamente alentejano."
"As carnes grelhadas sao muito boas, bem como as entradas e a sobremesa. Uma sangria excelente. Num ambiente tradicional rustico, excelente para jantares de grupo."
"Ja tive a oportunidade de ir ao Pipa algumas vezes, e nunca me desiludiu. O pao e as azeitonas sao uma perdicao! Desta vez pedi grelhados, que vinha acompanhado por umas batatas fritas caseiras otimas, e uma salada muito fresca e bem temperada. Ja comi Resume-se a uma frase: a comida e boa mas o servico nao. O senhor que atende as mesas, julgo que seja apenas ele, nao tem a simpatia propria das gentes alentejanas. Para ele servir a mesa e transportar a comida e a bebida para os Na praca da republica em Beja encontra uma transversal com o nome de Rua da Moeda, onde encontra a Taberna A Pipa. Ambiente familiar, simpatico, bem cuidado, com decoracao tipicamente alentejana. O atendimento e personalizadissimo. A ementa e vasta e bem recheada de grelhados e Queriamos ir a Adega 25 de Abril que estava fechada, ainda nao eram 13h e havia diversas mesas disponiveis, apenas um homem a atender que, ao perguntar se nos podiamos sentar, mal responder com um encolher de ombros. Ao fim de 15m a espera dignou-se Nao recomendo, Staff nao sabe receber e nao faz questao de mostrar o que o Alentejo tem de bom. Sou Lisboeta e fui muito mal recebido, tal como um casal Espanhol que chegou ao mesmo tempo. Comida banal."
"Originalmente seria para comer na Adega Tipica 25 de abril, mas visto que esta se encontrava fechada e este era o unico nas redondezas optamos por vir comer aqui! As bochechas de porco as 13 horas ja estariam esgotadas, tendo a empregada nos mandado escolher Apesar de termos vindo ao engano, porque o objectivo era a Adega 25 Abril (estao de ferias!) nao estavam nada mas as migas de tomate com lagartos. Vinho da casa a nao comprometer. Ja comi bem pior!!"
"E mesmo uma tasca, no mau sentido da palavra... nao no sentido rustico do termo.  A dona e bruta no trato, a comida e banal comida de restaurante berma de estrada, nao ha pratos alentejanos, vinho mau... problemas de higiene.... NAO IR"
"Lugar rustico e agradavel, staff muito simpatico mas acima de tudo comida muito bem confecionada. Recomendo vivamente a carne de alguidar com migas e para sobremesa pudim de ovos com vinho de porto e/ou pudim de amendoa. Divinal!"
"Fui a este restaurante, recomendado pela recepcao do hotel onde estava, mas fiquei muito desiludido, pelas 19:45h, hora a que cheguei para jantar, nao existia prato do dia e     nem qualquer prato tipico da regiao como umas simples migas, tive de me contentar com um Depois de duas tentativas anteriores para tentar jantar (sem marcacao), acabamos por terminar a demanda nesta casa de pasto. Confesso que a primeira impressao nao foi das melhores, porque de alguma forma nao contavamos que fosse o restaurante certo surgir na terceira tentativa. O que Foi a segunda vez que comi neste restaurante, se da primeira foi de se lhe tirar o chapeu da segunda passei a cliente do nunca mais. Nao sei se era por ir de chinelos mas achei uma exurbitancia a conta."
"Vale a pena pela comida. Boa relacao preco qualidade. Vale a pena mas va com tempo. Recomendo reservar a casa enche muito rapido e en beja nao ha muitas opcoes. So tem 1 cadeira crianca peca tambem para reservar. O servico demora e as criancas Espaco agradavel e comida de boa qualidade. O vinho da casa e muito bom e as presas de porco preto estavam boas. O servico foi bastante rapido e atencioso."
"Situado perto da Adega 25 de Abril que esta encerrada a segunda feira, havia mesas mas quem nos atendeu disse logo que ia demorar. Sentamo-nos e durante 10 minutos ninguem se dirigiu a mesa. A mesma coisa se passou com mais talvez 10 pessoas que Boa cozinha regional. confeccao de boa qualidade e a precos acessiveis. Restaurante bom para familias, viajantes e grupos."
"Muito Rustica, comida saborosa, ambiente familiar no centro da cidade precos dentro do normal :-D Excelente espaco, que me faz lembrar, aquelas tascas antigas, como ja e muito raro ver. Excelente para jantares de grupo, e beber vinho de garrafao em copos sem pe, a moda da taberna."
"Sempre que vou ao Alentejo (ou mesmo a outra regiao qualquer) gosto de comer o que e ... tipico. Felizmente este foi o caso porque parece que os restaurantes se esqueceram das tradicoes onde estao inseridos. Este restaurante e extraordinario pelo atendimento, qualidade da comida Uma tipica taberna, todo o ambiente e rustico e simples, com pouco espaco entre as poucas mesas existentes, mas a comida e excelente, o tempero e do melhor, lembra o tempero da nossa avo. Muito bom mesmo. Recomendo."
"Um empregado muito pouco simpatico, embora prestavel, uma cozinheira (?dona?) prestavel e a tentar agradar. Um tipo de casa que trata muito bem os seus clientes habituais e que tudo o resto e para despachar. Para casa tipica nao poderia ter dois grandes televisores ligados E inacreditavel assistir, num espaco que goza de tao boa reputacao, a falta de educacao do seu empregado (ou proprietario, nao deu para entender qual o seu papel naquele triste espectaculo) para com varios clientes que, ao entrarem no restaurante, o abordavam delicadamente na perspectiva Viemos 6 para almocar. O servico e inacreditavelmente mau. Ja antes de sentarmos ouvimos o empregado discutir com clientes. Toda a gente do restaurante estava incredula com a forma como o empregado tratava os clientes. De resto, lento para alem da imaginacao."
"Restaurante simples, num espaco rustico decorado do mesmo modo o que o torna bastante tipico e simpatico. Pratos tipicos e regionais, muito bem confecionados com destaque para os grelhados de porco preto e a picanha. E normal haver migas, sopa de cacao, borrego, lebre. As Espaco simples e rustico. Comida bem confeccionada e de qualidade. Boa sopa de cacao! Excelente relacao qualidade preco."
"Eramos 3 para jantar. Pedimos chourica assada de entrada que estava boa, queijo fresco muito bom e pao. Costeletas de borrego e presas de porco preto grelhados. Tambem estavam bons, mas ja nao tinham migas. A falta deste classico alentejano, foi uma desilusao. Uma garrafa Todas as recomendacoes dadas pelo senhor que atendeu foram bem recebidas e revelaram-se boas dicas para o nosso jantar de grupo. A acorda de bacalhau estava muito boa (confecionada de acordo com a receita alentejana que conheco) e a presa era optima. Os precos foram Recomendado por uma amiga la fui almocar. Gostei da decoracao do espaco, embora fosse fria de inverno. O servico muito lento, a simpatia era nula, vinha relativamente bem servido e o preco podia ter sido mais em conta. Se recomendo? Nao."
"A autenticidade do espaco aliada a excelente comida portuguesa de qualidade, sao caracteristicas que tornam este estabelecimento impar em pleno Alentejo. Acresce o atendimento familiar e a oportunidade de critica. Do melhor e autentico que e a nossa gastronomia regional! ****"
"O servico muito lento, simpatia do empregado deixa muito a desejar, a comida nada demais para o tipico alentejano e muito caro para o que se come. Experiencia a nao voltar a repetir sem duvida."
"A falta de cuidado pela decoracao e pela sala no seu todo, confunde-se pelo aspecto que poderia de ser chamado de decoracao 'castica'. O atendimento e muito lento, a simpatia nao e muita, e a comida naquele dia em que eu e minha mulher fomos Nao e a primeira vez que venho a este restaurante, pois e sem duvida um marco na restauracao em Beja. Representa totalmente o melhor e mais tradicional da regiao. A simpatia do pessoal e fantastica."
"Decoracao e menus tradicionais alentejanos.empregado simpatico, eficaz.boas televisoes em ambos os lados.sossegado e acolhedor."
"Fui experimentar este restaurante, porque o restaurante da frente, a que eu queria ir, estava cheio e com fila de espera. Demorou bastante a servir e a comida nada de mais! O espaco esta decorado tipicamente, mas nao e acolhedor. Achei caro, pela comida que Restaurante simples,mas com excelente comida regional e servico eficiente .Poucas sobremesas,mas boas.Preco amigavel.Nunca e de mais referir:A comida e excelente!Ao nivel do melhor que ja provamos nesse Alentejo da m'nhalma."
"Um restaurante a fazer lembrar as tipicas tabernas (e verdade que podia estar um pouco mais cuidado a nivel decorativo, mas nao sei se e por desleixo ou propositado). Todo o ambiente faz-nos catapultar para um interior tipico alentejano. So tenho bem a dizer da O dono do restaurante nos atendeu muito em sugerindo pratos  e foi super simpatico batendo um longo papo conosco. adoramos"
"Estive neste restaurante tipico e adorei. Comi bochechas de porco no forno com alecrim e adorei. Fazem migas, sopa de cacao, borrego, sopas de tomate, etc ,tudo regional. As sobremesas sao uma verdadeira tentacao: mousse de chocolate caseira que foi o que comi e estava Restaurante tipico, tipo adega. Pessoal simpatico e comida muito saborosa. Decoracao rustica. Um bom local para quem visitar a bela cidade de Beja"
"Cheguei um pouco tarde... cerca das 22.00. Ha muito tempo que nao ia a minha cidade. Levei a minha namorada. Queriamos alguma coisa para comer. Entramos. uma senhora extremamente simpatica olhou para (suponho eu) o dono. suplicante. Este falava com uns clientes. Debrucado sobre a Ambiente muito rustico, fazendo lembrar um velho celeiro agricola. Comida saborosa e bem confeccionada, desde a sopa de cacao ao pudim de amendoa de sobremesa. O Servico foi rapido e atencioso. O dono, e uma figura pitoresca que transforma o local em bastante acolhedor. Pratos Ja repito este restaurante pela 3a vez e fui sempre bem recebida. Optima comida, ambiente acolhedor, muito bom."
"Espaco simpatico, tipico e agradavel. Comida simples mas bem confeccionada. O atendimento (feito pelo dono!!!) podia ser melhor! Digamos que e feito a velocidade de Beja! RECOMENDO"
"Por vezes, a avaliacao negativa dos restaurantes, nao e feita tendo em conta a comida ou o local, mas sim pela forma como somos atendidos. Neste campo, o dono do restaurante deixa muito a desejar. Faz um atendimento muito antipatico, demorado, e perde muito tempo Para quem gosta de porco preto recomenda-se!! A carne estava divinal e as migas uma delicia!! Precos bastante em conta. O servico e susceptivel a algum esquecimento, mas de um modo geral foram simpaticos e prestaveis."
"Restaurante tipicamente Alentejano no centro de Beja, a comida e divinal, principalmente as presas de porco preto, as pessoas sao simpaticas, os precos acessiveis."
"Restaurante de qualidade razoavel acima da media de pratos de carne variados com base nos grelhados. Boa relacao preco qualidade"
"Boa comida,rapido e servico simpatico. As sobremesas sao boas! Situado no centro da cidade! A ter em conta quando visitar Beja! Preco adequado. !"
"Ambiente e decoracao tipicamente alentejana. Recomendo vivamente a presa iberica de porco preto, o queijo fresco de cabra e optimo assim como a sangria que e feita de forma artesanal. O unico senao e o tempo de espera."
"Sala tipica e recomendo a presa iberica, a melhor carne de porco preto que ja comi. Atendimento simpatico ao bom estilo alentejano."
"O atendimento e excelente e as refeicoes sao mesmo espetaculares Sao refeicoes confecionadas na hora de servir,com carnes da melhor qualidade."
"Antiga adega com bom ambiente simples. Comida tradicional, excelentes febras de porco preto e outras iguarias da cozinha alentejana. Excelente na relacao qualidade/preco (38 Eur para 4 pessoas, com entradas, prato, bebidas e sobremesas)."
"O restaurante e tipico alentejano. Eu e a minha esposa comemos 1 dose de presa iberica de porco preto, um jarro 1/2 litro, azeitonas e sobremesas, por 19. Nao e o melhor restaurante tipico que ja experimentei, mas pelo preco e bastante razoavel."
"Acolhimento e atendimento muito bom. Ambiente agradavel. Pratos simples mas bem confeccionados. Precos acessiveis."
"Restaurante simples,com atendimento muito simpatico. A decoracao e  do Alentejo. A comida tem qualidade. A acorda e realmente muito boa,Aconselho o vinho da casa e o queijo fresco de entrada e muito bom. O preco da refeicao e baixo em funcao da qualidade servida."
"restaurante com algumas condicoes e capacidades, mas sem as aproveitar. Menu com pouca variedade, embora com precos acessiveis. A comida tinha qualidade, mas sendo o normal, nao se pode estar a espera de surpresas. Podemos esperar o basico, sendo tudo grelhados."
"A simpatia dos alentejanos e a gastronomia portuguesa no seu melhor! Adorei o queijo fresco de cabra, a acorda e a presa de porco preto, tao bem servidos que nem sobrou espaco para a sobremesa."
"Excelente restaurante de comida tipica alentejana, gostei muito e quando voltar a beja espero voltar a este restaurante. Boa comida, staff simpatico. Recomendo sem duvida este espaco"
"Tive la duas vezes, e em ambas jantei muito bem! Costoletas de borrego optimas! Pudim de mel maravilhoso!! Bom ambiente, bom servico. Aconselho"
"Espaco tipico alentejano a comida estava boa tipica alentejana doses boas, boa relacao preco qualidade recomendo para um almoco."
"Casa tipia alentejana! Boa qualidade preco! As costeletas de borrego sao maravilhosas! Excelente local para comer em beja!"
"Restaurante rustico em ambiente familiar gostamos de todas as recomendacoes que o senhor nos fez e embora nos tenhamos esquecido de perguntar acreditamos verdadeiramente que as maravilhosas sobremesas que nos recomendou sao mesmo caseiras. Adoramos o servico, o ambiente, a comida e o preco. A Talvez por culpa da crise, as 'meias-doses' ja nao sao o que eram e estao mal servidas para o preco pedido. Cerca de 8 por uma meia-dose com duas pecas de carne que pesam pouco mais de 100 gramas! Sempre aconselhei esta casa mas agora Muito bom ..comida caseira..sobremesa pudim de mel mto bom...recomendo!! eramos 3 e comemos lagartos , bife vitela,  sopa , pao, salada...bebemos 2 cervejas e 1 agua 1 pudim de mel 1cafe 1 cha tudo por 24 eur...calhou mm bem!!"
"Excelente ambiente, acolhedor e simpatia. So tenho pena de nao terem mais pratos de peixe, pois a carne domina."
"O local e simpatico, mesas corridas, decoracao regional. Escolhi uns 'lagartos' de porco preto, carne cortada em tiras e grelhada. Acompanhava de batatas fritas(caseiras, nao congeladas) e arroz solto de cenoura. Tudo razoavel, sendo a carne boa o dificil e estragar(embora haja quem consiga). Vi Restaurante bem situado, perto da praca central. E realmente um restaurante tipico em todos os aspetos. A decoracao e regional. Bom ambiente. Proprietario muito simpatico. Mas o melhor mesmo e a comida! E as carnes alentejanas! Muito bom mesmo. Recomendado!"
"O melhor restaurante que visitei em Beja, localizado numa rua estreita da zona mais antiga da cidade ( so o conseguira encontrar com um guia, mapa ou ajuda de locais ) tipica casa Alentejana com um ambiente que remonta aos tempos dos nossos antepassados, decoracao Espaco simples, muito tradicional. A presa iberica de porco preto foi a melhor carne de porco que ja comi. A entrada de linguica assada foi tambem seguramente das melhores que ja provei. A relacao qualidade preco e excelente. Jantar com entradas, prato e sobremesa por Recomendo vivamente este restaurante. Alem da comida tipicamente alentejana, o ambiente e muito bom. O restaurante localiza-se numa antiga adega (numa travessa junto a Praca da Republica), toda decorada com objectos do quotidiano alentejano e fomos muito bem atendidos. Comemos migas com lombinhos, que estavam Fui jantar ao Restaurante Tipico de Beja Taberna  Pipa, tive foi azar que estava cheio e tive que estar ha espera uma meia hora. uma taberna tipica, com mesas corridas e bom ambiente! O restaurante  e fantastico desde a comida e desde ja recomendo Belos secretos. O vinho da casa e optimo. Excelente requeijao com o tipico doce de abobora."
"O restaurante a pipa e fantastico desde a comida e desde ja recomendo os secretos de porco preto que sao uma especialidade, assim como a decoracao toda 'made in alentejo'! um sitio para voltar sempre que la vou"
"As presas ibericas estavam bastante saborosas e o servico foi muito afavel"
"Eu recomendo para comer no a pipa. Eu recomendo comer o porco preto. nao so e delicioso, mas tambem saudavel. o servico e incrivel e muito acolhedor. familia damil"
"Um quarto restaurante com bar/chill armarios em uma das extremidades e uma pequena cozinha para o lado. Ha um longo prazo de lado-a-lado mesas para baixo a medio, com alguns pequenos grupos de toda a as arestas. Servico amigavel e muito que conseguimos, com uma mistura de ingles e seu cres- cimento meu (ainda mais) travar Portugues. Menu principalmente porco, como muitas vezes na regiao. Nos tivemos febras de porco preto (a nivel local porco preto), a qual foi muito bom, e o especial do dia, a qual foi porco com um monte de 'migas' = pao e salsicha, nao para o nosso gosto em todos. Ambos foram servidos com arroz e batatas fritas como a unica produtos horticolas, que e tradicional portugues, mas quase nao saudavel. Nos plumped para a garrafa de Vidigueira DOC red ja em cima da mesa em vez de vinho da casa e aproveitamos o bastante."
