Avaliacoes
"Tanto as pizzas como as massas sao divinais e os pratos sao bem servidos. A massa das pizzas e fina e macia e o sabor e de crescer agua na boca. Costuma estar cheio. Boa relacao qualidade/preco. Recomendo."
"Numero de telefone e o 284389146, este e o numero para o qual pode encomendar comida e reservar mesas, obrigado"
"A comida e muito boa e muito bem confeccionada mas o servico e muito lento. Tinhamos reserva para as 13.30 chegamos 5 minutos antes e so fomos servidos as 14.30.  Ate a sobremesa demoraram em servir. Estivemos 2 horas  no restaurante. E pena porque dada esta situacao nao da vontade de voltar."
"Tentamos ligar desde as 18 ate 19 e mais , nao sei para que querem um numero de telefone se nao atendem os telefones."
"Este restaurante tem empregados bons mas o chefe de sala e muito mau, Miguel mestre. Um dos empregados disse-nos as 21 horas que podiamos esperar e passado meia hora o chefe de sala veio nos dizer que a palavra do colega nao servia de nada e que a dele e que esta certa! Apesar da comida ser razoavelmente boa o chefe de sala e mal educado e pouco profissional!"
"Para quem gosta de pizza, e sem duvida a melhor de beja. Os panados e os grelhados tambem sao muito bem confecionados. Precos acessiveis Excelente atendimento. Mesmo em dias que esta muita gente, o servico e o mais rapido dentro dos possiveis"
"Para quem gosta de pizza vale muito a pena, muita variedade e precos acessiveis!tambem resulta muito bem  o take away. Com k bom tempo esplanada muito agradavel."
"Janto varias vezes neste restaurante e nao tem perdido qualidade ao longo dos anos! Recomendo bastante"
"Por um preco baixo (6-7), e servida uma pizza de 25 cm de diametro, de boa qualidade e sabor. Recomendo pizza da casa"
"Boa qualidade, muita quantidade e excelente preco. Doses enormes a precos baixos. A comida e boa. Ementa variada."
"Restaurante muito bom, sempre cheio por isso facam reserva. Doses generosas e o preco imbativel ! Os funcionarios sao muito simpaticos e o atendimento e rapido."
"Recomendo vivamente a visita. Pizzas de excelente qualidade e com precos muito acessiveis. Outros pratos para quem nao quer comida italiana."
"Restaurante simpatico. Doses bem servidas e qualidade da comida boa. Demora no atendimento. Boas sobremesas"
"Para mim a Pizza ria Milano tem de facto as melhores pizzas da cidade e arredores a muito bom preco, o servico resume-se a rapido. Sou cliente frequente e ainda nao experimentei servico dedicado, falta isso, a rapidez nao e tudo, a simpatia dedicada e Muito boa relacao preco qualidade. Grande variedade de pisas e massas. Boa carne. Nao vao conseguir acabar as doses"
"Pratos bons, fartos e baratos. Meia porcao (dose) da perfeitamente para duas pessoas. Uma porcao inteira (apenas 1 ou 1,5 euro a mais) da para tres pessoas!"
"Comida divinal, atendimento atencioso e profissional. Melhor qualidade/ preco e impossivel! A meia dose da quase para duas pessoas! Restaurante mto acolhedor e uma decoracao bonita, gostei! Sem duvida o restaurante a visitar quando for a Beja novamente.  Obrigado"
"Pizza e pratos realmente deliciosos, foi o primeiro lugar em que comi em Beja e amei! Comi uma lasanha a bolonhesa divinal e as pizzas entao nem se fala!A pizza de camarao e mesmo uma delicia! Ah e nao esquecer de pedir como entrada um Optimas pizzas! Tambem serve outras comidas, nomeadamente bifes. Precos totalmente ajustados. Esta sempre cheio e nota-se que tem praticamente clientes locais, o que e sinal positivo."
"Pizzas deliciosas, aconselho a de salmao, mas para alem disso tem umas saladas muitos boas, espaco interior e de esplanada, muito bom ambiente e servico muito rapido e simpatico."
"He pa o que tenha a dizer e que e muita bom. Desde a comida a forma de estar destes senhores nesta casa.. servir bem com precos fantasticos.. boa apresentacao, bom servico, ar condicionado ligado e uma esplanada fenomenal.. passei por ca a ceeca de Tem as melhores pizzas, muito saborosas e bem recheadas!!! Os escalopes de frango grelhado sao uma opcao saudavel e deliciosa. As massas e saladas sao optimas. As doses sao muito bem servidas. Atendimento muito bom e funcionarios simpaticos."
"Simpatia no atendimento, boa comida, com pratos maravilhosos que ultrapassam a ida a uma pizzaria para comer pizza ou massa, que aqui tambem sao maravilhosos! Nao se consegue resistir a um 'Terra e Mar' deliciosos com carne de porco preta saborosa e Gamba bem grelhada. Boas pizzas, muito rapido mesmo com o restaurante cheio. Staff muito simpatico e acolhedor. Espaco simpatico com uma boa esplanada para as noites de verao."
"Apesar de ser uma Pizzaria, a oferta vai muito mais alem. Aconselho vivamente o bife na pedra... e fantastico e como sobremesa a panna cotta de mel e nozes. Top!!!"
"Optimo ambiente. Excelente a qualidade da comida e a grande variedade. Empregados extremamente atenciosos e com total disponibilidade. Precos muito bons."
"Nesta pizzeria tudo o que awui se come e bom. Ja sou cliente ha varios anos e e impressionante a relacao qualidade preco. Doses industriais a precos acessiveis. Staff super simpatico. Top mesmo"
"Espaco agradavel bem como staff simpatico e prestavel, as pizzas sao uma das melhores que ja comi, massa fininha e muito bem confeccionadas. Pelo que vi ao meu redor, outros pratos me fizeram agua na boca. O esparguete a bolonhesa da minha filha estava muito Pizzas variadas, pastas, saladas e ate um belo Terra & Mar ou mesmo um Naco na Pedra. Atendimento muito simpatico mas devido a qualidade com precos acessiveis, esta quase sempre lotada o que implica uns minutos de espera tudo se resolve. Tambem serve para fora."
"Para uma pizzaria e bastante agradavel pratos acessiveis. Espaco interior um pouco pequeno mas acolhedor e exterior um pouco apertado."
"As pizzas sao muito grandes e os empregados sao muito simpaticos mas em termos de sabor deixou muito a desejar."
"Para uma pizzeria e bastante agradavel prwcos acessiveis doces generosas. Espaco interior e exterior um pouco apertado."
"Reabriu no passado mes de Janeiro, com nova gerencia, a melhor pizzaria de Beja,  quer pelo rapido e atento servico, quer pela excelente cozinha, sendo de destacar, alem das saborosos pizzas, o prato de terra e mar (nacos de carne de porco preto gralhada com So tenho a dizer bem, em todos os aspectos, a comida e maravilhosa, as pizzas sao realmente de boa qualidade e quantidade. Mesmo com casa sempre cheia nunca demorou mais de 40 minutos a receber o pedido. Gosto do promenor de que os funcionario estejam Excelente pizzaria, otimas pizzas e bem saborosas ao toque de Italia. Pizzeiro agil e rapido face as filas para uma noite de sabado. Deu para observar um grande trabalho e  eficiencia de toda a equipa ao qual resultaram pizzas saborosas. Recomendamos e agradecidos da mesa Muito bom, atendimento rapido, comida deliciosa e a um bom preco atenciosos no atendimento, recomenda-se pao de alho a casa"
"pizaria com muito bom servico, tanto no restaurante como no take away. Pizas excelentes em sabor e apresentacao"
"Cometi o erro de pedir massa com frutos do mar a casa, trouxeram-me um prato cheio de massa demasiado cozida, sensabor, com varios frutos do mar acabados de descongelar por cima e com um fio de azeite. Servico pessimo, pedi varias vezes uma cerveja, tive Das melhores casas de restauracao de Beja. doses bem servidas, num custo bastante acessivel. apenas um aspeto negativo - barulhento e muito ao despachar. mas recomendo pela qualidade da comida"
"Bom atendimento, muito boa comida, bom preco. Dos meus restaurantes preferidos. Recomendo muito para quem quer qualidade, quantiade e bom preco"
"Come-se bem a um preco economico. Pizzas e massas, mas tambem saladas, bifes, tem muito por onde escolher Doses muito grandes e Pizzas muito saborosas e bem recheadas.Ja vai precisando ser modernizado. Preco razoavel"
"A comida e muito boa,tanto as pizzas como as massas. Atendimento geralmente rapido. Boa relacao qualidade preco."
"So ha duas casas em Beja com boas pizzas.. A milano e a nossa escolha para um take away, uma vez que esta sempre cheia."
"Fomos jantar a este local, pedimos pao de alho, pizza e massa. A comida e servida em grande quantidade (a massa da para dois a vontade), ficamos todos bem por 8 a 9 euros por pessoa, ainda sobrou. O pao de alho podia ser melhorado, Adorei as pizzas e o pao de alho, estava tudo 5 estrelas! Staff sempre impecavel :) Achei barato para o servico em questao o que e muito bom."
"Restaurante barulhento com ambiente descontraido. As pizzas sao boas mas nao otimas. Nao gostei do pao de alho que e basicamente uma pizza so com queijo. A sangria tinha muito refrigerante... Os funcionarios sao rapidos e prestaveis. Os precos sao ajustados. Cerca de 12 euros Restaurante com um ambiente agradavel e com um excelente servico, e uma boa relacao qualidade/preco. Nao existem pontos negativos a apontar!"
"Preco qualidade muito bom Tanto as pizas como as pastas sao de excelente qualidade. O atendimento e tambem excelente. normalmente tem muita gente, mas tem muitos lugares, tanto no interior como na esplanada."
"Simpatia no atendimento. Boa relacao  qualidade preco, mas nao  e  a verdadeira  comida italiana. Contudo  e  boa."
"Para quem gosta de comida italina e de comer bem e a comida ser saborosa aconselho vivamente este local. Os funcionarios foram muito simpaticos e aconselho a irem cedo que e um espaco nao muito grande e enche com facilidade... tambem e normal devido a Comida deliciosa, de deixar agua na boca! Voltarei com toda a certeza. O atendimento poderia ser melhor."
"As pizzas sem excecao sao perfeitas, ementa variada. Ambiente descontraido e alegre. Meu lugar de eleicao na regiao. Otima relacao custo x benefico."
"Excelente pizzas e muito variadas. As massas sao igualmente boas, destancando a de natas e fiambre. Nos pratos de carne, destaco o fantastico bifinhos de frango grelhados. A dose e muito generosa e da facilmente para 2 pessoas. Quanto aos precos..sao otimos! Com cerca de Tem umas pizzas optimas e uma lasanha divinal.Bastante acessivel e com uma ementa variada. E um restaurante que as pessoas da zona frequentam regularmente"
"Espaco muito agradavel com bom atendimento, boas pizzas e excelente preco. Espaco a repetir numa proxima oportunidade."
"Acho que convem separar as aguas no que toca a este restaurante. Podemos avalia-lo pela sua comida de qualidade e pelos seus precos que saltam a vista por serem agradaveis. No que toca ao ambiente e ao servico, destaca-se o facto de qualquer pizza demorar Uma bela pizza, um excelente pao de alho, um sumo de laranja natural do melhor funcionarios simpaticos... Aconselho"
"Restaurante simpatico para todas as idades. Pizzas excelentes , massas optimas e atencao cada dose da perfeitamente para duas pessoas. Preco muito em conta. Tem take away."
"E um restaurante simpatico, com boas pizzas e a um preco muito acessivel. Uma pizza da perfeitamente para duas pessoas, e os pratos de massa dao para tres. Almocamos durante a semana e o restaurante estava cheio (tivemos de esperar por mesa)."
"Perto do IPB, pizzas e massas excelentes e com precos bastante acessiveis para quem e estudante...Teem Take away... Recomendo o pao de alho com queijo Grandes doses, com qualidade. Tem outro tipo de pratos, restaurante italiano com muitas massas, e uma grande seleccao de pizzas!"
"Gostei bastante da pizza e vi passar massas com um aspeto delicioso e cujo tamanho das doses da perfeitamente para duas pessoas."
"Se querem comer pizza ou 1 dose chegar para 2 pessoas quica 3 este e o sitio certo.. comida muito bem confeccionada e pizzas de qualidade. Atendimento 5 estrelas. Recomendo"
"Boa comida, bom atendimento, boa localizacao. O espaco e agradavel  e as doses dos pratos rocam o exagero no tamanho.  Uma dose da para 2 pax esfomeadas"
"Grande variedade de pratos na linha das pizzas e massas. Para entradas, um pao de alho vindo directamente do forno vem sempre a calhar. Possibilidade de pedir para levar os restos para casa, principalmente quando se come massas, as doses sao muito bem servidas."
"Melhor local para comer pizza em Beja, sempre boas, sempre a um bom preco. Mesmo depois de tantos anos, mantem o bom servico. Recomendo a pizza de paio. Atencao a quem come pouco, uma dose de massa por exemplo e enorme :)"
"As pizzas sao bem confeccionadas e generosas. O servico roca a perfeicao (e eficaz e rapido) O nivel excelente mantem-se ha anos. Cheguei por volta das  19h50  com a minha namorada, pedimos um pao de alho que estava muito saboroso e de dimensoes generosas, jantamos Com muito boa comida e atendimento e um local a repetir vezes sem conta. As massas e as pizzas sao o grande destaque. O preco esta dentro do que seria de esperar para um local com estas caracteristicas."
"Pizzas e nao so muito bem servicos e a precos acessiveis!! staff muito simpatico e atencioso!! Adoro o pao de alho e a lasanha!! Tambem ha saladas!!"
"Mais um dia bem passado na pizzaria Milano. Agradeco a todo o staff pelo seu servico. Aconselho vivamente todos os pratos em especial o bife a Milano 5 star. Agradeco aos proprietarios pelo consentimento de poder levar o bolo de aniversario. Cantando os parabens em O prato forte e sem duvidas as pizas e as massas. As doses sao generosas e o preco bem acessivel. O servico e eficaz e rapido!"
"Comida muito boa com cheirinho a Italia.  Lotacao esgota muito rapido,  para apanhar mesa tem que se ir cedo, ambiente barulhento e pouco espacoso.  Com o bom tempo de aproveitar a esplanada no exterior."
"O servico e rapido e as doses dos outros pratos alem de pizza sao bastante generosas. A pizza e muito boa, faz-nos voltar. Relacao qualidade-preco excelente."
"Um menu bastante variado com precos bastante acessiveis. As meias doses sao gigantes e a comida muito saborosa. O staff e muito simpatico e um local optimo para quem auer comer bem e pagar pouco. A repetir"
"A comida e excelente e servida em boa quantidade. Uma dose de massa ou de salada da perfeitamente para duas pessoas, para nao falar na pizza, claro. O atendimento e bom, mas muitas vezes demorado, devido a grande procura que existe. E normal a existencia Bom espaco, optima comida e atendimento exemplar. Precos bastante economicos e possui mais variedade de comidas sem ser pizza. Va com tempo para esperar por uma mesa, reserve se nao quer esperar, ou chegue cedo."
"O restaurante que mais gostei na zona de Beja, nao tem so pizzas e os pratos de carne sao muitissimo bem servidos. A sangria e boa, o tiramisu e o cheesecake sao perfeitos."
"A relacao preco/qualidade e muito acima da media. Deve ser marcada mesa ou chegar cedo para a refeicao."
"Bom e barato resume esta pizzaria, as pizzas sao optimas e grandes e as massas tambem nao ficam atras! Para conseguir mesa convem ir cedo, quer seja no almoco quer seja no jantar."
"Sem duvida e o lugar onde se faz a melhor pizza de Beja! E aos melhores precos! Unico 'problema' e que esta sempre cheio de gente e si nao reservar com antecedencia tens que esperar na maioria das vezes! Mas vale a pena!"
"A comida e servico e de qualidade, mas o espaco apertado quase obriga a que tenhamos de partilhar a nossa refeicao com desconhecidos. Os precos estao ligeiramente a cima do esperado. Ainda assim merece uma visita."
"Preco/qualidade a ter em conta. Quantidade acima da media e funcionarios 5*. Restaurante muito procurado dada a sua localizacao."
"Boas pizzas e outras comidas . As doses sao grandes , enormes! O pessoal e simpatico . E dificil conseguir mesa! Recomendo ."
"Bom ambiente e boa comida bom local para conviver com os amigos, a comida e bem confecionada e pouco tempo de espera, mas e melhor marcar esta quase sempre cheio"
"Visitei varias vezes este restaurante e verifiquei sempre grande disponibilidade no atendimento. Os pratos sao todos bons em qualidade, no entanto nao repetiria a lasanha que tem um queijo com um sabor tao forte que acabou por me enjoar. O preco e excelente principalmente nos Muita gente e mesas sempre cheias. Esta e a melhor avaliacao que um restaurante pode ter. Seja almoco seja jantar seja para levar para casa, conte com o seu pedido aviado em 15m e sempre simpatia dos funcionarios. E ja disse que e a melhor Excelentes pizzas a precos acessiveis. Atendimento bom e eficiente! Convem reservar com antecedencia."
"Excelente pizzas, pastas e carnes, em doses generosas a precos acessiveis. Convem reservar com antecedencia."
"Otimo atendimento e super rapido! As pizzas sao otimas, assim como outros pratos que ja tive o prazer de provar! Recomendo!"
"Na minha opiniao a melhor piza de Beja. Situada na zona universitaria, com uns precos comedidos, qualidade acima da media e um servico rapido e eficaz e uma receita para o sucesso. Casa ja com uns anos tem mantido as caracteristicas, merece uma visita. Pode Relacao qualidade preco muito bom, pizzas com qualidade, massa muito boa. Precos justos. As massas nao sao do mesmo nivel, muitas natas e pouco sabor. Dificil arranjar lugar para sentar."
"Servico rapido e atencioso. Muito boa qualidade nas pizzas. Lista diversa e dentro do padrao normal. Se espera algo mais requintado ou uma pura casa italiana, nao vai encontrar. Mas a simplicidade faz desta casa um lugar a repetir"
"Pao de alho gigante e bom, restantes pratos bem servidos e saborosos. Boa relacao preco/qualidade/quantidade."
"Boa comida a um preco muito acessivel, ainda assim pouco flexiveis nas reservas e pessimo atendimento ao telefone."
"Boa comida e bom (e rapido) atendimento. Se nao comerem tudo podem levar para casa. O preco e amigo. Recomendo o pao de alho."
"Excelente em todos os aspectos! Desde o atendimento, passando pela qualidade da cozinha ate ao preco!"
"Otimo atendimento, servico rapido e eficaz. As saladas e massas sao servidas em doses que dao para 2 a 3 pessoas, saborosas. As pizzas sao muito boas, massa muito fininha. Sopa boa. A lasanha e saborosa mas nao se encontra a carne, apenas uma pasta A pizzaria Milano localizada na zona estudantil da cidade serve as melhores pizzas de Beja. As pizzas sao muito boas, tal como as massas. Em muitas pizzarias onde ja fui nunca encontrei uma pizza fechada, vulgo calzone, tao boa como na Milano. Se forem a Recomendo ,servico rapido e com muita qualidade e quantidade ,pessoal simpatico e disponivel para aconselhar a levar as sobras para casa ,vou voltar tem servico de mesas no exterior para os fumadores"
"Muito boa a comida e pratos fartos. a dose inteira divide tranquilamente pra duas ou ate tres pessoas."
"Chegamos a este restaurante atraves da indicacao de dois Bejenses. Que foi por sinal foi uma optima indicacao. Para quem nao conhece Beja, o restaurante encontra-se um pouco escondido, mas vale a pena procurar. Pelo o que nos indicaram o restaurante esta maioritariamente cheio, que Se procura um lugar com boa qualidade e a preco reduzido, recomendo a Pizzaria Milano. As pizzas sao otimas: a massa e fina e o recheio generoso, bem como a variedade que e grande. Se nao chegar cedo, arrisca-se a ter de esperar, porque esta Excelente pizzaria em Beja, com muito boa qualidade em todos os seus pratos. Seja uma pizza ou uma massa, e impossivel nao gostar. Recomendo vivamente com marcacao previa."
"Sempre que posso vou la! Adoro a comida e os precos (da para dividir com outra pessoa). So e pena a sobremesa (Cheesecake) ser o mais caro quando la vou Sou suspeito, porque adoro pizza, mas ja fui muita vez a Italia e posso dizer que ja la comi piores pizzas do que aqui. Olhando por fora, parece um cafe, mas o atendimento  simpatico e rapido (para o tamanho do sitio ha muitos empregados) e O facto de estar sempre a abarrotar e paradigmatico. Comida simples, em quantidade e a precos muito aceitaveis. O servico e 5 estrelas."
"Relacao preco qualidade imbativel. Adoro as pizzas e para quem nao gosta de pizzas os pratos ditos tradicionais sao muito bem confecionados. a sangria so e batida pela do trattoria no parque eduardo VII"
"Convem ir cedo pois senao a espera por mesa e grande excelente restaurante com precos acessiveis muito bom"
"Para comer pizza em Beja definitivamente e o melhor sitio. As pizzas sao muito boas, o preco e convidadativo e ate para quem nao gosta de pizzas todos os outros pratos sao de boa qualidade. Quem nao conhece tem de o fazer. Qualidade/preco top. Quase Espaco normal de cafe. A hora de almoco depois das 12.30h tem que esperar por mesa. Servico normal. Comida muito boa. Recomendo."
"Em primeiro lugar o servico e excelente! A simpatia e de longe a melhor de Beja! Ao contrario da maioria dos restaurantes de Beja, na Milano somos atendidos com muita simpatia, para alem de serem uma equipa muito eficiente! A comida e muito boa! Pizzas E a melhor relacao qualidade preco da cidade. Sao excelentes na sua especialidade, pizzas e pastas. As febras sao muito boas com tempero de pimentao. A cerveja de pressao pai muito boa. O servico e rapido e de grande profissionalismo."
"Restaurante que serve comida italiana e comida tradicional alentejana. Um pouco barulhento, confuso e desorganizado. Servico demorado, mas a comida e de boa qualidade."
"Pizza fina crosta tradicional foi excelente ea starter de pao de alho (que foi mais como uma pizza em si era excepcional), e um item de ordem deve. O servico foi excelente e todos da equipe neste conceito aberto cozinha foram muito simpatica. O marisco servido na mesa adjacente parecia incrivel. Jantar muito casual."
"Quando voce viaja voce deseja boa comida que tem uma etiqueta de baixo preco, e isto e apenas isso. A comida e grande, a massa e enorme e pode definitivamente ser compartilhados e ainda preencher duas pessoas. Experimente a salada de Fusilli com molho de Iogurte."
