,Avaliações
0,"Pesquisa por nome, cozinha ou prato..."
1,"This page works better in the app"
2,"Todas as opiniões (0)"
3,"Mais recente primeiro"
4,"Who We Are"
5,"Blog"
6,"Carreiras"
7,"Reportar uma Fraude"
8,"Contacto"
9,"Investor Relations"
10,"Código de conduta"
11,"Comunidade"
12,"Ajuda para bloggers"
13,"Apps móveis"
14,"Zomato for Work"
15,"Privacidade"
16,"Termos"
17,"Segurança"
18,"Mapa do site"
19,"Social"
20,"By continuing past this page, you agree to our Terms of Service, Cookie Policy, Privacy Policy and Content Policies. All trademarks are properties of their respective owners. 2008-2021 © Zomato™ Ltd. All rights reserved."
